{"rects": [[[1816.3200000000002, 1131.0720000000001, 6687.360000000001, 4210.56], ["window", "shop"]]], "width": 8256, "height": 5504, "tags": []}