{"rects": [[[2171.328, 288.96000000000004, 5556.2880000000005, 4648.128], ["window", "shop"]]], "width": 8256, "height": 5504, "tags": []}