{"rects": [[[1799.808, 454.08000000000004, 6183.744000000001, 4284.8640000000005], ["window", "shop"]]], "width": 8256, "height": 5504, "tags": []}