{"rects": [[[3550.08, 751.296, 5952.576, 4474.752], ["window", "shop"]], [[974.2080000000001, 908.1600000000001, 2930.88, 3913.344], ["window", "shop"]]], "width": 8256, "height": 5504, "tags": []}