{"rects": [[[869.1428571428572, 218.4, 5361.942857142857, 4078.285714285714], ["window"]]], "width": 6240, "height": 4160, "tags": []}