{"rects": [[[1506.5142857142857, 22.285714285714285, 4136.228571428572, 4158.5142857142855], ["window", "shop"]]], "width": 6240, "height": 4160, "tags": []}