{"rects": [[[695.3142857142857, 254.05714285714288, 5874.5142857142855, 3721.714285714286], ["window"]]], "width": 6240, "height": 4160, "tags": []}