{"rects": [[[1025.142857142857, 196.11428571428573, 4822.628571428571, 4131.771428571428], ["window"]]], "width": 6240, "height": 4160, "tags": []}