{"rects": [[[1867.5428571428572, 0, 5152.4571428571435, 4073.8285714285716], ["window"]]], "width": 6240, "height": 4160, "tags": []}