{"rects": [[[1136.5714285714287, 525.9428571428572, 5513.4857142857145, 4131.771428571428], ["window"]]], "width": 6240, "height": 4160, "tags": []}