{"rects": [[[1248.0, 766.6285714285715, 5722.971428571429, 4109.4857142857145], ["window"]]], "width": 6240, "height": 4160, "tags": []}