{"rects": [[[1635.7714285714287, 922.6285714285715, 4715.657142857143, 3833.1428571428573], ["window"]]], "width": 6240, "height": 4160, "tags": []}