{"rects": [[[503.6571428571429, 971.6571428571428, 5785.371428571429, 3797.4857142857145], ["window"]]], "width": 6240, "height": 4160, "tags": []}