{"rects": [[[2184.0, 133.71428571428572, 5446.628571428571, 4158.5142857142855], ["window"]]], "width": 6240, "height": 4160, "tags": []}