{"rects": [[[98.05714285714286, 17.82857142857143, 4189.714285714286, 4154.057142857143], ["window"]]], "width": 6240, "height": 4160, "tags": []}