{"rects": [[[485.8285714285714, 878.0571428571429, 5959.2, 3859.8857142857146], ["window", "shop"]]], "width": 6240, "height": 4160, "tags": []}