{"rects": [[[873.6, 1087.5428571428572, 4898.400000000001, 4087.2000000000003], ["window"]], [[4920.685714285714, 1921.0285714285715, 6235.542857142857, 4118.400000000001], ["window"]]], "width": 6240, "height": 4160, "tags": []}