{"rects": [[[962.7428571428571, 811.2, 3966.857142857143, 4113.942857142857], ["window"]], [[4006.9714285714285, 775.5428571428572, 5959.2, 4145.142857142857], ["window"]]], "width": 6240, "height": 4160, "tags": []}