{"rects": [[[739.8857142857144, 75.77142857142857, 5139.085714285715, 3454.285714285714], ["window", "shop"]]], "width": 6240, "height": 4160, "tags": []}