{"rects": [[[1929.9428571428573, 1573.3714285714286, 5691.771428571429, 4154.057142857143], ["window"]]], "width": 6240, "height": 4160, "tags": []}