{"rects": [[[650.7428571428571, 704.2285714285714, 3445.3714285714286, 4060.457142857143], ["window"]], [[3458.7428571428572, 499.20000000000005, 6115.2, 4087.2000000000003], ["window"]]], "width": 6240, "height": 4160, "tags": []}