{"rects": [[[1448.5714285714287, 17.82857142857143, 5254.971428571429, 4082.7428571428572], ["window", "shop"]]], "width": 6240, "height": 4160, "tags": []}