{"rects": [[[352.1142857142857, 147.0857142857143, 5406.5142857142855, 4136.228571428572], ["window"]]], "width": 6240, "height": 4160, "tags": []}