{"rects": [[[1653.6000000000001, 806.7428571428571, 5321.828571428571, 4145.142857142857], ["window", "shop"]]], "width": 6240, "height": 4160, "tags": []}