{"rects": [[[891.4285714285714, 1613.4857142857143, 4916.228571428572, 4154.057142857143], ["window"]]], "width": 6240, "height": 4160, "tags": []}