{"rects": [[[1560.0, 205.02857142857144, 5531.314285714286, 4149.6], ["window"]]], "width": 6240, "height": 4160, "tags": []}