{"rects": [[[1751.6571428571428, 66.85714285714286, 4630.971428571429, 4160], ["window", "shop"]]], "width": 6240, "height": 4160, "tags": []}