{"rects": [[[931.5428571428572, 476.9142857142857, 3641.4857142857145, 3873.257142857143], ["window"]]], "width": 6240, "height": 4160, "tags": []}