{"rects": [[[1328.2285714285715, 57.94285714285714, 4042.6285714285714, 4136.228571428572], ["window"]]], "width": 6240, "height": 4160, "tags": []}