{"rects": [[[2241.942857142857, 1007.3142857142858, 5223.771428571429, 3913.3714285714286], ["window"]]], "width": 6240, "height": 4160, "tags": []}