{"rects": [[[1626.857142857143, 17.82857142857143, 4822.628571428571, 3726.171428571429], ["window", "shop"]]], "width": 6240, "height": 4160, "tags": []}