{"rects": [[[1586.7428571428572, 8.914285714285715, 5375.314285714286, 3922.285714285714], ["window"]]], "width": 6240, "height": 4160, "tags": []}