{"rects": [[[432.34285714285716, 499.20000000000005, 3632.571428571429, 4140.685714285714], ["window"]], [[3650.4, 280.8, 6222.171428571429, 4122.857142857143], ["window"]]], "width": 6240, "height": 4160, "tags": []}