{"rects": [[[1078.6285714285714, 1359.4285714285716, 4613.142857142857, 3846.514285714286], ["window"]]], "width": 6240, "height": 4160, "tags": []}