{"rects": [[[886.9714285714286, 26.742857142857144, 4042.6285714285714, 3953.4857142857145], ["window"]]], "width": 6240, "height": 4160, "tags": []}