{"rects": [[[606.1714285714286, 418.9714285714286, 5651.657142857143, 3971.3142857142857], ["window"]]], "width": 6240, "height": 4160, "tags": []}