{"rects": [[[1827.4285714285716, 0, 4501.714285714286, 2157.2571428571428], ["window"]], [[1662.5142857142857, 2175.0857142857144, 4590.857142857143, 4154.057142857143], ["window"]]], "width": 6240, "height": 4160, "tags": []}