{"rects": [[[1381.7142857142858, 35.65714285714286, 4434.857142857143, 4160], ["window", "shop"]]], "width": 6240, "height": 4160, "tags": []}