{"rects": [[[552.6857142857143, 436.8, 3440.914285714286, 4109.4857142857145], ["window"]], [[3463.2000000000003, 797.8285714285714, 6146.400000000001, 4006.9714285714285], ["window"]]], "width": 6240, "height": 4160, "tags": []}