{"rects": [[[0, 1595.6571428571428, 1626.857142857143, 4091.657142857143], ["window"]], [[1635.7714285714287, 1248.0, 3828.6857142857143, 4145.142857142857], ["window"]], [[3850.9714285714285, 1248.0, 6217.714285714286, 4127.314285714286], ["window"]]], "width": 6240, "height": 4160, "tags": []}