{"rects": [[[1181.142857142857, 8.914285714285715, 4737.942857142857, 4091.657142857143], ["window", "shop"]]], "width": 6240, "height": 4160, "tags": []}