{"rects": [[[325.37142857142857, 401.14285714285717, 5330.742857142857, 4038.171428571429], ["window"]]], "width": 6240, "height": 4160, "tags": []}