{"rects": [[[1956.6857142857143, 499.20000000000005, 4519.542857142857, 3739.5428571428574], ["window", "shop"]]], "width": 6240, "height": 4160, "tags": []}