{"rects": [[[2331.0857142857144, 49.02857142857143, 5870.057142857143, 4160], ["window", "shop"]]], "width": 6240, "height": 4160, "tags": []}