{"rects": [[[294.1714285714286, 93.60000000000001, 4983.085714285715, 4091.657142857143], ["window"]]], "width": 6240, "height": 4160, "tags": []}