{"rects": [[[405.6, 22.285714285714285, 2834.7428571428572, 4122.857142857143], ["window", "shop"]], [[2857.0285714285715, 111.42857142857143, 4537.371428571429, 4160], ["window", "shop"]]], "width": 6240, "height": 4160, "tags": []}