{"rects": [[[900.3428571428572, 713.1428571428571, 3543.4285714285716, 4160], ["window", "shop"]]], "width": 6240, "height": 4160, "tags": []}