{"rects": [[[998.4000000000001, 17.82857142857143, 5116.8, 4145.142857142857], ["window"]]], "width": 6240, "height": 4160, "tags": []}