{"rects": [[[673.0285714285715, 142.62857142857143, 5254.971428571429, 4154.057142857143], ["window"]]], "width": 6240, "height": 4160, "tags": []}