{"rects": [[[316.45714285714286, 245.14285714285714, 3262.6285714285714, 4154.057142857143], ["window"]], [[3276.0, 245.14285714285714, 6066.171428571429, 4131.771428571428], ["window"]]], "width": 6240, "height": 4160, "tags": []}