{"rects": [[[1555.5428571428572, 8.914285714285715, 5299.542857142857, 4160], ["window", "shop"]]], "width": 6240, "height": 4160, "tags": []}