{"rects": [[[40.114285714285714, 1524.3428571428572, 6199.885714285714, 4160], ["window", "shop"]]], "width": 6240, "height": 4160, "tags": []}