{"rects": [[[521.4857142857143, 762.1714285714286, 4644.342857142858, 4006.9714285714285], ["window"]]], "width": 6240, "height": 4160, "tags": []}