{"rects": [[[1680.3428571428572, 142.62857142857143, 4497.257142857143, 4140.685714285714], ["window", "shop"]]], "width": 6240, "height": 4160, "tags": []}