{"rects": [[[2852.5714285714284, 664.1142857142858, 5749.714285714286, 4160], ["window"]]], "width": 6240, "height": 4160, "tags": []}