{"rects": [[[2143.8857142857146, 525.9428571428572, 4987.542857142857, 4091.657142857143], ["window"]]], "width": 6240, "height": 4160, "tags": []}