{"rects": [[[610.6285714285715, 13.371428571428572, 4974.171428571429, 4136.228571428572], ["window", "shop"]]], "width": 6240, "height": 4160, "tags": []}