{"rects": [[[2050.285714285714, 26.742857142857144, 5281.714285714286, 4136.228571428572], ["window", "shop"]]], "width": 6240, "height": 4160, "tags": []}