{"rects": [[[570.5142857142857, 508.11428571428576, 4639.885714285714, 3931.2000000000003], ["window"]]], "width": 6240, "height": 4160, "tags": []}