{"rects": [[[0, 878.0571428571429, 2469.2571428571428, 3900.0], ["window"]], [[2500.457142857143, 1158.857142857143, 4978.628571428571, 4060.457142857143], ["window"]]], "width": 6240, "height": 4160, "tags": []}