{"rects": [[[1582.2857142857144, 160.45714285714286, 5468.914285714286, 4131.771428571428], ["window"]]], "width": 6240, "height": 4160, "tags": []}