{"rects": [[[1457.4857142857143, 4.457142857142857, 3886.6285714285714, 4160], ["window", "shop"]]], "width": 6240, "height": 4160, "tags": []}