{"rects": [[[89.14285714285714, 655.2, 3115.5428571428574, 4136.228571428572], ["window"]], [[3133.3714285714286, 664.1142857142858, 6208.8, 4131.771428571428], ["window"]]], "width": 6240, "height": 4160, "tags": []}