{"rects": [[[1212.3428571428572, 664.1142857142858, 4430.400000000001, 4047.0857142857144], ["window"]]], "width": 6240, "height": 4160, "tags": []}