{"rects": [[[8.914285714285715, 298.62857142857143, 2625.2571428571428, 4136.228571428572], ["window"]], [[2634.171428571429, 75.77142857142857, 5656.114285714286, 4131.771428571428], ["window"]]], "width": 6240, "height": 4160, "tags": []}