{"rects": [[[22.285714285714285, 4.457142857142857, 3026.4, 4131.771428571428], ["window"]], [[3057.6, 13.371428571428572, 5232.685714285714, 4160], ["window"]]], "width": 6240, "height": 4160, "tags": []}