{"rects": [[[276.34285714285716, 209.4857142857143, 5513.4857142857145, 4122.857142857143], ["window"]]], "width": 6240, "height": 4160, "tags": []}