{"rects": [[[521.4857142857143, 17.82857142857143, 4671.085714285715, 2023.5428571428572], ["window"]], [[499.20000000000005, 2094.857142857143, 4862.742857142857, 4131.771428571428], ["window"]]], "width": 6240, "height": 4160, "tags": []}