{"rects": [[[1840.8, 22.285714285714285, 4363.542857142857, 3846.514285714286], ["window"]]], "width": 6240, "height": 4160, "tags": []}