{"rects": [[[762.1714285714286, 0, 3730.6285714285714, 1974.5142857142857], ["window"]], [[739.8857142857144, 2010.1714285714286, 3739.5428571428574, 4160], ["window"]]], "width": 6240, "height": 4160, "tags": []}