{"rects": [[[338.74285714285713, 178.28571428571428, 3004.114285714286, 3931.2000000000003], ["window"]], [[3035.3142857142857, 169.37142857142857, 5566.971428571429, 3935.657142857143], ["window"]]], "width": 6240, "height": 4160, "tags": []}