{"rects": [[[1515.4285714285716, 31.200000000000003, 4399.2, 4100.571428571428], ["window", "shop"]]], "width": 6240, "height": 4160, "tags": []}