{"rects": [[[927.0857142857143, 13.371428571428572, 4376.914285714286, 3877.714285714286], ["window"]]], "width": 6240, "height": 4160, "tags": []}