{"rects": [[[2228.5714285714284, 8.914285714285715, 5299.542857142857, 3877.714285714286], ["window", "shop"]]], "width": 6240, "height": 4160, "tags": []}