{"rects": [[[1921.0285714285715, 111.42857142857143, 4987.542857142857, 4158.5142857142855], ["window"]]], "width": 6240, "height": 4160, "tags": []}