{"rects": [[[851.3142857142857, 1604.5714285714287, 4577.4857142857145, 4033.714285714286], ["window", "shop"]]], "width": 6240, "height": 4160, "tags": []}