{"rects": [[[2112.6857142857143, 164.9142857142857, 4577.4857142857145, 3356.2285714285717], ["window", "shop"]]], "width": 6240, "height": 4160, "tags": []}