{"rects": [[[655.2, 44.57142857142857, 5009.828571428571, 4140.685714285714], ["window"]]], "width": 6240, "height": 4160, "tags": []}