{"rects": [[[396.6857142857143, 503.6571428571429, 6159.771428571429, 4113.942857142857], ["window", "shop"]]], "width": 6240, "height": 4160, "tags": []}