{"rects": [[[427.8857142857143, 147.0857142857143, 4827.085714285715, 4149.6], ["window", "shop"]]], "width": 6240, "height": 4160, "tags": []}