{"rects": [[[2411.3142857142857, 31.200000000000003, 4925.142857142857, 4131.771428571428], ["window", "shop"]]], "width": 6240, "height": 4160, "tags": []}