{"rects": [[[530.4, 1533.257142857143, 5531.314285714286, 4160], ["window", "shop"]]], "width": 6240, "height": 4160, "tags": []}