{"rects": [[[1814.057142857143, 13.371428571428572, 5357.4857142857145, 4160], ["window"]]], "width": 6240, "height": 4160, "tags": []}