{"rects": [[[1163.3142857142857, 4.457142857142857, 4965.257142857143, 4136.228571428572], ["window", "shop"]]], "width": 6240, "height": 4160, "tags": []}