{"rects": [[[1466.4, 325.37142857142857, 5090.057142857143, 4131.771428571428], ["window", "shop"]]], "width": 6240, "height": 4160, "tags": []}