{"rects": [[[13.371428571428572, 962.7428571428571, 3115.5428571428574, 4160], ["window"]], [[3124.457142857143, 557.1428571428571, 6231.085714285715, 4145.142857142857], ["window"]]], "width": 6240, "height": 4160, "tags": []}