{"rects": [[[748.8000000000001, 1288.1142857142859, 3298.285714285714, 4160], ["window"]], [[3307.2000000000003, 1297.0285714285715, 6012.685714285714, 4160], ["window"]]], "width": 6240, "height": 4160, "tags": []}