{"rects": [[[1658.057142857143, 1297.0285714285715, 4711.2, 3859.8857142857146], ["window"]]], "width": 6240, "height": 4160, "tags": []}