{"rects": [[[583.8857142857144, 1234.6285714285714, 2727.7714285714287, 4136.228571428572], ["window"]], [[2745.6, 1234.6285714285714, 4836.0, 4154.057142857143], ["window"]]], "width": 6240, "height": 4160, "tags": []}