{"rects": [[[597.2571428571429, 989.4857142857143, 5549.142857142857, 4122.857142857143], ["window", "shop"]]], "width": 6240, "height": 4160, "tags": []}