{"rects": [[[4.457142857142857, 361.02857142857147, 2362.285714285714, 4127.314285714286], ["window", "shop"]], [[2384.5714285714284, 356.57142857142856, 5295.085714285715, 4122.857142857143], ["window", "shop"]]], "width": 6240, "height": 4160, "tags": []}