{"rects": [[[1310.4, 209.4857142857143, 4394.742857142857, 4160], ["window", "shop"]]], "width": 6240, "height": 4160, "tags": []}