{"rects": [[[1773.9428571428573, 1328.2285714285715, 5682.857142857143, 4158.5142857142855], ["window"]]], "width": 6240, "height": 4160, "tags": []}