{"rects": [[[1163.3142857142857, 240.68571428571428, 3169.0285714285715, 4149.6], ["window"]], [[3191.3142857142857, 245.14285714285714, 5616.0, 4140.685714285714], ["window"]]], "width": 6240, "height": 4160, "tags": []}