{"rects": [[[646.2857142857143, 249.60000000000002, 6017.142857142858, 4127.314285714286], ["window"]]], "width": 6240, "height": 4160, "tags": []}