{"rects": [[[1283.6571428571428, 815.6571428571428, 6088.4571428571435, 3922.285714285714], ["window"]]], "width": 6240, "height": 4160, "tags": []}