{"rects": [[[909.2571428571429, 26.742857142857144, 5326.285714285715, 3757.3714285714286], ["window"]]], "width": 6240, "height": 4160, "tags": []}