{"rects": [[[13.371428571428572, 1105.3714285714286, 4657.714285714286, 4113.942857142857], ["window", "shop"]]], "width": 6240, "height": 4160, "tags": []}