{"rects": [[[2085.942857142857, 44.57142857142857, 5081.142857142857, 3926.7428571428572], ["window"]]], "width": 6240, "height": 4160, "tags": []}