{"rects": [[[1497.6000000000001, 75.77142857142857, 5379.771428571429, 4160], ["window"]]], "width": 6240, "height": 4160, "tags": []}