{"rects": [[[1622.4, 66.85714285714286, 5549.142857142857, 4160], ["window", "shop"]]], "width": 6240, "height": 4160, "tags": []}