{"rects": [[[2282.057142857143, 160.45714285714286, 6213.257142857143, 4145.142857142857], ["window"]]], "width": 6240, "height": 4160, "tags": []}