{"rects": [[[1533.257142857143, 985.0285714285715, 4506.171428571429, 4064.914285714286], ["window"]]], "width": 6240, "height": 4160, "tags": []}