{"rects": [[[1074.1714285714286, 1609.0285714285715, 3079.8857142857146, 4160], ["window"]], [[3128.9142857142856, 566.0571428571428, 5517.942857142857, 4160], ["window"]]], "width": 6240, "height": 4160, "tags": []}