{"rects": [[[927.0857142857143, 619.5428571428572, 4782.5142857142855, 3752.914285714286], ["window"]]], "width": 6240, "height": 4160, "tags": []}