{"rects": [[[1132.1142857142856, 797.8285714285714, 5121.257142857143, 4140.685714285714], ["window"]]], "width": 6240, "height": 4160, "tags": []}