{"rects": [[[1305.9428571428573, 84.68571428571428, 5214.857142857143, 4160], ["window"]]], "width": 6240, "height": 4160, "tags": []}