{"rects": [[[1350.5142857142857, 8.914285714285715, 6101.828571428571, 4087.2000000000003], ["window"]]], "width": 6240, "height": 4160, "tags": []}