{"rects": [[[352.1142857142857, 405.6, 3414.171428571429, 4149.6], ["window", "shop"]], [[3423.0857142857144, 418.9714285714286, 6226.628571428571, 4100.571428571428], ["window", "shop"]]], "width": 6240, "height": 4160, "tags": []}