{"rects": [[[1537.7142857142858, 0, 4443.771428571429, 4154.057142857143], ["window"]]], "width": 6240, "height": 4160, "tags": []}