{"rects": [[[1555.5428571428572, 4.457142857142857, 4599.771428571429, 4160], ["window"]]], "width": 6240, "height": 4160, "tags": []}