{"rects": [[[499.20000000000005, 597.2571428571429, 4920.685714285714, 3650.4], ["window", "shop"]]], "width": 6240, "height": 4160, "tags": []}