{"rects": [[[0, 0, 6240, 4160], ["facade"]], [[1185.6000000000001, 574.9714285714286, 4974.171428571429, 3833.1428571428573], ["window"]]], "width": 6240, "height": 4160, "tags": []}