{"rects": [[[1707.0857142857144, 726.5142857142857, 5130.171428571429, 4047.0857142857144], ["window"]]], "width": 6240, "height": 4160, "tags": []}