{"rects": [[[1025.142857142857, 84.68571428571428, 4060.457142857143, 4056.0], ["window", "shop"]]], "width": 6240, "height": 4160, "tags": []}