{"rects": [[[1047.4285714285716, 26.742857142857144, 5197.028571428572, 4160], ["window", "shop"]]], "width": 6240, "height": 4160, "tags": []}