{"rects": [[[1145.4857142857143, 753.2571428571429, 5272.8, 3467.657142857143], ["window"]]], "width": 6240, "height": 4160, "tags": []}