{"rects": [[[829.0285714285715, 160.45714285714286, 5994.857142857143, 4140.685714285714], ["window", "shop"]]], "width": 6240, "height": 4160, "tags": []}