{"rects": [[[579.4285714285714, 463.54285714285714, 4969.714285714286, 4160], ["window"]]], "width": 6240, "height": 4160, "tags": []}