{"rects": [[[539.3142857142857, 1510.9714285714285, 2442.514285714286, 4127.314285714286], ["window"]], [[2455.8857142857146, 1519.8857142857144, 5054.400000000001, 4060.457142857143], ["window"]]], "width": 6240, "height": 4160, "tags": []}