{"rects": [[[347.65714285714284, 396.6857142857143, 6217.714285714286, 4051.5428571428574], ["window"]]], "width": 6240, "height": 4160, "tags": []}