{"rects": [[[1622.4, 13.371428571428572, 4466.057142857143, 4145.142857142857], ["window", "shop"]]], "width": 6240, "height": 4160, "tags": []}