{"rects": [[[2843.657142857143, 873.6, 5094.5142857142855, 4149.6], ["window", "shop"]]], "width": 6240, "height": 4160, "tags": []}