{"rects": [[[1649.142857142857, 1359.4285714285716, 5540.228571428572, 4158.5142857142855], ["window"]]], "width": 6240, "height": 4160, "tags": []}