{"rects": [[[2482.6285714285714, 115.88571428571429, 4470.5142857142855, 4122.857142857143], ["window", "shop"]]], "width": 6240, "height": 4160, "tags": []}