{"rects": [[[878.0571428571429, 120.34285714285714, 3957.942857142857, 4087.2000000000003], ["window", "shop"]]], "width": 6240, "height": 4160, "tags": []}