{"rects": [[[1426.2857142857142, 4.457142857142857, 5063.314285714286, 4073.8285714285716], ["window"]]], "width": 6240, "height": 4160, "tags": []}