{"rects": [[[44.57142857142857, 824.5714285714286, 2825.8285714285716, 4145.142857142857], ["window"]], [[2852.5714285714284, 829.0285714285715, 5821.028571428572, 4100.571428571428], ["window"]]], "width": 6240, "height": 4160, "tags": []}