{"rects": [[[1038.5142857142857, 17.82857142857143, 6235.542857142857, 3926.7428571428572], ["window", "shop"]]], "width": 6240, "height": 4160, "tags": []}