{"rects": [[[356.57142857142856, 673.0285714285715, 6226.628571428571, 4002.514285714286], ["window", "shop"]]], "width": 6240, "height": 4160, "tags": []}