{"rects": [[[2215.2000000000003, 753.2571428571429, 6043.885714285714, 4154.057142857143], ["window"]]], "width": 6240, "height": 4160, "tags": []}