{"rects": [[[793.3714285714286, 17.82857142857143, 5125.714285714286, 4127.314285714286], ["window"]]], "width": 6240, "height": 4160, "tags": []}