{"rects": [[[521.4857142857143, 543.7714285714286, 3494.4, 4056.0], ["window"]]], "width": 6240, "height": 4160, "tags": []}