{"rects": [[[1658.057142857143, 347.65714285714284, 4929.6, 4158.5142857142855], ["window", "shop"]]], "width": 6240, "height": 4160, "tags": []}