{"rects": [[[178.28571428571428, 325.37142857142857, 3030.857142857143, 3891.0857142857144], ["window"]], [[3195.7714285714287, 392.22857142857146, 6217.714285714286, 3882.171428571429], ["window"]]], "width": 6240, "height": 4160, "tags": []}