{"rects": [[[1863.0857142857144, 178.28571428571428, 5910.171428571429, 4087.2000000000003], ["window", "shop"]]], "width": 6240, "height": 4160, "tags": []}