{"rects": [[[160.45714285714286, 401.14285714285717, 6146.400000000001, 4160], ["window", "shop"]]], "width": 6240, "height": 4160, "tags": []}