{"rects": [[[1207.8857142857144, 1109.8285714285714, 4189.714285714286, 4131.771428571428], ["window"]]], "width": 6240, "height": 4160, "tags": []}