{"rects": [[[762.1714285714286, 49.02857142857143, 5148.0, 4145.142857142857], ["window", "shop"]]], "width": 6240, "height": 4160, "tags": []}