{"rects": [[[860.2285714285715, 106.97142857142858, 4947.428571428572, 4060.457142857143], ["window", "shop"]]], "width": 6240, "height": 4160, "tags": []}