{"rects": [[[1720.457142857143, 40.114285714285714, 4818.171428571429, 4158.5142857142855], ["window"]]], "width": 6240, "height": 4160, "tags": []}