{"rects": [[[2170.6285714285714, 22.285714285714285, 5433.257142857143, 4160], ["window", "shop"]]], "width": 6240, "height": 4160, "tags": []}