{"rects": [[[1051.8857142857144, 62.400000000000006, 5049.942857142857, 4078.285714285714], ["window"]]], "width": 6240, "height": 4160, "tags": []}