{"rects": [[[708.6857142857143, 115.88571428571429, 4902.857142857143, 4140.685714285714], ["window"]]], "width": 6240, "height": 4160, "tags": []}