{"rects": [[[976.1142857142858, 8.914285714285715, 5901.257142857143, 1983.4285714285716], ["window"]], [[463.54285714285714, 2023.5428571428572, 3605.8285714285716, 4158.5142857142855], ["window"]], [[3641.4857142857145, 2010.1714285714286, 6235.542857142857, 4160], ["window"]]], "width": 6240, "height": 4160, "tags": []}