{"rects": [[[1185.6000000000001, 22.285714285714285, 3561.2571428571428, 4160], ["window"]]], "width": 6240, "height": 4160, "tags": []}