{"rects": [[[1439.6571428571428, 1007.3142857142858, 4497.257142857143, 4109.4857142857145], ["window"]], [[4537.371428571429, 1435.2, 6235.542857142857, 4073.8285714285716], ["window"]]], "width": 6240, "height": 4160, "tags": []}