{"rects": [[[2228.5714285714284, 855.7714285714286, 4385.828571428571, 4020.342857142857], ["window"]]], "width": 6240, "height": 4160, "tags": []}