{"rects": [[[2224.114285714286, 312.0, 4974.171428571429, 4113.942857142857], ["window", "shop"]]], "width": 6240, "height": 4160, "tags": []}