{"rects": [[[1546.6285714285714, 218.4, 4706.742857142857, 4136.228571428572], ["window"]]], "width": 6240, "height": 4160, "tags": []}