{"rects": [[[2763.4285714285716, 40.114285714285714, 5330.742857142857, 4160], ["window"]]], "width": 6240, "height": 4160, "tags": []}