{"rects": [[[632.9142857142857, 641.8285714285714, 2928.342857142857, 3543.4285714285716], ["window"]], [[2972.9142857142856, 820.1142857142858, 5749.714285714286, 4047.0857142857144], ["window"]]], "width": 6240, "height": 4160, "tags": []}