{"rects": [[[57.94285714285714, 788.9142857142857, 3980.2285714285717, 4160], ["window"]], [[3998.057142857143, 788.9142857142857, 6231.085714285715, 4149.6], ["window"]]], "width": 6240, "height": 4160, "tags": []}