{"rects": [[[2041.3714285714286, 22.285714285714285, 4528.457142857143, 4149.6], ["window"]]], "width": 6240, "height": 4160, "tags": []}