{"rects": [[[0, 846.8571428571429, 5442.171428571429, 4158.5142857142855], ["window"]]], "width": 6240, "height": 4160, "tags": []}