{"rects": [[[22.285714285714285, 303.0857142857143, 3293.8285714285716, 4113.942857142857], ["window"]], [[3311.657142857143, 316.45714285714286, 6231.085714285715, 4160], ["window"]]], "width": 6240, "height": 4160, "tags": []}