{"rects": [[[1978.9714285714285, 0, 5473.371428571429, 4149.6], ["window"]]], "width": 6240, "height": 4160, "tags": []}