{"rects": [[[1974.5142857142857, 958.2857142857143, 5558.057142857143, 3084.342857142857], ["window"]], [[4.457142857142857, 815.6571428571428, 1970.057142857143, 3325.0285714285715], ["window"]]], "width": 6240, "height": 4160, "tags": []}