{"rects": [[[2348.9142857142856, 1515.4285714285716, 5161.371428571429, 4131.771428571428], ["window"]]], "width": 6240, "height": 4160, "tags": []}