{"rects": [[[445.7142857142857, 8.914285714285715, 4269.942857142857, 4047.0857142857144], ["window", "shop"]]], "width": 6240, "height": 4160, "tags": []}