{"rects": [[[574.9714285714286, 31.200000000000003, 2598.514285714286, 2460.342857142857], ["window"]], [[2714.4, 900.3428571428572, 5344.114285714286, 4105.028571428572], ["window"]]], "width": 6240, "height": 4160, "tags": []}