{"rects": [[[1025.142857142857, 26.742857142857144, 3596.914285714286, 4160], ["window"]], [[3605.8285714285716, 35.65714285714286, 5656.114285714286, 4154.057142857143], ["window"]]], "width": 6240, "height": 4160, "tags": []}