{"rects": [[[1880.9142857142858, 1065.257142857143, 4773.6, 3962.4], ["window"]]], "width": 6240, "height": 4160, "tags": []}