{"rects": [[[1185.6000000000001, 468.0, 5067.771428571429, 4069.3714285714286], ["window"]]], "width": 6240, "height": 4160, "tags": []}