{"rects": [[[1408.4571428571428, 418.9714285714286, 4862.742857142857, 4060.457142857143], ["window"]]], "width": 6240, "height": 4160, "tags": []}