{"rects": [[[481.37142857142857, 1198.9714285714285, 3605.8285714285716, 4082.7428571428572], ["window"]], [[3619.2000000000003, 1011.7714285714286, 6159.771428571429, 4105.028571428572], ["window"]]], "width": 6240, "height": 4160, "tags": []}