{"rects": [[[1207.8857142857144, 31.200000000000003, 5968.114285714286, 4160], ["window", "shop"]]], "width": 6240, "height": 4160, "tags": []}