{"rects": [[[147.0857142857143, 401.14285714285717, 4078.285714285714, 4082.7428571428572], ["window"]]], "width": 6240, "height": 4160, "tags": []}