{"rects": [[[2429.1428571428573, 22.285714285714285, 5861.142857142858, 4078.285714285714], ["window", "shop"]]], "width": 6240, "height": 4160, "tags": []}