{"rects": [[[1876.457142857143, 17.82857142857143, 4385.828571428571, 2148.342857142857], ["window"]], [[1885.3714285714286, 2157.2571428571428, 4488.342857142858, 4160], ["window"]]], "width": 6240, "height": 4160, "tags": []}