{"rects": [[[2001.257142857143, 4.457142857142857, 5139.085714285715, 4160], ["window", "shop"]]], "width": 6240, "height": 4160, "tags": []}