{"rects": [[[1635.7714285714287, 726.5142857142857, 4608.685714285714, 4047.0857142857144], ["window"]]], "width": 6240, "height": 4160, "tags": []}