{"rects": [[[940.4571428571429, 178.28571428571428, 5393.142857142857, 4160], ["window"]]], "width": 6240, "height": 4160, "tags": []}