{"rects": [[[824.5714285714286, 481.37142857142857, 5116.8, 4145.142857142857], ["window"]]], "width": 6240, "height": 4160, "tags": []}