{"rects": [[[2152.8, 40.114285714285714, 5090.057142857143, 4160], ["window", "shop"]]], "width": 6240, "height": 4160, "tags": []}