{"rects": [[[1912.1142857142859, 151.54285714285714, 5424.342857142858, 4160], ["window", "shop"]]], "width": 6240, "height": 4160, "tags": []}