{"rects": [[[583.8857142857144, 762.1714285714286, 2692.114285714286, 4154.057142857143], ["window"]], [[2727.7714285714287, 1239.0857142857144, 4729.028571428572, 4136.228571428572], ["window"]]], "width": 6240, "height": 4160, "tags": []}