{"rects": [[[1818.5142857142857, 717.6, 5174.742857142857, 4056.0], ["window", "shop"]]], "width": 6240, "height": 4160, "tags": []}