{"rects": [[[931.5428571428572, 316.45714285714286, 3258.171428571429, 4140.685714285714], ["window", "shop"]]], "width": 6240, "height": 4160, "tags": []}