{"rects": [[[592.8000000000001, 1310.4, 5000.914285714286, 3895.5428571428574], ["window"]]], "width": 6240, "height": 4160, "tags": []}