{"rects": [[[245.14285714285714, 44.57142857142857, 5901.257142857143, 4160], ["window"]]], "width": 6240, "height": 4160, "tags": []}