{"rects": [[[178.28571428571428, 17.82857142857143, 4648.8, 4109.4857142857145], ["window", "shop"]]], "width": 6240, "height": 4160, "tags": []}