{"rects": [[[797.8285714285714, 187.20000000000002, 4867.2, 4160], ["window", "shop"]]], "width": 6240, "height": 4160, "tags": []}