{"rects": [[[2509.3714285714286, 31.200000000000003, 5121.257142857143, 4154.057142857143], ["window"]]], "width": 6240, "height": 4160, "tags": []}