{"rects": [[[124.80000000000001, 476.9142857142857, 3414.171428571429, 3953.4857142857145], ["window"]], [[3436.457142857143, 494.74285714285713, 6213.257142857143, 4024.8], ["window"]]], "width": 6240, "height": 4160, "tags": []}