{"rects": [[[218.4, 8.914285714285715, 4724.571428571428, 4136.228571428572], ["window", "shop"]]], "width": 6240, "height": 4160, "tags": []}