{"rects": [[[1720.457142857143, 8.914285714285715, 5410.971428571429, 4158.5142857142855], ["window"]]], "width": 6240, "height": 4160, "tags": []}