{"rects": [[[713.1428571428571, 882.5142857142857, 5451.085714285715, 3998.057142857143], ["window", "shop"]]], "width": 6240, "height": 4160, "tags": []}