{"rects": [[[1029.6000000000001, 312.0, 4024.8, 5990.400000000001], ["window"]]], "width": 4160, "height": 6240, "tags": []}