{"rects": [[[2264.2285714285713, 200.57142857142858, 4577.4857142857145, 4140.685714285714], ["window", "shop"]]], "width": 6240, "height": 4160, "tags": []}