{"rects": [[[401.14285714285717, 1047.4285714285716, 6164.228571428572, 3650.4], ["window", "shop"]]], "width": 6240, "height": 4160, "tags": []}