{"rects": [[[525.9428571428572, 842.4, 6101.828571428571, 4154.057142857143], ["window"]]], "width": 6240, "height": 4160, "tags": []}