{"rects": [[[1354.9714285714285, 44.57142857142857, 4680.0, 4073.8285714285716], ["window"]]], "width": 6240, "height": 4160, "tags": []}