{"rects": [[[820.1142857142858, 98.05714285714286, 4742.400000000001, 4160], ["window", "shop"]]], "width": 6240, "height": 4160, "tags": []}