{"rects": [[[1800.6857142857143, 35.65714285714286, 4555.2, 4158.5142857142855], ["window", "shop"]]], "width": 6240, "height": 4160, "tags": []}