{"rects": [[[1760.5714285714287, 258.51428571428573, 4684.457142857143, 4122.857142857143], ["window"]]], "width": 6240, "height": 4160, "tags": []}