{"rects": [[[2727.7714285714287, 13.371428571428572, 6070.628571428571, 2059.2000000000003], ["window"]], [[13.371428571428572, 8.914285714285715, 2723.3142857142857, 2050.285714285714], ["window"]], [[17.82857142857143, 2068.114285714286, 3088.8, 4051.5428571428574], ["window"]], [[3120.0, 2059.2000000000003, 6222.171428571429, 4136.228571428572], ["window"]]], "width": 6240, "height": 4160, "tags": []}