{"rects": [[[735.4285714285714, 17.82857142857143, 4688.914285714286, 4136.228571428572], ["window", "shop"]]], "width": 6240, "height": 4160, "tags": []}