{"rects": [[[1510.9714285714285, 570.5142857142857, 5442.171428571429, 3975.7714285714287], ["window"]]], "width": 6240, "height": 4160, "tags": []}