{"rects": [[[1604.5714285714287, 13.371428571428572, 5838.857142857143, 4131.771428571428], ["window"]]], "width": 6240, "height": 4160, "tags": []}