{"rects": [[[2429.1428571428573, 855.7714285714286, 4069.3714285714286, 4127.314285714286], ["window"]]], "width": 6240, "height": 4160, "tags": []}