{"rects": [[[4.457142857142857, 44.57142857142857, 2326.6285714285714, 4064.914285714286], ["window"]], [[2353.3714285714286, 26.742857142857144, 5281.714285714286, 4160], ["window"]]], "width": 6240, "height": 4160, "tags": []}