{"rects": [[[347.65714285714284, 31.200000000000003, 6021.6, 2094.857142857143], ["window"]], [[258.51428571428573, 2117.1428571428573, 6173.142857142858, 4149.6], ["window"]]], "width": 6240, "height": 4160, "tags": []}