{"rects": [[[956.8000000000001, 31.200000000000003, 3905.2000000000003, 5761.6], ["window", "shop"]]], "width": 4160, "height": 6240, "tags": []}