{"rects": [[[1203.4285714285716, 289.7142857142857, 6017.142857142858, 4145.142857142857], ["window"]]], "width": 6240, "height": 4160, "tags": []}