{"rects": [[[1323.7714285714287, 17.82857142857143, 4443.771428571429, 4024.8], ["window", "shop"]]], "width": 6240, "height": 4160, "tags": []}