{"rects": [[[1934.4, 57.94285714285714, 5749.714285714286, 4122.857142857143], ["window"]]], "width": 6240, "height": 4160, "tags": []}