{"rects": [[[1105.3714285714286, 1185.6000000000001, 3044.2285714285717, 4127.314285714286], ["window"]], [[3079.8857142857146, 1074.1714285714286, 5553.6, 4073.8285714285716], ["window"]]], "width": 6240, "height": 4160, "tags": []}