{"rects": [[[1907.6571428571428, 13.371428571428572, 5116.8, 4096.114285714286], ["window", "shop"]]], "width": 6240, "height": 4160, "tags": []}