{"rects": [[[1782.857142857143, 771.0857142857143, 4920.685714285714, 4160], ["window", "shop"]]], "width": 6240, "height": 4160, "tags": []}