{"rects": [[[735.4285714285714, 35.65714285714286, 5197.028571428572, 4127.314285714286], ["window", "shop"]]], "width": 6240, "height": 4160, "tags": []}