{"rects": [[[1212.3428571428572, 735.4285714285714, 5477.828571428571, 4100.571428571428], ["window"]]], "width": 6240, "height": 4160, "tags": []}