{"rects": [[[2206.285714285714, 298.62857142857143, 5156.914285714286, 4160], ["window"]]], "width": 6240, "height": 4160, "tags": []}