{"rects": [[[1328.2285714285715, 13.371428571428572, 4635.428571428572, 4154.057142857143], ["window"]]], "width": 6240, "height": 4160, "tags": []}