{"rects": [[[26.742857142857144, 13.371428571428572, 3262.6285714285714, 4131.771428571428], ["window"]], [[3262.6285714285714, 17.82857142857143, 6222.171428571429, 4145.142857142857], ["window"]]], "width": 6240, "height": 4160, "tags": []}