{"rects": [[[1096.4571428571428, 891.4285714285714, 5709.6, 4160], ["window"]]], "width": 6240, "height": 4160, "tags": []}