{"rects": [[[1386.1714285714286, 22.285714285714285, 4617.6, 4160], ["shop", "window"]]], "width": 6240, "height": 4160, "tags": []}