{"rects": [[[57.94285714285714, 1185.6000000000001, 3195.7714285714287, 4154.057142857143], ["window"]], [[3249.2571428571428, 1359.4285714285716, 6222.171428571429, 4140.685714285714], ["window"]]], "width": 6240, "height": 4160, "tags": []}