{"rects": [[[1863.0857142857144, 17.82857142857143, 5076.685714285714, 4149.6], ["window"]]], "width": 6240, "height": 4160, "tags": []}