{"rects": [[[833.4857142857143, 476.9142857142857, 3628.114285714286, 4105.028571428572], ["window"]]], "width": 6240, "height": 4160, "tags": []}