{"rects": [[[1831.8857142857144, 4.457142857142857, 5455.542857142857, 2077.0285714285715], ["window"]], [[1617.9428571428573, 2103.7714285714287, 5495.657142857143, 4006.9714285714285], ["window"]]], "width": 6240, "height": 4160, "tags": []}