{"rects": [[[1141.0285714285715, 837.9428571428572, 4786.971428571429, 4140.685714285714], ["window", "shop"]]], "width": 6240, "height": 4160, "tags": []}