{"rects": [[[49.02857142857143, 793.3714285714286, 2825.8285714285716, 4109.4857142857145], ["window"]], [[2879.3142857142857, 744.3428571428572, 5415.428571428572, 4056.0], ["window"]]], "width": 6240, "height": 4160, "tags": []}