{"rects": [[[111.42857142857143, 156.0, 5281.714285714286, 3418.6285714285714], ["window"]]], "width": 6240, "height": 4160, "tags": []}