{"rects": [[[1987.8857142857144, 1417.3714285714286, 4385.828571428571, 3489.942857142857], ["window"]]], "width": 6240, "height": 4160, "tags": []}