{"rects": [[[178.28571428571428, 98.05714285714286, 6124.114285714286, 4145.142857142857], ["window", "shop"]]], "width": 6240, "height": 4160, "tags": []}