{"rects": [[[2161.714285714286, 57.94285714285714, 4773.6, 4149.6], ["window"]]], "width": 6240, "height": 4160, "tags": []}