{"rects": [[[338.74285714285713, 26.742857142857144, 5714.057142857143, 4127.314285714286], ["window"]]], "width": 6240, "height": 4160, "tags": []}