{"rects": [[[1720.457142857143, 280.8, 5054.400000000001, 4160], ["window", "shop"]]], "width": 6240, "height": 4160, "tags": []}