{"rects": [[[1524.3428571428572, 851.3142857142857, 5143.542857142857, 4160], ["window"]]], "width": 6240, "height": 4160, "tags": []}