{"rects": [[[1319.3142857142857, 347.65714285714284, 4657.714285714286, 4113.942857142857], ["window", "shop"]]], "width": 6240, "height": 4160, "tags": []}