{"rects": [[[1765.0285714285715, 303.0857142857143, 5780.914285714286, 3779.657142857143], ["window"]]], "width": 6240, "height": 4160, "tags": []}