{"rects": [[[900.3428571428572, 913.7142857142858, 4381.371428571429, 4122.857142857143], ["window"]]], "width": 6240, "height": 4160, "tags": []}