{"rects": [[[1239.0857142857144, 4.457142857142857, 5558.057142857143, 4158.5142857142855], ["window", "shop"]]], "width": 6240, "height": 4160, "tags": []}