{"rects": [[[2540.5714285714284, 503.6571428571429, 5847.771428571429, 4160], ["window"]]], "width": 6240, "height": 4160, "tags": []}