{"rects": [[[1649.142857142857, 8.914285714285715, 5290.628571428571, 3859.8857142857146], ["window"]]], "width": 6240, "height": 4160, "tags": []}