{"rects": [[[2424.6857142857143, 632.9142857142857, 6146.400000000001, 4149.6], ["window", "shop"]]], "width": 6240, "height": 4160, "tags": []}