{"rects": [[[2170.6285714285714, 49.02857142857143, 5143.542857142857, 4127.314285714286], ["window"]]], "width": 6240, "height": 4160, "tags": []}