{"rects": [[[334.2857142857143, 410.0571428571429, 3917.8285714285716, 3405.2571428571428], ["window"]]], "width": 6240, "height": 4160, "tags": []}