{"rects": [[[833.4857142857143, 22.285714285714285, 5941.371428571429, 4113.942857142857], ["window"]]], "width": 6240, "height": 4160, "tags": []}