{"rects": [[[980.5714285714286, 98.05714285714286, 4162.971428571429, 4078.285714285714], ["window"]]], "width": 6240, "height": 4160, "tags": []}