{"rects": [[[2054.7428571428572, 31.200000000000003, 4840.457142857143, 4158.5142857142855], ["window"]]], "width": 6240, "height": 4160, "tags": []}