{"rects": [[[583.8857142857144, 548.2285714285714, 3717.257142857143, 4122.857142857143], ["window"]]], "width": 6240, "height": 4160, "tags": []}