{"rects": [[[1118.7428571428572, 396.6857142857143, 5375.314285714286, 4140.685714285714], ["window"]]], "width": 6240, "height": 4160, "tags": []}