{"rects": [[[1417.3714285714286, 659.6571428571428, 5393.142857142857, 4136.228571428572], ["window"]]], "width": 6240, "height": 4160, "tags": []}