{"rects": [[[1421.8285714285714, 285.25714285714287, 4942.971428571429, 3387.4285714285716], ["window"]]], "width": 6240, "height": 4160, "tags": []}