{"rects": [[[949.3714285714286, 320.9142857142857, 4751.314285714286, 3940.114285714286], ["window", "shop"]]], "width": 6240, "height": 4160, "tags": []}