{"rects": [[[1765.0285714285715, 855.7714285714286, 5553.6, 4113.942857142857], ["window"]]], "width": 6240, "height": 4160, "tags": []}