{"rects": [[[592.8000000000001, 1221.257142857143, 5308.4571428571435, 4069.3714285714286], ["window"]]], "width": 6240, "height": 4160, "tags": []}