{"rects": [[[1265.8285714285714, 22.285714285714285, 4087.2000000000003, 4149.6], ["window"]]], "width": 6240, "height": 4160, "tags": []}