{"rects": [[[632.9142857142857, 869.1428571428572, 6124.114285714286, 4105.028571428572], ["window", "shop"]]], "width": 6240, "height": 4160, "tags": []}