{"rects": [[[1164.8, 31.200000000000003, 3827.2000000000003, 6234.8], ["window"]]], "width": 4160, "height": 6240, "tags": []}