{"rects": [[[1724.9142857142858, 1087.5428571428572, 4466.057142857143, 3561.2571428571428], ["window"]]], "width": 6240, "height": 4160, "tags": []}