{"rects": [[[1377.257142857143, 494.74285714285713, 5678.400000000001, 4140.685714285714], ["window", "shop"]]], "width": 6240, "height": 4160, "tags": []}