{"rects": [[[503.6571428571429, 561.6, 4809.257142857143, 4042.6285714285714], ["window"]]], "width": 6240, "height": 4160, "tags": []}