{"rects": [[[1805.142857142857, 156.0, 4742.400000000001, 4140.685714285714], ["window", "shop"]]], "width": 6240, "height": 4160, "tags": []}