{"rects": [[[619.5428571428572, 40.114285714285714, 4786.971428571429, 4160], ["window"]]], "width": 6240, "height": 4160, "tags": []}