{"rects": [[[829.0285714285715, 441.25714285714287, 4586.400000000001, 4149.6], ["window"]]], "width": 6240, "height": 4160, "tags": []}