{"rects": [[[1622.4, 66.85714285714286, 4684.457142857143, 4122.857142857143], ["window"]]], "width": 6240, "height": 4160, "tags": []}