{"rects": [[[2117.1428571428573, 347.65714285714284, 4167.428571428572, 4131.771428571428], ["window"]]], "width": 6240, "height": 4160, "tags": []}