{"rects": [[[1212.3428571428572, 485.8285714285714, 4042.6285714285714, 4154.057142857143], ["window"]]], "width": 6240, "height": 4160, "tags": []}