{"rects": [[[1537.7142857142858, 8.914285714285715, 4006.9714285714285, 3993.6000000000004], ["window", "shop"]]], "width": 6240, "height": 4160, "tags": []}