{"rects": [[[2112.6857142857143, 35.65714285714286, 5424.342857142858, 4087.2000000000003], ["window", "shop"]]], "width": 6240, "height": 4160, "tags": []}