{"rects": [[[1974.5142857142857, 8.914285714285715, 4613.142857142857, 4160], ["window"]]], "width": 6240, "height": 4160, "tags": []}