{"rects": [[[1938.857142857143, 0, 4644.342857142858, 4160], ["window", "shop"]]], "width": 6240, "height": 4160, "tags": []}