{"rects": [[[1724.9142857142858, 17.82857142857143, 5856.685714285714, 4145.142857142857], ["window", "shop"]]], "width": 6240, "height": 4160, "tags": []}