{"rects": [[[2522.7428571428572, 17.82857142857143, 5607.085714285715, 4069.3714285714286], ["window"]]], "width": 6240, "height": 4160, "tags": []}