{"rects": [[[686.4, 303.0857142857143, 6177.6, 3543.4285714285716], ["window", "shop"]]], "width": 6240, "height": 4160, "tags": []}