{"rects": [[[1127.6571428571428, 1025.142857142857, 3663.7714285714287, 4160], ["window"]], [[3668.2285714285717, 1390.6285714285714, 5696.228571428572, 4149.6], ["window"]]], "width": 6240, "height": 4160, "tags": []}