{"rects": [[[1778.4, 245.14285714285714, 6115.2, 4020.342857142857], ["window", "shop"]]], "width": 6240, "height": 4160, "tags": []}