{"rects": [[[855.7714285714286, 619.5428571428572, 4457.142857142857, 3850.9714285714285], ["window"]]], "width": 6240, "height": 4160, "tags": []}