{"rects": [[[1314.857142857143, 13.371428571428572, 4791.428571428572, 1805.142857142857], ["window"]], [[1292.5714285714287, 1840.8, 5045.4857142857145, 4149.6], ["window"]]], "width": 6240, "height": 4160, "tags": []}