{"rects": [[[771.0857142857143, 120.34285714285714, 6173.142857142858, 4064.914285714286], ["window"]]], "width": 6240, "height": 4160, "tags": []}