{"rects": [[[2001.257142857143, 1083.0857142857144, 5183.657142857143, 4154.057142857143], ["window"]]], "width": 6240, "height": 4160, "tags": []}