{"rects": [[[1782.857142857143, 356.57142857142856, 5477.828571428571, 3868.8], ["window"]]], "width": 6240, "height": 4160, "tags": []}