{"rects": [[[1555.5428571428572, 13.371428571428572, 5148.0, 4160], ["window", "shop"]]], "width": 6240, "height": 4160, "tags": []}