{"rects": [[[1631.3142857142857, 606.1714285714286, 5397.6, 4078.285714285714], ["window"]]], "width": 6240, "height": 4160, "tags": []}