{"rects": [[[1836.3428571428572, 298.62857142857143, 5593.714285714286, 4038.171428571429], ["window"]]], "width": 6240, "height": 4160, "tags": []}