{"rects": [[[1542.1714285714286, 8.914285714285715, 4122.857142857143, 3846.514285714286], ["window"]]], "width": 6240, "height": 4160, "tags": []}