{"rects": [[[1176.6857142857143, 22.285714285714285, 4015.8857142857146, 4105.028571428572], ["window"]], [[4078.285714285714, 610.6285714285715, 6146.400000000001, 3993.6000000000004], ["window"]]], "width": 6240, "height": 4160, "tags": []}