{"rects": [[[285.25714285714287, 383.31428571428575, 5272.8, 4105.028571428572], ["window", "shop"]]], "width": 6240, "height": 4160, "tags": []}