{"rects": [[[4.457142857142857, 298.62857142857143, 2134.9714285714285, 4160], ["window"]], [[2250.857142857143, 312.0, 4417.028571428572, 4051.5428571428574], ["window"]]], "width": 6240, "height": 4160, "tags": []}