{"rects": [[[552.6857142857143, 147.0857142857143, 4292.228571428572, 4056.0], ["window"]]], "width": 6240, "height": 4160, "tags": []}