{"rects": [[[1470.857142857143, 213.94285714285715, 4862.742857142857, 4051.5428571428574], ["window", "shop"]]], "width": 6240, "height": 4160, "tags": []}