{"rects": [[[512.5714285714286, 178.28571428571428, 3177.942857142857, 4160], ["window"]]], "width": 6240, "height": 4160, "tags": []}