{"rects": [[[2014.6285714285716, 298.62857142857143, 5607.085714285715, 4145.142857142857], ["window"]]], "width": 6240, "height": 4160, "tags": []}