{"rects": [[[2273.1428571428573, 13.371428571428572, 4541.828571428571, 3440.914285714286], ["window", "shop"]]], "width": 6240, "height": 4160, "tags": []}