{"rects": [[[1359.4285714285716, 227.31428571428572, 4171.885714285714, 4073.8285714285716], ["window", "shop"]]], "width": 6240, "height": 4160, "tags": []}