{"rects": [[[129.25714285714287, 200.57142857142858, 6017.142857142858, 4069.3714285714286], ["window"]]], "width": 6240, "height": 4160, "tags": []}