{"rects": [[[35.65714285714286, 1524.3428571428572, 5616.0, 3752.914285714286], ["window", "shop"]]], "width": 6240, "height": 4160, "tags": []}