{"rects": [[[2482.6285714285714, 35.65714285714286, 5410.971428571429, 4078.285714285714], ["window"]]], "width": 6240, "height": 4160, "tags": []}