{"rects": [[[1399.5428571428572, 2023.5428571428572, 4350.171428571429, 4160], ["window"]], [[4359.085714285715, 1894.2857142857144, 6235.542857142857, 4160], ["window"]]], "width": 6240, "height": 4160, "tags": []}