{"rects": [[[2117.1428571428573, 4.457142857142857, 4559.657142857143, 4136.228571428572], ["window", "shop"]]], "width": 6240, "height": 4160, "tags": []}