{"rects": [[[730.9714285714286, 102.51428571428572, 2941.714285714286, 4051.5428571428574], ["window"]], [[3427.5428571428574, 124.80000000000001, 5776.4571428571435, 4158.5142857142855], ["window"]]], "width": 6240, "height": 4160, "tags": []}