{"rects": [[[329.8285714285714, 75.77142857142857, 4448.228571428572, 4113.942857142857], ["window"]]], "width": 6240, "height": 4160, "tags": []}