{"rects": [[[276.34285714285716, 1176.6857142857143, 5972.571428571428, 4127.314285714286], ["window"]]], "width": 6240, "height": 4160, "tags": []}