{"rects": [[[2772.342857142857, 17.82857142857143, 4862.742857142857, 4149.6], ["window", "shop"]]], "width": 6240, "height": 4160, "tags": []}