{"rects": [[[2072.5714285714284, 356.57142857142856, 4212.0, 3877.714285714286], ["window"]]], "width": 6240, "height": 4160, "tags": []}