{"rects": [[[231.77142857142857, 1372.8, 6034.971428571429, 4069.3714285714286], ["window"]]], "width": 6240, "height": 4160, "tags": []}