{"rects": [[[1658.057142857143, 80.22857142857143, 5642.742857142857, 4160], ["window", "shop"]]], "width": 6240, "height": 4160, "tags": []}