{"rects": [[[1666.9714285714285, 4.457142857142857, 5188.114285714286, 1983.4285714285716], ["window"]], [[1680.3428571428572, 2005.7142857142858, 5286.171428571429, 4127.314285714286], ["window"]]], "width": 6240, "height": 4160, "tags": []}