{"rects": [[[1185.6000000000001, 196.11428571428573, 5009.828571428571, 3672.6857142857143], ["window", "shop"]]], "width": 6240, "height": 4160, "tags": []}