{"rects": [[[1662.5142857142857, 84.68571428571428, 4171.885714285714, 4064.914285714286], ["window", "shop"]], [[4194.171428571429, 900.3428571428572, 6231.085714285715, 4158.5142857142855], ["shop", "window"]]], "width": 6240, "height": 4160, "tags": []}