{"rects": [[[2219.657142857143, 1265.8285714285714, 4243.2, 3975.7714285714287], ["window"]]], "width": 6240, "height": 4160, "tags": []}