{"rects": [[[860.2285714285715, 1007.3142857142858, 4666.628571428571, 3998.057142857143], ["window"]]], "width": 6240, "height": 4160, "tags": []}