{"rects": [[[864.6857142857143, 1716.0, 3400.8, 4118.400000000001], ["window"]], [[3423.0857142857144, 1261.3714285714286, 5780.914285714286, 4056.0], ["window"]]], "width": 6240, "height": 4160, "tags": []}