{"rects": [[[1604.5714285714287, 436.8, 4479.428571428572, 4064.914285714286], ["window"]]], "width": 6240, "height": 4160, "tags": []}