{"rects": [[[1515.4285714285716, 209.4857142857143, 4390.285714285715, 4149.6], ["window"]]], "width": 6240, "height": 4160, "tags": []}