{"rects": [[[953.8285714285714, 8.914285714285715, 4813.714285714286, 4118.400000000001], ["window", "shop"]]], "width": 6240, "height": 4160, "tags": []}