{"rects": [[[1216.8, 748.8000000000001, 5090.057142857143, 4087.2000000000003], ["window"]]], "width": 6240, "height": 4160, "tags": []}