{"rects": [[[468.0, 49.02857142857143, 5789.828571428571, 3859.8857142857146], ["window", "shop"]]], "width": 6240, "height": 4160, "tags": []}