{"rects": [[[1524.3428571428572, 766.6285714285715, 5660.571428571428, 4140.685714285714], ["window", "shop"]]], "width": 6240, "height": 4160, "tags": []}