{"rects": [[[1573.3714285714286, 231.77142857142857, 5058.857142857143, 4033.714285714286], ["window"]]], "width": 6240, "height": 4160, "tags": []}