{"rects": [[[1109.8285714285714, 610.6285714285715, 5201.4857142857145, 3476.571428571429], ["window"]]], "width": 6240, "height": 4160, "tags": []}