{"rects": [[[2313.2571428571428, 22.285714285714285, 5076.685714285714, 3984.6857142857143], ["window", "shop"]]], "width": 6240, "height": 4160, "tags": []}