{"rects": [[[820.1142857142858, 84.68571428571428, 4778.057142857143, 4145.142857142857], ["window"]]], "width": 6240, "height": 4160, "tags": []}