{"rects": [[[2277.6, 8.914285714285715, 4457.142857142857, 4160], ["window"]]], "width": 6240, "height": 4160, "tags": []}