{"rects": [[[1002.8571428571429, 878.0571428571429, 4546.285714285715, 3944.571428571429], ["window", "shop"]]], "width": 6240, "height": 4160, "tags": []}