{"rects": [[[2175.0857142857144, 200.57142857142858, 4474.971428571429, 4100.571428571428], ["window", "shop"]]], "width": 6240, "height": 4160, "tags": []}