{"rects": [[[735.4285714285714, 628.4571428571429, 5789.828571428571, 4047.0857142857144], ["window", "shop"]]], "width": 6240, "height": 4160, "tags": []}