{"rects": [[[1502.057142857143, 418.9714285714286, 5005.371428571429, 4158.5142857142855], ["window"]]], "width": 6240, "height": 4160, "tags": []}