{"rects": [[[2389.0285714285715, 13.371428571428572, 5718.5142857142855, 2019.0857142857144], ["window"]], [[2375.657142857143, 2036.9142857142858, 5780.914285714286, 4136.228571428572], ["window"]]], "width": 6240, "height": 4160, "tags": []}