{"rects": [[[338.74285714285713, 17.82857142857143, 4546.285714285715, 4149.6], ["window"]]], "width": 6240, "height": 4160, "tags": []}