{"rects": [[[22.285714285714285, 4.457142857142857, 2959.5428571428574, 3926.7428571428572], ["window"]], [[2977.3714285714286, 4.457142857142857, 5607.085714285715, 3935.657142857143], ["window"]]], "width": 6240, "height": 4160, "tags": []}