{"rects": [[[2246.4, 583.8857142857144, 4510.628571428571, 3744.0], ["window"]]], "width": 6240, "height": 4160, "tags": []}