{"rects": [[[895.8857142857144, 13.371428571428572, 5241.6, 4145.142857142857], ["window", "shop"]]], "width": 6240, "height": 4160, "tags": []}