{"rects": [[[797.8285714285714, 1568.9142857142858, 4096.114285714286, 3900.0], ["window"]]], "width": 6240, "height": 4160, "tags": []}