{"rects": [[[1323.7714285714287, 829.0285714285715, 5785.371428571429, 4042.6285714285714], ["window", "shop"]]], "width": 6240, "height": 4160, "tags": []}