{"rects": [[[2019.0857142857144, 187.20000000000002, 5210.400000000001, 4029.257142857143], ["window", "shop"]]], "width": 6240, "height": 4160, "tags": []}