{"rects": [[[1417.3714285714286, 22.285714285714285, 5575.885714285714, 4158.5142857142855], ["window", "shop"]]], "width": 6240, "height": 4160, "tags": []}