{"rects": [[[2121.6, 44.57142857142857, 4506.171428571429, 4069.3714285714286], ["window", "shop"]]], "width": 6240, "height": 4160, "tags": []}