{"rects": [[[1096.4571428571428, 13.371428571428572, 5941.371428571429, 1609.0285714285715], ["window"]], [[886.9714285714286, 1653.6000000000001, 6061.714285714286, 4073.8285714285716], ["window"]]], "width": 6240, "height": 4160, "tags": []}