{"rects": [[[120.34285714285714, 1831.8857142857144, 5865.6, 4042.6285714285714], ["window", "shop"]]], "width": 6240, "height": 4160, "tags": []}