{"rects": [[[1109.8285714285714, 13.371428571428572, 5598.171428571429, 4154.057142857143], ["window"]]], "width": 6240, "height": 4160, "tags": []}