{"rects": [[[1765.0285714285715, 1524.3428571428572, 4154.057142857143, 4149.6], ["window"]]], "width": 6240, "height": 4160, "tags": []}