{"rects": [[[271.8857142857143, 71.31428571428572, 5767.542857142857, 4154.057142857143], ["window", "shop"]]], "width": 6240, "height": 4160, "tags": []}