{"rects": [[[187.20000000000002, 31.200000000000003, 5575.885714285714, 4140.685714285714], ["window"]]], "width": 6240, "height": 4160, "tags": []}