{"rects": [[[2660.9142857142856, 1377.257142857143, 5321.828571428571, 4127.314285714286], ["window"]]], "width": 6240, "height": 4160, "tags": []}