{"rects": [[[2277.6, 4.457142857142857, 4590.857142857143, 4160], ["window"]]], "width": 6240, "height": 4160, "tags": []}