{"rects": [[[1662.5142857142857, 1279.2, 5094.5142857142855, 3632.571428571429], ["window"]]], "width": 6240, "height": 4160, "tags": []}