{"rects": [[[637.3714285714286, 557.1428571428571, 5509.028571428572, 4096.114285714286], ["window", "shop"]]], "width": 6240, "height": 4160, "tags": []}