{"rects": [[[1457.4857142857143, 833.4857142857143, 5361.942857142857, 4154.057142857143], ["window"]]], "width": 6240, "height": 4160, "tags": []}