{"rects": [[[17.82857142857143, 476.9142857142857, 6213.257142857143, 3610.285714285714], ["window"]]], "width": 6240, "height": 4160, "tags": []}