{"rects": [[[1885.3714285714286, 606.1714285714286, 5063.314285714286, 4109.4857142857145], ["window"]]], "width": 6240, "height": 4160, "tags": []}