{"rects": [[[855.7714285714286, 209.4857142857143, 4069.3714285714286, 4109.4857142857145], ["window", "shop"]]], "width": 6240, "height": 4160, "tags": []}