{"rects": [[[2602.9714285714285, 17.82857142857143, 5638.285714285715, 4145.142857142857], ["window", "shop"]]], "width": 6240, "height": 4160, "tags": []}