{"rects": [[[2210.7428571428572, 895.8857142857144, 5691.771428571429, 3819.7714285714287], ["window"]]], "width": 6240, "height": 4160, "tags": []}