{"rects": [[[0, 222.85714285714286, 1961.142857142857, 1907.6571428571428], ["window"]], [[1974.5142857142857, 1649.142857142857, 4082.7428571428572, 3498.857142857143], ["window"]], [[4720.114285714286, 512.5714285714286, 6235.542857142857, 4011.4285714285716], ["window"]]], "width": 6240, "height": 4160, "tags": []}