{"rects": [[[824.5714285714286, 307.54285714285714, 5085.6, 4078.285714285714], ["window"]]], "width": 6240, "height": 4160, "tags": []}