{"rects": [[[1060.8, 26.742857142857144, 6159.771428571429, 4091.657142857143], ["window", "shop"]]], "width": 6240, "height": 4160, "tags": []}