{"rects": [[[1141.0285714285715, 320.9142857142857, 5553.6, 4158.5142857142855], ["window"]]], "width": 6240, "height": 4160, "tags": []}