{"rects": [[[0, 0, 6240, 4160], ["facade"]], [[668.5714285714286, 1060.8, 4733.4857142857145, 3601.3714285714286], ["window"]]], "width": 6240, "height": 4160, "tags": []}