{"rects": [[[1573.3714285714286, 1711.5428571428572, 4100.571428571428, 3574.6285714285714], ["window"]]], "width": 6240, "height": 4160, "tags": []}