{"rects": [[[1265.8285714285714, 592.8000000000001, 4368.0, 3859.8857142857146], ["window"]]], "width": 6240, "height": 4160, "tags": []}