{"rects": [[[1992.3428571428572, 793.3714285714286, 5130.171428571429, 3882.171428571429], ["window"]]], "width": 6240, "height": 4160, "tags": []}