{"rects": [[[1252.4571428571428, 49.02857142857143, 4920.685714285714, 4100.571428571428], ["window"]]], "width": 6240, "height": 4160, "tags": []}