{"rects": [[[2161.714285714286, 57.94285714285714, 4577.4857142857145, 4118.400000000001], ["window"]]], "width": 6240, "height": 4160, "tags": []}