{"rects": [[[1305.9428571428573, 4.457142857142857, 3801.942857142857, 4118.400000000001], ["window", "shop"]]], "width": 6240, "height": 4160, "tags": []}