{"rects": [[[111.42857142857143, 1270.2857142857142, 6208.8, 3859.8857142857146], ["window"]]], "width": 6240, "height": 4160, "tags": []}