{"rects": [[[1252.4571428571428, 1283.6571428571428, 5798.742857142857, 4087.2000000000003], ["window"]]], "width": 6240, "height": 4160, "tags": []}