{"rects": [[[1595.6571428571428, 124.80000000000001, 4425.942857142857, 3788.571428571429], ["window", "shop"]]], "width": 6240, "height": 4160, "tags": []}