{"rects": [[[833.4857142857143, 26.742857142857144, 4417.028571428572, 4160], ["window", "shop"]]], "width": 6240, "height": 4160, "tags": []}