{"rects": [[[369.9428571428572, 267.42857142857144, 4171.885714285714, 4145.142857142857], ["window", "shop"]]], "width": 6240, "height": 4160, "tags": []}