{"rects": [[[1069.7142857142858, 2117.1428571428573, 4118.400000000001, 3962.4], ["window", "shop"]]], "width": 6240, "height": 4160, "tags": []}