{"rects": [[[1595.6571428571428, 71.31428571428572, 5526.857142857143, 4136.228571428572], ["window"]]], "width": 6240, "height": 4160, "tags": []}