{"rects": [[[485.8285714285714, 762.1714285714286, 2914.9714285714285, 4160], ["window"]], [[2937.2571428571428, 1274.7428571428572, 4925.142857142857, 4154.057142857143], ["window"]]], "width": 6240, "height": 4160, "tags": []}