{"rects": [[[1809.6000000000001, 200.57142857142858, 4256.571428571428, 4160], ["window", "shop"]]], "width": 6240, "height": 4160, "tags": []}