{"rects": [[[1372.8, 22.285714285714285, 5152.4571428571435, 4154.057142857143], ["window"]]], "width": 6240, "height": 4160, "tags": []}