{"rects": [[[245.14285714285714, 387.7714285714286, 6070.628571428571, 4122.857142857143], ["window"]]], "width": 6240, "height": 4160, "tags": []}