{"rects": [[[1007.3142857142858, 722.0571428571429, 4951.885714285714, 4149.6], ["window"]]], "width": 6240, "height": 4160, "tags": []}