{"rects": [[[1974.5142857142857, 619.5428571428572, 4836.0, 4122.857142857143], ["window"]]], "width": 6240, "height": 4160, "tags": []}