{"rects": [[[1034.057142857143, 13.371428571428572, 4537.371428571429, 4131.771428571428], ["window", "shop"]]], "width": 6240, "height": 4160, "tags": []}