{"rects": [[[80.22857142857143, 1078.6285714285714, 1978.9714285714285, 4060.457142857143], ["window"]], [[2005.7142857142858, 374.40000000000003, 4751.314285714286, 4145.142857142857], ["window"]]], "width": 6240, "height": 4160, "tags": []}