{"rects": [[[1502.057142857143, 993.9428571428572, 5357.4857142857145, 4136.228571428572], ["window", "shop"]]], "width": 6240, "height": 4160, "tags": []}