{"rects": [[[762.1714285714286, 1025.142857142857, 4630.971428571429, 4149.6], ["window"]]], "width": 6240, "height": 4160, "tags": []}