{"rects": [[[909.2571428571429, 262.9714285714286, 5197.028571428572, 4105.028571428572], ["window", "shop"]]], "width": 6240, "height": 4160, "tags": []}