{"rects": [[[735.4285714285714, 120.34285714285714, 5326.285714285715, 4038.171428571429], ["window"]]], "width": 6240, "height": 4160, "tags": []}