{"rects": [[[1087.5428571428572, 17.82857142857143, 3628.114285714286, 1987.8857142857144], ["window"]], [[949.3714285714286, 2028.0, 3690.514285714286, 4160], ["window"]]], "width": 6240, "height": 4160, "tags": []}