{"rects": [[[534.8571428571429, 646.2857142857143, 5977.028571428572, 4160], ["window"]]], "width": 6240, "height": 4160, "tags": []}