{"rects": [[[579.4285714285714, 276.34285714285716, 5656.114285714286, 4118.400000000001], ["window"]]], "width": 6240, "height": 4160, "tags": []}