{"rects": [[[2050.285714285714, 1029.6000000000001, 5353.028571428572, 3044.2285714285717], ["window", "shop"]]], "width": 6240, "height": 4160, "tags": []}