{"rects": [[[147.0857142857143, 71.31428571428572, 4974.171428571429, 4122.857142857143], ["window", "shop"]]], "width": 6240, "height": 4160, "tags": []}