{"rects": [[[1978.9714285714285, 886.9714285714286, 5513.4857142857145, 3628.114285714286], ["window"]]], "width": 6240, "height": 4160, "tags": []}