{"rects": [[[2161.714285714286, 13.371428571428572, 4947.428571428572, 4149.6], ["window", "shop"]]], "width": 6240, "height": 4160, "tags": []}