{"rects": [[[2950.6285714285714, 1190.057142857143, 5763.085714285715, 4160], ["window"]]], "width": 6240, "height": 4160, "tags": []}