{"rects": [[[334.2857142857143, 200.57142857142858, 6048.342857142858, 4105.028571428572], ["window"]]], "width": 6240, "height": 4160, "tags": []}