{"rects": [[[976.1142857142858, 164.9142857142857, 5856.685714285714, 3761.8285714285716], ["window", "shop"]]], "width": 6240, "height": 4160, "tags": []}