{"rects": [[[1622.4, 209.4857142857143, 4136.228571428572, 4029.257142857143], ["window", "shop"]]], "width": 6240, "height": 4160, "tags": []}