{"rects": [[[1885.3714285714286, 8.914285714285715, 4497.257142857143, 3895.5428571428574], ["window"]]], "width": 6240, "height": 4160, "tags": []}