{"rects": [[[1836.3428571428572, 521.4857142857143, 5763.085714285715, 4149.6], ["window"]]], "width": 6240, "height": 4160, "tags": []}