{"rects": [[[1858.6285714285716, 717.6, 5076.685714285714, 3645.942857142857], ["window"]]], "width": 6240, "height": 4160, "tags": []}