{"rects": [[[1729.3714285714286, 1319.3142857142857, 5228.228571428572, 3859.8857142857146], ["window"]]], "width": 6240, "height": 4160, "tags": []}