{"rects": [[[748.8000000000001, 833.4857142857143, 4947.428571428572, 4154.057142857143], ["window"]]], "width": 6240, "height": 4160, "tags": []}