{"rects": [[[833.4857142857143, 57.94285714285714, 5139.085714285715, 4109.4857142857145], ["window", "shop"]]], "width": 6240, "height": 4160, "tags": []}