{"rects": [[[1689.257142857143, 748.8000000000001, 5339.657142857143, 4160], ["window"]]], "width": 6240, "height": 4160, "tags": []}