{"rects": [[[1225.7142857142858, 1145.4857142857143, 5433.257142857143, 4140.685714285714], ["window"]]], "width": 6240, "height": 4160, "tags": []}