{"rects": [[[1461.9428571428573, 891.4285714285714, 5553.6, 3699.4285714285716], ["window"]]], "width": 6240, "height": 4160, "tags": []}