{"rects": [[[1069.7142857142858, 13.371428571428572, 5852.228571428572, 4109.4857142857145], ["window"]]], "width": 6240, "height": 4160, "tags": []}