{"rects": [[[1092.0, 4.457142857142857, 3752.914285714286, 4149.6], ["window", "shop"]]], "width": 6240, "height": 4160, "tags": []}