{"rects": [[[1662.5142857142857, 258.51428571428573, 4220.914285714286, 4140.685714285714], ["window", "shop"]]], "width": 6240, "height": 4160, "tags": []}