{"rects": [[[334.2857142857143, 258.51428571428573, 5985.942857142857, 4154.057142857143], ["window"]]], "width": 6240, "height": 4160, "tags": []}