{"rects": [[[909.2571428571429, 1092.0, 4782.5142857142855, 4149.6], ["window", "shop"]]], "width": 6240, "height": 4160, "tags": []}