{"rects": [[[552.6857142857143, 374.40000000000003, 3240.342857142857, 3957.942857142857], ["window", "shop"]], [[3240.342857142857, 365.4857142857143, 6235.542857142857, 3953.4857142857145], ["window", "shop"]]], "width": 6240, "height": 4160, "tags": []}