{"rects": [[[2442.514285714286, 93.60000000000001, 4622.057142857143, 4140.685714285714], ["window"]]], "width": 6240, "height": 4160, "tags": []}