{"rects": [[[811.2, 31.200000000000003, 4550.742857142857, 4140.685714285714], ["window"]]], "width": 6240, "height": 4160, "tags": []}