{"rects": [[[1114.2857142857142, 31.200000000000003, 3824.2285714285717, 4118.400000000001], ["window"]]], "width": 6240, "height": 4160, "tags": []}