{"rects": [[[1716.0, 8.914285714285715, 4488.342857142858, 4149.6], ["window", "shop"]]], "width": 6240, "height": 4160, "tags": []}