{"rects": [[[1297.0285714285715, 673.0285714285715, 3904.457142857143, 3908.914285714286], ["window"]]], "width": 6240, "height": 4160, "tags": []}