{"rects": [[[2246.4, 1390.6285714285714, 4639.885714285714, 4122.857142857143], ["window"]]], "width": 6240, "height": 4160, "tags": []}