{"rects": [[[1551.0857142857144, 49.02857142857143, 4189.714285714286, 4160], ["window", "shop"]]], "width": 6240, "height": 4160, "tags": []}