{"rects": [[[2513.8285714285716, 387.7714285714286, 5531.314285714286, 4122.857142857143], ["window"]]], "width": 6240, "height": 4160, "tags": []}