{"rects": [[[2192.9142857142856, 481.37142857142857, 4171.885714285714, 3677.1428571428573], ["window"]]], "width": 6240, "height": 4160, "tags": []}