{"rects": [[[2152.8, 169.37142857142857, 3850.9714285714285, 4091.657142857143], ["window"]]], "width": 6240, "height": 4160, "tags": []}