{"rects": [[[909.2571428571429, 13.371428571428572, 5526.857142857143, 1675.8857142857144], ["window"]], [[784.4571428571429, 1684.8, 5638.285714285715, 3984.6857142857143], ["window"]]], "width": 6240, "height": 4160, "tags": []}