{"rects": [[[1034.057142857143, 8.914285714285715, 4136.228571428572, 4122.857142857143], ["window", "shop"]]], "width": 6240, "height": 4160, "tags": []}