{"rects": [[[855.7714285714286, 356.57142857142856, 4862.742857142857, 4082.7428571428572], ["window"]]], "width": 6240, "height": 4160, "tags": []}