{"rects": [[[499.20000000000005, 262.9714285714286, 4800.342857142858, 3748.457142857143], ["window"]]], "width": 6240, "height": 4160, "tags": []}