{"rects": [[[1007.3142857142858, 1087.5428571428572, 4082.7428571428572, 3926.7428571428572], ["window", "shop"]]], "width": 6240, "height": 4160, "tags": []}