{"rects": [[[1350.5142857142857, 432.34285714285716, 3846.514285714286, 4136.228571428572], ["window"]], [[3855.4285714285716, 436.8, 5789.828571428571, 4122.857142857143], ["window"]]], "width": 6240, "height": 4160, "tags": []}