{"rects": [[[1854.1714285714286, 837.9428571428572, 5442.171428571429, 4140.685714285714], ["window"]]], "width": 6240, "height": 4160, "tags": []}