{"rects": [[[539.3142857142857, 66.85714285714286, 3672.6857142857143, 4154.057142857143], ["window", "shop"]]], "width": 6240, "height": 4160, "tags": []}