{"rects": [[[2402.4, 62.400000000000006, 5829.942857142857, 4082.7428571428572], ["window"]]], "width": 6240, "height": 4160, "tags": []}