{"rects": [[[1952.2285714285715, 1042.9714285714285, 5054.400000000001, 4105.028571428572], ["window"]]], "width": 6240, "height": 4160, "tags": []}