{"rects": [[[1814.057142857143, 445.7142857142857, 4733.4857142857145, 3690.514285714286], ["window", "shop"]]], "width": 6240, "height": 4160, "tags": []}