{"rects": [[[1974.5142857142857, 35.65714285714286, 4893.942857142857, 4145.142857142857], ["window", "shop"]]], "width": 6240, "height": 4160, "tags": []}