{"rects": [[[369.9428571428572, 753.2571428571429, 5397.6, 4127.314285714286], ["window"]]], "width": 6240, "height": 4160, "tags": []}