{"rects": [[[797.8285714285714, 276.34285714285716, 4524.0, 4006.9714285714285], ["window"]]], "width": 6240, "height": 4160, "tags": []}