{"rects": [[[17.82857142857143, 0, 3231.4285714285716, 2184.0], ["window"]], [[1297.0285714285715, 2228.5714285714284, 5205.942857142857, 4131.771428571428], ["window"]]], "width": 6240, "height": 4160, "tags": []}