{"rects": [[[2143.8857142857146, 26.742857142857144, 5491.2, 4145.142857142857], ["window"]]], "width": 6240, "height": 4160, "tags": []}