{"rects": [[[833.4857142857143, 494.74285714285713, 3935.657142857143, 3917.8285714285716], ["window"]]], "width": 6240, "height": 4160, "tags": []}