{"rects": [[[1198.9714285714285, 891.4285714285714, 5865.6, 3837.6], ["window", "shop"]]], "width": 6240, "height": 4160, "tags": []}