{"rects": [[[1867.5428571428572, 655.2, 4359.085714285715, 3623.657142857143], ["window"]]], "width": 6240, "height": 4160, "tags": []}