{"rects": [[[1577.8285714285714, 13.371428571428572, 5509.028571428572, 4109.4857142857145], ["window"]]], "width": 6240, "height": 4160, "tags": []}