{"rects": [[[1372.8, 396.6857142857143, 5749.714285714286, 4160], ["window", "shop"]]], "width": 6240, "height": 4160, "tags": []}