{"rects": [[[1546.6285714285714, 31.200000000000003, 4020.342857142857, 4105.028571428572], ["window"]]], "width": 6240, "height": 4160, "tags": []}