{"rects": [[[1658.057142857143, 0, 4122.857142857143, 4160], ["window", "shop"]]], "width": 6240, "height": 4160, "tags": []}