{"rects": [[[958.2857142857143, 655.2, 3596.914285714286, 4131.771428571428], ["window"]], [[3610.285714285714, 1292.5714285714287, 5691.771428571429, 4127.314285714286], ["window"]]], "width": 6240, "height": 4160, "tags": []}