{"rects": [[[1065.257142857143, 846.8571428571429, 5451.085714285715, 4091.657142857143], ["window", "shop"]]], "width": 6240, "height": 4160, "tags": []}