{"rects": [[[2767.8857142857146, 22.285714285714285, 6128.571428571428, 4140.685714285714], ["window", "shop"]]], "width": 6240, "height": 4160, "tags": []}