{"rects": [[[17.82857142857143, 254.05714285714288, 2460.342857142857, 4127.314285714286], ["window", "shop"]], [[2487.0857142857144, 294.1714285714286, 4938.5142857142855, 4154.057142857143], ["window", "shop"]]], "width": 6240, "height": 4160, "tags": []}