{"rects": [[[129.25714285714287, 904.8000000000001, 4359.085714285715, 3833.1428571428573], ["window"]]], "width": 6240, "height": 4160, "tags": []}