{"rects": [[[2580.6857142857143, 240.68571428571428, 5428.8, 3944.571428571429], ["window"]]], "width": 6240, "height": 4160, "tags": []}