{"rects": [[[1970.057142857143, 17.82857142857143, 4916.228571428572, 4056.0], ["window"]]], "width": 6240, "height": 4160, "tags": []}