{"rects": [[[1297.0285714285715, 164.9142857142857, 5767.542857142857, 4105.028571428572], ["window"]]], "width": 6240, "height": 4160, "tags": []}