{"rects": [[[1916.5714285714287, 227.31428571428572, 5112.342857142858, 4051.5428571428574], ["window", "shop"]]], "width": 6240, "height": 4160, "tags": []}