{"rects": [[[1167.7714285714287, 35.65714285714286, 4047.0857142857144, 4091.657142857143], ["window", "shop"]]], "width": 6240, "height": 4160, "tags": []}