{"rects": [[[757.7142857142858, 53.48571428571429, 4840.457142857143, 3810.857142857143], ["window"]]], "width": 6240, "height": 4160, "tags": []}