{"rects": [[[1288.1142857142859, 432.34285714285716, 3244.8, 3846.514285714286], ["window"]], [[3258.171428571429, 392.22857142857146, 5691.771428571429, 3837.6], ["window"]]], "width": 6240, "height": 4160, "tags": []}