{"rects": [[[918.1714285714286, 387.7714285714286, 5575.885714285714, 4002.514285714286], ["window"]]], "width": 6240, "height": 4160, "tags": []}