{"rects": [[[173.82857142857142, 659.6571428571428, 3837.6, 3971.3142857142857], ["window"]]], "width": 6240, "height": 4160, "tags": []}