{"rects": [[[570.5142857142857, 802.2857142857143, 2674.285714285714, 3837.6], ["window", "shop"]], [[2687.657142857143, 748.8000000000001, 5188.114285714286, 3810.857142857143], ["window", "shop"]]], "width": 6240, "height": 4160, "tags": []}