{"rects": [[[1279.2, 1051.8857142857144, 4898.400000000001, 4145.142857142857], ["window"]]], "width": 6240, "height": 4160, "tags": []}