{"rects": [[[1684.8, 17.82857142857143, 5749.714285714286, 1787.3142857142857], ["window"]], [[1546.6285714285714, 1840.8, 5780.914285714286, 4100.571428571428], ["window"]]], "width": 6240, "height": 4160, "tags": []}