{"rects": [[[1560.0, 1626.857142857143, 5410.971428571429, 4145.142857142857], ["window"]]], "width": 6240, "height": 4160, "tags": []}