{"rects": [[[953.8285714285714, 325.37142857142857, 5776.4571428571435, 3935.657142857143], ["window", "shop"]]], "width": 6240, "height": 4160, "tags": []}