{"rects": [[[1270.2857142857142, 62.400000000000006, 5397.6, 4118.400000000001], ["window"]]], "width": 6240, "height": 4160, "tags": []}