{"rects": [[[1457.4857142857143, 472.45714285714286, 4969.714285714286, 2389.0285714285715], ["window"]], [[1475.3142857142857, 2402.4, 4947.428571428572, 4100.571428571428], ["window"]]], "width": 6240, "height": 4160, "tags": []}