{"rects": [[[1074.1714285714286, 8.914285714285715, 5049.942857142857, 4127.314285714286], ["window", "shop"]]], "width": 6240, "height": 4160, "tags": []}