{"rects": [[[753.2571428571429, 129.25714285714287, 3351.7714285714287, 3797.4857142857145], ["window"]], [[3387.4285714285716, 1083.0857142857144, 6222.171428571429, 3971.3142857142857], ["window"]]], "width": 6240, "height": 4160, "tags": []}