{"rects": [[[205.02857142857144, 111.42857142857143, 3463.2000000000003, 4160], ["window"]], [[3498.857142857143, 138.17142857142858, 6222.171428571429, 4109.4857142857145], ["window"]]], "width": 6240, "height": 4160, "tags": []}