{"rects": [[[771.0857142857143, 49.02857142857143, 5999.314285714286, 4158.5142857142855], ["window", "shop"]]], "width": 6240, "height": 4160, "tags": []}