{"rects": [[[1234.6285714285714, 829.0285714285715, 5116.8, 4154.057142857143], ["window"]]], "width": 6240, "height": 4160, "tags": []}