{"rects": [[[2108.2285714285713, 213.94285714285715, 4907.314285714286, 4158.5142857142855], ["window"]]], "width": 6240, "height": 4160, "tags": []}