{"rects": [[[2139.4285714285716, 13.371428571428572, 4684.457142857143, 4056.0], ["window", "shop"]]], "width": 6240, "height": 4160, "tags": []}