{"rects": [[[303.0857142857143, 891.4285714285714, 5027.657142857143, 4136.228571428572], ["window"]]], "width": 6240, "height": 4160, "tags": []}