{"rects": [[[1533.257142857143, 646.2857142857143, 4889.4857142857145, 4131.771428571428], ["window", "shop"]]], "width": 6240, "height": 4160, "tags": []}