{"rects": [[[1733.8285714285714, 610.6285714285715, 4818.171428571429, 3507.7714285714287], ["window", "shop"]]], "width": 6240, "height": 4160, "tags": []}