{"rects": [[[1827.4285714285716, 40.114285714285714, 5125.714285714286, 4160], ["window", "shop"]]], "width": 6240, "height": 4160, "tags": []}