{"rects": [[[1439.6571428571428, 40.114285714285714, 4920.685714285714, 2335.5428571428574], ["window", "shop"]], [[329.8285714285714, 2393.4857142857145, 4969.714285714286, 4131.771428571428], ["window", "shop"]]], "width": 6240, "height": 4160, "tags": []}