{"rects": [[[552.6857142857143, 17.82857142857143, 3387.4285714285716, 4160], ["window"]], [[3396.342857142857, 26.742857142857144, 5914.628571428571, 4149.6], ["window"]]], "width": 6240, "height": 4160, "tags": []}