{"rects": [[[2233.0285714285715, 17.82857142857143, 5647.2, 4160], ["window", "shop"]]], "width": 6240, "height": 4160, "tags": []}