{"rects": [[[936.0, 1047.4285714285716, 2674.285714285714, 4140.685714285714], ["window"]], [[2732.2285714285717, 753.2571428571429, 5174.742857142857, 4127.314285714286], ["window"]]], "width": 6240, "height": 4160, "tags": []}