{"rects": [[[829.0285714285715, 26.742857142857144, 4064.914285714286, 4006.9714285714285], ["window", "shop"]]], "width": 6240, "height": 4160, "tags": []}