{"rects": [[[17.82857142857143, 806.7428571428571, 3079.8857142857146, 4127.314285714286], ["window"]], [[3111.0857142857144, 829.0285714285715, 6164.228571428572, 4118.400000000001], ["window"]]], "width": 6240, "height": 4160, "tags": []}