{"rects": [[[361.02857142857147, 26.742857142857144, 3998.057142857143, 4122.857142857143], ["window"]]], "width": 6240, "height": 4160, "tags": []}