{"rects": [[[1408.4571428571428, 1065.257142857143, 4871.657142857143, 4122.857142857143], ["window"]]], "width": 6240, "height": 4160, "tags": []}