{"rects": [[[1747.2, 1337.142857142857, 4573.028571428572, 4160], ["window"]]], "width": 6240, "height": 4160, "tags": []}