{"rects": [[[508.11428571428576, 267.42857142857144, 4929.6, 4131.771428571428], ["window"]]], "width": 6240, "height": 4160, "tags": []}