{"rects": [[[1849.7142857142858, 307.54285714285714, 5495.657142857143, 4051.5428571428574], ["window", "shop"]]], "width": 6240, "height": 4160, "tags": []}