{"rects": [[[1970.057142857143, 891.4285714285714, 4528.457142857143, 4002.514285714286], ["window"]]], "width": 6240, "height": 4160, "tags": []}