{"rects": [[[289.7142857142857, 976.1142857142858, 3761.8285714285716, 3833.1428571428573], ["window"]], [[3797.4857142857145, 182.74285714285716, 6231.085714285715, 3079.8857142857146], ["window"]]], "width": 6240, "height": 4160, "tags": []}