{"rects": [[[1323.7714285714287, 1359.4285714285716, 3801.942857142857, 4160], ["window"]], [[3819.7714285714287, 1359.4285714285716, 5972.571428571428, 4145.142857142857], ["window"]]], "width": 6240, "height": 4160, "tags": []}