{"rects": [[[1564.4571428571428, 40.114285714285714, 5424.342857142858, 4160], ["window"]]], "width": 6240, "height": 4160, "tags": []}