{"rects": [[[824.5714285714286, 80.22857142857143, 3855.4285714285716, 4113.942857142857], ["window", "shop"]]], "width": 6240, "height": 4160, "tags": []}