{"rects": [[[811.2, 726.5142857142857, 6052.8, 4087.2000000000003], ["window"]]], "width": 6240, "height": 4160, "tags": []}