{"rects": [[[2126.057142857143, 1430.7428571428572, 5054.400000000001, 4160], ["window", "shop"]]], "width": 6240, "height": 4160, "tags": []}