{"rects": [[[860.2285714285715, 35.65714285714286, 5616.0, 3962.4], ["window", "shop"]]], "width": 6240, "height": 4160, "tags": []}