{"rects": [[[383.31428571428575, 1198.9714285714285, 3253.714285714286, 3940.114285714286], ["window"]], [[3262.6285714285714, 1194.5142857142857, 6141.942857142857, 3810.857142857143], ["window"]]], "width": 6240, "height": 4160, "tags": []}