{"rects": [[[1818.5142857142857, 833.4857142857143, 5152.4571428571435, 4051.5428571428574], ["window"]]], "width": 6240, "height": 4160, "tags": []}