{"rects": [[[249.60000000000002, 802.2857142857143, 5687.314285714286, 3637.0285714285715], ["window", "shop"]]], "width": 6240, "height": 4160, "tags": []}