{"rects": [[[1925.4857142857143, 191.65714285714287, 4198.628571428571, 4145.142857142857], ["window"]]], "width": 6240, "height": 4160, "tags": []}