{"rects": [[[592.8000000000001, 1519.8857142857144, 3935.657142857143, 4149.6], ["window"]]], "width": 6240, "height": 4160, "tags": []}