{"rects": [[[1814.057142857143, 1074.1714285714286, 5081.142857142857, 4136.228571428572], ["window"]]], "width": 6240, "height": 4160, "tags": []}