{"rects": [[[1546.6285714285714, 1198.9714285714285, 4742.400000000001, 3828.6857142857143], ["window"]]], "width": 6240, "height": 4160, "tags": []}