{"rects": [[[1555.5428571428572, 22.285714285714285, 5304.0, 4091.657142857143], ["window"]]], "width": 6240, "height": 4160, "tags": []}