{"rects": [[[1283.6571428571428, 13.371428571428572, 4519.542857142857, 4145.142857142857], ["window"]]], "width": 6240, "height": 4160, "tags": []}