{"rects": [[[1778.4, 820.1142857142858, 5121.257142857143, 4105.028571428572], ["window"]]], "width": 6240, "height": 4160, "tags": []}