{"rects": [[[1354.9714285714285, 169.37142857142857, 4421.4857142857145, 4105.028571428572], ["window"]]], "width": 6240, "height": 4160, "tags": []}