{"rects": [[[1698.1714285714286, 102.51428571428572, 5428.8, 4127.314285714286], ["window", "shop"]]], "width": 6240, "height": 4160, "tags": []}