{"rects": [[[1805.142857142857, 26.742857142857144, 4564.114285714286, 4160], ["window", "shop"]]], "width": 6240, "height": 4160, "tags": []}