{"rects": [[[1279.2, 400.40000000000003, 4035.2000000000003, 6177.6], ["window"]]], "width": 4160, "height": 6240, "tags": []}