{"rects": [[[1444.1142857142859, 597.2571428571429, 4550.742857142857, 4131.771428571428], ["window"]], [[4573.028571428572, 655.2, 6235.542857142857, 4096.114285714286], ["window"]]], "width": 6240, "height": 4160, "tags": []}