{"rects": [[[1283.6571428571428, 13.371428571428572, 4537.371428571429, 4160], ["window", "shop"]]], "width": 6240, "height": 4160, "tags": []}