{"rects": [[[1457.4857142857143, 106.97142857142858, 5188.114285714286, 4145.142857142857], ["window", "shop"]]], "width": 6240, "height": 4160, "tags": []}