{"rects": [[[1359.4285714285716, 490.2857142857143, 4265.4857142857145, 4127.314285714286], ["window"]]], "width": 6240, "height": 4160, "tags": []}