{"rects": [[[2001.257142857143, 588.3428571428572, 3891.0857142857144, 2331.0857142857144], ["window"]], [[1925.4857142857143, 2362.285714285714, 3882.171428571429, 4105.028571428572], ["window"]]], "width": 6240, "height": 4160, "tags": []}