{"rects": [[[904.8000000000001, 133.71428571428572, 4537.371428571429, 4122.857142857143], ["window", "shop"]]], "width": 6240, "height": 4160, "tags": []}