{"rects": [[[829.0285714285715, 878.0571428571429, 6008.228571428572, 4158.5142857142855], ["window", "shop"]]], "width": 6240, "height": 4160, "tags": []}