{"rects": [[[539.3142857142857, 677.4857142857143, 5045.4857142857145, 4073.8285714285716], ["window", "shop"]]], "width": 6240, "height": 4160, "tags": []}