{"rects": [[[735.4285714285714, 1756.1142857142859, 5767.542857142857, 4160], ["window", "shop"]]], "width": 6240, "height": 4160, "tags": []}