{"rects": [[[2491.5428571428574, 26.742857142857144, 5290.628571428571, 4038.171428571429], ["window", "shop"]]], "width": 6240, "height": 4160, "tags": []}