{"rects": [[[1225.7142857142858, 664.1142857142858, 4573.028571428572, 4136.228571428572], ["window"]]], "width": 6240, "height": 4160, "tags": []}