{"rects": [[[1716.0, 646.2857142857143, 4452.685714285714, 4160], ["window", "shop"]]], "width": 6240, "height": 4160, "tags": []}