{"rects": [[[2206.285714285714, 4.457142857142857, 4795.885714285714, 1653.6000000000001], ["window"]], [[2032.457142857143, 1671.4285714285716, 4764.685714285714, 3637.0285714285715], ["window"]]], "width": 6240, "height": 4160, "tags": []}