{"rects": [[[2175.0857142857144, 396.6857142857143, 5290.628571428571, 4122.857142857143], ["window", "shop"]]], "width": 6240, "height": 4160, "tags": []}