{"rects": [[[1493.142857142857, 44.57142857142857, 3873.257142857143, 4158.5142857142855], ["window", "shop"]]], "width": 6240, "height": 4160, "tags": []}