{"rects": [[[2206.285714285714, 423.42857142857144, 4836.0, 4160], ["window", "shop"]]], "width": 6240, "height": 4160, "tags": []}