{"rects": [[[1002.8571428571429, 1733.8285714285714, 5410.971428571429, 4136.228571428572], ["window", "shop"]], [[1279.2, 17.82857142857143, 5388.685714285714, 1707.0857142857144], ["window", "shop"]]], "width": 6240, "height": 4160, "tags": []}