{"rects": [[[1074.1714285714286, 303.0857142857143, 5009.828571428571, 3806.4], ["window"]]], "width": 6240, "height": 4160, "tags": []}