{"rects": [[[748.8000000000001, 1042.9714285714285, 4318.971428571429, 4015.8857142857146], ["window"]]], "width": 6240, "height": 4160, "tags": []}