{"rects": [[[1653.6000000000001, 352.1142857142857, 5339.657142857143, 4118.400000000001], ["window"]]], "width": 6240, "height": 4160, "tags": []}