{"rects": [[[780.0, 49.02857142857143, 5936.914285714286, 4033.714285714286], ["window", "shop"]]], "width": 6240, "height": 4160, "tags": []}