{"rects": [[[2050.285714285714, 1497.6000000000001, 4715.657142857143, 3957.942857142857], ["window", "shop"]]], "width": 6240, "height": 4160, "tags": []}