{"rects": [[[1461.9428571428573, 775.5428571428572, 5812.114285714286, 3882.171428571429], ["window"]]], "width": 6240, "height": 4160, "tags": []}