{"rects": [[[753.2571428571429, 71.31428571428572, 6190.971428571429, 4060.457142857143], ["window"]]], "width": 6240, "height": 4160, "tags": []}