{"rects": [[[1738.2857142857144, 8.914285714285715, 4956.342857142858, 4145.142857142857], ["window", "shop"]]], "width": 6240, "height": 4160, "tags": []}