{"rects": [[[2005.7142857142858, 49.02857142857143, 4577.4857142857145, 4136.228571428572], ["window", "shop"]]], "width": 6240, "height": 4160, "tags": []}