{"rects": [[[1060.8, 396.6857142857143, 4047.0857142857144, 3900.0], ["window", "shop"]]], "width": 6240, "height": 4160, "tags": []}