{"rects": [[[788.9142857142857, 53.48571428571429, 3694.9714285714285, 4109.4857142857145], ["window"]], [[3699.4285714285716, 53.48571428571429, 6079.542857142857, 4105.028571428572], ["window"]]], "width": 6240, "height": 4160, "tags": []}