{"rects": [[[2268.6857142857143, 793.3714285714286, 5143.542857142857, 3494.4], ["window"]]], "width": 6240, "height": 4160, "tags": []}