{"rects": [[[405.6, 356.57142857142856, 5540.228571428572, 4158.5142857142855], ["window"]]], "width": 6240, "height": 4160, "tags": []}