{"rects": [[[1831.8857142857144, 13.371428571428572, 4390.285714285715, 4158.5142857142855], ["window", "shop"]], [[4417.028571428572, 124.80000000000001, 5901.257142857143, 4064.914285714286], ["window", "shop"]]], "width": 6240, "height": 4160, "tags": []}