{"rects": [[[1034.057142857143, 913.7142857142858, 3516.6857142857143, 4024.8], ["window"]], [[3521.1428571428573, 900.3428571428572, 5691.771428571429, 4149.6], ["window"]]], "width": 6240, "height": 4160, "tags": []}