{"rects": [[[1305.9428571428573, 196.11428571428573, 3940.114285714286, 3824.2285714285717], ["window", "shop"]]], "width": 6240, "height": 4160, "tags": []}