{"rects": [[[1100.9142857142858, 102.51428571428572, 3414.171428571429, 2304.342857142857], ["window"]], [[962.7428571428571, 2366.7428571428572, 3440.914285714286, 4154.057142857143], ["window"]], [[3489.942857142857, 271.8857142857143, 5812.114285714286, 4140.685714285714], ["window"]]], "width": 6240, "height": 4160, "tags": []}