{"rects": [[[147.0857142857143, 1092.0, 6222.171428571429, 4149.6], ["window"]]], "width": 6240, "height": 4160, "tags": []}