{"rects": [[[780.0, 22.285714285714285, 4376.914285714286, 4140.685714285714], ["window", "shop"]]], "width": 6240, "height": 4160, "tags": []}