{"rects": [[[530.4, 151.54285714285714, 4987.542857142857, 3926.7428571428572], ["window", "shop"]]], "width": 6240, "height": 4160, "tags": []}