{"rects": [[[2892.6857142857143, 312.0, 5535.771428571429, 4131.771428571428], ["window", "shop"]]], "width": 6240, "height": 4160, "tags": []}