{"rects": [[[44.57142857142857, 886.9714285714286, 6061.714285714286, 4082.7428571428572], ["window", "shop"]]], "width": 6240, "height": 4160, "tags": []}