{"rects": [[[717.6, 111.42857142857143, 4011.4285714285716, 4096.114285714286], ["window", "shop"]]], "width": 6240, "height": 4160, "tags": []}