{"rects": [[[815.6571428571428, 673.0285714285715, 3173.4857142857145, 4145.142857142857], ["window"]], [[3231.4285714285716, 316.45714285714286, 5865.6, 4105.028571428572], ["window"]]], "width": 6240, "height": 4160, "tags": []}