{"rects": [[[2273.1428571428573, 271.8857142857143, 3989.1428571428573, 4118.400000000001], ["window", "shop"]], [[4006.9714285714285, 289.7142857142857, 6186.5142857142855, 4069.3714285714286], ["window", "shop"]]], "width": 6240, "height": 4160, "tags": []}