{"rects": [[[1680.3428571428572, 820.1142857142858, 4385.828571428571, 3307.2000000000003], ["window"]], [[4394.742857142857, 285.25714285714287, 6199.885714285714, 3311.657142857143], ["window"]]], "width": 6240, "height": 4160, "tags": []}