{"rects": [[[1310.4, 133.71428571428572, 4800.342857142858, 4149.6], ["window"]]], "width": 6240, "height": 4160, "tags": []}