{"rects": [[[1252.4571428571428, 1270.2857142857142, 4105.028571428572, 3463.2000000000003], ["window"]]], "width": 6240, "height": 4160, "tags": []}