{"rects": [[[1609.0285714285715, 4.457142857142857, 4149.6, 4127.314285714286], ["window"]]], "width": 6240, "height": 4160, "tags": []}