{"rects": [[[8.914285714285715, 298.62857142857143, 3106.6285714285714, 3797.4857142857145], ["window"]], [[3124.457142857143, 343.2, 6217.714285714286, 3793.0285714285715], ["window"]]], "width": 6240, "height": 4160, "tags": []}