{"rects": [[[1791.7714285714287, 1305.9428571428573, 4354.628571428571, 4033.714285714286], ["window"]], [[4376.914285714286, 1319.3142857142857, 6235.542857142857, 4011.4285714285716], ["window"]]], "width": 6240, "height": 4160, "tags": []}