{"rects": [[[1818.5142857142857, 521.4857142857143, 4140.685714285714, 4160], ["window", "shop"]]], "width": 6240, "height": 4160, "tags": []}