{"rects": [[[26.742857142857144, 427.8857142857143, 2509.3714285714286, 3864.342857142857], ["window"]], [[0, 0, 6240, 4160], ["facade"]], [[3601.3714285714286, 574.9714285714286, 6186.5142857142855, 4105.028571428572], ["window"]]], "width": 6240, "height": 4160, "tags": []}