{"rects": [[[1435.2, 356.57142857142856, 4100.571428571428, 4100.571428571428], ["window", "shop"]]], "width": 6240, "height": 4160, "tags": []}