{"rects": [[[1515.4285714285716, 120.34285714285714, 4216.457142857143, 3556.8], ["window"]]], "width": 6240, "height": 4160, "tags": []}