{"rects": [[[8.914285714285715, 17.82857142857143, 3891.0857142857144, 4158.5142857142855], ["window"]]], "width": 6240, "height": 4160, "tags": []}