{"rects": [[[227.31428571428572, 646.2857142857143, 3133.3714285714286, 4158.5142857142855], ["window"]], [[3151.2000000000003, 115.88571428571429, 6235.542857142857, 4149.6], ["window"]]], "width": 6240, "height": 4160, "tags": []}