{"rects": [[[1203.4285714285716, 262.9714285714286, 4546.285714285715, 4145.142857142857], ["window", "shop"]]], "width": 6240, "height": 4160, "tags": []}