{"rects": [[[2068.114285714286, 4.457142857142857, 4987.542857142857, 3226.9714285714285], ["window"]]], "width": 6240, "height": 4160, "tags": []}