{"rects": [[[1234.6285714285714, 35.65714285714286, 5201.4857142857145, 4160], ["window"]]], "width": 6240, "height": 4160, "tags": []}