{"rects": [[[2041.3714285714286, 539.3142857142857, 5941.371428571429, 4158.5142857142855], ["window"]]], "width": 6240, "height": 4160, "tags": []}