{"rects": [[[1658.057142857143, 508.11428571428576, 5442.171428571429, 3708.342857142857], ["window", "shop"]]], "width": 6240, "height": 4160, "tags": []}