{"rects": [[[2540.5714285714284, 13.371428571428572, 5620.4571428571435, 4145.142857142857], ["window"]]], "width": 6240, "height": 4160, "tags": []}