{"rects": [[[1742.7428571428572, 508.11428571428576, 5241.6, 4136.228571428572], ["window"]]], "width": 6240, "height": 4160, "tags": []}