{"rects": [[[2228.5714285714284, 35.65714285714286, 4684.457142857143, 4160], ["window", "shop"]]], "width": 6240, "height": 4160, "tags": []}