{"rects": [[[31.200000000000003, 325.37142857142857, 5714.057142857143, 3949.0285714285715], ["window"]]], "width": 6240, "height": 4160, "tags": []}