{"rects": [[[1560.0, 392.22857142857146, 4720.114285714286, 4011.4285714285716], ["window"]]], "width": 6240, "height": 4160, "tags": []}