{"rects": [[[1983.4285714285716, 106.97142857142858, 5477.828571428571, 3775.2000000000003], ["window", "shop"]]], "width": 6240, "height": 4160, "tags": []}