{"rects": [[[802.2857142857143, 196.11428571428573, 5736.342857142858, 4056.0], ["window", "shop"]]], "width": 6240, "height": 4160, "tags": []}