{"rects": [[[673.0285714285715, 169.37142857142857, 4466.057142857143, 4100.571428571428], ["window"]]], "width": 6240, "height": 4160, "tags": []}