{"rects": [[[1889.8285714285714, 588.3428571428572, 5651.657142857143, 4149.6], ["window"]]], "width": 6240, "height": 4160, "tags": []}