{"rects": [[[1100.9142857142858, 98.05714285714286, 5197.028571428572, 4158.5142857142855], ["window"]]], "width": 6240, "height": 4160, "tags": []}