{"rects": [[[2077.0285714285715, 4.457142857142857, 5281.714285714286, 4158.5142857142855], ["window"]]], "width": 6240, "height": 4160, "tags": []}