{"rects": [[[1582.2857142857144, 1314.857142857143, 5722.971428571429, 3922.285714285714], ["window"]]], "width": 6240, "height": 4160, "tags": []}