{"rects": [[[258.51428571428573, 111.42857142857143, 5410.971428571429, 4033.714285714286], ["window", "shop"]]], "width": 6240, "height": 4160, "tags": []}