{"rects": [[[280.8, 1074.1714285714286, 5936.914285714286, 4118.400000000001], ["window"]]], "width": 6240, "height": 4160, "tags": []}