{"rects": [[[499.20000000000005, 525.9428571428572, 4644.342857142858, 4082.7428571428572], ["window"]]], "width": 6240, "height": 4160, "tags": []}