{"rects": [[[2005.7142857142858, 17.82857142857143, 4898.400000000001, 3200.2285714285717], ["window"]]], "width": 6240, "height": 4160, "tags": []}