{"rects": [[[1573.3714285714286, 26.742857142857144, 4537.371428571429, 4136.228571428572], ["window", "shop"]]], "width": 6240, "height": 4160, "tags": []}