{"rects": [[[891.4285714285714, 4.457142857142857, 4376.914285714286, 3949.0285714285715], ["window"]]], "width": 6240, "height": 4160, "tags": []}