{"rects": [[[3619.2000000000003, 298.62857142857143, 5985.942857142857, 4091.657142857143], ["window"]]], "width": 6240, "height": 4160, "tags": []}