{"rects": [[[2139.4285714285716, 418.9714285714286, 6075.085714285715, 4127.314285714286], ["window"]]], "width": 6240, "height": 4160, "tags": []}