{"rects": [[[1230.1714285714286, 245.14285714285714, 4323.428571428572, 3935.657142857143], ["window"]]], "width": 6240, "height": 4160, "tags": []}