{"rects": [[[231.77142857142857, 213.94285714285715, 3378.514285714286, 4113.942857142857], ["window"]]], "width": 6240, "height": 4160, "tags": []}