{"rects": [[[851.3142857142857, 459.0857142857143, 4996.4571428571435, 4158.5142857142855], ["window"]]], "width": 6240, "height": 4160, "tags": []}