{"rects": [[[1778.4, 17.82857142857143, 5112.342857142858, 4060.457142857143], ["window", "shop"]]], "width": 6240, "height": 4160, "tags": []}