{"rects": [[[1961.142857142857, 762.1714285714286, 5174.742857142857, 3944.571428571429], ["window"]]], "width": 6240, "height": 4160, "tags": []}