{"rects": [[[891.4285714285714, 89.14285714285714, 5633.828571428571, 4154.057142857143], ["window"]]], "width": 6240, "height": 4160, "tags": []}