{"rects": [[[606.1714285714286, 1092.0, 5807.657142857143, 3801.942857142857], ["window"]]], "width": 6240, "height": 4160, "tags": []}