{"rects": [[[1894.2857142857144, 17.82857142857143, 4697.828571428571, 4160], ["window"]]], "width": 6240, "height": 4160, "tags": []}