{"rects": [[[543.7714285714286, 4.457142857142857, 5076.685714285714, 1760.5714285714287], ["window"]], [[410.0571428571429, 1782.857142857143, 5290.628571428571, 4154.057142857143], ["window"]]], "width": 6240, "height": 4160, "tags": []}