{"rects": [[[2206.285714285714, 1087.5428571428572, 5495.657142857143, 3561.2571428571428], ["window"]]], "width": 6240, "height": 4160, "tags": []}