{"rects": [[[1515.4285714285716, 44.57142857142857, 5344.114285714286, 4127.314285714286], ["shop", "window"]]], "width": 6240, "height": 4160, "tags": []}