{"rects": [[[463.54285714285714, 356.57142857142856, 5754.171428571429, 4078.285714285714], ["window", "shop"]]], "width": 6240, "height": 4160, "tags": []}