{"rects": [[[1065.257142857143, 677.4857142857143, 5018.742857142857, 3735.0857142857144], ["window"]]], "width": 6240, "height": 4160, "tags": []}