{"rects": [[[1390.6285714285714, 8.914285714285715, 5669.4857142857145, 3815.3142857142857], ["window"]]], "width": 6240, "height": 4160, "tags": []}