{"rects": [[[1297.0285714285715, 31.200000000000003, 4234.285714285715, 3980.2285714285717], ["window", "shop"]]], "width": 6240, "height": 4160, "tags": []}