{"rects": [[[1662.5142857142857, 271.8857142857143, 4376.914285714286, 4100.571428571428], ["window", "shop"]]], "width": 6240, "height": 4160, "tags": []}