{"rects": [[[423.42857142857144, 383.31428571428575, 5263.885714285714, 3926.7428571428572], ["window"]]], "width": 6240, "height": 4160, "tags": []}