{"rects": [[[1141.0285714285715, 13.371428571428572, 4626.5142857142855, 4002.514285714286], ["window", "shop"]]], "width": 6240, "height": 4160, "tags": []}