{"rects": [[[1127.6571428571428, 8.914285714285715, 4693.371428571429, 4087.2000000000003], ["window"]]], "width": 6240, "height": 4160, "tags": []}