{"rects": [[[1274.7428571428572, 13.371428571428572, 4804.8, 4140.685714285714], ["window"]]], "width": 6240, "height": 4160, "tags": []}