{"rects": [[[900.3428571428572, 17.82857142857143, 5272.8, 4160], ["window"]]], "width": 6240, "height": 4160, "tags": []}