{"rects": [[[1399.5428571428572, 26.742857142857144, 4702.285714285715, 4160], ["window"]]], "width": 6240, "height": 4160, "tags": []}