{"rects": [[[788.9142857142857, 17.82857142857143, 4644.342857142858, 4145.142857142857], ["window", "shop"]]], "width": 6240, "height": 4160, "tags": []}