{"rects": [[[837.9428571428572, 891.4285714285714, 4310.057142857143, 4051.5428571428574], ["window"]]], "width": 6240, "height": 4160, "tags": []}