{"rects": [[[1225.7142857142858, 102.51428571428572, 5776.4571428571435, 4113.942857142857], ["window", "shop"]]], "width": 6240, "height": 4160, "tags": []}