{"rects": [[[1087.5428571428572, 17.82857142857143, 4755.771428571429, 4149.6], ["window", "shop"]]], "width": 6240, "height": 4160, "tags": []}