{"rects": [[[62.400000000000006, 15.600000000000001, 3749.2000000000003, 5725.2], ["window", "shop"]]], "width": 4160, "height": 6240, "tags": []}