{"rects": [[[1221.257142857143, 8.914285714285715, 5566.971428571429, 2179.5428571428574], ["window"]], [[962.7428571428571, 2197.3714285714286, 6164.228571428572, 4149.6], ["window"]]], "width": 6240, "height": 4160, "tags": []}