{"rects": [[[2585.1428571428573, 13.371428571428572, 5268.342857142858, 4136.228571428572], ["window"]], [[57.94285714285714, 659.6571428571428, 2540.5714285714284, 4158.5142857142855], ["window"]]], "width": 6240, "height": 4160, "tags": []}