{"rects": [[[2148.342857142857, 22.285714285714285, 5067.771428571429, 4131.771428571428], ["window"]]], "width": 6240, "height": 4160, "tags": []}