{"rects": [[[1439.6571428571428, 53.48571428571429, 3761.8285714285716, 4113.942857142857], ["window", "shop"]]], "width": 6240, "height": 4160, "tags": []}