{"rects": [[[1769.4857142857143, 13.371428571428572, 4113.942857142857, 4154.057142857143], ["window", "shop"]]], "width": 6240, "height": 4160, "tags": []}