{"rects": [[[1359.4285714285716, 8.914285714285715, 4911.771428571429, 4100.571428571428], ["window", "shop"]]], "width": 6240, "height": 4160, "tags": []}