{"rects": [[[1765.0285714285715, 476.9142857142857, 5522.400000000001, 4122.857142857143], ["window", "shop"]]], "width": 6240, "height": 4160, "tags": []}