{"rects": [[[499.20000000000005, 13.371428571428572, 6119.657142857143, 4149.6], ["window", "shop"]]], "width": 6240, "height": 4160, "tags": []}