{"rects": [[[2157.2571428571428, 57.94285714285714, 5437.714285714286, 4149.6], ["window", "shop"]]], "width": 6240, "height": 4160, "tags": []}