{"rects": [[[552.6857142857143, 855.7714285714286, 2714.4, 4149.6], ["window"]], [[2732.2285714285717, 864.6857142857143, 6003.771428571429, 4145.142857142857], ["window"]]], "width": 6240, "height": 4160, "tags": []}