{"rects": [[[1533.257142857143, 717.6, 4733.4857142857145, 4122.857142857143], ["window"]]], "width": 6240, "height": 4160, "tags": []}