{"rects": [[[561.6, 820.1142857142858, 4853.828571428571, 4140.685714285714], ["window"]]], "width": 6240, "height": 4160, "tags": []}