{"rects": [[[592.8000000000001, 13.371428571428572, 5406.5142857142855, 4113.942857142857], ["window", "shop"]]], "width": 6240, "height": 4160, "tags": []}