{"rects": [[[1537.7142857142858, 44.57142857142857, 4434.857142857143, 4136.228571428572], ["window", "shop"]]], "width": 6240, "height": 4160, "tags": []}