{"rects": [[[2393.4857142857145, 588.3428571428572, 4804.8, 4154.057142857143], ["window"]]], "width": 6240, "height": 4160, "tags": []}