{"rects": [[[1181.142857142857, 106.97142857142858, 5896.8, 4113.942857142857], ["window", "shop"]]], "width": 6240, "height": 4160, "tags": []}