{"rects": [[[610.6285714285715, 156.0, 4479.428571428572, 4091.657142857143], ["window", "shop"]]], "width": 6240, "height": 4160, "tags": []}