{"rects": [[[1078.6285714285714, 525.9428571428572, 4688.914285714286, 4145.142857142857], ["window"]]], "width": 6240, "height": 4160, "tags": []}