{"rects": [[[334.2857142857143, 1314.857142857143, 4742.400000000001, 4113.942857142857], ["window", "shop"]]], "width": 6240, "height": 4160, "tags": []}