{"rects": [[[13.371428571428572, 432.34285714285716, 5045.4857142857145, 4158.5142857142855], ["window"]]], "width": 6240, "height": 4160, "tags": []}