{"rects": [[[1042.9714285714285, 1096.4571428571428, 3681.6, 3592.457142857143], ["window"]], [[3717.257142857143, 1537.7142857142858, 5009.828571428571, 3668.2285714285717], ["window"]]], "width": 6240, "height": 4160, "tags": []}