{"rects": [[[1493.142857142857, 0, 4978.628571428571, 4127.314285714286], ["window"]]], "width": 6240, "height": 4160, "tags": []}