{"rects": [[[1791.7714285714287, 160.45714285714286, 4938.5142857142855, 4158.5142857142855], ["window", "shop"]]], "width": 6240, "height": 4160, "tags": []}