{"rects": [[[1787.3142857142857, 1087.5428571428572, 5170.285714285715, 3855.4285714285716], ["window", "shop"]]], "width": 6240, "height": 4160, "tags": []}