{"rects": [[[1132.1142857142856, 26.742857142857144, 5620.4571428571435, 3953.4857142857145], ["window"]]], "width": 6240, "height": 4160, "tags": []}