{"rects": [[[1176.6857142857143, 459.0857142857143, 5183.657142857143, 3966.857142857143], ["window"]]], "width": 6240, "height": 4160, "tags": []}