{"rects": [[[962.7428571428571, 0, 3757.3714285714286, 4160], ["window"]], [[3810.857142857143, 31.200000000000003, 6231.085714285715, 4154.057142857143], ["window"]]], "width": 6240, "height": 4160, "tags": []}