{"rects": [[[1898.7428571428572, 918.1714285714286, 5335.2, 4154.057142857143], ["window"]]], "width": 6240, "height": 4160, "tags": []}