{"rects": [[[1867.5428571428572, 432.34285714285716, 5722.971428571429, 3873.257142857143], ["window"]]], "width": 6240, "height": 4160, "tags": []}