{"rects": [[[1484.2285714285715, 418.9714285714286, 5451.085714285715, 4136.228571428572], ["window", "shop"]]], "width": 6240, "height": 4160, "tags": []}