{"rects": [[[1176.6857142857143, 102.51428571428572, 5593.714285714286, 4073.8285714285716], ["window"]]], "width": 6240, "height": 4160, "tags": []}