{"rects": [[[1502.057142857143, 160.45714285714286, 5669.4857142857145, 4154.057142857143], ["window", "shop"]]], "width": 6240, "height": 4160, "tags": []}