{"rects": [[[690.8571428571429, 8.914285714285715, 4510.628571428571, 4160], ["window"]]], "width": 6240, "height": 4160, "tags": []}