{"rects": [[[1453.0285714285715, 22.285714285714285, 4680.0, 4160], ["window", "shop"]]], "width": 6240, "height": 4160, "tags": []}