{"rects": [[[2210.7428571428572, 423.42857142857144, 4809.257142857143, 3663.7714285714287], ["window"]]], "width": 6240, "height": 4160, "tags": []}