{"rects": [[[2406.857142857143, 35.65714285714286, 4671.085714285715, 4127.314285714286], ["window", "shop"]]], "width": 6240, "height": 4160, "tags": []}