{"rects": [[[1283.6571428571428, 4.457142857142857, 5330.742857142857, 4160], ["window"]]], "width": 6240, "height": 4160, "tags": []}