{"rects": [[[1011.7714285714286, 98.05714285714286, 5188.114285714286, 4096.114285714286], ["window", "shop"]]], "width": 6240, "height": 4160, "tags": []}