{"rects": [[[1216.8, 757.7142857142858, 4149.6, 3289.3714285714286], ["window"]]], "width": 6240, "height": 4160, "tags": []}