{"rects": [[[17.82857142857143, 53.48571428571429, 3111.0857142857144, 4118.400000000001], ["window", "shop"]], [[3133.3714285714286, 592.8000000000001, 5589.257142857143, 4154.057142857143], ["window", "shop"]]], "width": 6240, "height": 4160, "tags": []}