{"rects": [[[1453.0285714285715, 17.82857142857143, 4408.114285714286, 4160], ["window"]]], "width": 6240, "height": 4160, "tags": []}