{"rects": [[[13.371428571428572, 245.14285714285714, 2758.9714285714285, 4109.4857142857145], ["window"]], [[2767.8857142857146, 102.51428571428572, 6226.628571428571, 4105.028571428572], ["window"]]], "width": 6240, "height": 4160, "tags": []}