{"rects": [[[3164.571428571429, 4.457142857142857, 5593.714285714286, 4127.314285714286], ["window", "shop"]]], "width": 6240, "height": 4160, "tags": []}