{"rects": [[[713.1428571428571, 503.6571428571429, 3405.2571428571428, 4069.3714285714286], ["window"]], [[3440.914285714286, 530.4, 6043.885714285714, 4136.228571428572], ["window"]]], "width": 6240, "height": 4160, "tags": []}