{"rects": [[[976.1142857142858, 4.457142857142857, 5121.257142857143, 4154.057142857143], ["window", "shop"]]], "width": 6240, "height": 4160, "tags": []}