{"rects": [[[13.371428571428572, 1265.8285714285714, 2451.4285714285716, 4136.228571428572], ["window"]], [[2531.657142857143, 1190.057142857143, 5656.114285714286, 4122.857142857143], ["window"]]], "width": 6240, "height": 4160, "tags": []}