{"rects": [[[944.9142857142857, 525.9428571428572, 5393.142857142857, 3944.571428571429], ["window"]]], "width": 6240, "height": 4160, "tags": []}