{"rects": [[[1952.2285714285715, 22.285714285714285, 5558.057142857143, 4096.114285714286], ["window"]]], "width": 6240, "height": 4160, "tags": []}