{"rects": [[[2077.0285714285715, 343.2, 5500.114285714286, 4127.314285714286], ["window"]]], "width": 6240, "height": 4160, "tags": []}