{"rects": [[[1292.5714285714287, 4.457142857142857, 5660.571428571428, 4118.400000000001], ["window"]]], "width": 6240, "height": 4160, "tags": []}