{"rects": [[[17.82857142857143, 200.57142857142858, 3039.7714285714287, 4145.142857142857], ["window"]], [[3053.1428571428573, 218.4, 6235.542857142857, 4122.857142857143], ["window"]]], "width": 6240, "height": 4160, "tags": []}