{"rects": [[[2179.5428571428574, 717.6, 4742.400000000001, 4160], ["window"]]], "width": 6240, "height": 4160, "tags": []}