{"rects": [[[1693.7142857142858, 8.914285714285715, 4203.085714285715, 4122.857142857143], ["window", "shop"]]], "width": 6240, "height": 4160, "tags": []}