{"rects": [[[98.05714285714286, 44.57142857142857, 2620.8, 4136.228571428572], ["window"]], [[3797.4857142857145, 35.65714285714286, 6231.085714285715, 4158.5142857142855], ["window"]]], "width": 6240, "height": 4160, "tags": []}