{"rects": [[[338.74285714285713, 8.914285714285715, 4938.5142857142855, 4160], ["window", "shop"]]], "width": 6240, "height": 4160, "tags": []}