{"rects": [[[1341.6000000000001, 450.1714285714286, 5330.742857142857, 4060.457142857143], ["window"]]], "width": 6240, "height": 4160, "tags": []}