{"rects": [[[1042.9714285714285, 499.20000000000005, 4920.685714285714, 4160], ["window", "shop"]]], "width": 6240, "height": 4160, "tags": []}