{"rects": [[[1649.142857142857, 236.22857142857143, 5714.057142857143, 3940.114285714286], ["window"]]], "width": 6240, "height": 4160, "tags": []}