{"rects": [[[13.371428571428572, 681.9428571428572, 1773.9428571428573, 3677.1428571428573], ["window"]], [[1809.6000000000001, 352.1142857142857, 4519.542857142857, 4109.4857142857145], ["window"]]], "width": 6240, "height": 4160, "tags": []}