{"rects": [[[1769.4857142857143, 780.0, 5656.114285714286, 4109.4857142857145], ["window"]]], "width": 6240, "height": 4160, "tags": []}