{"rects": [[[1840.8, 26.742857142857144, 4902.857142857143, 3989.1428571428573], ["window", "shop"]]], "width": 6240, "height": 4160, "tags": []}