{"rects": [[[940.4571428571429, 396.6857142857143, 5914.628571428571, 4136.228571428572], ["window", "shop"]]], "width": 6240, "height": 4160, "tags": []}