{"rects": [[[3325.0285714285715, 93.60000000000001, 5829.942857142857, 4149.6], ["window"]]], "width": 6240, "height": 4160, "tags": []}