{"rects": [[[2821.3714285714286, 0, 5143.542857142857, 4122.857142857143], ["window"]]], "width": 6240, "height": 4160, "tags": []}