{"rects": [[[2380.114285714286, 22.285714285714285, 5531.314285714286, 4158.5142857142855], ["window"]]], "width": 6240, "height": 4160, "tags": []}