{"rects": [[[637.3714285714286, 187.20000000000002, 5223.771428571429, 3993.6000000000004], ["window"]]], "width": 6240, "height": 4160, "tags": []}