{"rects": [[[2928.342857142857, 802.2857142857143, 5348.571428571428, 3859.8857142857146], ["window"]]], "width": 6240, "height": 4160, "tags": []}