{"rects": [[[976.1142857142858, 1203.4285714285716, 4840.457142857143, 4096.114285714286], ["window"]]], "width": 6240, "height": 4160, "tags": []}