{"rects": [[[1778.4, 26.742857142857144, 4247.657142857143, 4136.228571428572], ["window", "shop"]]], "width": 6240, "height": 4160, "tags": []}