{"rects": [[[2522.7428571428572, 1100.9142857142858, 5148.0, 3900.0], ["window"]]], "width": 6240, "height": 4160, "tags": []}