{"rects": [[[1408.4571428571428, 62.400000000000006, 5950.285714285715, 4136.228571428572], ["window"]]], "width": 6240, "height": 4160, "tags": []}