{"rects": [[[517.0285714285715, 191.65714285714287, 5999.314285714286, 4105.028571428572], ["window"]]], "width": 6240, "height": 4160, "tags": []}