{"rects": [[[445.7142857142857, 8.914285714285715, 5451.085714285715, 4131.771428571428], ["window"]]], "width": 6240, "height": 4160, "tags": []}