{"rects": [[[713.1428571428571, 13.371428571428572, 3681.6, 2063.657142857143], ["window"]], [[441.25714285714287, 2090.4, 3726.171428571429, 3766.285714285714], ["window"]], [[3712.8, 44.57142857142857, 6141.942857142857, 3752.914285714286], ["window"]]], "width": 6240, "height": 4160, "tags": []}