{"rects": [[[1551.0857142857144, 891.4285714285714, 5201.4857142857145, 4145.142857142857], ["window"]]], "width": 6240, "height": 4160, "tags": []}