{"rects": [[[632.9142857142857, 71.31428571428572, 6106.285714285715, 4136.228571428572], ["window", "shop"]]], "width": 6240, "height": 4160, "tags": []}