{"rects": [[[864.6857142857143, 289.7142857142857, 5000.914285714286, 4160], ["window"]]], "width": 6240, "height": 4160, "tags": []}