{"rects": [[[1444.1142857142859, 878.0571428571429, 5936.914285714286, 4154.057142857143], ["window"]]], "width": 6240, "height": 4160, "tags": []}