{"rects": [[[1248.0, 1042.9714285714285, 5437.714285714286, 4149.6], ["window"]]], "width": 6240, "height": 4160, "tags": []}