{"rects": [[[628.4571428571429, 0, 5812.114285714286, 1961.142857142857], ["window"]], [[196.11428571428573, 1992.3428571428572, 3276.0, 4149.6], ["window"]], [[3302.7428571428572, 1996.8000000000002, 6048.342857142858, 4154.057142857143], ["window"]]], "width": 6240, "height": 4160, "tags": []}