{"rects": [[[2683.2000000000003, 236.22857142857143, 5197.028571428572, 4160], ["window"]]], "width": 6240, "height": 4160, "tags": []}