{"rects": [[[1051.8857142857144, 89.14285714285714, 4630.971428571429, 4136.228571428572], ["window"]]], "width": 6240, "height": 4160, "tags": []}