{"rects": [[[539.3142857142857, 75.77142857142857, 5691.771428571429, 4100.571428571428], ["window"]]], "width": 6240, "height": 4160, "tags": []}