{"rects": [[[2446.9714285714285, 17.82857142857143, 4889.4857142857145, 4149.6], ["window"]]], "width": 6240, "height": 4160, "tags": []}