{"rects": [[[1756.1142857142859, 753.2571428571429, 5125.714285714286, 4047.0857142857144], ["window"]]], "width": 6240, "height": 4160, "tags": []}