{"rects": [[[1666.9714285714285, 882.5142857142857, 4969.714285714286, 4122.857142857143], ["window"]]], "width": 6240, "height": 4160, "tags": []}