{"rects": [[[1047.4285714285716, 597.2571428571429, 5700.685714285714, 3833.1428571428573], ["window"]]], "width": 6240, "height": 4160, "tags": []}