{"rects": [[[1417.3714285714286, 374.40000000000003, 4697.828571428571, 4158.5142857142855], ["window"]]], "width": 6240, "height": 4160, "tags": []}