{"rects": [[[855.7714285714286, 13.371428571428572, 6034.971428571429, 2041.3714285714286], ["window"]], [[820.1142857142858, 2099.3142857142857, 3440.914285714286, 4105.028571428572], ["window"]], [[3467.657142857143, 2085.942857142857, 5896.8, 4113.942857142857], ["window"]]], "width": 6240, "height": 4160, "tags": []}