{"rects": [[[138.17142857142858, 566.0571428571428, 3418.6285714285714, 4122.857142857143], ["window"]], [[3449.8285714285716, 891.4285714285714, 6235.542857142857, 4140.685714285714], ["window"]]], "width": 6240, "height": 4160, "tags": []}