{"rects": [[[837.9428571428572, 71.31428571428572, 5197.028571428572, 4160], ["window"]]], "width": 6240, "height": 4160, "tags": []}