{"rects": [[[1934.4, 833.4857142857143, 5353.028571428572, 4131.771428571428], ["window"]]], "width": 6240, "height": 4160, "tags": []}