{"rects": [[[517.0285714285715, 476.9142857142857, 4390.285714285715, 4149.6], ["window"]]], "width": 6240, "height": 4160, "tags": []}