{"rects": [[[1207.8857142857144, 0, 4898.400000000001, 4145.142857142857], ["window", "shop"]]], "width": 6240, "height": 4160, "tags": []}