{"rects": [[[655.2, 427.8857142857143, 5134.628571428571, 4140.685714285714], ["window", "shop"]]], "width": 6240, "height": 4160, "tags": []}