{"rects": [[[624.0, 129.25714285714287, 5607.085714285715, 4140.685714285714], ["window"]]], "width": 6240, "height": 4160, "tags": []}