{"rects": [[[1849.7142857142858, 294.1714285714286, 5281.714285714286, 4160], ["window"]]], "width": 6240, "height": 4160, "tags": []}