{"rects": [[[1617.9428571428573, 1203.4285714285716, 5616.0, 4145.142857142857], ["window"]]], "width": 6240, "height": 4160, "tags": []}