{"rects": [[[1020.6857142857143, 31.200000000000003, 5036.571428571428, 4158.5142857142855], ["window"]]], "width": 6240, "height": 4160, "tags": []}