{"rects": [[[1060.8, 361.02857142857147, 2964.0, 4154.057142857143], ["window"]], [[2968.457142857143, 133.71428571428572, 5384.228571428572, 4145.142857142857], ["window"]]], "width": 6240, "height": 4160, "tags": []}