{"rects": [[[441.25714285714287, 615.0857142857143, 5772.0, 4127.314285714286], ["window"]]], "width": 6240, "height": 4160, "tags": []}