{"rects": [[[1658.057142857143, 824.5714285714286, 6173.142857142858, 4160], ["window", "shop"]]], "width": 6240, "height": 4160, "tags": []}