{"rects": [[[1332.6857142857143, 213.94285714285715, 5321.828571428571, 4015.8857142857146], ["window"]]], "width": 6240, "height": 4160, "tags": []}