{"rects": [[[1461.9428571428573, 1132.1142857142856, 5522.400000000001, 3904.457142857143], ["window"]]], "width": 6240, "height": 4160, "tags": []}