{"rects": [[[1016.2285714285715, 1791.7714285714287, 5531.314285714286, 4136.228571428572], ["window"]]], "width": 6240, "height": 4160, "tags": []}