{"rects": [[[1493.142857142857, 44.57142857142857, 5558.057142857143, 3547.8857142857146], ["window"]]], "width": 6240, "height": 4160, "tags": []}