{"rects": [[[512.5714285714286, 258.51428571428573, 4149.6, 5321.828571428571], ["window"]]], "width": 4160, "height": 6240, "tags": ["rot90"]}