{"rects": [[[191.65714285714287, 583.8857142857144, 3004.114285714286, 4131.771428571428], ["window"]], [[3004.114285714286, 601.7142857142858, 5905.714285714286, 4113.942857142857], ["window"]]], "width": 6240, "height": 4160, "tags": []}