{"rects": [[[1314.857142857143, 383.31428571428575, 5397.6, 4149.6], ["window"]]], "width": 6240, "height": 4160, "tags": []}