{"rects": [[[780.0, 481.37142857142857, 4697.828571428571, 4131.771428571428], ["window"]]], "width": 6240, "height": 4160, "tags": []}