{"rects": [[[267.42857142857144, 512.5714285714286, 2714.4, 2184.0], ["window"]], [[160.45714285714286, 2241.942857142857, 2745.6, 4131.771428571428], ["window"]], [[2758.9714285714285, 26.742857142857144, 5553.6, 1836.3428571428572], ["window"]], [[2785.714285714286, 1863.0857142857144, 5718.5142857142855, 3775.2000000000003], ["window"]]], "width": 6240, "height": 4160, "tags": []}