{"rects": [[[209.4857142857143, 967.2, 3079.8857142857146, 4145.142857142857], ["window"]], [[3088.8, 985.0285714285715, 6012.685714285714, 4149.6], ["window"]]], "width": 6240, "height": 4160, "tags": []}