{"rects": [[[1675.8857142857144, 71.31428571428572, 5633.828571428571, 4109.4857142857145], ["window"]]], "width": 6240, "height": 4160, "tags": []}