{"rects": [[[1203.4285714285716, 338.74285714285713, 5286.171428571429, 4160], ["window"]]], "width": 6240, "height": 4160, "tags": []}