{"rects": [[[35.65714285714286, 459.0857142857143, 6195.428571428572, 4160], ["window"]]], "width": 6240, "height": 4160, "tags": []}