{"rects": [[[2607.4285714285716, 797.8285714285714, 6235.542857142857, 3574.6285714285714], ["window"]]], "width": 6240, "height": 4160, "tags": []}