{"rects": [[[2170.6285714285714, 17.82857142857143, 5344.114285714286, 4096.114285714286], ["window", "shop"]]], "width": 6240, "height": 4160, "tags": []}