{"rects": [[[1323.7714285714287, 8.914285714285715, 4983.085714285715, 4160], ["window"]]], "width": 6240, "height": 4160, "tags": []}