{"rects": [[[1921.0285714285715, 303.0857142857143, 6217.714285714286, 4160], ["window", "shop"]]], "width": 6240, "height": 4160, "tags": []}