{"rects": [[[543.7714285714286, 1158.857142857143, 5696.228571428572, 4158.5142857142855], ["window"]]], "width": 6240, "height": 4160, "tags": []}