{"rects": [[[1560.0, 0, 5517.942857142857, 4158.5142857142855], ["window"]]], "width": 6240, "height": 4160, "tags": []}