{"rects": [[[659.6571428571428, 993.9428571428572, 6217.714285714286, 3998.057142857143], ["window"]]], "width": 6240, "height": 4160, "tags": []}