{"rects": [[[579.4285714285714, 4.457142857142857, 5014.285714285715, 1974.5142857142857], ["window"]], [[200.57142857142858, 1983.4285714285716, 5406.5142857142855, 4149.6], ["window"]]], "width": 6240, "height": 4160, "tags": []}