{"rects": [[[1248.0, 22.285714285714285, 4724.571428571428, 4136.228571428572], ["window"]]], "width": 6240, "height": 4160, "tags": []}