{"rects": [[[1702.6285714285714, 1145.4857142857143, 5183.657142857143, 4140.685714285714], ["window"]]], "width": 6240, "height": 4160, "tags": []}