{"rects": [[[1635.7714285714287, 316.45714285714286, 5985.942857142857, 4118.400000000001], ["window"]]], "width": 6240, "height": 4160, "tags": []}