{"rects": [[[1261.3714285714286, 895.8857142857144, 4510.628571428571, 4140.685714285714], ["window"]]], "width": 6240, "height": 4160, "tags": []}