{"rects": [[[1176.6857142857143, 316.45714285714286, 4252.114285714286, 2175.0857142857144], ["window"]], [[918.1714285714286, 2175.0857142857144, 4479.428571428572, 4069.3714285714286], ["window"]]], "width": 6240, "height": 4160, "tags": []}