{"rects": [[[1377.257142857143, 378.8571428571429, 3975.7714285714287, 4160], ["window", "shop"]]], "width": 6240, "height": 4160, "tags": []}