{"rects": [[[837.9428571428572, 1617.9428571428573, 5205.942857142857, 4109.4857142857145], ["window"]], [[909.2571428571429, 0, 3062.057142857143, 1600.1142857142859], ["window"]]], "width": 6240, "height": 4160, "tags": []}