{"rects": [[[1181.142857142857, 450.1714285714286, 4729.028571428572, 4020.342857142857], ["window", "shop"]]], "width": 6240, "height": 4160, "tags": []}