{"rects": [[[1105.3714285714286, 1198.9714285714285, 4992.0, 4154.057142857143], ["window", "shop"]]], "width": 6240, "height": 4160, "tags": []}