{"rects": [[[1069.7142857142858, 66.85714285714286, 6231.085714285715, 4149.6], ["window", "shop"]]], "width": 6240, "height": 4160, "tags": []}