{"rects": [[[1011.7714285714286, 686.4, 5691.771428571429, 4015.8857142857146], ["window"]]], "width": 6240, "height": 4160, "tags": []}