{"rects": [[[2411.3142857142857, 138.17142857142858, 5847.771428571429, 4122.857142857143], ["window"]]], "width": 6240, "height": 4160, "tags": []}