{"rects": [[[227.31428571428572, 1747.2, 3989.1428571428573, 4091.657142857143], ["window"]], [[4011.4285714285716, 1769.4857142857143, 6226.628571428571, 4127.314285714286], ["window"]]], "width": 6240, "height": 4160, "tags": []}