{"rects": [[[334.2857142857143, 681.9428571428572, 6235.542857142857, 3677.1428571428573], ["window"]]], "width": 6240, "height": 4160, "tags": []}