{"rects": [[[561.6, 102.51428571428572, 2879.3142857142857, 4158.5142857142855], ["window"]], [[2901.6, 102.51428571428572, 5509.028571428572, 4149.6], ["window"]]], "width": 6240, "height": 4160, "tags": []}