{"rects": [[[2005.7142857142858, 31.200000000000003, 6070.628571428571, 4105.028571428572], ["window"]]], "width": 6240, "height": 4160, "tags": []}