{"rects": [[[450.1714285714286, 271.8857142857143, 5870.057142857143, 4158.5142857142855], ["window"]]], "width": 6240, "height": 4160, "tags": []}