{"rects": [[[1363.8857142857144, 44.57142857142857, 5477.828571428571, 4100.571428571428], ["window"]]], "width": 6240, "height": 4160, "tags": []}