{"rects": [[[650.7428571428571, 98.05714285714286, 6235.542857142857, 3944.571428571429], ["window"]]], "width": 6240, "height": 4160, "tags": []}