{"rects": [[[1283.6571428571428, 8.914285714285715, 5647.2, 4118.400000000001], ["window"]]], "width": 6240, "height": 4160, "tags": []}