{"rects": [[[1675.8857142857144, 156.0, 5549.142857142857, 4131.771428571428], ["window"]]], "width": 6240, "height": 4160, "tags": []}