{"rects": [[[2228.5714285714284, 1270.2857142857142, 5036.571428571428, 4113.942857142857], ["window"]]], "width": 6240, "height": 4160, "tags": []}