{"rects": [[[410.0571428571429, 138.17142857142858, 3316.114285714286, 2424.6857142857143], ["window"]], [[249.60000000000002, 2433.6, 3289.3714285714286, 4136.228571428572], ["window"]], [[3316.114285714286, 115.88571428571429, 5785.371428571429, 2460.342857142857], ["window"]], [[3293.8285714285716, 2473.714285714286, 6052.8, 4160], ["window"]]], "width": 6240, "height": 4160, "tags": []}