{"rects": [[[325.37142857142857, 1519.8857142857144, 2366.7428571428572, 4131.771428571428], ["window"]], [[2380.114285714286, 1515.4285714285716, 4813.714285714286, 4149.6], ["window"]]], "width": 6240, "height": 4160, "tags": []}