{"rects": [[[2299.8857142857146, 115.88571428571429, 5388.685714285714, 4109.4857142857145], ["window"]]], "width": 6240, "height": 4160, "tags": []}