{"rects": [[[958.2857142857143, 40.114285714285714, 3761.8285714285716, 4131.771428571428], ["window"]]], "width": 6240, "height": 4160, "tags": []}