{"rects": [[[655.2, 473.2, 4144.400000000001, 5990.400000000001], ["window"]]], "width": 4160, "height": 6240, "tags": []}