{"rects": [[[2968.457142857143, 209.4857142857143, 5566.971428571429, 4011.4285714285716], ["window", "shop"]]], "width": 6240, "height": 4160, "tags": []}