{"rects": [[[1234.6285714285714, 133.71428571428572, 5950.285714285715, 3975.7714285714287], ["window", "shop"]]], "width": 6240, "height": 4160, "tags": []}