{"rects": [[[2110.2557142857145, 486.2957142857143, 5170.795714285715, 4170], ["window"]]], "width": 6246, "height": 4170, "tags": []}