{"rects": [[[2674.285714285714, 374.40000000000003, 5825.4857142857145, 4154.057142857143], ["window"]]], "width": 6240, "height": 4160, "tags": []}