{"rects": [[[1390.6285714285714, 1426.2857142857142, 3846.514285714286, 4113.942857142857], ["window"]], [[3895.5428571428574, 632.9142857142857, 6052.8, 2299.8857142857146], ["window"]]], "width": 6240, "height": 4160, "tags": []}