{"rects": [[[583.8857142857144, 142.62857142857143, 5312.914285714286, 4160], ["window"]]], "width": 6240, "height": 4160, "tags": []}