{"rects": [[[1042.9714285714285, 374.40000000000003, 4510.628571428571, 4145.142857142857], ["window"]]], "width": 6240, "height": 4160, "tags": []}