{"rects": [[[2094.857142857143, 40.114285714285714, 4773.6, 4160], ["window"]]], "width": 6240, "height": 4160, "tags": []}