{"rects": [[[1377.257142857143, 410.0571428571429, 5509.028571428572, 4160], ["window"]]], "width": 6240, "height": 4160, "tags": []}