{"rects": [[[829.0285714285715, 833.4857142857143, 5188.114285714286, 3971.3142857142857], ["window"]]], "width": 6240, "height": 4160, "tags": []}