{"rects": [[[26.742857142857144, 1426.2857142857142, 3993.6000000000004, 4154.057142857143], ["window"]], [[4011.4285714285716, 1368.3428571428572, 6231.085714285715, 4158.5142857142855], ["window"]]], "width": 6240, "height": 4160, "tags": []}