{"rects": [[[17.82857142857143, 1163.3142857142857, 2919.4285714285716, 4154.057142857143], ["window"]], [[2941.714285714286, 1181.142857142857, 5509.028571428572, 4160], ["window"]]], "width": 6240, "height": 4160, "tags": []}