{"rects": [[[1132.1142857142856, 151.54285714285714, 5919.085714285715, 4145.142857142857], ["window"]]], "width": 6240, "height": 4160, "tags": []}