{"rects": [[[646.2857142857143, 1145.4857142857143, 3788.571428571429, 4149.6], ["window"]], [[3797.4857142857145, 1132.1142857142856, 6231.085714285715, 4145.142857142857], ["window"]]], "width": 6240, "height": 4160, "tags": []}