{"rects": [[[1453.0285714285715, 8.914285714285715, 4720.114285714286, 1698.1714285714286], ["window"]], [[1377.257142857143, 1698.1714285714286, 4876.114285714286, 4069.3714285714286], ["window"]]], "width": 6240, "height": 4160, "tags": []}