{"rects": [[[1546.6285714285714, 980.5714285714286, 4296.685714285714, 4160], ["window", "shop"]]], "width": 6240, "height": 4160, "tags": []}