{"rects": [[[1203.4285714285716, 80.22857142857143, 5112.342857142858, 4096.114285714286], ["window", "shop"]]], "width": 6240, "height": 4160, "tags": []}