{"rects": [[[4.457142857142857, 695.3142857142857, 5241.6, 3588.0], ["window"]]], "width": 6240, "height": 4160, "tags": []}