{"rects": [[[98.05714285714286, 967.2, 3293.8285714285716, 4160], ["window", "shop"]], [[3325.0285714285715, 1056.3428571428572, 6137.4857142857145, 4131.771428571428], ["window", "shop"]]], "width": 6240, "height": 4160, "tags": []}