{"rects": [[[878.0571428571429, 4.457142857142857, 6057.257142857143, 4149.6], ["window", "shop"]]], "width": 6240, "height": 4160, "tags": []}