{"rects": [[[1938.857142857143, 561.6, 4782.5142857142855, 4136.228571428572], ["window", "shop"]]], "width": 6240, "height": 4160, "tags": []}