{"rects": [[[347.65714285714284, 365.4857142857143, 5179.2, 3735.0857142857144], ["window"]]], "width": 6240, "height": 4160, "tags": []}