{"rects": [[[57.94285714285714, 352.1142857142857, 3333.942857142857, 4160], ["window"]], [[3347.3142857142857, 347.65714285714284, 6235.542857142857, 4158.5142857142855], ["window"]]], "width": 6240, "height": 4160, "tags": []}