{"rects": [[[1096.4571428571428, 1109.8285714285714, 3467.657142857143, 4158.5142857142855], ["window"]], [[3507.7714285714287, 601.7142857142858, 6231.085714285715, 4136.228571428572], ["window"]]], "width": 6240, "height": 4160, "tags": []}