{"rects": [[[976.1142857142858, 22.285714285714285, 3708.342857142857, 4096.114285714286], ["window"]]], "width": 6240, "height": 4160, "tags": []}