{"rects": [[[1497.6000000000001, 303.0857142857143, 5887.885714285714, 4127.314285714286], ["window"]]], "width": 6240, "height": 4160, "tags": []}