{"rects": [[[1791.7714285714287, 84.68571428571428, 4987.542857142857, 4160], ["window", "shop"]]], "width": 6240, "height": 4160, "tags": []}