{"rects": [[[396.6857142857143, 347.65714285714284, 6204.342857142858, 4118.400000000001], ["window", "shop"]]], "width": 6240, "height": 4160, "tags": []}