{"rects": [[[2331.0857142857144, 26.742857142857144, 5812.114285714286, 4127.314285714286], ["window"]]], "width": 6240, "height": 4160, "tags": []}