{"rects": [[[410.0571428571429, 8.914285714285715, 5883.428571428572, 3859.8857142857146], ["window", "shop"]]], "width": 6240, "height": 4160, "tags": []}