{"rects": [[[864.6857142857143, 17.82857142857143, 5789.828571428571, 4100.571428571428], ["window"]]], "width": 6240, "height": 4160, "tags": []}