{"rects": [[[1546.6285714285714, 985.0285714285715, 5250.5142857142855, 4145.142857142857], ["window", "shop"]]], "width": 6240, "height": 4160, "tags": []}