{"rects": [[[13.371428571428572, 993.9428571428572, 6208.8, 4109.4857142857145], ["window"]]], "width": 6240, "height": 4160, "tags": []}