{"rects": [[[102.51428571428572, 753.2571428571429, 2580.6857142857143, 3249.2571428571428], ["window"]], [[2616.342857142857, 1100.9142857142858, 5491.2, 3538.9714285714285], ["window"]]], "width": 6240, "height": 4160, "tags": []}