{"rects": [[[71.31428571428572, 784.4571428571429, 2665.3714285714286, 4160], ["window"]], [[2687.657142857143, 820.1142857142858, 5910.171428571429, 4158.5142857142855], ["window"]]], "width": 6240, "height": 4160, "tags": []}