{"rects": [[[142.62857142857143, 673.0285714285715, 3204.6857142857143, 4145.142857142857], ["window"]], [[3231.4285714285716, 704.2285714285714, 5950.285714285715, 4140.685714285714], ["window"]]], "width": 6240, "height": 4160, "tags": []}