{"rects": [[[1078.6285714285714, 8.914285714285715, 5348.571428571428, 4038.171428571429], ["window", "shop"]]], "width": 6240, "height": 4160, "tags": []}