{"rects": [[[2085.942857142857, 2143.8857142857146, 3739.5428571428574, 4160], ["window"]], [[3761.8285714285716, 1524.3428571428572, 4960.8, 4160], ["window"]]], "width": 6240, "height": 4160, "tags": []}