{"rects": [[[704.2285714285714, 17.82857142857143, 5023.2, 4149.6], ["window"]]], "width": 6240, "height": 4160, "tags": []}