{"rects": [[[615.0857142857143, 686.4, 5914.628571428571, 4149.6], ["window"]]], "width": 6240, "height": 4160, "tags": []}