{"rects": [[[1894.2857142857144, 378.8571428571429, 4680.0, 3931.2000000000003], ["window"]]], "width": 6240, "height": 4160, "tags": []}