{"rects": [[[1087.5428571428572, 22.285714285714285, 5709.6, 4136.228571428572], ["window", "shop"]]], "width": 6240, "height": 4160, "tags": []}