{"rects": [[[1493.142857142857, 22.285714285714285, 4956.342857142858, 4160], ["window"]]], "width": 6240, "height": 4160, "tags": []}