{"rects": [[[71.31428571428572, 31.200000000000003, 3396.342857142857, 4158.5142857142855], ["window"]], [[3405.2571428571428, 17.82857142857143, 5749.714285714286, 4145.142857142857], ["window"]]], "width": 6240, "height": 4160, "tags": []}