{"rects": [[[2143.8857142857146, 62.400000000000006, 5197.028571428572, 4160], ["window"]]], "width": 6240, "height": 4160, "tags": []}