{"rects": [[[985.0285714285715, 17.82857142857143, 5375.314285714286, 4136.228571428572], ["window", "shop"]]], "width": 6240, "height": 4160, "tags": []}