{"rects": [[[245.14285714285714, 891.4285714285714, 2696.5714285714284, 4140.685714285714], ["window"]], [[2701.0285714285715, 780.0, 5379.771428571429, 4131.771428571428], ["window"]]], "width": 6240, "height": 4160, "tags": []}