{"rects": [[[138.17142857142858, 0, 3908.914285714286, 1822.9714285714285], ["window"]], [[138.17142857142858, 1849.7142857142858, 3908.914285714286, 3877.714285714286], ["window"]], [[3957.942857142857, 84.68571428571428, 6039.428571428572, 3949.0285714285715], ["window"]]], "width": 6240, "height": 4160, "tags": []}