{"rects": [[[1653.6000000000001, 8.914285714285715, 5584.8, 1903.2], ["window"]], [[1613.4857142857143, 1921.0285714285715, 5673.942857142857, 4158.5142857142855], ["window"]]], "width": 6240, "height": 4160, "tags": []}