{"rects": [[[1065.257142857143, 35.65714285714286, 3302.7428571428572, 4136.228571428572], ["window"]], [[3311.657142857143, 26.742857142857144, 5816.571428571428, 4140.685714285714], ["window"]]], "width": 6240, "height": 4160, "tags": []}