{"rects": [[[2237.4857142857145, 31.200000000000003, 6043.885714285714, 4122.857142857143], ["window"]]], "width": 6240, "height": 4160, "tags": []}