{"rects": [[[771.0857142857143, 267.42857142857144, 4550.742857142857, 4073.8285714285716], ["window", "shop"]]], "width": 6240, "height": 4160, "tags": []}