{"rects": [[[1399.5428571428572, 89.14285714285714, 4577.4857142857145, 4154.057142857143], ["window", "shop"]]], "width": 6240, "height": 4160, "tags": []}