{"rects": [[[1716.0, 31.200000000000003, 5941.371428571429, 4131.771428571428], ["window"]]], "width": 6240, "height": 4160, "tags": []}