{"rects": [[[2063.657142857143, 525.9428571428572, 5513.4857142857145, 4149.6], ["window"]]], "width": 6240, "height": 4160, "tags": []}