{"rects": [[[2184.0, 1154.4, 5834.400000000001, 4131.771428571428], ["window"]]], "width": 6240, "height": 4160, "tags": []}