{"rects": [[[931.5428571428572, 8.914285714285715, 3160.114285714286, 1947.7714285714287], ["window"]], [[3177.942857142857, 31.200000000000003, 5134.628571428571, 1947.7714285714287], ["window"]], [[240.68571428571428, 2527.2000000000003, 6034.971428571429, 4158.5142857142855], ["window"]]], "width": 6240, "height": 4160, "tags": []}