{"rects": [[[35.65714285714286, 922.6285714285715, 3267.0857142857144, 4096.114285714286], ["window"]], [[3280.457142857143, 971.6571428571428, 6199.885714285714, 4105.028571428572], ["window"]]], "width": 6240, "height": 4160, "tags": []}