{"rects": [[[659.6571428571428, 40.114285714285714, 5486.742857142857, 4091.657142857143], ["window"]]], "width": 6240, "height": 4160, "tags": []}