{"rects": [[[187.20000000000002, 637.3714285714286, 5985.942857142857, 3779.657142857143], ["window"]]], "width": 6240, "height": 4160, "tags": []}