{"rects": [[[3200.2285714285717, 26.742857142857144, 6235.542857142857, 1938.857142857143], ["window"]], [[3186.857142857143, 1943.3142857142857, 6204.342857142858, 4136.228571428572], ["window"]]], "width": 6240, "height": 4160, "tags": []}