{"rects": [[[2482.6285714285714, 815.6571428571428, 5531.314285714286, 4127.314285714286], ["window", "shop"]]], "width": 6240, "height": 4160, "tags": []}