{"rects": [[[989.4857142857143, 267.42857142857144, 5936.914285714286, 4100.571428571428], ["window", "shop"]]], "width": 6240, "height": 4160, "tags": []}