{"rects": [[[1243.5428571428572, 13.371428571428572, 5495.657142857143, 4160], ["window"]]], "width": 6240, "height": 4160, "tags": []}