{"rects": [[[748.8000000000001, 1132.1142857142856, 5473.371428571429, 4105.028571428572], ["window"]]], "width": 6240, "height": 4160, "tags": []}