{"rects": [[[1818.5142857142857, 459.0857142857143, 4408.114285714286, 3900.0], ["window"]]], "width": 6240, "height": 4160, "tags": []}