{"rects": [[[1658.057142857143, 726.5142857142857, 5754.171428571429, 4158.5142857142855], ["window"]]], "width": 6240, "height": 4160, "tags": []}