{"rects": [[[1439.6571428571428, 49.02857142857143, 4314.5142857142855, 4160], ["window", "shop"]]], "width": 6240, "height": 4160, "tags": []}