{"rects": [[[22.285714285714285, 240.68571428571428, 2888.2285714285717, 4145.142857142857], ["window"]], [[2888.2285714285717, 262.9714285714286, 5968.114285714286, 4131.771428571428], ["window"]]], "width": 6240, "height": 4160, "tags": []}