{"rects": [[[1087.5428571428572, 325.37142857142857, 4559.657142857143, 4154.057142857143], ["window", "shop"]]], "width": 6240, "height": 4160, "tags": []}