{"rects": [[[1198.9714285714285, 459.0857142857143, 4836.0, 4064.914285714286], ["window"]]], "width": 6240, "height": 4160, "tags": []}