{"rects": [[[1921.0285714285715, 891.4285714285714, 5161.371428571429, 3877.714285714286], ["window"]]], "width": 6240, "height": 4160, "tags": []}