{"rects": [[[463.54285714285714, 120.34285714285714, 4483.885714285714, 4118.400000000001], ["window", "shop"]]], "width": 6240, "height": 4160, "tags": []}