{"rects": [[[347.65714285714284, 401.14285714285717, 6226.628571428571, 4113.942857142857], ["window"]]], "width": 6240, "height": 4160, "tags": []}