{"rects": [[[1791.7714285714287, 338.74285714285713, 5473.371428571429, 4160], ["window"]]], "width": 6240, "height": 4160, "tags": []}