{"rects": [[[1582.2857142857144, 173.82857142857142, 4599.771428571429, 4158.5142857142855], ["window", "shop"]]], "width": 6240, "height": 4160, "tags": []}