{"rects": [[[1136.5714285714287, 695.3142857142857, 5705.142857142857, 4073.8285714285716], ["window", "shop"]]], "width": 6240, "height": 4160, "tags": []}