{"rects": [[[1756.1142857142859, 4.457142857142857, 5219.314285714286, 4160], ["window"]]], "width": 6240, "height": 4160, "tags": []}