{"rects": [[[160.45714285714286, 566.0571428571428, 6146.400000000001, 4118.400000000001], ["window"]]], "width": 6240, "height": 4160, "tags": []}