{"rects": [[[552.6857142857143, 895.8857142857144, 5803.2, 4145.142857142857], ["window"]]], "width": 6240, "height": 4160, "tags": []}