{"rects": [[[913.7142857142858, 1381.7142857142858, 4015.8857142857146, 3837.6], ["window"]], [[4020.342857142857, 22.285714285714285, 5709.6, 2014.6285714285716], ["window"]], [[4038.171428571429, 2041.3714285714286, 5905.714285714286, 4118.400000000001], ["window"]]], "width": 6240, "height": 4160, "tags": []}