{"rects": [[[1769.4857142857143, 4.457142857142857, 5544.685714285714, 4149.6], ["window"]]], "width": 6240, "height": 4160, "tags": []}