{"rects": [[[1765.0285714285715, 0, 4853.828571428571, 4082.7428571428572], ["window", "shop"]]], "width": 6240, "height": 4160, "tags": []}