{"rects": [[[4.457142857142857, 396.6857142857143, 6231.085714285715, 4122.857142857143], ["window", "shop"]]], "width": 6240, "height": 4160, "tags": []}