{"rects": [[[1693.7142857142858, 0, 4109.4857142857145, 1983.4285714285716], ["window"]], [[4113.942857142857, 17.82857142857143, 6222.171428571429, 2005.7142857142858], ["window"]], [[1457.4857142857143, 1996.8000000000002, 4742.400000000001, 4127.314285714286], ["window"]]], "width": 6240, "height": 4160, "tags": []}