{"rects": [[[646.2857142857143, 205.02857142857144, 5139.085714285715, 4145.142857142857], ["window"]]], "width": 6240, "height": 4160, "tags": []}