{"rects": [[[1863.0857142857144, 102.51428571428572, 5295.085714285715, 4149.6], ["window", "shop"]]], "width": 6240, "height": 4160, "tags": []}