{"rects": [[[1426.2857142857142, 1502.057142857143, 5304.0, 4160], ["window"]]], "width": 6240, "height": 4160, "tags": []}