{"rects": [[[548.2285714285714, 129.25714285714287, 5829.942857142857, 4105.028571428572], ["window", "shop"]]], "width": 6240, "height": 4160, "tags": []}