{"rects": [[[1172.2285714285715, 40.114285714285714, 5433.257142857143, 3989.1428571428573], ["window", "shop"]]], "width": 6240, "height": 4160, "tags": []}