{"rects": [[[659.6571428571428, 17.82857142857143, 5758.628571428571, 4160], ["window", "shop"]]], "width": 6240, "height": 4160, "tags": []}