{"rects": [[[1929.9428571428573, 886.9714285714286, 5919.085714285715, 4145.142857142857], ["window"]]], "width": 6240, "height": 4160, "tags": []}