{"rects": [[[307.54285714285714, 534.8571428571429, 3400.8, 4149.6], ["window"]], [[3418.6285714285714, 534.8571428571429, 6231.085714285715, 4154.057142857143], ["window"]]], "width": 6240, "height": 4160, "tags": []}