{"rects": [[[1216.8, 931.5428571428572, 4136.228571428572, 4073.8285714285716], ["window", "shop"]]], "width": 6240, "height": 4160, "tags": []}