{"rects": [[[1145.4857142857143, 686.4, 5330.742857142857, 4020.342857142857], ["window"]]], "width": 6240, "height": 4160, "tags": []}