{"rects": [[[1600.1142857142859, 793.3714285714286, 5085.6, 4140.685714285714], ["window", "shop"]]], "width": 6240, "height": 4160, "tags": []}