{"rects": [[[1301.4857142857143, 574.9714285714286, 5433.257142857143, 4127.314285714286], ["window"]]], "width": 6240, "height": 4160, "tags": []}