{"rects": [[[2478.171428571429, 98.05714285714286, 5780.914285714286, 4154.057142857143], ["window", "shop"]]], "width": 6240, "height": 4160, "tags": []}