{"rects": [[[503.6571428571429, 664.1142857142858, 5125.714285714286, 4149.6], ["window"]]], "width": 6240, "height": 4160, "tags": []}