{"rects": [[[2701.0285714285715, 325.37142857142857, 5156.914285714286, 4145.142857142857], ["window", "shop"]]], "width": 6240, "height": 4160, "tags": []}