{"rects": [[[13.371428571428572, 757.7142857142858, 2937.2571428571428, 4087.2000000000003], ["window", "shop"]], [[2964.0, 780.0, 6235.542857142857, 4064.914285714286], ["window", "shop"]]], "width": 6240, "height": 4160, "tags": []}