{"rects": [[[396.6857142857143, 62.400000000000006, 6030.5142857142855, 4078.285714285714], ["window", "shop"]]], "width": 6240, "height": 4160, "tags": []}