{"rects": [[[1230.1714285714286, 17.82857142857143, 4644.342857142858, 4145.142857142857], ["window"]]], "width": 6240, "height": 4160, "tags": []}