{"rects": [[[713.1428571428571, 26.742857142857144, 3213.6, 3699.4285714285716], ["window"]], [[3240.342857142857, 22.285714285714285, 5473.371428571429, 1368.3428571428572], ["window"]], [[3258.171428571429, 1381.7142857142858, 5602.628571428571, 3641.4857142857145], ["window"]]], "width": 6240, "height": 4160, "tags": []}