{"rects": [[[597.2571428571429, 98.05714285714286, 3949.0285714285715, 4091.657142857143], ["window"]]], "width": 6240, "height": 4160, "tags": []}