{"rects": [[[98.05714285714286, 22.285714285714285, 5397.6, 4122.857142857143], ["window"]]], "width": 6240, "height": 4160, "tags": []}