{"rects": [[[303.0857142857143, 115.88571428571429, 5745.257142857143, 4131.771428571428], ["window"]]], "width": 6240, "height": 4160, "tags": []}