{"rects": [[[540.8000000000001, 31.200000000000003, 4128.8, 5964.400000000001], ["window"]]], "width": 4160, "height": 6240, "tags": []}