{"rects": [[[66.85714285714286, 864.6857142857143, 3244.8, 3757.3714285714286], ["window"]], [[3258.171428571429, 869.1428571428572, 6222.171428571429, 4002.514285714286], ["window"]]], "width": 6240, "height": 4160, "tags": []}