{"rects": [[[258.51428571428573, 8.914285714285715, 5999.314285714286, 4154.057142857143], ["window"]]], "width": 6240, "height": 4160, "tags": []}