{"rects": [[[2068.114285714286, 655.2, 4974.171428571429, 4160], ["window", "shop"]]], "width": 6240, "height": 4160, "tags": []}