{"rects": [[[1760.5714285714287, 343.2, 5558.057142857143, 4073.8285714285716], ["window", "shop"]]], "width": 6240, "height": 4160, "tags": []}