{"rects": [[[2130.514285714286, 53.48571428571429, 5344.114285714286, 4131.771428571428], ["window", "shop"]]], "width": 6240, "height": 4160, "tags": []}