{"rects": [[[1092.0, 280.8, 5829.942857142857, 4100.571428571428], ["window", "shop"]]], "width": 6240, "height": 4160, "tags": []}