{"rects": [[[472.45714285714286, 374.40000000000003, 6128.571428571428, 4118.400000000001], ["window", "shop"]]], "width": 6240, "height": 4160, "tags": []}