{"rects": [[[1484.2285714285715, 646.2857142857143, 5473.371428571429, 4154.057142857143], ["window"]]], "width": 6240, "height": 4160, "tags": []}