{"rects": [[[525.9428571428572, 22.285714285714285, 3873.257142857143, 4160], ["window", "shop"]], [[3882.171428571429, 66.85714285714286, 5861.142857142858, 4160], ["window", "shop"]]], "width": 6240, "height": 4160, "tags": []}