{"rects": [[[1448.5714285714287, 579.4285714285714, 5281.714285714286, 4154.057142857143], ["window"]]], "width": 6240, "height": 4160, "tags": []}