{"rects": [[[1034.057142857143, 22.285714285714285, 4947.428571428572, 2143.8857142857146], ["window"]], [[1034.057142857143, 2184.0, 5027.657142857143, 4145.142857142857], ["window"]]], "width": 6240, "height": 4160, "tags": []}