{"rects": [[[806.7428571428571, 13.371428571428572, 4693.371428571429, 4158.5142857142855], ["window", "shop"]]], "width": 6240, "height": 4160, "tags": []}