{"rects": [[[410.0571428571429, 35.65714285714286, 5914.628571428571, 4140.685714285714], ["window", "shop"]]], "width": 6240, "height": 4160, "tags": []}