{"rects": [[[904.8000000000001, 84.68571428571428, 5767.542857142857, 3971.3142857142857], ["window", "shop"]]], "width": 6240, "height": 4160, "tags": []}