{"rects": [[[1424.64, 414.30857142857144, 3997.714285714286, 2842.0114285714285], ["window"]]], "width": 5088, "height": 3392, "tags": []}