{"rects": [[[1705.0628571428572, 1219.68, 2746.3542857142857, 2601.154285714286], ["window"]], [[2787.84, 1369.0285714285715, 3737.862857142857, 2887.405714285714], ["window"]]], "width": 5808, "height": 3872, "tags": []}