{"rects": [[[1010.3314285714285, 105.39428571428572, 4288.457142857143, 3161.8285714285716], ["window"]]], "width": 5088, "height": 3392, "tags": []}