{"rects": [[[509.07428571428574, 163.84, 6723.291428571429, 5160.96], ["window"]]], "width": 8192, "height": 5464, "tags": []}