{"rects": [[[1043.04, 312.54857142857145, 3819.634285714286, 2653.0285714285715], ["window"]]], "width": 5088, "height": 3392, "tags": []}