{"rects": [[[358.15999999999997, 319.44, 3242.7999999999997, 5532.12], ["window"]]], "width": 3872, "height": 5808, "tags": []}