{"rects": [[[348.16, 880.6400000000001, 5283.84, 7406.933333333333], ["window"]]], "width": 5464, "height": 8192, "tags": []}