{"rects": [[[1781.7600000000002, 1918.2933333333335, 4273.493333333334, 5550.08], ["window"]]], "width": 5464, "height": 8192, "tags": []}