{"rects": [[[626.4342857142857, 286.25142857142856, 4161.017142857143, 3609.2571428571428], ["window"]]], "width": 5808, "height": 3872, "tags": []}