{"rects": [[[1146.88, 93.62285714285714, 6477.5314285714285, 5371.611428571428], ["window"]]], "width": 8192, "height": 5464, "tags": []}