{"rects": [[[651.3257142857143, 1240.422857142857, 4177.611428571428, 3642.445714285714], ["window"]]], "width": 5808, "height": 3872, "tags": []}