{"rects": [[[1217.097142857143, 1141.0285714285715, 3165.6228571428574, 5272.137142857143], ["window"]], [[3206.582857142857, 1047.4057142857143, 5500.342857142857, 4985.417142857143], ["window"]], [[163.84, 2340.5714285714284, 1123.4742857142858, 4452.937142857143], ["window"]]], "width": 8192, "height": 5464, "tags": []}