{"rects": [[[1416.0457142857142, 631.9542857142857, 7437.165714285714, 5295.542857142857], ["window"]]], "width": 8192, "height": 5464, "tags": []}