{"rects": [[[552.4114285714286, 654.1714285714286, 2474.9485714285715, 2674.8342857142857], ["window"]]], "width": 5088, "height": 3392, "tags": []}