{"rects": [[[259.41333333333336, 1686.1866666666667, 5147.306666666667, 7420.586666666667], ["window"]]], "width": 5464, "height": 8192, "tags": []}