{"rects": [[[177.49333333333334, 1324.3733333333334, 5372.586666666667, 7741.4400000000005], ["window"]]], "width": 5464, "height": 8192, "tags": []}