{"rects": [[[897.6685714285715, 334.3542857142857, 3361.714285714286, 3070.9714285714285], ["window"]]], "width": 5088, "height": 3392, "tags": []}