{"rects": [[[232.10666666666668, 150.18666666666667, 5311.146666666667, 7912.1066666666675], ["window"]]], "width": 5464, "height": 8192, "tags": []}