{"rects": [[[1583.7866666666669, 266.24, 5051.733333333334, 7591.253333333334], ["window"]]], "width": 5464, "height": 8192, "tags": []}