{"rects": [[[750.1999999999999, 1142.24, 3654.2, 5425.639999999999], ["window"]]], "width": 3872, "height": 5808, "tags": []}