{"rects": [[[947.9314285714286, 70.21714285714286, 5687.588571428571, 5430.125714285714], ["window"]]], "width": 8192, "height": 5464, "tags": []}