{"rects": [[[423.2533333333334, 409.6, 5188.266666666667, 7939.413333333334], ["window"]]], "width": 5464, "height": 8192, "tags": []}