{"rects": [[[468.7885714285714, 265.50857142857143, 5745.771428571428, 3812.537142857143], ["window", "shop"]]], "width": 5808, "height": 3872, "tags": []}