{"rects": [[[1024.8685714285714, 1119.3600000000001, 4015.885714285714, 2958.3085714285717], ["window"]], [[61.78285714285715, 1468.2514285714285, 748.6628571428572, 3118.217142857143], ["window"]]], "width": 5088, "height": 3392, "tags": []}