{"rects": [[[1650.1028571428571, 157.98857142857142, 6255.177142857143, 5225.325714285715], ["window"]]], "width": 8192, "height": 5464, "tags": []}