{"rects": [[[532.48, 894.2933333333334, 4573.866666666667, 7707.306666666667], ["window"]]], "width": 5464, "height": 8192, "tags": []}