{"rects": [[[525.6533333333334, 430.08000000000004, 4136.96, 7877.973333333334], ["window"]]], "width": 5464, "height": 8192, "tags": []}