{"rects": [[[906.9714285714285, 146.28571428571428, 6582.857142857143, 5348.205714285714], ["window"]]], "width": 8192, "height": 5464, "tags": []}