{"rects": [[[266.24, 457.3866666666667, 4990.293333333334, 7441.0666666666675], ["window"]]], "width": 5464, "height": 8192, "tags": []}