{"rects": [[[919.4742857142858, 254.4, 4124.914285714286, 2932.8685714285716], ["window"]]], "width": 5088, "height": 3392, "tags": []}