{"rects": [[[2191.36, 1536.0, 5236.053333333333, 7475.200000000001], ["window"]], [[232.10666666666668, 1733.9733333333334, 2109.44, 7236.266666666667], ["window"]]], "width": 5464, "height": 8192, "tags": []}