{"rects": [[[1068.48, 50.88, 3728.7771428571427, 3125.4857142857145], ["window"]]], "width": 5088, "height": 3392, "tags": []}