{"rects": [[[835.8857142857142, 334.3542857142857, 4295.725714285714, 3296.2971428571427], ["window"]]], "width": 5088, "height": 3392, "tags": []}