{"rects": [[[61.440000000000005, 1611.0933333333335, 5229.226666666667, 7912.1066666666675], ["window"]]], "width": 5464, "height": 8192, "tags": []}