{"rects": [[[1345.8285714285714, 239.90857142857143, 7712.182857142857, 5283.84], ["window"]]], "width": 8192, "height": 5464, "tags": []}