{"rects": [[[969.3866666666668, 1440.4266666666667, 4450.986666666667, 6792.533333333334], ["window"]]], "width": 5464, "height": 8192, "tags": []}