{"rects": [[[1398.4914285714285, 46.81142857142857, 7647.817142857143, 5365.76], ["window"]]], "width": 8192, "height": 5464, "tags": []}