{"rects": [[[1373.1771428571428, 290.4, 4808.194285714286, 3688.08], ["window"]]], "width": 5808, "height": 3872, "tags": []}