{"rects": [[[947.9314285714286, 468.1142857142857, 7881.874285714286, 5342.354285714286], ["window"]]], "width": 8192, "height": 5464, "tags": []}