{"rects": [[[832.2514285714286, 934.0114285714286, 2540.365714285714, 3223.6114285714284], ["window"]], [[2609.417142857143, 596.0228571428571, 4521.051428571429, 3049.1657142857143], ["window"]]], "width": 5088, "height": 3392, "tags": []}