{"rects": [[[1860.7542857142857, 216.50285714285715, 7033.417142857143, 5166.811428571428], ["window"]]], "width": 8192, "height": 5464, "tags": []}