{"rects": [[[1024.0, 11.702857142857143, 7612.708571428571, 5389.165714285714], ["window"]]], "width": 8192, "height": 5464, "tags": []}