{"rects": [[[887.4666666666667, 1365.3333333333335, 5010.7733333333335, 7946.240000000001], ["window"]]], "width": 5464, "height": 8192, "tags": []}