{"rects": [[[1802.24, 157.98857142857142, 6395.611428571428, 5283.84], ["window"]]], "width": 8192, "height": 5464, "tags": []}