{"rects": [[[1160.5333333333333, 0, 5290.666666666667, 7768.746666666667], ["window"]]], "width": 5464, "height": 8192, "tags": []}