{"rects": [[[1100.0685714285714, 269.1657142857143, 6846.171428571429, 5272.137142857143], ["window"]]], "width": 8192, "height": 5464, "tags": []}