{"rects": [[[541.5085714285715, 94.49142857142857, 4342.971428571429, 3219.977142857143], ["window"]]], "width": 5088, "height": 3392, "tags": []}