{"rects": [[[1526.6742857142858, 62.22857142857143, 4849.68, 3829.1314285714284], ["window"]]], "width": 5808, "height": 3872, "tags": []}