{"rects": [[[866.0114285714286, 830.9028571428571, 7975.4971428571425, 4786.4685714285715], ["window"]]], "width": 8192, "height": 5464, "tags": []}