{"rects": [[[40.96, 2491.7333333333336, 5413.546666666667, 7509.333333333334], ["window"]]], "width": 5464, "height": 8192, "tags": []}