{"rects": [[[1286.537142857143, 363.42857142857144, 3805.097142857143, 2751.154285714286], ["window"]]], "width": 5088, "height": 3392, "tags": []}