{"rects": [[[471.04, 314.0266666666667, 5324.8, 8185.173333333334], ["window"]]], "width": 5464, "height": 8192, "tags": []}