{"rects": [[[491.52, 895.2685714285715, 7957.942857142857, 4411.977142857143], ["window"]]], "width": 8192, "height": 5464, "tags": []}