{"rects": [[[1504.5942857142857, 1152.0685714285714, 3125.4857142857145, 3030.994285714286], ["window"]], [[3329.0057142857145, 1428.2742857142857, 3830.537142857143, 2264.16], ["window"]]], "width": 5088, "height": 3392, "tags": []}