{"rects": [[[1228.8000000000002, 491.52000000000004, 4703.573333333334, 7707.306666666667], ["window"]]], "width": 5464, "height": 8192, "tags": []}