{"rects": [[[163.84, 1747.6266666666668, 3802.4533333333334, 7256.746666666667], ["window"]]], "width": 5464, "height": 8192, "tags": []}