{"rects": [[[962.4685714285714, 269.65714285714284, 5194.011428571429, 3700.5257142857145], ["window"]]], "width": 5808, "height": 3872, "tags": []}