{"rects": [[[377.52, 440.44, 2618.44, 5478.88], ["window"]], [[2652.3199999999997, 803.4399999999999, 3799.4, 5512.76], ["window"]]], "width": 3872, "height": 5808, "tags": []}