{"rects": [[[789.9428571428572, 848.4571428571429, 7677.074285714286, 5242.88], ["window"]]], "width": 8192, "height": 5464, "tags": []}