{"rects": [[[896.0914285714285, 286.25142857142856, 4799.897142857143, 3638.2971428571427], ["window"]]], "width": 5808, "height": 3872, "tags": []}