{"rects": [[[589.36, 228.96, 2476.1600000000003, 2090.32], ["window"]], [[636.0, 2124.2400000000002, 2565.2000000000003, 4201.84], ["window"]]], "width": 3392, "height": 5088, "tags": []}