{"rects": [[[1111.817142857143, 2244.3771428571426, 3314.7085714285713, 4712.777142857143], ["window"]]], "width": 3872, "height": 5808, "tags": ["rot90"]}