{"rects": [[[634.88, 1160.5333333333333, 5229.226666666667, 7277.226666666667], ["window"]]], "width": 5464, "height": 8192, "tags": []}