{"rects": [[[649.5085714285714, 111.17714285714285, 6852.022857142857, 5166.811428571428], ["window"]]], "width": 8192, "height": 5464, "tags": []}