{"rects": [[[1384.24, 1979.56, 2487.7599999999998, 3717.12], ["window"]], [[1277.76, 4.84, 2647.48, 1374.56], ["window"]], [[1510.08, 3746.16, 2637.7999999999997, 4486.68], ["window"]], [[1534.28, 4835.16, 2628.12, 5566.0], ["window"]]], "width": 3872, "height": 5808, "tags": []}