{"rects": [[[52.66285714285714, 433.0057142857143, 3955.5657142857144, 5190.217142857143], ["window"]], [[4084.2971428571427, 286.72, 7899.428571428572, 5160.96], ["window"]]], "width": 8192, "height": 5464, "tags": []}