{"rects": [[[259.41333333333336, 1447.2533333333333, 5242.88, 7290.88], ["window"]]], "width": 5464, "height": 8192, "tags": []}