{"rects": [[[866.9866666666667, 163.84, 5413.546666666667, 7939.413333333334], ["window"]]], "width": 5464, "height": 8192, "tags": []}