{"rects": [[[1082.777142857143, 66.37714285714286, 4662.994285714286, 3845.7257142857143], ["window"]]], "width": 5808, "height": 3872, "tags": []}