{"rects": [[[347.68, 411.28000000000003, 3209.6800000000003, 4630.08], ["window"]]], "width": 3392, "height": 5088, "tags": []}