{"rects": [[[972.8399999999999, 803.4399999999999, 3310.56, 4317.28], ["window"]]], "width": 3872, "height": 5808, "tags": []}