{"rects": [[[1228.8000000000002, 443.73333333333335, 4942.506666666667, 8021.333333333334], ["window"]]], "width": 5464, "height": 8192, "tags": []}