{"rects": [[[1433.6000000000001, 1003.5200000000001, 5154.133333333333, 7953.0666666666675], ["window"]]], "width": 5464, "height": 8192, "tags": []}