{"rects": [[[1310.16, 1454.3200000000002, 2713.6000000000004, 3705.76], ["window"]]], "width": 3392, "height": 5088, "tags": []}