{"rects": [[[54.61333333333334, 600.7466666666667, 5447.68, 7604.906666666667], ["window"]]], "width": 5464, "height": 8192, "tags": []}