{"rects": [[[2104.2514285714287, 737.76, 3746.9485714285715, 2420.4342857142856], ["window"]]], "width": 5088, "height": 3392, "tags": []}