{"rects": [[[1920.7885714285715, 373.37142857142857, 4990.731428571428, 3410.1257142857144], ["window"]]], "width": 5808, "height": 3872, "tags": []}