{"rects": [[[1234.6514285714286, 17.554285714285715, 2633.1428571428573, 5108.297142857143], ["window"]], [[2674.102857142857, 58.51428571428571, 4160.365714285715, 5073.188571428572], ["window"]], [[4271.542857142857, 40.96, 6734.994285714286, 4967.862857142857], ["window"]]], "width": 8192, "height": 5464, "tags": []}