{"rects": [[[3547.0285714285715, 999.8057142857143, 4339.405714285715, 1871.0057142857142], ["window"]], [[904.3885714285715, 1439.5542857142857, 1526.6742857142858, 2099.177142857143], ["window"]], [[1547.4171428571428, 1339.9885714285715, 3509.691428571429, 2895.7028571428573], ["window"]]], "width": 5808, "height": 3872, "tags": []}