{"rects": [[[596.0228571428571, 196.25142857142856, 4393.851428571428, 2769.325714285714], ["window"]]], "width": 5088, "height": 3392, "tags": []}