{"rects": [[[1568.16, 136.90285714285713, 4795.748571428571, 3872], ["window"]]], "width": 5808, "height": 3872, "tags": []}