{"rects": [[[588.7542857142857, 7.268571428571429, 4117.645714285714, 2925.6], ["window"]]], "width": 5088, "height": 3392, "tags": []}