{"rects": [[[984.8914285714286, 454.2857142857143, 4059.497142857143, 3358.08], ["window"]]], "width": 5088, "height": 3392, "tags": []}