{"rects": [[[1509.6685714285713, 117.02857142857142, 7776.548571428571, 5324.8], ["window"]]], "width": 8192, "height": 5464, "tags": []}