{"rects": [[[614.4, 304.2742857142857, 7483.977142857143, 4985.417142857143], ["window"]]], "width": 8192, "height": 5464, "tags": []}