{"rects": [[[742.5942857142857, 99.56571428571428, 4907.76, 3766.902857142857], ["window"]]], "width": 5808, "height": 3872, "tags": []}