{"rects": [[[764.5866666666667, 2846.7200000000003, 5167.786666666667, 7864.320000000001], ["window"]]], "width": 5464, "height": 8192, "tags": []}