{"rects": [[[1244.5714285714287, 219.87428571428572, 2642.64, 3277.3714285714286], ["window"]], [[2650.937142857143, 174.24, 4422.377142857143, 3389.382857142857], ["window"]]], "width": 5808, "height": 3872, "tags": []}