{"rects": [[[1351.68, 2048.0, 4628.4800000000005, 7236.266666666667], ["window"]]], "width": 5464, "height": 8192, "tags": []}