{"rects": [[[1221.1200000000001, 741.3942857142857, 2703.9085714285716, 2514.9257142857145], ["window"]], [[2729.3485714285716, 883.1314285714286, 3616.114285714286, 2191.4742857142855], ["window"]]], "width": 5088, "height": 3392, "tags": []}