{"rects": [[[628.0533333333334, 136.53333333333333, 5167.786666666667, 7987.200000000001], ["window"]]], "width": 5464, "height": 8192, "tags": []}