{"rects": [[[382.29333333333335, 1317.5466666666669, 5147.306666666667, 7734.613333333334], ["window"]]], "width": 5464, "height": 8192, "tags": []}