{"rects": [[[95.57333333333334, 853.3333333333334, 5399.893333333333, 7693.653333333334], ["window"]]], "width": 5464, "height": 8192, "tags": []}