{"rects": [[[552.96, 798.72, 4915.200000000001, 7912.1066666666675], ["window"]]], "width": 5464, "height": 8192, "tags": []}