{"rects": [[[1070.8114285714287, 1474.56, 4692.845714285714, 6658.925714285714], ["window"]]], "width": 5464, "height": 8192, "tags": ["rot90"]}