{"rects": [[[204.8, 805.5466666666667, 4608.0, 6580.906666666667], ["window"]]], "width": 5464, "height": 8192, "tags": []}