{"rects": [[[389.9657142857143, 1003.9542857142857, 1937.3828571428571, 2489.1428571428573], ["window"]], [[1866.857142857143, 862.9028571428571, 3995.074285714286, 3530.4342857142856], ["window"]], [[4007.52, 518.5714285714286, 5148.377142857143, 2306.6057142857144], ["window"]]], "width": 5808, "height": 3872, "tags": []}