{"rects": [[[1945.68, 572.5028571428571, 4090.4914285714285, 3053.3485714285716], ["window"]], [[8.297142857142857, 755.04, 1518.3771428571429, 3040.902857142857], ["window"]]], "width": 5808, "height": 3872, "tags": []}