{"rects": [[[972.8399999999999, 1326.1599999999999, 2976.6, 4535.08], ["window"]]], "width": 3872, "height": 5808, "tags": []}