{"rects": [[[1514.2285714285715, 535.1657142857143, 3953.5885714285714, 3439.1657142857143], ["window"]], [[215.72571428571428, 941.7257142857143, 1381.4742857142858, 3405.977142857143], ["window"]], [[4011.6685714285713, 344.33142857142855, 5239.645714285714, 2202.8914285714286], ["window"]]], "width": 5808, "height": 3872, "tags": []}