{"rects": [[[348.16, 252.58666666666667, 4846.933333333333, 7106.56], ["window"]]], "width": 5464, "height": 8192, "tags": []}