{"rects": [[[1564.0114285714285, 244.7657142857143, 4231.542857142857, 3617.554285714286], ["window"]]], "width": 5808, "height": 3872, "tags": []}