{"rects": [[[924.4399999999999, 1573.0, 2758.7999999999997, 4249.5199999999995], ["window"]]], "width": 3872, "height": 5808, "tags": []}