{"rects": [[[320.85333333333335, 921.6, 4130.133333333333, 7775.573333333334], ["window"]]], "width": 5464, "height": 8192, "tags": []}