{"rects": [[[1184.777142857143, 850.4228571428572, 3383.52, 2794.7657142857142], ["window"]]], "width": 5088, "height": 3392, "tags": []}