{"rects": [[[574.2171428571429, 755.9314285714286, 4786.354285714286, 3205.44], ["window"]]], "width": 5088, "height": 3392, "tags": []}