{"rects": [[[1162.9714285714285, 359.7942857142857, 4161.257142857143, 3038.2628571428572], ["window"]]], "width": 5088, "height": 3392, "tags": []}