{"rects": [[[795.9085714285715, 79.95428571428572, 3721.5085714285715, 3041.897142857143], ["window"]]], "width": 5088, "height": 3392, "tags": []}