{"rects": [[[344.33142857142855, 1099.3714285714286, 2339.7942857142857, 3671.4857142857145], ["window"]], [[2414.4685714285715, 427.30285714285714, 5716.731428571428, 3476.502857142857], ["window"]]], "width": 5808, "height": 3872, "tags": []}