{"rects": [[[921.6, 709.9733333333334, 4853.76, 7666.346666666667], ["window"]]], "width": 5464, "height": 8192, "tags": []}