{"rects": [[[211.6266666666667, 3945.8133333333335, 5434.026666666667, 7837.013333333334], ["window"]], [[40.96, 27.30666666666667, 5464, 3911.6800000000003], ["window"]]], "width": 5464, "height": 8192, "tags": []}