{"rects": [[[587.0933333333334, 675.84, 2717.0133333333333, 7591.253333333334], ["window"]], [[2757.9733333333334, 621.2266666666667, 5160.96, 7372.8], ["window"]]], "width": 5464, "height": 8192, "tags": []}