{"rects": [[[911.6, 1352.5600000000002, 2874.7200000000003, 3968.6400000000003], ["window"]]], "width": 3392, "height": 5088, "tags": []}