{"rects": [[[1385.8133333333335, 798.72, 5331.626666666667, 7181.653333333334], ["window"]]], "width": 5464, "height": 8192, "tags": []}