{"rects": [[[344.33142857142855, 684.5142857142857, 2389.577142857143, 3219.2914285714287], ["window"]], [[2937.1885714285713, 394.1142857142857, 4986.582857142857, 2978.674285714286], ["window"]]], "width": 5808, "height": 3872, "tags": []}