{"rects": [[[614.4, 239.90857142857143, 7870.171428571429, 5149.257142857143], ["window"]]], "width": 8192, "height": 5464, "tags": []}