{"rects": [[[1045.44, 53.93142857142857, 5310.171428571429, 3737.862857142857], ["window"]]], "width": 5808, "height": 3872, "tags": []}