{"rects": [[[1133.2266666666667, 61.440000000000005, 4887.893333333333, 8021.333333333334], ["window"]]], "width": 5464, "height": 8192, "tags": []}