{"rects": [[[1533.0742857142857, 0, 6740.845714285714, 5424.274285714286], ["window"]]], "width": 8192, "height": 5464, "tags": []}