{"rects": [[[1017.1733333333334, 1010.3466666666667, 4983.466666666667, 7843.84], ["window"]]], "width": 5464, "height": 8192, "tags": []}