{"rects": [[[901.12, 719.7257142857143, 7074.377142857143, 5213.622857142857], ["window"]]], "width": 8192, "height": 5464, "tags": []}