{"rects": [[[1272.0, 69.05142857142857, 3743.3142857142857, 3030.994285714286], ["window"]]], "width": 5088, "height": 3392, "tags": []}