{"rects": [[[1925.1200000000001, 1126.4, 4608.0, 7666.346666666667], ["window"]]], "width": 5464, "height": 8192, "tags": []}