{"rects": [[[552.96, 1235.6266666666668, 4553.386666666667, 5556.906666666667], ["window"]]], "width": 5464, "height": 8192, "tags": []}