{"rects": [[[764.5866666666667, 491.52000000000004, 4498.7733333333335, 8069.120000000001], ["window"]]], "width": 5464, "height": 8192, "tags": []}