{"rects": [[[872.2285714285714, 316.18285714285713, 4197.6, 3256.32], ["window"]]], "width": 5088, "height": 3392, "tags": []}