{"rects": [[[348.16, 375.4666666666667, 5464, 7229.4400000000005], ["window"]]], "width": 5464, "height": 8192, "tags": []}