{"rects": [[[1508.2285714285715, 479.7257142857143, 3270.857142857143, 3096.4114285714286], ["window"]]], "width": 5088, "height": 3392, "tags": []}