{"rects": [[[936.2285714285714, 409.6, 3774.1714285714284, 5283.84], ["window"]], [[3826.8342857142857, 421.30285714285714, 7220.662857142857, 5406.72], ["window"]]], "width": 8192, "height": 5464, "tags": []}