{"rects": [[[1334.1257142857144, 35.10857142857143, 7232.365714285715, 5318.948571428571], ["window"]]], "width": 8192, "height": 5464, "tags": []}