{"rects": [[[966.72, 901.3028571428572, 3223.6114285714284, 3143.657142857143], ["window"]]], "width": 5088, "height": 3392, "tags": []}