{"rects": [[[1064.8457142857144, 352.5257142857143, 3539.7942857142857, 2791.131428571429], ["window"]]], "width": 5088, "height": 3392, "tags": []}