{"rects": [[[1426.7733333333333, 95.57333333333334, 5147.306666666667, 7208.96], ["window"]]], "width": 5464, "height": 8192, "tags": []}