{"rects": [[[232.10666666666668, 744.1066666666667, 5106.346666666667, 7741.4400000000005], ["window"]]], "width": 5464, "height": 8192, "tags": []}