{"rects": [[[20.48, 1522.3466666666668, 5365.76, 7898.453333333334], ["window"]]], "width": 5464, "height": 8192, "tags": []}