{"rects": [[[1550.6285714285714, 1211.2457142857143, 6536.045714285714, 5178.5142857142855], ["window"]]], "width": 8192, "height": 5464, "tags": []}