{"rects": [[[150.04, 556.6, 2095.72, 5527.28], ["window"]], [[2153.7999999999997, 498.52, 3334.7599999999998, 5682.16], ["window"]]], "width": 3872, "height": 5808, "tags": []}