{"rects": [[[1998.857142857143, 944.9142857142857, 3274.4914285714285, 2674.8342857142857], ["window"]], [[3427.131428571429, 1235.6571428571428, 3946.8342857142857, 2296.8685714285716], ["window"]], [[4284.822857142857, 1144.8, 4819.062857142857, 1820.777142857143], ["window"]]], "width": 5088, "height": 3392, "tags": []}