{"rects": [[[215.72571428571428, 132.75428571428571, 5534.194285714286, 3816.6857142857143], ["window"]]], "width": 5808, "height": 3872, "tags": []}