{"rects": [[[837.3199999999999, 140.35999999999999, 2594.24, 5246.5599999999995], ["window"]]], "width": 3872, "height": 5808, "tags": []}