{"rects": [[[584.9485714285714, 49.78285714285714, 1953.9771428571428, 3157.062857142857], ["window"]], [[2078.4342857142856, 174.24, 4364.297142857143, 3729.5657142857144], ["window"]]], "width": 5808, "height": 3872, "tags": []}