{"rects": [[[395.9466666666667, 1249.28, 5024.426666666667, 7482.026666666668], ["window"]]], "width": 5464, "height": 8192, "tags": []}