{"rects": [[[742.5942857142857, 49.78285714285714, 5252.091428571429, 3742.0114285714285], ["window"]]], "width": 5808, "height": 3872, "tags": []}