{"rects": [[[779.24, 1945.6799999999998, 2652.3199999999997, 3944.6], ["window"]], [[924.4399999999999, 19.36, 2720.08, 1679.48], ["window"]]], "width": 3872, "height": 5808, "tags": []}