{"rects": [[[531.0171428571429, 20.742857142857144, 1518.3771428571429, 3418.422857142857], ["window"]], [[1539.12, 4.148571428571429, 5613.017142857143, 3696.3771428571426], ["window"]]], "width": 5808, "height": 3872, "tags": []}