{"rects": [[[1457.3485714285714, 50.88, 4542.857142857143, 3318.1028571428574], ["window"]]], "width": 5088, "height": 3392, "tags": []}