{"rects": [[[987.9200000000001, 1500.96, 2560.96, 3828.7200000000003], ["window"]]], "width": 3392, "height": 5088, "tags": []}