{"rects": [[[423.2533333333334, 2423.4666666666667, 5338.453333333334, 7065.6], ["window"]]], "width": 5464, "height": 8192, "tags": []}