{"rects": [[[988.8914285714286, 403.74857142857144, 7320.137142857143, 5435.977142857143], ["window"]]], "width": 8192, "height": 5464, "tags": []}