{"rects": [[[520.7771428571428, 269.1657142857143, 7928.685714285714, 5002.971428571429], ["window"]]], "width": 8192, "height": 5464, "tags": []}