{"rects": [[[358.15999999999997, 837.3199999999999, 3649.3599999999997, 4375.36], ["window"]]], "width": 3872, "height": 5808, "tags": []}