{"rects": [[[897.6685714285715, 407.04, 3706.9714285714285, 3310.8342857142857], ["window"]]], "width": 5088, "height": 3392, "tags": []}