{"rects": [[[559.7866666666667, 976.2133333333334, 4109.653333333334, 7748.266666666667], ["window"]]], "width": 5464, "height": 8192, "tags": []}