{"rects": [[[1159.337142857143, 199.8857142857143, 4023.154285714286, 3310.8342857142857], ["window"]]], "width": 5088, "height": 3392, "tags": []}