{"rects": [[[814.08, 1556.0800000000002, 2959.52, 3748.1600000000003], ["window"]]], "width": 3392, "height": 5088, "tags": []}