{"rects": [[[1769.8971428571429, 766.8342857142857, 3565.2342857142858, 2725.714285714286], ["window"]], [[3852.342857142857, 970.3542857142858, 4789.988571428571, 2140.594285714286], ["window"]]], "width": 5088, "height": 3392, "tags": []}