{"rects": [[[948.9066666666668, 1440.4266666666667, 4464.64, 6225.92], ["window"]]], "width": 5464, "height": 8192, "tags": []}