{"rects": [[[817.9599999999999, 687.28, 3567.08, 5275.599999999999], ["window"]]], "width": 3872, "height": 5808, "tags": []}