{"rects": [[[757.7600000000001, 1693.0133333333335, 5167.786666666667, 5618.346666666667], ["window"]]], "width": 5464, "height": 8192, "tags": []}