{"rects": [[[252.58666666666667, 839.6800000000001, 4478.293333333334, 7994.026666666668], ["window"]]], "width": 5464, "height": 8192, "tags": []}