{"rects": [[[894.2933333333334, 1631.5733333333335, 3870.7200000000003, 5317.973333333333], ["window"]]], "width": 5464, "height": 8192, "tags": []}