{"rects": [[[498.3466666666667, 157.01333333333335, 4601.173333333333, 8041.8133333333335], ["window"]]], "width": 5464, "height": 8192, "tags": []}