{"rects": [[[1536.0, 1686.1866666666667, 4177.92, 7714.133333333334], ["window"]]], "width": 5464, "height": 8192, "tags": []}