{"rects": [[[962.5600000000001, 327.68, 5079.04, 7168.000000000001], ["window"]]], "width": 5464, "height": 8192, "tags": []}