{"rects": [[[976.2133333333334, 1392.64, 4102.826666666667, 7311.360000000001], ["window"]], [[4369.066666666667, 334.50666666666666, 5290.666666666667, 1918.2933333333335], ["window"]], [[1583.7866666666669, 7482.026666666668, 2990.0800000000004, 8178.346666666667], ["window"]]], "width": 5464, "height": 8192, "tags": []}