{"rects": [[[1372.16, 839.6800000000001, 4635.306666666667, 6717.4400000000005], ["window"]]], "width": 5464, "height": 8192, "tags": []}