{"rects": [[[983.0400000000001, 1788.5866666666668, 5167.786666666667, 7748.266666666667], ["window"]]], "width": 5464, "height": 8192, "tags": []}