{"rects": [[[125.84, 1345.52, 3799.4, 5532.12], ["window"]], [[29.04, 285.56, 3605.7999999999997, 1243.8799999999999], ["window"]]], "width": 3872, "height": 5808, "tags": []}