{"rects": [[[1632.5485714285714, 696.32, 6430.72, 5166.811428571428], ["window"]]], "width": 8192, "height": 5464, "tags": []}