{"rects": [[[450.56, 300.37333333333333, 4840.106666666667, 7290.88], ["window"]]], "width": 5464, "height": 8192, "tags": []}