{"rects": [[[1348.2857142857142, 1178.1942857142858, 4119.5314285714285, 3086.537142857143], ["window"]]], "width": 5808, "height": 3872, "tags": []}