{"rects": [[[2187.84, 883.1314285714286, 3696.0685714285714, 2442.2400000000002], ["window"]]], "width": 5088, "height": 3392, "tags": []}