{"rects": [[[819.2, 628.0533333333334, 4990.293333333334, 7864.320000000001], ["window"]]], "width": 5464, "height": 8192, "tags": []}