{"rects": [[[2340.5714285714284, 983.04, 5681.737142857143, 4733.805714285714], ["window"]], [[6419.017142857143, 1304.8685714285714, 8186.148571428572, 4862.5371428571425], ["window"]]], "width": 8192, "height": 5464, "tags": []}