{"rects": [[[245.76000000000002, 1221.9733333333334, 5338.453333333334, 7632.213333333334], ["window"]]], "width": 5464, "height": 8192, "tags": []}