{"rects": [[[293.5466666666667, 395.9466666666667, 4949.333333333334, 7277.226666666667], ["window"]]], "width": 5464, "height": 8192, "tags": []}