{"rects": [[[1480.4114285714286, 415.45142857142855, 6922.24, 5318.948571428571], ["window"]]], "width": 8192, "height": 5464, "tags": []}