{"rects": [[[1097.5542857142857, 261.66857142857145, 4342.971428571429, 3350.8114285714287], ["window"]]], "width": 5088, "height": 3392, "tags": []}