{"rects": [[[1351.68, 1140.0533333333335, 4867.413333333334, 7877.973333333334], ["window"]]], "width": 5464, "height": 8192, "tags": []}