{"rects": [[[709.9733333333334, 969.3866666666668, 5440.8533333333335, 7236.266666666667], ["window"]]], "width": 5464, "height": 8192, "tags": []}