{"rects": [[[1454.0800000000002, 40.96, 4642.133333333333, 7837.013333333334], ["window"]]], "width": 5464, "height": 8192, "tags": []}