{"rects": [[[1269.462857142857, 99.56571428571428, 4223.245714285715, 3708.822857142857], ["window"]]], "width": 5808, "height": 3872, "tags": []}