{"rects": [[[712.32, 904.9371428571428, 3488.9142857142856, 2921.9657142857145], ["window"]]], "width": 5088, "height": 3392, "tags": []}