{"rects": [[[2124.0685714285714, 772.3885714285715, 6577.005714285714, 4517.302857142857], ["window"]]], "width": 8192, "height": 5464, "tags": []}