{"rects": [[[382.29333333333335, 1297.0666666666668, 5065.386666666667, 6519.466666666667], ["window"]]], "width": 5464, "height": 8192, "tags": []}