{"rects": [[[425.91999999999996, 856.68, 3576.7599999999998, 5440.16], ["window"]]], "width": 3872, "height": 5808, "tags": []}