{"rects": [[[1078.6133333333335, 2252.8, 4935.68, 7652.693333333334], ["window"]]], "width": 5464, "height": 8192, "tags": []}