{"rects": [[[1088.3657142857144, 1000.5942857142857, 7027.565714285714, 5090.742857142857], ["window"]]], "width": 8192, "height": 5464, "tags": []}