{"rects": [[[2248.5257142857145, 427.30285714285714, 5438.777142857143, 3733.714285714286], ["window"]]], "width": 5808, "height": 3872, "tags": []}