{"rects": [[[805.5466666666667, 935.2533333333334, 5079.04, 7488.8533333333335], ["window"]]], "width": 5464, "height": 8192, "tags": []}