{"rects": [[[81.92, 853.3333333333334, 5420.373333333334, 6656.0], ["window"]]], "width": 5464, "height": 8192, "tags": []}