{"rects": [[[184.32000000000002, 1570.1333333333334, 5215.573333333334, 6976.8533333333335], ["window"]]], "width": 5464, "height": 8192, "tags": []}