{"rects": [[[1790.537142857143, 99.47428571428571, 6255.177142857143, 5307.245714285715], ["window"]]], "width": 8192, "height": 5464, "tags": []}