{"rects": [[[1369.2342857142858, 403.74857142857144, 7068.5257142857145, 5231.177142857143], ["window"]]], "width": 8192, "height": 5464, "tags": []}