{"rects": [[[2715.062857142857, 286.72, 5857.28, 4599.222857142857], ["window"]]], "width": 8192, "height": 5464, "tags": []}