{"rects": [[[392.5028571428571, 105.39428571428572, 4699.131428571429, 3103.68], ["window"]]], "width": 5088, "height": 3392, "tags": []}