{"rects": [[[999.8057142857143, 584.9485714285714, 3111.4285714285716, 3372.7885714285712], ["window"]], [[3144.617142857143, 651.3257142857143, 5268.685714285714, 3260.7771428571427], ["window"]]], "width": 5808, "height": 3872, "tags": []}