{"rects": [[[709.9733333333334, 170.66666666666669, 5051.733333333334, 7400.1066666666675], ["window"]]], "width": 5464, "height": 8192, "tags": []}