{"rects": [[[225.28, 2109.44, 5297.493333333334, 6287.360000000001], ["window"]]], "width": 5464, "height": 8192, "tags": []}