{"rects": [[[122.88000000000001, 1556.48, 2833.066666666667, 7563.946666666667], ["window"]], [[2928.6400000000003, 1877.3333333333335, 5181.4400000000005, 7434.240000000001], ["window"]]], "width": 5464, "height": 8192, "tags": []}