{"rects": [[[1041.5542857142857, 362.7885714285714, 6617.965714285714, 5383.314285714286], ["window"]]], "width": 8192, "height": 5464, "tags": []}