{"rects": [[[792.2742857142857, 123.5657142857143, 3717.8742857142856, 2925.6], ["window"]]], "width": 5088, "height": 3392, "tags": []}