{"rects": [[[123.5657142857143, 1221.1200000000001, 4673.691428571428, 2798.4], ["window"]]], "width": 5088, "height": 3392, "tags": []}