{"rects": [[[448.04571428571427, 82.97142857142858, 4978.285714285715, 3750.308571428571], ["window"]]], "width": 5808, "height": 3872, "tags": []}