{"rects": [[[988.5257142857143, 138.10285714285715, 4292.091428571429, 2976.48], ["window"]]], "width": 5088, "height": 3392, "tags": []}