{"rects": [[[1047.4057142857143, 76.06857142857143, 5576.411428571429, 5049.782857142857], ["window"]], [[5652.48, 257.46285714285716, 7226.5142857142855, 5102.4457142857145], ["window"]]], "width": 8192, "height": 5464, "tags": []}