{"rects": [[[61.440000000000005, 436.9066666666667, 5399.893333333333, 6990.506666666667], ["window"]]], "width": 5464, "height": 8192, "tags": []}