{"rects": [[[2165.0285714285715, 46.81142857142857, 5517.897142857143, 4546.56], ["window"]], [[5670.034285714286, 111.17714285714285, 8127.634285714285, 4177.92], ["window"]]], "width": 8192, "height": 5464, "tags": []}