{"rects": [[[995.6571428571428, 489.5314285714286, 4418.228571428572, 3107.28], ["window"]]], "width": 5808, "height": 3872, "tags": []}