{"rects": [[[1187.8400000000001, 382.29333333333335, 5017.6, 7980.373333333334], ["window"]]], "width": 5464, "height": 8192, "tags": []}