{"rects": [[[846.3085714285714, 124.45714285714286, 5127.634285714285, 3754.457142857143], ["window"]]], "width": 5808, "height": 3872, "tags": []}