{"rects": [[[1252.2057142857143, 275.01714285714286, 6301.988571428571, 5254.582857142857], ["window"]]], "width": 8192, "height": 5464, "tags": []}