{"rects": [[[1576.4571428571428, 45.63428571428572, 4521.942857142857, 3721.2685714285712], ["window"]]], "width": 5808, "height": 3872, "tags": []}