{"rects": [[[116.05333333333334, 1611.0933333333335, 1686.1866666666667, 5338.453333333334], ["window"]], [[1904.64, 1931.9466666666667, 4491.946666666667, 6075.733333333334], ["window"]]], "width": 5464, "height": 8192, "tags": []}