{"rects": [[[1365.3333333333335, 2013.8666666666668, 2293.76, 5802.666666666667], ["window"]], [[2321.0666666666666, 2054.826666666667, 5399.893333333333, 5850.453333333334], ["window"]]], "width": 5464, "height": 8192, "tags": []}