{"rects": [[[1174.1866666666667, 1372.16, 4819.626666666667, 6082.56], ["window"]]], "width": 5464, "height": 8192, "tags": []}