{"rects": [[[1082.5142857142857, 304.2742857142857, 6319.542857142857, 5184.365714285715], ["window"]]], "width": 8192, "height": 5464, "tags": []}