{"rects": [[[1262.9333333333334, 634.88, 4560.213333333334, 8185.173333333334], ["window"]]], "width": 5464, "height": 8192, "tags": []}