{"rects": [[[1105.92, 969.3866666666668, 4498.7733333333335, 6813.013333333333], ["window"]]], "width": 5464, "height": 8192, "tags": []}