{"rects": [[[430.08000000000004, 1256.1066666666668, 4444.16, 7980.373333333334], ["window"]]], "width": 5464, "height": 8192, "tags": []}