{"rects": [[[1439.5542857142857, 555.9085714285715, 4559.28, 3605.1085714285714], ["window"]]], "width": 5808, "height": 3872, "tags": []}