{"rects": [[[259.41333333333336, 382.29333333333335, 5406.72, 7741.4400000000005], ["window"]]], "width": 5464, "height": 8192, "tags": []}