{"rects": [[[880.6400000000001, 471.04, 5372.586666666667, 7563.946666666667], ["window"]]], "width": 5464, "height": 8192, "tags": []}