{"rects": [[[1761.28, 409.6, 6957.348571428572, 5400.868571428571], ["window"]]], "width": 8192, "height": 5464, "tags": []}