{"rects": [[[1754.4533333333334, 2935.4666666666667, 3597.6533333333336, 4949.333333333334], ["window"]], [[3850.2400000000002, 2730.666666666667, 5229.226666666667, 4485.12], ["window"]], [[1727.1466666666668, 5311.146666666667, 3590.826666666667, 6867.626666666667], ["window"]], [[1904.64, 395.9466666666667, 3604.48, 2491.7333333333336], ["window"]], [[3822.9333333333334, 655.36, 4860.586666666667, 2088.96], ["window"]]], "width": 5464, "height": 8192, "tags": []}