{"rects": [[[373.37142857142857, 277.95428571428573, 5194.011428571429, 3858.1714285714284], ["window"]]], "width": 5808, "height": 3872, "tags": []}