{"rects": [[[457.3866666666667, 942.08, 5154.133333333333, 7133.866666666667], ["window"]]], "width": 5464, "height": 8192, "tags": []}