{"rects": [[[934.0114285714286, 268.9371428571429, 4742.742857142857, 3256.32], ["window"]]], "width": 5088, "height": 3392, "tags": []}