{"rects": [[[1129.3257142857142, 743.1314285714286, 8045.714285714285, 4932.754285714285], ["window"]]], "width": 8192, "height": 5464, "tags": []}