{"rects": [[[757.7600000000001, 1064.96, 3993.6000000000004, 7311.360000000001], ["window"]], [[4041.3866666666668, 1126.4, 5311.146666666667, 7202.133333333334], ["window"]]], "width": 5464, "height": 8192, "tags": []}