{"rects": [[[832.48, 909.92, 3833.2799999999997, 4549.599999999999], ["window"]]], "width": 3872, "height": 5808, "tags": []}