{"rects": [[[2016.2057142857143, 1149.1542857142856, 3696.3771428571426, 2957.9314285714286], ["window"]], [[4256.434285714286, 1070.3314285714287, 5173.268571428572, 2957.9314285714286], ["window"]]], "width": 5808, "height": 3872, "tags": []}