{"rects": [[[983.0400000000001, 457.3866666666667, 4328.106666666667, 7884.8], ["window"]]], "width": 5464, "height": 8192, "tags": []}