{"rects": [[[170.66666666666669, 996.6933333333334, 4614.826666666667, 7843.84], ["window"]]], "width": 5464, "height": 8192, "tags": []}