{"rects": [[[143.36, 1447.2533333333333, 5420.373333333334, 7195.306666666667], ["window"]]], "width": 5464, "height": 8192, "tags": []}