{"rects": [[[560.0571428571428, 53.93142857142857, 4625.657142857143, 3580.217142857143], ["window"]]], "width": 5808, "height": 3872, "tags": []}