{"rects": [[[1802.6057142857144, 65.41714285714286, 4372.045714285714, 3278.1257142857144], ["window"]]], "width": 5088, "height": 3392, "tags": []}