{"rects": [[[1624.5257142857142, 181.71428571428572, 4230.308571428572, 3114.5828571428574], ["window"]]], "width": 5088, "height": 3392, "tags": []}