{"rects": [[[174.24, 128.6057142857143, 5111.04, 3638.2971428571427], ["window"]]], "width": 5808, "height": 3872, "tags": []}