{"rects": [[[1263.9085714285713, 93.62285714285714, 6875.428571428572, 4985.417142857143], ["window"]]], "width": 8192, "height": 5464, "tags": []}