{"rects": [[[587.0933333333334, 498.3466666666667, 5079.04, 7789.226666666667], ["window"]]], "width": 5464, "height": 8192, "tags": []}