{"rects": [[[139.92000000000002, 101.76, 2688.1600000000003, 4634.320000000001], ["window"]]], "width": 3392, "height": 5088, "tags": []}