{"rects": [[[512.0, 1051.3066666666668, 4751.360000000001, 7980.373333333334], ["window"]]], "width": 5464, "height": 8192, "tags": []}