{"rects": [[[832.2514285714286, 425.2114285714286, 4495.611428571428, 3125.4857142857145], ["window"]]], "width": 5088, "height": 3392, "tags": []}