{"rects": [[[825.5657142857143, 331.8857142857143, 4563.428571428572, 3862.32], ["window"]]], "width": 5808, "height": 3872, "tags": []}