{"rects": [[[409.6, 1058.1333333333334, 5167.786666666667, 7898.453333333334], ["window"]]], "width": 5464, "height": 8192, "tags": []}