{"rects": [[[2027.9314285714286, 959.4514285714286, 3616.114285714286, 2976.48], ["window"]]], "width": 5088, "height": 3392, "tags": []}