{"rects": [[[1064.96, 573.44, 5461.333333333334, 7529.8133333333335], ["window"]]], "width": 5464, "height": 8192, "tags": []}