{"rects": [[[930.3771428571429, 169.69142857142856, 6454.125714285714, 5055.634285714285], ["window"]]], "width": 8192, "height": 5464, "tags": []}