{"rects": [[[770.4685714285714, 218.05714285714285, 3983.177142857143, 2994.651428571429], ["window"]]], "width": 5088, "height": 3392, "tags": []}