{"rects": [[[1421.0057142857142, 294.37714285714287, 3706.9714285714285, 3172.7314285714288], ["window"]]], "width": 5088, "height": 3392, "tags": []}