{"rects": [[[1717.5085714285715, 41.48571428571429, 4326.96, 3754.457142857143], ["window"]]], "width": 5808, "height": 3872, "tags": []}