{"rects": [[[965.4857142857143, 111.17714285714285, 7688.777142857143, 5359.908571428571], ["window"]]], "width": 8192, "height": 5464, "tags": []}