{"rects": [[[1153.7066666666667, 1262.9333333333334, 4089.1733333333336, 7761.92], ["window"]]], "width": 5464, "height": 8192, "tags": []}