{"rects": [[[252.58666666666667, 539.3066666666667, 5420.373333333334, 7980.373333333334], ["window"]]], "width": 5464, "height": 8192, "tags": []}