{"rects": [[[639.6342857142857, 479.7257142857143, 3470.7428571428572, 3183.634285714286], ["window"]]], "width": 5088, "height": 3392, "tags": []}