{"rects": [[[1252.8685714285714, 207.42857142857142, 4484.605714285714, 3872], ["window"]]], "width": 5808, "height": 3872, "tags": []}