{"rects": [[[2169.7028571428573, 958.32, 4380.891428571428, 3069.942857142857], ["window"]]], "width": 5808, "height": 3872, "tags": []}