{"rects": [[[2516.114285714286, 58.51428571428571, 7121.188571428572, 5079.04], ["window"]]], "width": 8192, "height": 5464, "tags": []}