{"rects": [[[238.93333333333334, 177.49333333333334, 5174.613333333334, 7406.933333333333], ["window"]]], "width": 5464, "height": 8192, "tags": []}