{"rects": [[[414.30857142857144, 748.6628571428572, 4859.04, 2976.48], ["window"]]], "width": 5088, "height": 3392, "tags": []}