{"rects": [[[271.36, 135.68, 2132.7200000000003, 4485.92], ["window"]], [[2166.6400000000003, 407.04, 3129.1200000000003, 4536.8], ["window"]]], "width": 3392, "height": 5088, "tags": []}