{"rects": [[[1319.2457142857143, 341.62285714285713, 3928.6628571428573, 3368.982857142857], ["window"]]], "width": 5088, "height": 3392, "tags": []}