{"rects": [[[546.1333333333333, 279.8933333333334, 5106.346666666667, 7645.866666666667], ["window"]]], "width": 5464, "height": 8192, "tags": []}