{"rects": [[[402.77333333333337, 1249.28, 5406.72, 7318.186666666667], ["window"]]], "width": 5464, "height": 8192, "tags": []}