{"rects": [[[1021.2342857142858, 72.68571428571428, 3812.365714285714, 2802.034285714286], ["window"]]], "width": 5088, "height": 3392, "tags": []}