{"rects": [[[1398.0685714285714, 62.22857142857143, 4414.08, 3758.6057142857144], ["window"]]], "width": 5808, "height": 3872, "tags": []}