{"rects": [[[1170.24, 479.7257142857143, 4023.154285714286, 3001.92], ["window"]]], "width": 5088, "height": 3392, "tags": []}