{"rects": [[[1119.5733333333335, 1959.2533333333336, 4956.160000000001, 6997.333333333334], ["window"]]], "width": 5464, "height": 8192, "tags": []}