{"rects": [[[709.9733333333334, 6.826666666666667, 5420.373333333334, 7987.200000000001], ["window"]]], "width": 5464, "height": 8192, "tags": []}