{"rects": [[[218.45333333333335, 88.74666666666667, 5434.026666666667, 8007.68], ["window"]]], "width": 5464, "height": 8192, "tags": []}