{"rects": [[[2679.9542857142856, 415.45142857142855, 6301.988571428571, 5084.891428571428], ["window"]]], "width": 8192, "height": 5464, "tags": []}