{"rects": [[[76.32000000000001, 309.52000000000004, 2874.7200000000003, 4630.08], ["window"]]], "width": 3392, "height": 5088, "tags": []}