{"rects": [[[1884.16, 614.4000000000001, 4382.72, 7809.706666666667], ["window"]]], "width": 5464, "height": 8192, "tags": []}