{"rects": [[[854.3085714285714, 345.2342857142857, 7162.148571428572, 4663.588571428571], ["window"]]], "width": 8192, "height": 5464, "tags": []}