{"rects": [[[580.2666666666667, 1768.1066666666668, 4758.186666666667, 5932.373333333334], ["window"]]], "width": 5464, "height": 8192, "tags": []}