{"rects": [[[614.4000000000001, 293.5466666666667, 4648.96, 7700.4800000000005], ["window"]]], "width": 5464, "height": 8192, "tags": []}