{"rects": [[[505.17333333333335, 225.28, 5386.240000000001, 8185.173333333334], ["window"]]], "width": 5464, "height": 8192, "tags": []}