{"rects": [[[825.0514285714286, 29.257142857142856, 7489.828571428571, 5096.594285714285], ["window"]]], "width": 8192, "height": 5464, "tags": []}