{"rects": [[[1624.5257142857142, 308.9142857142857, 3790.56, 3056.4342857142856], ["window"]]], "width": 5088, "height": 3392, "tags": []}