{"rects": [[[423.2533333333334, 873.8133333333334, 4922.026666666667, 6567.253333333334], ["window"]]], "width": 5464, "height": 8192, "tags": []}