{"rects": [[[775.7828571428571, 149.34857142857143, 4625.657142857143, 3872], ["window"]]], "width": 5808, "height": 3872, "tags": []}