{"rects": [[[275.88, 793.76, 1848.8799999999999, 5028.76], ["window"]], [[1868.24, 1001.88, 3712.2799999999997, 5396.599999999999], ["window"]]], "width": 3872, "height": 5808, "tags": []}