{"rects": [[[327.68, 791.8933333333334, 4498.7733333333335, 7625.386666666667], ["window"]]], "width": 5464, "height": 8192, "tags": []}