{"rects": [[[1078.6133333333335, 136.53333333333333, 4983.466666666667, 7912.1066666666675], ["window"]]], "width": 5464, "height": 8192, "tags": []}