{"rects": [[[921.6, 593.9200000000001, 5208.746666666667, 7925.76], ["window"]]], "width": 5464, "height": 8192, "tags": []}