{"rects": [[[629.1999999999999, 575.96, 3228.2799999999997, 5275.599999999999], ["window"]]], "width": 3872, "height": 5808, "tags": []}