{"rects": [[[1550.6285714285714, 269.1657142857143, 5418.4228571428575, 4751.36], ["window"]]], "width": 8192, "height": 5464, "tags": []}