{"rects": [[[1929.0857142857142, 763.3371428571429, 4356.0, 3389.382857142857], ["window"]], [[904.3885714285715, 767.4857142857143, 1912.4914285714285, 3414.2742857142857], ["window"]]], "width": 5808, "height": 3872, "tags": []}