{"rects": [[[1112.7466666666667, 2020.6933333333334, 5031.253333333334, 7208.96], ["window"]]], "width": 5464, "height": 8192, "tags": []}