{"rects": [[[1583.7866666666669, 505.17333333333335, 5290.666666666667, 7973.546666666667], ["window"]]], "width": 5464, "height": 8192, "tags": []}