{"rects": [[[1445.3028571428572, 204.8, 6448.274285714286, 5079.04], ["window"]]], "width": 8192, "height": 5464, "tags": []}