{"rects": [[[1948.5257142857142, 257.46285714285716, 6500.937142857143, 4985.417142857143], ["window"]]], "width": 8192, "height": 5464, "tags": []}