{"rects": [[[1857.1200000000001, 861.3257142857143, 3594.3085714285717, 2674.8342857142857], ["window"]]], "width": 5088, "height": 3392, "tags": []}