{"rects": [[[995.6571428571428, 236.46857142857144, 4932.651428571428, 3820.8342857142857], ["window"]]], "width": 5808, "height": 3872, "tags": []}