{"rects": [[[450.56, 1665.7066666666667, 4792.320000000001, 6908.586666666667], ["window"]]], "width": 5464, "height": 8192, "tags": []}