{"rects": [[[1925.12, 877.7142857142857, 5991.862857142857, 5459.382857142858], ["window"]]], "width": 8192, "height": 5464, "tags": []}