{"rects": [[[1092.2666666666667, 2580.48, 3618.1333333333337, 6109.866666666667], ["window"]], [[3700.0533333333337, 3843.4133333333334, 4669.4400000000005, 5666.133333333334], ["window"]]], "width": 5464, "height": 8192, "tags": []}