{"rects": [[[996.6933333333334, 539.3066666666667, 4819.626666666667, 7959.893333333333], ["window"]]], "width": 5464, "height": 8192, "tags": []}