{"rects": [[[1130.2628571428572, 726.8571428571429, 3612.48, 2514.9257142857145], ["window"]]], "width": 5088, "height": 3392, "tags": []}