{"rects": [[[1099.3714285714286, 211.57714285714286, 4372.594285714285, 3729.5657142857144], ["window"]]], "width": 5808, "height": 3872, "tags": []}