{"rects": [[[2779.4285714285716, 321.8285714285714, 6448.274285714286, 4885.942857142857], ["window"]]], "width": 8192, "height": 5464, "tags": []}