{"rects": [[[1755.3600000000001, 1184.777142857143, 3561.6, 3100.0457142857144], ["window"]]], "width": 5088, "height": 3392, "tags": []}