{"rects": [[[348.16, 1563.3066666666668, 5201.92, 4212.053333333333], ["window"]], [[334.50666666666666, 4273.493333333334, 5365.76, 7277.226666666667], ["window"]]], "width": 5464, "height": 8192, "tags": []}