{"rects": [[[996.6933333333334, 566.6133333333333, 5079.04, 7946.240000000001], ["window"]]], "width": 5464, "height": 8192, "tags": []}