{"rects": [[[1410.1942857142858, 579.2914285714286, 6617.965714285714, 4400.274285714286], ["window"]]], "width": 8192, "height": 5464, "tags": []}