{"rects": [[[1105.92, 1338.0266666666666, 4983.466666666667, 7174.826666666667], ["window"]]], "width": 5464, "height": 8192, "tags": []}