{"rects": [[[1788.5866666666668, 2327.8933333333334, 3795.626666666667, 6075.733333333334], ["window"]], [[4212.053333333333, 2928.6400000000003, 5154.133333333333, 6048.426666666667], ["window"]]], "width": 5464, "height": 8192, "tags": []}