{"rects": [[[2205.9885714285715, 117.02857142857142, 7185.5542857142855, 5330.651428571428], ["window"]]], "width": 8192, "height": 5464, "tags": []}