{"rects": [[[402.77333333333337, 648.5333333333334, 5003.946666666667, 6403.413333333334], ["window"]]], "width": 5464, "height": 8192, "tags": []}