{"rects": [[[1144.8, 334.3542857142857, 3975.9085714285716, 3270.857142857143], ["window"]], [[327.0857142857143, 512.4342857142857, 1079.3828571428571, 1482.7885714285715], ["window"]]], "width": 5088, "height": 3392, "tags": []}