{"rects": [[[634.88, 737.2800000000001, 5311.146666666667, 6874.453333333334], ["window"]]], "width": 5464, "height": 8192, "tags": []}