{"rects": [[[1958.88, 915.84, 3329.0057142857145, 2209.6457142857143], ["window"]], [[596.0228571428571, 1424.64, 1780.8, 2867.4514285714286], ["window"]], [[665.0742857142857, 39.97714285714286, 1719.017142857143, 1126.6285714285714], ["window"]], [[3543.4285714285716, 1544.5714285714287, 4706.4, 2885.6228571428574], ["window"]], [[3536.16, 138.10285714285715, 4793.622857142857, 1301.0742857142857], ["window"]]], "width": 5088, "height": 3392, "tags": []}