{"rects": [[[976.2133333333334, 1856.8533333333335, 4430.506666666667, 7639.040000000001], ["window"]]], "width": 5464, "height": 8192, "tags": []}