{"rects": [[[135.51999999999998, 958.3199999999999, 3591.2799999999997, 4172.08], ["window"]]], "width": 3872, "height": 5808, "tags": []}