{"rects": [[[894.2933333333334, 293.5466666666667, 4758.186666666667, 7864.320000000001], ["window"]]], "width": 5464, "height": 8192, "tags": []}