{"rects": [[[1126.4, 832.8533333333334, 4594.346666666667, 7734.613333333334], ["window"]]], "width": 5464, "height": 8192, "tags": []}