{"rects": [[[35.10857142857143, 830.9028571428571, 7946.24, 5277.988571428571], ["window"]]], "width": 8192, "height": 5464, "tags": []}