{"rects": [[[141.73714285714286, 36.34285714285714, 3972.2742857142857, 3089.1428571428573], ["window"]]], "width": 5088, "height": 3392, "tags": []}