{"rects": [[[1611.0933333333335, 1153.7066666666667, 4369.066666666667, 7270.400000000001], ["window"]]], "width": 5464, "height": 8192, "tags": []}