{"rects": [[[1790.537142857143, 292.57142857142856, 7782.4, 5289.691428571428], ["window"]]], "width": 8192, "height": 5464, "tags": []}