{"rects": [[[1462.857142857143, 216.50285714285715, 7080.228571428572, 5266.285714285715], ["window"]]], "width": 8192, "height": 5464, "tags": []}