{"rects": [[[716.8000000000001, 402.77333333333337, 4123.306666666667, 7720.960000000001], ["window"]]], "width": 5464, "height": 8192, "tags": []}