{"rects": [[[771.6342857142857, 112.01142857142857, 5509.302857142857, 3696.3771428571426], ["window"]]], "width": 5808, "height": 3872, "tags": []}