{"rects": [[[883.5657142857143, 234.05714285714285, 7366.948571428571, 4751.36], ["window"]]], "width": 8192, "height": 5464, "tags": []}