{"rects": [[[2135.7714285714287, 345.2342857142857, 6758.4, 4452.937142857143], ["window"]]], "width": 8192, "height": 5464, "tags": []}