{"rects": [[[386.19428571428574, 351.0857142857143, 7027.565714285714, 5406.72], ["window"]]], "width": 8192, "height": 5464, "tags": []}