{"rects": [[[336.0342857142857, 348.48, 5629.611428571428, 3522.137142857143], ["window"]]], "width": 5808, "height": 3872, "tags": []}