{"rects": [[[1435.5428571428572, 814.08, 3310.8342857142857, 2598.514285714286], ["window"]]], "width": 5088, "height": 3392, "tags": []}