{"rects": [[[368.64000000000004, 273.06666666666666, 5010.7733333333335, 5809.493333333334], ["window"]]], "width": 5464, "height": 8192, "tags": []}