{"rects": [[[486.9942857142857, 228.96, 2616.6857142857143, 2416.8], ["window"]]], "width": 5088, "height": 3392, "tags": []}