{"rects": [[[1078.6133333333335, 245.76000000000002, 4840.106666666667, 6792.533333333334], ["window"]]], "width": 5464, "height": 8192, "tags": []}