{"rects": [[[1032.9942857142858, 141.05142857142857, 3580.217142857143, 3534.582857142857], ["window"]], [[3630.0, 174.24, 4899.4628571428575, 3588.5142857142855], ["window"]]], "width": 5808, "height": 3872, "tags": []}