{"rects": [[[996.6933333333334, 464.21333333333337, 4662.613333333334, 7168.000000000001], ["window"]]], "width": 5464, "height": 8192, "tags": []}