{"rects": [[[395.9466666666667, 655.36, 4341.76, 7686.826666666667], ["window"]]], "width": 5464, "height": 8192, "tags": []}