{"rects": [[[720.8000000000001, 1123.6000000000001, 2200.56, 4087.36], ["window"]]], "width": 3392, "height": 5088, "tags": []}