{"rects": [[[1362.857142857143, 79.95428571428572, 3459.84, 3121.8514285714286], ["window"]]], "width": 5088, "height": 3392, "tags": []}