{"rects": [[[778.24, 204.8, 7595.154285714286, 5371.611428571428], ["window"]]], "width": 8192, "height": 5464, "tags": []}