{"rects": [[[1467.7333333333333, 2450.7733333333335, 4362.240000000001, 5079.04], ["window"]], [[1733.9733333333334, 5208.746666666667, 4567.04, 7782.400000000001], ["window"]], [[1686.1866666666667, 61.440000000000005, 4198.400000000001, 2348.3733333333334], ["window"]]], "width": 5464, "height": 8192, "tags": []}