{"rects": [[[2744.32, 655.36, 7454.72, 5190.217142857143], ["window"]], [[491.52, 263.3142857142857, 2592.1828571428573, 5231.177142857143], ["window"]]], "width": 8192, "height": 5464, "tags": []}