{"rects": [[[771.6800000000001, 1606.96, 2459.2000000000003, 4134.0], ["window"]]], "width": 3392, "height": 5088, "tags": []}