{"rects": [[[1010.3314285714285, 516.0685714285714, 3685.1657142857143, 2427.7028571428573], ["window"]]], "width": 5088, "height": 3392, "tags": []}