{"rects": [[[116.05333333333334, 1897.8133333333335, 5290.666666666667, 7475.200000000001], ["window"]]], "width": 5464, "height": 8192, "tags": []}