{"rects": [[[364.64000000000004, 831.0400000000001, 2997.6800000000003, 4384.16], ["window"]]], "width": 3392, "height": 5088, "tags": []}