{"rects": [[[675.84, 150.18666666666667, 5174.613333333334, 7891.626666666667], ["window"]]], "width": 5464, "height": 8192, "tags": []}