{"rects": [[[479.7257142857143, 1050.3085714285714, 2983.7485714285713, 3110.9485714285715], ["window"]]], "width": 5088, "height": 3392, "tags": []}