{"rects": [[[1435.5428571428572, 523.3371428571429, 3797.8285714285716, 2961.942857142857], ["window"]]], "width": 5088, "height": 3392, "tags": []}