{"rects": [[[1053.942857142857, 388.86857142857144, 3121.8514285714286, 3165.462857142857], ["window"]]], "width": 5088, "height": 3392, "tags": []}