{"rects": [[[1037.6533333333334, 839.6800000000001, 4628.4800000000005, 7912.1066666666675], ["window"]]], "width": 5464, "height": 8192, "tags": []}