{"rects": [[[1414.662857142857, 132.75428571428571, 4140.274285714286, 3800.0914285714284], ["window"]]], "width": 5808, "height": 3872, "tags": []}