{"rects": [[[703.1466666666668, 1249.28, 5092.693333333334, 8014.506666666667], ["window"]]], "width": 5464, "height": 8192, "tags": []}