{"rects": [[[1515.52, 433.0057142857143, 7366.948571428571, 5190.217142857143], ["window"]]], "width": 8192, "height": 5464, "tags": []}