{"rects": [[[1366.4914285714285, 1184.777142857143, 3332.64, 2892.8914285714286], ["window"]], [[0, 1017.6, 1079.3828571428571, 2445.8742857142856], ["window"]]], "width": 5088, "height": 3392, "tags": []}