{"rects": [[[552.4114285714286, 377.9657142857143, 3819.634285714286, 3285.3942857142856], ["window"]]], "width": 5088, "height": 3392, "tags": []}