{"rects": [[[1187.8400000000001, 1440.4266666666667, 4881.066666666667, 7632.213333333334], ["window"]]], "width": 5464, "height": 8192, "tags": []}