{"rects": [[[1146.88, 1234.6514285714286, 5623.222857142857, 5301.394285714286], ["window"]]], "width": 8192, "height": 5464, "tags": []}