{"rects": [[[686.88, 3.6342857142857143, 3172.7314285714288, 4088.5714285714284], ["window"]]], "width": 3392, "height": 5088, "tags": ["rot90"]}