{"rects": [[[1817.142857142857, 1326.5142857142857, 3590.674285714286, 3092.7771428571427], ["window"]], [[2111.52, 785.0057142857142, 3209.074285714286, 1311.9771428571428], ["window"]]], "width": 5088, "height": 3392, "tags": []}