{"rects": [[[1181.142857142857, 472.45714285714286, 4063.131428571429, 3118.217142857143], ["window"]]], "width": 5088, "height": 3392, "tags": []}