{"rects": [[[1391.9314285714286, 265.30285714285714, 4499.245714285715, 3219.977142857143], ["window"]]], "width": 5088, "height": 3392, "tags": []}