{"rects": [[[273.06666666666666, 1378.9866666666667, 4491.946666666667, 7072.426666666667], ["window"]]], "width": 5464, "height": 8192, "tags": []}