{"rects": [[[535.1657142857143, 348.48, 4580.022857142857, 3293.9657142857145], ["window"]]], "width": 5808, "height": 3872, "tags": []}