{"rects": [[[47.78666666666667, 273.06666666666666, 5427.200000000001, 7659.52], ["window"]]], "width": 5464, "height": 8192, "tags": []}