{"rects": [[[1817.142857142857, 719.5885714285714, 4593.737142857143, 3038.2628571428572], ["window"]]], "width": 5088, "height": 3392, "tags": []}