{"rects": [[[1242.9257142857143, 163.54285714285714, 4859.04, 3321.7371428571428], ["window"]]], "width": 5088, "height": 3392, "tags": []}