{"rects": [[[914.7733333333334, 573.44, 4969.8133333333335, 5829.973333333333], ["window"]]], "width": 5464, "height": 8192, "tags": []}