{"rects": [[[555.9085714285715, 128.6057142857143, 4273.028571428571, 3671.4857142857145], ["window"]]], "width": 5808, "height": 3872, "tags": []}