{"rects": [[[1440.4266666666667, 1324.3733333333334, 4942.506666666667, 7789.226666666667], ["window"]]], "width": 5464, "height": 8192, "tags": []}