{"rects": [[[1410.1942857142858, 345.2342857142857, 7413.76, 5125.851428571428], ["window"]]], "width": 8192, "height": 5464, "tags": []}