{"rects": [[[1331.2, 1051.3066666666668, 4123.306666666667, 7502.506666666667], ["window"]]], "width": 5464, "height": 8192, "tags": []}