{"rects": [[[1099.0933333333335, 696.32, 4990.293333333334, 7529.8133333333335], ["window"]]], "width": 5464, "height": 8192, "tags": []}