{"rects": [[[771.6342857142857, 203.28, 4086.342857142857, 3862.32], ["window"]]], "width": 5808, "height": 3872, "tags": []}