{"rects": [[[1097.5542857142857, 185.34857142857143, 3830.537142857143, 2834.7428571428572], ["window"]]], "width": 5088, "height": 3392, "tags": []}