{"rects": [[[266.24, 81.92, 5277.013333333333, 7891.626666666667], ["window"]]], "width": 5464, "height": 8192, "tags": []}