{"rects": [[[68.26666666666667, 2054.826666666667, 5420.373333333334, 7741.4400000000005], ["window"]]], "width": 5464, "height": 8192, "tags": []}