{"rects": [[[24.89142857142857, 120.30857142857143, 5716.731428571428, 3733.714285714286], ["window"]]], "width": 5808, "height": 3872, "tags": []}