{"rects": [[[385.81714285714287, 684.5142857142857, 2368.8342857142857, 2986.9714285714285], ["window"]], [[2650.937142857143, 833.8628571428571, 4550.982857142857, 3128.022857142857], ["window"]]], "width": 5808, "height": 3872, "tags": []}