{"rects": [[[650.5371428571428, 479.7257142857143, 3895.9542857142856, 2921.9657142857145], ["window"]]], "width": 5088, "height": 3392, "tags": []}