{"rects": [[[1413.7371428571428, 385.2342857142857, 4179.428571428572, 2885.6228571428574], ["window"]]], "width": 5088, "height": 3392, "tags": []}