{"rects": [[[3078.826666666667, 1720.3200000000002, 4792.320000000001, 7038.293333333334], ["window"]], [[150.18666666666667, 1986.5600000000002, 3065.1733333333336, 7038.293333333334], ["window"]]], "width": 5464, "height": 8192, "tags": []}