{"rects": [[[118.72, 954.0, 3006.1600000000003, 4545.280000000001], ["window"]]], "width": 3392, "height": 5088, "tags": []}