{"rects": [[[409.6, 1604.2666666666669, 5140.4800000000005, 7632.213333333334], ["window"]]], "width": 5464, "height": 8192, "tags": []}