{"rects": [[[631.76, 992.1600000000001, 2582.1600000000003, 4600.400000000001], ["window"]]], "width": 3392, "height": 5088, "tags": []}