{"rects": [[[774.4, 1079.32, 3605.7999999999997, 4249.5199999999995], ["window"]]], "width": 3872, "height": 5808, "tags": []}