{"rects": [[[177.49333333333334, 1092.2666666666667, 5399.893333333333, 5952.8533333333335], ["window"]]], "width": 5464, "height": 8192, "tags": []}