{"rects": [[[2205.0133333333333, 593.9200000000001, 5283.84, 7543.466666666667], ["window"]], [[95.57333333333334, 211.6266666666667, 2150.4, 7761.92], ["window"]]], "width": 5464, "height": 8192, "tags": []}