{"rects": [[[319.44, 485.3828571428571, 5131.782857142857, 3742.0114285714285], ["window"]]], "width": 5808, "height": 3872, "tags": []}