{"rects": [[[517.28, 245.92000000000002, 3141.84, 4494.400000000001], ["window"]]], "width": 3392, "height": 5088, "tags": []}