{"rects": [[[286.72, 6.826666666666667, 4881.066666666667, 7768.746666666667], ["window"]]], "width": 5464, "height": 8192, "tags": []}