{"rects": [[[1591.817142857143, 523.3371428571429, 4135.817142857143, 2885.6228571428574], ["window"]]], "width": 5088, "height": 3392, "tags": []}