{"rects": [[[471.04, 464.21333333333337, 5154.133333333333, 3215.36], ["window"]]], "width": 5464, "height": 8192, "tags": []}