{"rects": [[[942.08, 1617.92, 3324.586666666667, 6539.946666666667], ["window"]], [[3488.4266666666667, 1228.8000000000002, 5331.626666666667, 6171.306666666667], ["window"]]], "width": 5464, "height": 8192, "tags": []}