{"rects": [[[2323.2, 584.9485714285714, 4351.851428571428, 3302.2628571428572], ["window"]]], "width": 5808, "height": 3872, "tags": []}