{"rects": [[[709.9733333333334, 1611.0933333333335, 4601.173333333333, 6690.133333333334], ["window"]]], "width": 5464, "height": 8192, "tags": []}