{"rects": [[[1696.9142857142858, 222.3542857142857, 6214.217142857143, 5389.165714285714], ["window"]]], "width": 8192, "height": 5464, "tags": []}