{"rects": [[[587.0933333333334, 1133.2266666666667, 5051.733333333334, 7256.746666666667], ["window"]]], "width": 5464, "height": 8192, "tags": []}