{"rects": [[[1866.6057142857144, 169.69142857142856, 6272.731428571428, 5160.96], ["window"]]], "width": 8192, "height": 5464, "tags": []}