{"rects": [[[785.0666666666667, 1174.1866666666667, 5338.453333333334, 7345.493333333334], ["window"]]], "width": 5464, "height": 8192, "tags": []}