{"rects": [[[218.45333333333335, 1495.0400000000002, 5236.053333333333, 7461.546666666667], ["window"]]], "width": 5464, "height": 8192, "tags": []}