{"rects": [[[979.44, 42.400000000000006, 2577.92, 1590.0], ["window"]], [[822.5600000000001, 2081.84, 2599.1200000000003, 4095.84], ["window"]]], "width": 3392, "height": 5088, "tags": []}