{"rects": [[[1509.6685714285713, 35.10857142857143, 7454.72, 5464], ["window"]]], "width": 8192, "height": 5464, "tags": []}