{"rects": [[[1756.9199999999998, 1824.6799999999998, 3872, 3920.4], ["window"]]], "width": 3872, "height": 5808, "tags": []}