{"rects": [[[368.64000000000004, 177.49333333333334, 4867.413333333334, 7686.826666666667], ["window"]]], "width": 5464, "height": 8192, "tags": []}