{"rects": [[[1402.8342857142857, 941.28, 4055.862857142857, 3103.68], ["window"]]], "width": 5088, "height": 3392, "tags": []}