{"rects": [[[821.3485714285714, 3.6342857142857143, 4455.634285714285, 3325.3714285714286], ["window"]]], "width": 5088, "height": 3392, "tags": []}