{"rects": [[[2334.7200000000003, 744.1066666666667, 4915.200000000001, 8007.68], ["window"]]], "width": 5464, "height": 8192, "tags": []}