{"rects": [[[1208.3200000000002, 853.3333333333334, 4840.106666666667, 7311.360000000001], ["window"]]], "width": 5464, "height": 8192, "tags": []}