{"rects": [[[1030.8266666666668, 1249.28, 5174.613333333334, 7871.146666666667], ["window"]]], "width": 5464, "height": 8192, "tags": []}