{"rects": [[[725.5771428571428, 187.24571428571429, 6746.697142857143, 5318.948571428571], ["window"]]], "width": 8192, "height": 5464, "tags": []}