{"rects": [[[867.0514285714286, 124.45714285714286, 3364.4914285714285, 3733.714285714286], ["window"]], [[3397.68, 203.28, 4372.594285714285, 3737.862857142857], ["window"]], [[4911.908571428571, 377.52, 5745.771428571428, 3824.982857142857], ["window"]]], "width": 5808, "height": 3872, "tags": []}