{"rects": [[[905.0799999999999, 716.3199999999999, 3397.68, 5415.96], ["window"]]], "width": 3872, "height": 5808, "tags": []}