{"rects": [[[46.81142857142857, 362.7885714285714, 8186.148571428572, 5260.434285714286], ["window"]]], "width": 8192, "height": 5464, "tags": []}