{"rects": [[[643.0285714285715, 630.5828571428572, 5749.92, 3563.6228571428574], ["window", "shop"]]], "width": 5808, "height": 3872, "tags": []}