{"rects": [[[1493.4857142857143, 398.2628571428571, 4169.314285714286, 3202.697142857143], ["window"]]], "width": 5808, "height": 3872, "tags": []}