{"rects": [[[1500.96, 178.08, 3601.577142857143, 3067.3371428571427], ["window"]], [[4088.5714285714284, 763.2, 5066.194285714286, 2489.4857142857145], ["window"]]], "width": 5088, "height": 3392, "tags": []}