{"rects": [[[1176.1371428571429, 181.3942857142857, 6430.72, 5400.868571428571], ["window"]]], "width": 8192, "height": 5464, "tags": []}