{"rects": [[[1563.3066666666668, 409.6, 4601.173333333333, 8034.986666666668], ["window"]]], "width": 5464, "height": 8192, "tags": []}