{"rects": [[[402.77333333333337, 307.20000000000005, 4976.64, 7898.453333333334], ["window"]]], "width": 5464, "height": 8192, "tags": []}