{"rects": [[[1028.8457142857144, 116.16, 5223.051428571429, 3791.7942857142857], ["window"]]], "width": 5808, "height": 3872, "tags": []}