{"rects": [[[1380.9371428571428, 1100.0685714285714, 6816.914285714286, 5406.72], ["window"]]], "width": 8192, "height": 5464, "tags": []}