{"rects": [[[329.12, 885.72, 3833.2799999999997, 4641.5599999999995], ["window"]]], "width": 3872, "height": 5808, "tags": []}