{"rects": [[[539.3066666666667, 40.96, 5181.4400000000005, 7932.586666666667], ["window"]]], "width": 5464, "height": 8192, "tags": []}