{"rects": [[[1475.52, 726.8571428571429, 3783.2914285714287, 3165.462857142857], ["window"]], [[3990.4457142857145, 1043.04, 5051.657142857143, 2551.2685714285712], ["window"]]], "width": 5088, "height": 3392, "tags": []}