{"rects": [[[861.3257142857143, 203.52, 4408.388571428572, 3121.8514285714286], ["window"]]], "width": 5088, "height": 3392, "tags": []}