{"rects": [[[1591.5885714285714, 392.04571428571427, 6167.405714285715, 5464], ["window"]]], "width": 8192, "height": 5464, "tags": []}