{"rects": [[[814.08, 903.12, 2819.6000000000004, 4333.280000000001], ["window"]]], "width": 3392, "height": 5088, "tags": []}