{"rects": [[[801.6457142857142, 187.24571428571429, 7103.634285714285, 5395.017142857143], ["window"]]], "width": 8192, "height": 5464, "tags": []}