{"rects": [[[102.4, 634.88, 5427.200000000001, 7441.0666666666675], ["window"]]], "width": 5464, "height": 8192, "tags": []}