{"rects": [[[1246.56, 330.72, 3314.4685714285715, 3161.8285714285716], ["window"]]], "width": 5088, "height": 3392, "tags": []}