{"rects": [[[259.41333333333336, 1003.5200000000001, 5372.586666666667, 7598.080000000001], ["window"]]], "width": 5464, "height": 8192, "tags": []}