{"rects": [[[1942.6742857142858, 550.0342857142857, 6103.04, 4856.685714285714], ["window"]]], "width": 8192, "height": 5464, "tags": []}