{"rects": [[[354.9866666666667, 1187.8400000000001, 5195.093333333333, 7297.706666666667], ["window"]]], "width": 5464, "height": 8192, "tags": []}