{"rects": [[[958.24, 1060.0, 2378.6400000000003, 4006.8], ["window"]], [[0, 2442.2400000000002, 826.8000000000001, 5054.08], ["window"]]], "width": 3392, "height": 5088, "tags": []}