{"rects": [[[457.3866666666667, 914.7733333333334, 5201.92, 2874.0266666666666], ["window"]], [[512.0, 3099.306666666667, 5270.186666666667, 6970.026666666668], ["window"]]], "width": 5464, "height": 8192, "tags": []}