{"rects": [[[908.5371428571428, 174.24, 5065.405714285715, 3824.982857142857], ["window"]]], "width": 5808, "height": 3872, "tags": []}