{"rects": [[[1854.4114285714286, 676.2171428571429, 3878.9142857142856, 2808.582857142857], ["window"]]], "width": 5808, "height": 3872, "tags": []}