{"rects": [[[1029.8514285714286, 76.06857142857143, 7671.222857142857, 5359.908571428571], ["window"]]], "width": 8192, "height": 5464, "tags": []}