{"rects": [[[498.3466666666667, 375.4666666666667, 5003.946666666667, 7420.586666666667], ["window"]]], "width": 5464, "height": 8192, "tags": []}