{"rects": [[[54.61333333333334, 996.6933333333334, 5454.506666666667, 5754.88], ["window"]]], "width": 5464, "height": 8192, "tags": []}