{"rects": [[[1039.4057142857143, 792.2742857142857, 2380.457142857143, 2394.9942857142855], ["window"]], [[2660.2971428571427, 581.4857142857143, 4713.668571428571, 2573.074285714286], ["window"]]], "width": 5088, "height": 3392, "tags": []}