{"rects": [[[1481.3866666666668, 2129.92, 4805.973333333333, 7229.4400000000005], ["window"]]], "width": 5464, "height": 8192, "tags": []}