{"rects": [[[314.0266666666667, 1310.72, 5290.666666666667, 6505.8133333333335], ["window"]]], "width": 5464, "height": 8192, "tags": []}