{"rects": [[[1492.1142857142856, 198.94857142857143, 6711.588571428571, 5318.948571428571], ["window"]]], "width": 8192, "height": 5464, "tags": []}