{"rects": [[[218.45333333333335, 259.41333333333336, 5317.973333333333, 7502.506666666667], ["window"]]], "width": 5464, "height": 8192, "tags": []}