{"rects": [[[277.95428571428573, 248.9142857142857, 4932.651428571428, 3439.1657142857143], ["window"]]], "width": 5808, "height": 3872, "tags": []}