{"rects": [[[179.07999999999998, 972.8399999999999, 2439.36, 5783.8], ["window"]], [[2516.7999999999997, 1084.1599999999999, 3513.8399999999997, 5604.72], ["window"]]], "width": 3872, "height": 5808, "tags": []}