{"rects": [[[1281.9085714285713, 643.0285714285715, 4965.84, 3609.2571428571428], ["window"]]], "width": 5808, "height": 3872, "tags": []}