{"rects": [[[1911.4666666666667, 1256.1066666666668, 5092.693333333334, 7215.786666666667], ["window"]], [[402.77333333333337, 1385.8133333333335, 1856.8533333333335, 6840.320000000001], ["window"]]], "width": 5464, "height": 8192, "tags": []}