{"rects": [[[327.68, 2068.48, 4724.053333333333, 7645.866666666667], ["window"]]], "width": 5464, "height": 8192, "tags": []}