{"rects": [[[798.72, 976.2133333333334, 4812.8, 7693.653333333334], ["window"]]], "width": 5464, "height": 8192, "tags": []}