{"rects": [[[908.5714285714286, 327.0857142857143, 3623.382857142857, 3169.097142857143], ["window"]], [[3910.4914285714285, 454.2857142857143, 4873.577142857143, 2046.1028571428571], ["window"]]], "width": 5088, "height": 3392, "tags": []}