{"rects": [[[866.0114285714286, 561.7371428571429, 6933.942857142857, 5383.314285714286], ["window"]]], "width": 8192, "height": 5464, "tags": []}