{"rects": [[[696.32, 921.6, 3700.0533333333337, 7918.933333333333], ["window"]]], "width": 5464, "height": 8192, "tags": []}