{"rects": [[[995.6571428571428, 995.6571428571428, 2941.3371428571427, 3314.7085714285713], ["window"]], [[3766.902857142857, 336.0342857142857, 5044.662857142857, 2858.365714285714], ["window"]]], "width": 5808, "height": 3872, "tags": []}