{"rects": [[[791.8933333333334, 1249.28, 4874.240000000001, 7188.4800000000005], ["window"]]], "width": 5464, "height": 8192, "tags": []}