{"rects": [[[1101.1885714285715, 803.1771428571428, 3877.782857142857, 3183.634285714286], ["window"]], [[2086.08, 225.3257142857143, 2780.2285714285713, 785.0057142857142], ["window"]]], "width": 5088, "height": 3392, "tags": []}