{"rects": [[[1624.7466666666667, 252.58666666666667, 4676.266666666667, 8014.506666666667], ["window"]]], "width": 5464, "height": 8192, "tags": []}