{"rects": [[[936.2285714285714, 105.32571428571428, 7799.954285714286, 5096.594285714285], ["window"]]], "width": 8192, "height": 5464, "tags": []}