{"rects": [[[491.52000000000004, 1727.1466666666668, 4976.64, 7905.280000000001], ["window"]]], "width": 5464, "height": 8192, "tags": []}