{"rects": [[[1024.8685714285714, 279.84000000000003, 4132.182857142857, 3230.88], ["window"]]], "width": 5088, "height": 3392, "tags": []}