{"rects": [[[686.88, 188.98285714285714, 3714.2400000000002, 3241.782857142857], ["window"]]], "width": 5088, "height": 3392, "tags": []}