{"rects": [[[1132.0800000000002, 1161.76, 2713.6000000000004, 3184.2400000000002], ["window"]]], "width": 3392, "height": 5088, "tags": []}