{"rects": [[[901.12, 1931.9466666666667, 4765.013333333333, 7086.080000000001], ["window"]]], "width": 5464, "height": 8192, "tags": []}