{"rects": [[[1421.8971428571429, 23.405714285714286, 5927.4971428571425, 5231.177142857143], ["window"]]], "width": 8192, "height": 5464, "tags": []}