{"rects": [[[1375.0857142857142, 550.0342857142857, 7384.5028571428575, 5213.622857142857], ["window"]]], "width": 8192, "height": 5464, "tags": []}