{"rects": [[[1078.6133333333335, 163.84, 4635.306666666667, 7611.733333333334], ["window"]]], "width": 5464, "height": 8192, "tags": []}