{"rects": [[[690.4685714285714, 269.1657142857143, 7489.828571428571, 4938.605714285714], ["window"]]], "width": 8192, "height": 5464, "tags": []}