{"rects": [[[256.52, 295.24, 1785.96, 5435.32], ["window"]], [[1848.8799999999999, 551.76, 3523.52, 5580.5199999999995], ["window"]]], "width": 3872, "height": 5808, "tags": []}