{"rects": [[[1045.44, 135.51999999999998, 3721.96, 5459.5199999999995], ["window"]]], "width": 3872, "height": 5808, "tags": []}