{"rects": [[[443.3828571428572, 287.10857142857145, 2740.2514285714287, 3136.3885714285716], ["window"]], [[2783.862857142857, 225.3257142857143, 5022.582857142857, 2871.0857142857144], ["window"]]], "width": 5088, "height": 3392, "tags": []}