{"rects": [[[1544.777142857143, 11.702857142857143, 4757.211428571429, 5196.068571428571], ["window"]], [[4763.062857142857, 0, 6471.68, 5418.4228571428575], ["window"]]], "width": 8192, "height": 5464, "tags": []}