{"rects": [[[149.34857142857143, 945.8742857142857, 5575.68, 3318.8571428571427], ["window"]]], "width": 5808, "height": 3872, "tags": []}