{"rects": [[[1954.3771428571429, 140.43428571428572, 3815.1314285714284, 5295.542857142857], ["window"]], [[3879.497142857143, 327.68, 7010.011428571429, 5336.5028571428575], ["window"]]], "width": 8192, "height": 5464, "tags": []}