{"rects": [[[2428.342857142857, 134.58285714285714, 5880.685714285714, 4768.914285714286], ["window"]]], "width": 8192, "height": 5464, "tags": []}