{"rects": [[[764.5866666666667, 846.5066666666668, 3235.84, 6765.226666666667], ["window"]]], "width": 5464, "height": 8192, "tags": []}