{"rects": [[[1224.7542857142857, 777.7371428571429, 4041.325714285714, 3121.8514285714286], ["window"]]], "width": 5088, "height": 3392, "tags": []}