{"rects": [[[1177.5085714285715, 646.9028571428571, 4263.017142857143, 2972.845714285714], ["window"]]], "width": 5088, "height": 3392, "tags": []}