{"rects": [[[1293.8057142857142, 425.2114285714286, 3866.88, 2671.2], ["window"]]], "width": 5088, "height": 3392, "tags": []}