{"rects": [[[1544.5714285714287, 803.1771428571428, 3648.822857142857, 3194.537142857143], ["window"]]], "width": 5088, "height": 3392, "tags": []}