{"rects": [[[1024.8685714285714, 247.1314285714286, 4015.885714285714, 3060.0685714285714], ["window"]]], "width": 5088, "height": 3392, "tags": []}