{"rects": [[[1754.4533333333334, 1440.4266666666667, 5140.4800000000005, 7058.7733333333335], ["window"]]], "width": 5464, "height": 8192, "tags": []}