{"rects": [[[1426.7733333333333, 744.1066666666667, 5201.92, 7120.213333333334], ["window"]]], "width": 5464, "height": 8192, "tags": []}