{"rects": [[[1747.6266666666668, 1802.24, 4621.653333333334, 6116.693333333334], ["window"]]], "width": 5464, "height": 8192, "tags": []}