{"rects": [[[512.0, 232.10666666666668, 4601.173333333333, 6423.893333333333], ["window"]]], "width": 5464, "height": 8192, "tags": []}