{"rects": [[[546.1333333333333, 839.6800000000001, 5236.053333333333, 7536.64], ["window"]]], "width": 5464, "height": 8192, "tags": []}