{"rects": [[[629.1999999999999, 82.28, 3257.3199999999997, 5769.28], ["window"]]], "width": 3872, "height": 5808, "tags": []}