{"rects": [[[1398.4914285714285, 532.48, 7138.742857142857, 4979.565714285714], ["window"]]], "width": 8192, "height": 5464, "tags": []}