{"rects": [[[532.48, 962.5600000000001, 4642.133333333333, 7796.053333333334], ["window"]]], "width": 5464, "height": 8192, "tags": []}