{"rects": [[[157.01333333333335, 266.24, 5345.280000000001, 2751.146666666667], ["window"]], [[122.88000000000001, 2785.28, 5365.76, 7700.4800000000005], ["window"]]], "width": 5464, "height": 8192, "tags": []}