{"rects": [[[1777.1657142857143, 785.0057142857142, 4215.771428571428, 3161.8285714285716], ["window"]]], "width": 5088, "height": 3392, "tags": []}