{"rects": [[[2352.2742857142857, 228.2057142857143, 7694.628571428571, 4874.24], ["window"]]], "width": 8192, "height": 5464, "tags": []}