{"rects": [[[1595.4514285714286, 973.9885714285714, 4008.617142857143, 2714.8114285714287], ["window"]]], "width": 5088, "height": 3392, "tags": []}