{"rects": [[[308.9142857142857, 686.88, 4862.674285714285, 2791.131428571429], ["window"]]], "width": 5088, "height": 3392, "tags": []}