{"rects": [[[805.5466666666667, 539.3066666666667, 4307.626666666667, 5099.52], ["window"]]], "width": 5464, "height": 8192, "tags": []}