{"rects": [[[1560.3200000000002, 992.1600000000001, 2908.6400000000003, 4138.24], ["window"]], [[8.48, 1288.96, 1301.68, 4430.8], ["window"]], [[428.24, 16.96, 1411.92, 1136.3200000000002], ["window"]]], "width": 3392, "height": 5088, "tags": []}