{"rects": [[[563.9200000000001, 742.0, 3035.84, 4634.320000000001], ["window"]]], "width": 3392, "height": 5088, "tags": []}