{"rects": [[[630.5828571428572, 1286.057142857143, 5654.5028571428575, 3816.6857142857143], ["window"]]], "width": 5808, "height": 3872, "tags": []}