{"rects": [[[182.53714285714287, 439.74857142857144, 5633.76, 3692.2285714285713], ["window"]]], "width": 5808, "height": 3872, "tags": []}