{"rects": [[[1404.3428571428572, 181.3942857142857, 4154.5142857142855, 5277.988571428571], ["window"]], [[4213.028571428571, 52.66285714285714, 6342.948571428571, 5395.017142857143], ["window"]]], "width": 8192, "height": 5464, "tags": []}