{"rects": [[[1878.9257142857143, 1032.1371428571429, 3619.7485714285713, 2943.7714285714287], ["window"]]], "width": 5088, "height": 3392, "tags": []}