{"rects": [[[1335.84, 858.7542857142857, 4368.4457142857145, 3190.2514285714287], ["window"]]], "width": 5808, "height": 3872, "tags": []}