{"rects": [[[1620.8457142857144, 403.74857142857144, 6395.611428571428, 5283.84], ["window"]]], "width": 8192, "height": 5464, "tags": []}