{"rects": [[[606.9257142857143, 596.0228571428571, 3641.554285714286, 2809.302857142857], ["window"]]], "width": 5088, "height": 3392, "tags": []}