{"rects": [[[1691.0628571428572, 269.1657142857143, 5904.091428571429, 5424.274285714286], ["window"]]], "width": 8192, "height": 5464, "tags": []}