{"rects": [[[1337.4171428571428, 50.88, 3841.44, 3183.634285714286], ["window"]]], "width": 5088, "height": 3392, "tags": []}