{"rects": [[[1522.3466666666668, 136.53333333333333, 5283.84, 8123.733333333334], ["window"]]], "width": 5464, "height": 8192, "tags": []}