{"rects": [[[2030.4457142857143, 339.3828571428571, 6518.4914285714285, 5237.028571428571], ["window"]]], "width": 8192, "height": 5464, "tags": []}