{"rects": [[[730.4533333333334, 1536.0, 4737.706666666667, 6744.746666666667], ["window"]]], "width": 5464, "height": 8192, "tags": []}