{"rects": [[[900.24, 439.74857142857144, 4575.874285714286, 3667.3371428571427], ["window"]]], "width": 5808, "height": 3872, "tags": []}