{"rects": [[[1228.8000000000002, 300.37333333333333, 4744.533333333334, 7953.0666666666675], ["window"]]], "width": 5464, "height": 8192, "tags": []}