{"rects": [[[748.9828571428571, 333.5314285714286, 7852.617142857142, 4780.617142857142], ["window"]]], "width": 8192, "height": 5464, "tags": []}