{"rects": [[[1614.9942857142858, 585.1428571428571, 5939.2, 5348.205714285714], ["window"]]], "width": 8192, "height": 5464, "tags": []}