{"rects": [[[807.4971428571429, 46.81142857142857, 7325.988571428571, 5447.68], ["window"]]], "width": 8192, "height": 5464, "tags": []}