{"rects": [[[873.8133333333334, 375.4666666666667, 4887.893333333333, 7557.120000000001], ["window"]]], "width": 5464, "height": 8192, "tags": []}