{"rects": [[[2059.7028571428573, 1427.7485714285715, 3891.2, 5435.977142857143], ["window"]], [[3914.6057142857144, 327.68, 6214.217142857143, 4979.565714285714], ["window"]]], "width": 8192, "height": 5464, "tags": []}