{"rects": [[[585.1428571428571, 345.2342857142857, 4201.325714285715, 5365.76], ["window"]], [[4259.84, 362.7885714285714, 7870.171428571429, 5371.611428571428], ["window"]]], "width": 8192, "height": 5464, "tags": []}