{"rects": [[[675.84, 0, 5290.666666666667, 7932.586666666667], ["window"]]], "width": 5464, "height": 8192, "tags": []}