{"rects": [[[1389.08, 1074.48, 3228.2799999999997, 5183.639999999999], ["window"]]], "width": 3872, "height": 5808, "tags": []}