{"rects": [[[427.30285714285714, 784.08, 3177.805714285714, 3045.0514285714285], ["window"]], [[3248.3314285714287, 854.6057142857143, 4372.594285714285, 2916.445714285714], ["window"]]], "width": 5808, "height": 3872, "tags": []}