{"rects": [[[1508.6933333333334, 1727.1466666666668, 5229.226666666667, 7802.88], ["window"]], [[1310.72, 68.26666666666667, 3959.4666666666667, 1570.1333333333334], ["window"]]], "width": 5464, "height": 8192, "tags": []}