{"rects": [[[1904.3657142857144, 868.5942857142858, 3470.7428571428572, 2362.285714285714], ["window"]], [[0, 944.9142857142857, 672.3428571428572, 2002.4914285714285], ["window"]]], "width": 5088, "height": 3392, "tags": []}