{"rects": [[[730.1485714285715, 74.67428571428572, 4957.542857142857, 3795.942857142857], ["window"]]], "width": 5808, "height": 3872, "tags": []}