{"rects": [[[2089.62, 1340.6399999999999, 3286.62, 2575.2599999999998], ["window"]]], "width": 5472, "height": 3648, "tags": []}