{"rects": [[[427.5, 513.0, 2465.82, 2982.24], ["window"]], [[2517.12, 889.1999999999999, 4247.64, 3194.2799999999997], ["window"]]], "width": 5472, "height": 3648, "tags": []}