{"rects": [[[2907.0, 1607.3999999999999, 4124.5199999999995, 2930.94], ["window", "glass_facade"]]], "width": 5472, "height": 3648, "tags": []}