{"rects": [[[961.02, 1573.2, 3556.7999999999997, 3303.72], ["window"]], [[3806.46, 1395.36, 5318.099999999999, 2688.12], ["window"]]], "width": 5472, "height": 3648, "tags": []}