{"rects": [[[506.15999999999997, 143.64, 2411.1, 3105.36], ["window"]], [[2277.72, 314.64, 3710.7, 3088.2599999999998], ["window"]], [[3625.2, 489.06, 5304.42, 3139.56], ["door"]]], "width": 5472, "height": 3648, "tags": []}