{"rects": [[[571.14, 919.98, 2038.32, 3112.2], ["window"]], [[1853.6399999999999, 841.3199999999999, 3242.16, 3030.12], ["window"]], [[3355.02, 619.02, 5468.58, 2975.4], ["window"]]], "width": 5472, "height": 3648, "tags": []}