{"rects": [[[1764.72, 841.3199999999999, 3597.84, 2476.08], ["window"]], [[1617.6599999999999, 2188.8, 3549.96, 3577.3199999999997], ["window"]]], "width": 5472, "height": 3648, "tags": []}