{"rects": [[[348.84, 622.4399999999999, 1819.44, 2852.2799999999997], ["window"]], [[2062.2599999999998, 1036.26, 3252.42, 3054.06], ["window"]], [[3160.08, 1764.72, 3666.24, 2281.14], ["material"]]], "width": 5472, "height": 3648, "tags": []}