{"rects": [[[1744.2, 95.75999999999999, 3895.38, 2619.72], ["window"]], [[99.17999999999999, 684.0, 1833.12, 2975.4], ["window"]]], "width": 5472, "height": 3648, "tags": []}