{"rects": [[[0, 0, 5472, 3648], ["window"]], [[1361.16, 707.9399999999999, 3826.98, 3211.38], ["window"]], [[82.08, 882.36, 1788.6599999999999, 2619.72], ["window"]]], "width": 5472, "height": 3648, "tags": []}