{"rects": [[[0, 0, 5472, 3648], ["window"]], [[1778.3999999999999, 670.3199999999999, 3854.34, 2547.9], ["window"]], [[3529.44, 930.24, 5088.96, 2773.62], ["window"]]], "width": 5472, "height": 3648, "tags": []}