{"rects": [[[2048.58, 1203.84, 3303.72, 2140.92], ["window"]], [[2253.7799999999997, 2034.8999999999999, 3262.68, 3023.2799999999997], ["window"]]], "width": 5472, "height": 3648, "tags": []}