{"rects": [[[1511.6399999999999, 112.86, 3809.88, 3002.7599999999998], ["window"]]], "width": 5472, "height": 3648, "tags": []}