{"rects": [[[2872.7999999999997, 848.16, 3919.3199999999997, 2657.34], ["window"]], [[1193.58, 848.16, 2322.18, 2534.22], ["window"]]], "width": 5472, "height": 3648, "tags": []}