{"rects": [[[1949.3999999999999, 509.58, 3697.02, 2736.0], ["window"]], [[10.26, 803.6999999999999, 1145.7, 2910.42], ["window"]]], "width": 5472, "height": 3648, "tags": []}