{"rects": [[[584.8199999999999, 64.98, 4764.0599999999995, 3498.66], ["window", "shop"]]], "width": 5472, "height": 3648, "tags": []}