{"rects": [[[0, 0, 5472, 3648], ["window"]], [[2106.72, 393.3, 5071.86, 3119.04], ["window"]], [[420.65999999999997, 742.14, 2335.86, 2937.7799999999997], ["window"]]], "width": 5472, "height": 3648, "tags": []}