{"rects": [[[1703.1599999999999, 64.98, 4059.54, 2948.04], ["window"]], [[20.52, 625.86, 1788.6599999999999, 3214.7999999999997], ["window"]]], "width": 5472, "height": 3648, "tags": []}