{"rects": [[[1696.32, 813.96, 3324.24, 2869.38], ["window"]], [[3173.7599999999998, 937.0799999999999, 4935.0599999999995, 3002.7599999999998], ["window"]]], "width": 5472, "height": 3648, "tags": []}