{"rects": [[[1380.6, 308.09999999999997, 4937.4, 3693.2999999999997], ["window"]]], "width": 6240, "height": 4160, "tags": []}