{"rects": [[[659.1, 1914.8999999999999, 3525.6, 5116.8], ["window"]], [[1037.3999999999999, 234.0, 3252.6, 1875.8999999999999], ["window"]]], "width": 4160, "height": 6240, "tags": []}