{"rects": [[[1817.3999999999999, 659.1, 4442.099999999999, 3201.9], ["window"]]], "width": 6240, "height": 4160, "tags": []}