{"rects": [[[982.8, 50.699999999999996, 5678.4, 3244.7999999999997], ["window"]]], "width": 6240, "height": 4160, "tags": []}