{"rects": [[[308.09999999999997, 167.7, 5963.099999999999, 3740.1], ["window"]]], "width": 6240, "height": 4160, "tags": []}