{"rects": [[[713.6999999999999, 327.59999999999997, 5947.5, 3502.2], ["window"]]], "width": 6240, "height": 4160, "tags": []}