{"rects": [[[538.1999999999999, 499.2, 3888.2999999999997, 5304.0], ["window"]]], "width": 4160, "height": 6240, "tags": []}