{"rects": [[[869.6999999999999, 1431.3, 3361.7999999999997, 4079.4], ["window"]]], "width": 4160, "height": 6240, "tags": []}