{"rects": [[[335.4, 561.6, 6021.599999999999, 3069.2999999999997], ["window"]]], "width": 6240, "height": 4160, "tags": []}