{"rects": [[[288.59999999999997, 1123.2, 5982.599999999999, 2843.1], ["window"]]], "width": 6240, "height": 4160, "tags": []}