{"rects": [[[803.4, 308.09999999999997, 5729.099999999999, 3798.6], ["window"]]], "width": 6240, "height": 4160, "tags": []}