{"rects": [[[998.4, 386.09999999999997, 4968.599999999999, 3829.7999999999997], ["window"]]], "width": 6240, "height": 4160, "tags": []}