{"rects": [[[897.0, 308.09999999999997, 3693.2999999999997, 5666.7], ["window"]]], "width": 4160, "height": 6240, "tags": []}