{"rects": [[[1010.1, 163.79999999999998, 5748.599999999999, 3705.0], ["window"]]], "width": 6240, "height": 4160, "tags": []}