{"rects": [[[908.6999999999999, 1552.2, 2737.7999999999997, 4438.2], ["window"]]], "width": 4160, "height": 6240, "tags": []}