{"rects": [[[195.0, 440.7, 2679.2999999999997, 3974.1], ["window"]], [[3244.7999999999997, 351.0, 5931.9, 3923.4], ["window"]]], "width": 6240, "height": 4160, "tags": []}