{"rects": [[[468.0, 1427.3999999999999, 3474.9, 4500.599999999999], ["window"]]], "width": 4160, "height": 6240, "tags": []}