{"rects": [[[1111.5, 120.89999999999999, 5928.0, 4063.7999999999997], ["window"]]], "width": 6240, "height": 4160, "tags": []}