{"rects": [[[362.7, 62.4, 5885.099999999999, 3459.2999999999997], ["window"]]], "width": 6240, "height": 4160, "tags": []}