{"rects": [[[514.8, 791.6999999999999, 3790.7999999999997, 4988.099999999999], ["window"]]], "width": 4160, "height": 6240, "tags": []}