{"rects": [[[869.6999999999999, 1134.8999999999999, 3365.7, 4563.0], ["window"]]], "width": 4160, "height": 6240, "tags": []}