{"rects": [[[1407.8999999999999, 202.79999999999998, 4925.7, 3443.7], ["window"]]], "width": 6240, "height": 4160, "tags": []}