{"rects": [[[1361.1, 483.59999999999997, 4812.599999999999, 3459.2999999999997], ["window"]]], "width": 6240, "height": 4160, "tags": []}