{"rects": [[[253.5, 120.89999999999999, 5811.0, 3985.7999999999997], ["window"]]], "width": 6240, "height": 4160, "tags": []}