{"rects": [[[1349.3999999999999, 3.9, 4804.8, 3974.1], ["window"]], [[4921.8, 97.5, 6177.599999999999, 1840.8], ["window"]]], "width": 6240, "height": 4160, "tags": []}