{"rects": [[[986.6999999999999, 713.6999999999999, 3513.9, 3662.1], ["window"]]], "width": 4160, "height": 6240, "tags": []}