{"rects": [[[522.6, 327.59999999999997, 5678.4, 4083.2999999999997], ["window"]]], "width": 6240, "height": 4160, "tags": []}