{"rects": [[[354.9, 163.79999999999998, 6177.599999999999, 4098.9], ["window"]]], "width": 6240, "height": 4160, "tags": []}