{"rects": [[[1466.3999999999999, 343.2, 5241.599999999999, 3022.5], ["window"]]], "width": 6240, "height": 4160, "tags": []}