{"rects": [[[1287.0, 737.1, 3478.7999999999997, 4949.099999999999], ["window"]]], "width": 4160, "height": 6240, "tags": []}