{"rects": [[[444.59999999999997, 0, 5612.099999999999, 4040.4], ["window"]]], "width": 6240, "height": 4160, "tags": []}