{"rects": [[[686.4, 308.09999999999997, 3467.1, 5241.599999999999], ["window"]]], "width": 4160, "height": 6240, "tags": []}