{"rects": [[[534.3, 327.59999999999997, 5604.3, 4130.099999999999], ["window"]]], "width": 6240, "height": 4160, "tags": []}