{"rects": [[[663.0, 312.0, 3240.9, 3888.2999999999997], ["window"]], [[3354.0, 312.0, 5768.099999999999, 3857.1], ["window"]]], "width": 6240, "height": 4160, "tags": []}