{"rects": [[[483.59999999999997, 308.09999999999997, 3763.5, 5768.099999999999], ["window"]]], "width": 4160, "height": 6240, "tags": []}