{"rects": [[[908.6999999999999, 1743.3, 3615.2999999999997, 5073.9], ["window"]]], "width": 4160, "height": 6240, "tags": []}