{"rects": [[[1076.3999999999999, 230.1, 2749.5, 3127.7999999999997], ["window"]], [[3139.5, 830.6999999999999, 4430.4, 3412.5], ["window"]], [[4680.0, 1415.7, 5834.4, 3638.7], ["window"]]], "width": 6240, "height": 4160, "tags": []}