{"rects": [[[1115.3999999999999, 354.9, 5748.599999999999, 3217.5], ["window"]]], "width": 6240, "height": 4160, "tags": []}