{"rects": [[[1014.0, 19.5, 3400.7999999999997, 5241.599999999999], ["window"]]], "width": 4160, "height": 6240, "tags": []}