{"rects": [[[331.5, 319.8, 3428.1, 3595.7999999999997], ["window"]], [[3763.5, 713.6999999999999, 6181.5, 3720.6], ["window"]]], "width": 6240, "height": 4160, "tags": []}