{"rects": [[[343.2, 1076.3999999999999, 3295.5, 5046.599999999999], ["window"]]], "width": 4160, "height": 6240, "tags": []}