{"rects": [[[889.1999999999999, 647.4, 3420.2999999999997, 5300.099999999999], ["window"]]], "width": 4160, "height": 6240, "tags": []}