{"rects": [[[156.0, 471.9, 2406.2999999999997, 3318.9], ["window"]], [[2815.7999999999997, 526.5, 6181.5, 3318.9], ["window"]]], "width": 6240, "height": 4160, "tags": []}