{"rects": [[[2328.2999999999997, 1232.3999999999999, 4699.5, 3182.4], ["window"]]], "width": 6240, "height": 4160, "tags": []}