{"rects": [[[830.6999999999999, 327.59999999999997, 5389.8, 4059.9], ["window"]]], "width": 6240, "height": 4160, "tags": []}