{"rects": [[[908.6999999999999, 1216.8, 3502.2, 5456.099999999999], ["window"]]], "width": 4160, "height": 6240, "tags": []}