{"rects": [[[460.2, 308.09999999999997, 2999.1, 4083.2999999999997], ["window"]], [[3252.6, 308.09999999999997, 5807.099999999999, 4098.9], ["window"]]], "width": 6240, "height": 4160, "tags": []}