{"rects": [[[70.2, 483.59999999999997, 3950.7, 5202.599999999999], ["window"]]], "width": 4160, "height": 6240, "tags": []}