{"rects": [[[1068.6, 308.09999999999997, 5495.099999999999, 3408.6], ["window"]]], "width": 6240, "height": 4160, "tags": []}