{"rects": [[[713.6999999999999, 514.8, 3849.2999999999997, 5054.4], ["window"]]], "width": 4160, "height": 6240, "tags": []}