{"rects": [[[1177.8, 744.9, 4851.599999999999, 3478.7999999999997], ["window"]]], "width": 6240, "height": 4160, "tags": []}