{"rects": [[[904.8, 1212.8999999999999, 3404.7, 5105.099999999999], ["window"]]], "width": 4160, "height": 6240, "tags": []}