{"rects": [[[939.9, 1111.5, 3069.2999999999997, 5007.599999999999], ["window"]]], "width": 4160, "height": 6240, "tags": []}