{"rects": [[[834.6, 1251.8999999999999, 3381.2999999999997, 5284.5], ["window"]]], "width": 4160, "height": 6240, "tags": []}