{"rects": [[[1029.6, 308.09999999999997, 5896.8, 4130.099999999999], ["window"]]], "width": 6240, "height": 4160, "tags": []}