{"rects": [[[378.3, 308.09999999999997, 6236.099999999999, 3517.7999999999997], ["window"]]], "width": 6240, "height": 4160, "tags": []}