{"rects": [[[413.4, 347.09999999999997, 4013.1, 5007.599999999999], ["window"]]], "width": 4160, "height": 6240, "tags": []}