{"rects": [[[1064.7, 81.89999999999999, 2960.1, 3981.9], ["window"]], [[3061.5, 315.9, 5253.3, 4005.2999999999997], ["window"]]], "width": 6240, "height": 4160, "tags": []}