{"rects": [[[608.4, 1056.8999999999999, 3907.7999999999997, 4878.9], ["window"]]], "width": 4160, "height": 6240, "tags": []}