{"rects": [[[557.6999999999999, 120.89999999999999, 5760.3, 3907.7999999999997], ["window"]]], "width": 6240, "height": 4160, "tags": []}