{"rects": [[[694.1999999999999, 312.0, 3077.1, 4001.4], ["window"]], [[3276.0, 308.09999999999997, 5768.099999999999, 3919.5], ["window"]]], "width": 6240, "height": 4160, "tags": []}