{"rects": [[[1692.6, 308.09999999999997, 5549.7, 4130.099999999999], ["window"]]], "width": 6240, "height": 4160, "tags": []}