{"rects": [[[791.6999999999999, 694.1999999999999, 3283.7999999999997, 5331.3], ["window"]]], "width": 4160, "height": 6240, "tags": []}