{"rects": [[[920.4, 269.09999999999997, 1899.3, 3861.0], ["window"]], [[1977.3, 1583.3999999999999, 3147.2999999999997, 3607.5], ["window"]]], "width": 4160, "height": 6240, "tags": []}