{"rects": [[[440.7, 2230.7999999999997, 3552.9, 5304.0], ["window"]], [[522.6, 50.699999999999996, 3513.9, 2129.4], ["window"]]], "width": 4160, "height": 6240, "tags": []}