{"rects": [[[351.0, 210.6, 6060.599999999999, 4130.099999999999], ["window"]]], "width": 6240, "height": 4160, "tags": []}