{"rects": [[[643.5, 1446.8999999999999, 3790.7999999999997, 5304.0], ["window"]], [[1088.1, 152.1, 2749.5, 1419.6], ["window"]]], "width": 4160, "height": 6240, "tags": []}