{"rects": [[[686.4, 421.2, 5670.599999999999, 3927.2999999999997], ["window"]]], "width": 6240, "height": 4160, "tags": []}