{"rects": [[[58.5, 791.6999999999999, 2499.9, 2971.7999999999997], ["window"]]], "width": 4160, "height": 6240, "tags": []}