{"rects": [[[280.8, 577.1999999999999, 3861.0, 4793.099999999999], ["window"]]], "width": 4160, "height": 6240, "tags": []}