{"rects": [[[744.9, 444.59999999999997, 3623.1, 5066.099999999999], ["window"]]], "width": 4160, "height": 6240, "tags": []}