{"rects": [[[616.1999999999999, 1310.3999999999999, 3755.7, 4582.5], ["window"]]], "width": 4160, "height": 6240, "tags": []}