{"rects": [[[386.09999999999997, 1224.6, 6076.2, 2921.1], ["window"]], [[323.7, 3014.7, 6146.4, 4160], ["window"]], [[292.5, 7.8, 6216.599999999999, 1177.8], ["window"]]], "width": 6240, "height": 4160, "tags": []}