{"rects": [[[140.4, 2028.0, 4118.4, 4988.099999999999], ["window"]], [[908.6999999999999, 721.5, 3030.2999999999997, 1805.7], ["window"]]], "width": 4160, "height": 6240, "tags": []}