{"rects": [[[811.1999999999999, 616.1999999999999, 3978.0, 5226.0], ["window"]]], "width": 4160, "height": 6240, "tags": []}