{"rects": [[[1314.3, 468.0, 3088.7999999999997, 3494.4], ["window"]], [[3233.1, 351.0, 5300.099999999999, 3552.9], ["window"]]], "width": 6240, "height": 4160, "tags": []}