{"rects": [[[787.8, 15.6, 3779.1, 1349.3999999999999], ["window"]], [[783.9, 1384.5, 3857.1, 3307.2], ["window"]], [[776.1, 3350.1, 3892.2, 5124.599999999999], ["window"]]], "width": 4160, "height": 6240, "tags": []}