{"rects": [[[1556.1, 1318.2, 3194.1, 2597.4], ["window"]], [[1532.7, 2691.0, 3291.6, 3775.2], ["window"]], [[3705.0, 2667.6, 5261.099999999999, 3786.9], ["window"]], [[3533.4, 1290.8999999999999, 5151.9, 2359.5], ["window"]], [[1708.2, 54.6, 5050.5, 1127.1], ["window"]]], "width": 6240, "height": 4160, "tags": []}