{"rects": [[[183.29999999999998, 1255.8, 4013.1, 5222.099999999999], ["window"]]], "width": 4160, "height": 6240, "tags": []}