{"rects": [[[1641.8999999999999, 850.1999999999999, 4114.5, 3112.2], ["window"]]], "width": 6240, "height": 4160, "tags": []}