{"rects": [[[557.6999999999999, 124.8, 5768.099999999999, 3810.2999999999997], ["window"]]], "width": 6240, "height": 4160, "tags": []}