{"rects": [[[2386.7999999999997, 748.8, 4563.0, 2706.6], ["window"]], [[2441.4, 2913.2999999999997, 4500.599999999999, 4145.7], ["window"]], [[893.1, 709.8, 1489.8, 2176.2], ["window"]], [[5327.4, 647.4, 5963.099999999999, 2390.7], ["window"]]], "width": 6240, "height": 4160, "tags": []}