{"rects": [[[1173.8999999999999, 362.7, 5436.599999999999, 3276.0], ["window"]]], "width": 6240, "height": 4160, "tags": []}