{"rects": [[[1680.8999999999999, 425.09999999999997, 5226.0, 3946.7999999999997], ["window"]]], "width": 6240, "height": 4160, "tags": []}