{"rects": [[[460.2, 46.8, 3903.9, 2273.7], ["window"]], [[241.79999999999998, 2324.4, 3927.2999999999997, 5237.7], ["window"]]], "width": 4160, "height": 6240, "tags": []}