{"rects": [[[124.80000000000001, 691.6, 4071.6000000000004, 5756.400000000001], ["window"]]], "width": 4160, "height": 6240, "tags": []}