{"rects": [[[222.29999999999998, 635.6999999999999, 3931.2, 5046.599999999999], ["window"]]], "width": 4160, "height": 6240, "tags": []}