{"rects": [[[893.1, 312.0, 3139.5, 3849.2999999999997], ["window"]], [[3178.5, 308.09999999999997, 5549.7, 3853.2], ["window"]]], "width": 6240, "height": 4160, "tags": []}