{"rects": [[[366.59999999999997, 2640.2999999999997, 4160, 5729.099999999999], ["window"]]], "width": 4160, "height": 6240, "tags": []}