{"rects": [[[3545.1, 109.2, 5643.3, 3900.0], ["window"]], [[678.6, 354.9, 2620.7999999999997, 3751.7999999999997], ["window"]]], "width": 6240, "height": 4160, "tags": []}