{"rects": [[[1021.8, 74.1, 5319.599999999999, 3829.7999999999997], ["window"]]], "width": 6240, "height": 4160, "tags": []}