{"rects": [[[448.5, 183.29999999999998, 2870.4, 3907.7999999999997], ["window"]], [[3432.0, 144.29999999999998, 5850.0, 3900.0], ["window"]]], "width": 6240, "height": 4160, "tags": []}