{"rects": [[[1232.3999999999999, 635.6999999999999, 6126.9, 4040.4], ["window"]]], "width": 6240, "height": 4160, "tags": []}