{"rects": [[[405.59999999999997, 117.0, 6181.5, 3673.7999999999997], ["window"]]], "width": 6240, "height": 4160, "tags": []}