{"rects": [[[405.59999999999997, 308.09999999999997, 3935.1, 5588.7], ["window"]]], "width": 4160, "height": 6240, "tags": []}