{"rects": [[[928.1999999999999, 46.8, 5534.099999999999, 3935.1], ["window"]]], "width": 6240, "height": 4160, "tags": []}