{"rects": [[[81.89999999999999, 1762.8, 4005.2999999999997, 5027.099999999999], ["window"]]], "width": 4160, "height": 6240, "tags": []}