{"rects": [[[74.1, 1700.3999999999999, 5978.7, 3911.7], ["window"]], [[503.09999999999997, 1049.1, 5288.4, 1688.7], ["window"]]], "width": 6240, "height": 4160, "tags": []}