{"rects": [[[1232.3999999999999, 1630.2, 3006.9, 3810.2999999999997], ["window"]]], "width": 4160, "height": 6240, "tags": []}