{"rects": [[[1790.1, 444.59999999999997, 4816.5, 3100.5], ["window"]], [[50.699999999999996, 370.5, 1719.8999999999999, 2975.7], ["window"]]], "width": 6240, "height": 4160, "tags": []}