{"rects": [[[222.29999999999998, 503.09999999999997, 6017.7, 3607.5], ["window"]]], "width": 6240, "height": 4160, "tags": []}