{"rects": [[[81.89999999999999, 1053.0, 3946.7999999999997, 4410.9], ["window"]]], "width": 4160, "height": 6240, "tags": []}