{"rects": [[[421.2, 117.0, 5846.099999999999, 3693.2999999999997], ["window"]]], "width": 6240, "height": 4160, "tags": []}