{"rects": [[[573.3, 538.1999999999999, 3810.2999999999997, 5218.2], ["window"]]], "width": 4160, "height": 6240, "tags": []}