{"rects": [[[444.59999999999997, 518.6999999999999, 3919.5, 4995.9], ["window"]]], "width": 4160, "height": 6240, "tags": []}