{"rects": [[[585.0, 167.7, 5417.099999999999, 3751.7999999999997], ["window"]]], "width": 6240, "height": 4160, "tags": []}