{"rects": [[[206.7, 1033.5, 6080.099999999999, 2761.2], ["window"]], [[2429.7, 0, 4052.1, 986.6999999999999], ["window"]]], "width": 6240, "height": 4160, "tags": []}