{"rects": [[[561.6, 694.1999999999999, 3829.7999999999997, 3116.1], ["window"]], [[542.1, 3147.2999999999997, 3892.2, 5315.7], ["window"]]], "width": 4160, "height": 6240, "tags": []}