{"rects": [[[2106.0, 312.0, 4266.599999999999, 4149.599999999999], ["window"]], [[4356.3, 308.09999999999997, 5701.8, 4153.5], ["window"]], [[663.0, 343.2, 1946.1, 4106.7], ["window"]]], "width": 6240, "height": 4160, "tags": []}