{"rects": [[[1493.7, 464.09999999999997, 5073.9, 3634.7999999999997], ["window"]]], "width": 6240, "height": 4160, "tags": []}