{"rects": [[[834.6, 1232.3999999999999, 3521.7, 5144.099999999999], ["window"]], [[1337.7, 343.2, 3018.6, 1111.5], ["window"]]], "width": 4160, "height": 6240, "tags": []}