{"rects": [[[1497.6, 39.0, 5319.599999999999, 3927.2999999999997], ["window"]]], "width": 6240, "height": 4160, "tags": []}