{"rects": [[[850.1999999999999, 308.09999999999997, 5538.0, 3786.9], ["window"]]], "width": 6240, "height": 4160, "tags": []}