{"rects": [[[850.1999999999999, 42.9, 5534.099999999999, 3779.1], ["window"]]], "width": 6240, "height": 4160, "tags": []}