{"rects": [[[1840.8, 440.7, 4578.599999999999, 3244.7999999999997], ["window"]]], "width": 6240, "height": 4160, "tags": []}