{"rects": [[[97.5, 436.8, 2644.2, 3966.2999999999997], ["window"]], [[3120.0, 179.4, 5943.599999999999, 4063.7999999999997], ["window"]]], "width": 6240, "height": 4160, "tags": []}