{"rects": [[[1185.6000000000001, 171.6, 3270.8, 6120.400000000001], ["window"]]], "width": 4160, "height": 6240, "tags": []}