{"rects": [[[124.8, 386.09999999999997, 5974.8, 3244.7999999999997], ["window"]]], "width": 6240, "height": 4160, "tags": []}