{"rects": [[[616.1999999999999, 768.3, 3654.2999999999997, 4824.3], ["window"]]], "width": 4160, "height": 6240, "tags": []}