{"rects": [[[335.4, 982.8, 2819.7, 3447.6], ["window"]], [[3650.4, 947.6999999999999, 6216.599999999999, 3494.4], ["window"]]], "width": 6240, "height": 4160, "tags": []}