{"rects": [[[405.59999999999997, 850.1999999999999, 5955.3, 3927.2999999999997], ["window"]]], "width": 6240, "height": 4160, "tags": []}