{"rects": [[[1170.0, 2125.5, 3182.4, 4949.099999999999], ["window"]], [[1782.3, 503.09999999999997, 2636.4, 1298.7], ["window"]]], "width": 4160, "height": 6240, "tags": []}