{"rects": [[[787.8, 195.0, 3264.2999999999997, 2406.2999999999997], ["window"]], [[218.4, 2464.7999999999997, 4106.7, 5210.4], ["window"]]], "width": 4160, "height": 6240, "tags": []}