{"rects": [[[288.59999999999997, 308.09999999999997, 3841.5, 5725.2], ["window"]]], "width": 4160, "height": 6240, "tags": []}