{"rects": [[[659.1, 3042.0, 1887.6, 5148.0], ["window"]], [[2484.2999999999997, 354.9, 3673.7999999999997, 5109.0], ["window"]]], "width": 4160, "height": 6240, "tags": []}