{"rects": [[[1844.7, 1228.5, 4469.4, 3412.5], ["window"]], [[4660.5, 1431.3, 5807.099999999999, 3385.2], ["window"]], [[651.3, 1743.3, 1739.3999999999999, 3537.2999999999997], ["window"]]], "width": 6240, "height": 4160, "tags": []}