{"rects": [[[928.1999999999999, 308.09999999999997, 5471.7, 3252.6], ["window"]]], "width": 6240, "height": 4160, "tags": []}