{"rects": [[[241.79999999999998, 50.699999999999996, 3759.6, 5218.2], ["window"]]], "width": 4160, "height": 6240, "tags": []}