{"rects": [[[1677.0, 397.8, 3868.7999999999997, 3556.7999999999997], ["window"]], [[3915.6, 479.7, 6076.2, 3572.4], ["window"]]], "width": 6240, "height": 4160, "tags": []}