{"rects": [[[222.29999999999998, 308.09999999999997, 3919.5, 1509.3], ["window"]], [[152.1, 1614.6, 4130.099999999999, 4937.4], ["window"]]], "width": 4160, "height": 6240, "tags": []}