{"rects": [[[2125.5, 1439.1, 3439.7999999999997, 4734.599999999999], ["window"]], [[237.9, 1860.3, 1907.1, 5249.4], ["window"]]], "width": 4160, "height": 6240, "tags": []}