{"rects": [[[187.2, 592.8, 2379.0, 3385.2], ["window"]], [[4165.2, 577.1999999999999, 5417.099999999999, 2468.7], ["window"]]], "width": 6240, "height": 4160, "tags": []}