{"rects": [[[1056.8999999999999, 1037.3999999999999, 5393.7, 3619.2], ["window"]]], "width": 6240, "height": 4160, "tags": []}