{"rects": [[[1766.7, 327.59999999999997, 4574.7, 3233.1], ["window"]], [[4937.4, 729.3, 6173.7, 2948.4], ["window"]], [[202.79999999999998, 573.3, 1524.8999999999999, 3026.4], ["window"]]], "width": 6240, "height": 4160, "tags": []}