{"rects": [[[1692.6, 50.699999999999996, 4457.7, 3907.7999999999997], ["window"]]], "width": 6240, "height": 4160, "tags": []}