{"rects": [[[694.1999999999999, 105.3, 5846.099999999999, 3763.5], ["window"]]], "width": 6240, "height": 4160, "tags": []}