{"rects": [[[694.1999999999999, 1407.8999999999999, 3724.5, 5335.2], ["window"]]], "width": 4160, "height": 6240, "tags": []}