{"rects": [[[23.4, 1138.8, 3283.7999999999997, 4812.599999999999], ["window"]]], "width": 4160, "height": 6240, "tags": []}