{"rects": [[[620.1, 308.09999999999997, 6095.7, 3381.2999999999997], ["window"]]], "width": 6240, "height": 4160, "tags": []}