{"rects": [[[666.9, 1193.3999999999999, 3517.7999999999997, 4968.599999999999], ["window"]]], "width": 4160, "height": 6240, "tags": []}