{"rects": [[[136.5, 2636.4, 4118.4, 5694.0], ["window"]], [[538.1999999999999, 312.0, 3939.0, 2425.7999999999997], ["window"]]], "width": 4160, "height": 6240, "tags": []}