{"rects": [[[1349.3999999999999, 62.4, 4742.4, 3907.7999999999997], ["window"]]], "width": 6240, "height": 4160, "tags": []}