{"rects": [[[1006.1999999999999, 308.09999999999997, 4836.0, 3880.5], ["window"]]], "width": 6240, "height": 4160, "tags": []}