{"rects": [[[1006.1999999999999, 66.3, 5748.599999999999, 4024.7999999999997], ["window"]]], "width": 6240, "height": 4160, "tags": []}