{"rects": [[[2386.7999999999997, 304.2, 3416.4, 3907.7999999999997], ["window"]]], "width": 6240, "height": 4160, "tags": []}