{"rects": [[[475.8, 1111.5, 3736.2, 2819.7], ["window"]], [[117.0, 2944.5, 4110.599999999999, 5300.099999999999], ["window"]]], "width": 4160, "height": 6240, "tags": []}