{"rects": [[[705.9, 230.1, 5651.099999999999, 3712.7999999999997], ["window"]]], "width": 6240, "height": 4160, "tags": []}