{"rects": [[[1099.8, 2199.6, 3003.0, 3443.7], ["window"]], [[1287.0, 1290.8999999999999, 2921.1, 2129.4], ["window"]], [[791.6999999999999, 3759.6, 3018.6, 5062.2], ["window"]]], "width": 4160, "height": 6240, "tags": []}