{"rects": [[[772.1999999999999, 772.1999999999999, 3525.6, 5226.0], ["window"]]], "width": 4160, "height": 6240, "tags": []}