{"rects": [[[1092.0, 269.09999999999997, 4110.599999999999, 3369.6], ["window"]], [[4247.099999999999, 713.6999999999999, 5440.5, 2995.2], ["window"]]], "width": 6240, "height": 4160, "tags": []}