{"rects": [[[120.89999999999999, 50.699999999999996, 6029.4, 3939.0], ["window"]]], "width": 6240, "height": 4160, "tags": []}