{"rects": [[[444.59999999999997, 1614.6, 4020.9, 3517.7999999999997], ["window"]]], "width": 4160, "height": 6240, "tags": []}