{"rects": [[[300.3, 241.79999999999998, 4044.2999999999997, 4910.099999999999], ["window"]]], "width": 4160, "height": 6240, "tags": []}