{"rects": [[[70.2, 1037.3999999999999, 4044.2999999999997, 5229.9], ["window"]]], "width": 4160, "height": 6240, "tags": []}