{"rects": [[[1076.3999999999999, 35.1, 2975.7, 3166.7999999999997], ["window"]]], "width": 4160, "height": 6240, "tags": []}