{"rects": [[[678.6, 1111.5, 3849.2999999999997, 5183.099999999999], ["window"]]], "width": 4160, "height": 6240, "tags": []}