{"rects": [[[2886.0, 1813.5, 3915.6, 2655.9], ["window"]], [[4024.7999999999997, 1158.3, 4652.7, 1868.1], ["window"]], [[2148.9, 1251.8999999999999, 2761.2, 1836.8999999999999], ["window"]]], "width": 6240, "height": 4160, "tags": []}