{"rects": [[[464.09999999999997, 1267.5, 3361.7999999999997, 4461.599999999999], ["window"]]], "width": 4160, "height": 6240, "tags": []}