{"rects": [[[386.09999999999997, 312.0, 6177.599999999999, 3954.6], ["window"]]], "width": 6240, "height": 4160, "tags": []}