{"rects": [[[1095.8999999999999, 312.0, 5573.099999999999, 4091.1], ["window"]]], "width": 6240, "height": 4160, "tags": []}