{"rects": [[[1073.28, 361.2, 5526.360000000001, 5139.360000000001], ["window"]]], "width": 8256, "height": 5504, "tags": []}