{"rects": [[[1449.96, 2574.84, 3286.92, 4711.08], ["window"]], [[3178.56, 2610.96, 5252.88, 4871.04], ["window"]], [[3214.6800000000003, 454.08000000000004, 5108.400000000001, 2373.6], ["window"]], [[6279.72, 495.36, 8199.24, 2657.4], ["window"]]], "width": 8256, "height": 5504, "tags": []}