{"rects": [[[0, 0, 5504, 8256], ["window"]], [[1532.52, 815.28, 3405.6, 2745.12], ["window"]], [[1517.04, 3054.7200000000003, 3648.12, 5278.68], ["window"]], [[3302.4, 5412.84, 5504, 7843.2], ["window"]], [[1310.64, 5634.72, 3405.6, 8173.4400000000005], ["window"]]], "width": 5504, "height": 8256, "tags": []}