{"rects": [[[856.5600000000001, 1537.68, 5504, 7492.320000000001], ["window"]]], "width": 5504, "height": 8256, "tags": []}