{"rects": [[[2977.32, 1950.48, 5010.360000000001, 3813.2400000000002], ["window"]], [[5056.8, 36.120000000000005, 6775.08, 1800.8400000000001], ["window"]]], "width": 8256, "height": 5504, "tags": []}