{"rects": [[[5221.92, 299.28000000000003, 7770.96, 2404.56], ["window"]], [[1522.2, 56.760000000000005, 3978.36, 1733.76], ["window"]], [[3405.6, 2146.56, 4963.92, 3823.56], ["window"]], [[6021.72, 2559.36, 7461.360000000001, 4257.0], ["window"]]], "width": 8256, "height": 5504, "tags": []}