{"rects": [[[2566.40625, 1113.28125, 5355.46875, 3750.0], ["window"]], [[193.359375, 152.34375, 2496.09375, 2677.734375], ["window"]]], "width": 6000, "height": 4000, "tags": []}