{"rects": [[[5.859375, 404.296875, 3955.078125, 5671.875], ["window"]]], "width": 4000, "height": 6000, "tags": []}