{"rects": [[[750.0, 708.984375, 3011.71875, 3187.5], ["window"]], [[2162.109375, 855.46875, 4611.328125, 3328.125], ["window"]], [[4242.1875, 1494.140625, 5818.359375, 2994.140625], ["window"]]], "width": 6000, "height": 4000, "tags": []}