{"rects": [[[0, 720.703125, 3298.828125, 3673.828125], ["window"]], [[76.171875, 3205.078125, 3375.0, 5970.703125], ["window"]]], "width": 4000, "height": 6000, "tags": []}