{"rects": [[[1798.828125, 29.296875, 4927.734375, 3064.453125], ["window"]]], "width": 6000, "height": 4000, "tags": []}