{"rects": [[[410.15625, 11.71875, 5683.59375, 3890.625], ["window"]]], "width": 6000, "height": 4000, "tags": []}