{"rects": [[[691.40625, 3796.875, 2419.921875, 5560.546875], ["window"]], [[1025.390625, 2261.71875, 2583.984375, 3609.375], ["window"]], [[1945.3125, 1230.46875, 3304.6875, 2185.546875], ["window"]]], "width": 4000, "height": 6000, "tags": []}