{"rects": [[[1066.40625, 3269.53125, 2800.78125, 4939.453125], ["window"]], [[1171.875, 2261.71875, 2138.671875, 3287.109375], ["window"]], [[1775.390625, 1019.53125, 2460.9375, 1617.1875], ["window"]], [[685.546875, 1546.875, 1177.734375, 2009.765625], ["window"]]], "width": 4000, "height": 6000, "tags": []}