{"rects": [[[1587.890625, 3052.734375, 2578.125, 4000], ["window"]], [[2595.703125, 2970.703125, 4154.296875, 4000], ["window"]]], "width": 6000, "height": 4000, "tags": []}