{"rects": [[[1007.8125, 1734.375, 2156.25, 2707.03125], ["window"]], [[1476.5625, 3498.046875, 2349.609375, 4441.40625], ["window"]], [[1265.625, 0, 2220.703125, 990.234375], ["window"]]], "width": 4000, "height": 6000, "tags": []}