{"rects": [[[146.484375, 1394.53125, 3175.78125, 5390.625], ["window"]]], "width": 4000, "height": 6000, "tags": []}