{"rects": [[[111.328125, 82.03125, 5964.84375, 3615.234375], ["window"]]], "width": 6000, "height": 4000, "tags": []}