{"rects": [[[1423.828125, 1769.53125, 4253.90625, 3697.265625], ["window"]], [[2630.859375, 480.46875, 4248.046875, 2273.4375], ["window"]]], "width": 6000, "height": 4000, "tags": []}