{"rects": [[[345.703125, 796.875, 3972.65625, 5126.953125], ["window"]]], "width": 4000, "height": 6000, "tags": []}