{"rects": [[[562.5, 52.734375, 3925.78125, 5578.125], ["window"]]], "width": 4000, "height": 6000, "tags": []}