{"rects": [[[11.71875, 41.015625, 3697.265625, 5583.984375], ["window"]]], "width": 4000, "height": 6000, "tags": []}