{"rects": [[[931.640625, 2167.96875, 2630.859375, 3691.40625], ["window"]], [[832.03125, 222.65625, 2607.421875, 2068.359375], ["window"]]], "width": 4000, "height": 6000, "tags": []}