{"rects": [[[11.71875, 1259.765625, 3972.65625, 5496.09375], ["window"]]], "width": 4000, "height": 6000, "tags": []}