{"rects": [[[87.890625, 1599.609375, 1804.6875, 3275.390625], ["window"]], [[3849.609375, 1699.21875, 4986.328125, 3216.796875], ["window"]]], "width": 6000, "height": 4000, "tags": []}