{"rects": [[[1839.84375, 1341.796875, 3843.75, 2531.25], ["window"]], [[3685.546875, 416.015625, 5636.71875, 1582.03125], ["window"]]], "width": 6000, "height": 4000, "tags": []}