{"rects": [[[908.203125, 1242.1875, 3128.90625, 2947.265625], ["window"]]], "width": 4000, "height": 6000, "tags": []}