{"rects": [[[457.03125, 134.765625, 2888.671875, 2255.859375], ["window"]], [[580.078125, 3785.15625, 2859.375, 5882.8125], ["window"]]], "width": 4000, "height": 6000, "tags": []}