{"rects": [[[984.375, 410.15625, 2882.8125, 2027.34375], ["window"]], [[416.015625, 1898.4375, 3380.859375, 3960.9375], ["window"]]], "width": 6000, "height": 4000, "tags": []}