{"rects": [[[755.859375, 70.3125, 5419.921875, 3621.09375], ["window"]]], "width": 6000, "height": 4000, "tags": []}