{"rects": [[[1458.984375, 2068.359375, 3199.21875, 3457.03125], ["window"]], [[287.109375, 3943.359375, 2068.359375, 5595.703125], ["window"]]], "width": 4000, "height": 6000, "tags": []}