{"rects": [[[52.734375, 35.15625, 3966.796875, 5355.46875], ["window"]]], "width": 4000, "height": 6000, "tags": []}