{"rects": [[[0, 644.53125, 3433.59375, 4904.296875], ["window"]]], "width": 4000, "height": 6000, "tags": []}