{"rects": [[[2625.0, 35.15625, 5958.984375, 3410.15625], ["window"]], [[621.09375, 486.328125, 3380.859375, 2976.5625], ["window"]]], "width": 6000, "height": 4000, "tags": []}