{"rects": [[[29.296875, 3591.796875, 1728.515625, 5208.984375], ["window"]], [[41.015625, 1722.65625, 1722.65625, 3158.203125], ["window"]], [[1400.390625, 1769.53125, 3849.609375, 3837.890625], ["window"]]], "width": 4000, "height": 6000, "tags": []}