{"rects": [[[1259.765625, 832.03125, 3896.484375, 3123.046875], ["window"]], [[1236.328125, 3193.359375, 3943.359375, 5185.546875], ["window"]]], "width": 4000, "height": 6000, "tags": []}