{"rects": [[[333.984375, 82.03125, 3931.640625, 3914.0625], ["window"]]], "width": 4000, "height": 6000, "tags": []}