{"rects": [[[1623.046875, 134.765625, 5167.96875, 3023.4375], ["window"]]], "width": 6000, "height": 4000, "tags": []}