{"rects": [[[123.046875, 2238.28125, 3761.71875, 5203.125], ["window"]]], "width": 4000, "height": 6000, "tags": []}