{"rects": [[[64.453125, 1693.359375, 3175.78125, 4000], ["window"]]], "width": 6000, "height": 4000, "tags": []}