{"rects": [[[0, 123.046875, 3978.515625, 5689.453125], ["window"]]], "width": 4000, "height": 6000, "tags": []}