{"rects": [[[234.375, 2472.65625, 1804.6875, 3738.28125], ["window"]], [[3322.265625, 2531.25, 4705.078125, 3878.90625], ["window"]]], "width": 6000, "height": 4000, "tags": []}