{"rects": [[[990.234375, 667.96875, 3257.8125, 2970.703125], ["window"]], [[966.796875, 3257.8125, 3164.0625, 5460.9375], ["window"]]], "width": 4000, "height": 6000, "tags": []}