{"rects": [[[369.140625, 123.046875, 3544.921875, 3000.0], ["window"]], [[2390.625, 480.46875, 5789.0625, 3439.453125], ["window"]]], "width": 6000, "height": 4000, "tags": []}