{"rects": [[[58.59375, 2730.46875, 3896.484375, 5226.5625], ["window"]], [[11.71875, 99.609375, 3861.328125, 2859.375], ["window"]]], "width": 4000, "height": 6000, "tags": []}