{"rects": [[[732.421875, 2859.375, 3041.015625, 5203.125], ["window"]]], "width": 4000, "height": 6000, "tags": []}