{"rects": [[[708.984375, 1582.03125, 5056.640625, 3837.890625], ["window"]], [[767.578125, 105.46875, 4933.59375, 1951.171875], ["window"]]], "width": 6000, "height": 4000, "tags": []}