{"rects": [[[814.453125, 492.1875, 5771.484375, 3949.21875], ["window"]]], "width": 6000, "height": 4000, "tags": []}