{"rects": [[[5.859375, 1617.1875, 3000.0, 3867.1875], ["window"]], [[3755.859375, 1125.0, 5824.21875, 3175.78125], ["window"]]], "width": 6000, "height": 4000, "tags": []}