{"rects": [[[3128.90625, 884.765625, 5871.09375, 3837.890625], ["window"]], [[46.875, 761.71875, 3216.796875, 3937.5], ["window"]]], "width": 6000, "height": 4000, "tags": []}