{"rects": [[[269.53125, 58.59375, 2953.125, 2220.703125], ["window"]], [[439.453125, 1535.15625, 3398.4375, 4072.265625], ["window"]]], "width": 4000, "height": 6000, "tags": []}