{"rects": [[[492.1875, 1142.578125, 3960.9375, 5238.28125], ["window"]]], "width": 4000, "height": 6000, "tags": []}