{"rects": [[[52.734375, 158.203125, 3527.34375, 5748.046875], ["window"]]], "width": 4000, "height": 6000, "tags": []}