{"rects": [[[544.921875, 2847.65625, 3251.953125, 4962.890625], ["window"]], [[1037.109375, 1599.609375, 2964.84375, 2917.96875], ["window"]], [[1974.609375, 603.515625, 3117.1875, 1664.0625], ["window"]]], "width": 4000, "height": 6000, "tags": []}