{"rects": [[[2917.96875, 1646.484375, 5021.484375, 3527.34375], ["window"]], [[919.921875, 1570.3125, 3076.171875, 3439.453125], ["window"]], [[2736.328125, 333.984375, 4792.96875, 1769.53125], ["window"]]], "width": 6000, "height": 4000, "tags": []}