{"rects": [[[767.578125, 2935.546875, 3638.671875, 5976.5625], ["window"]], [[808.59375, 380.859375, 3287.109375, 2378.90625], ["window"]]], "width": 4000, "height": 6000, "tags": []}