{"rects": [[[626.953125, 41.015625, 5337.890625, 3931.640625], ["window"]]], "width": 6000, "height": 4000, "tags": []}