{"rects": [[[351.5625, 23.4375, 5941.40625, 3955.078125], ["window"]], [[1447.265625, 931.640625, 4751.953125, 3626.953125], ["window"]]], "width": 6000, "height": 4000, "tags": []}