{"rects": [[[468.75, 99.609375, 3263.671875, 2308.59375], ["window"]], [[4435.546875, 257.8125, 5935.546875, 1839.84375], ["window"]]], "width": 6000, "height": 4000, "tags": []}