{"rects": [[[708.984375, 351.5625, 2677.734375, 2625.0], ["window"]], [[3708.984375, 2507.8125, 5390.625, 3896.484375], ["window"]], [[3755.859375, 199.21875, 5835.9375, 2044.921875], ["window"]]], "width": 6000, "height": 4000, "tags": []}