{"rects": [[[369.140625, 99.609375, 3949.21875, 2953.125], ["window"]]], "width": 6000, "height": 4000, "tags": []}