{"rects": [[[0, 1154.296875, 3298.828125, 5830.078125], ["window"]]], "width": 4000, "height": 6000, "tags": []}