{"rects": [[[2091.796875, 1154.296875, 4248.046875, 4000], ["window"]], [[3820.3125, 199.21875, 5390.625, 2964.84375], ["window"]]], "width": 6000, "height": 4000, "tags": []}