{"rects": [[[1136.71875, 1453.125, 3175.78125, 5402.34375], ["window"]]], "width": 4000, "height": 6000, "tags": []}