{"rects": [[[123.046875, 679.6875, 4763.671875, 3931.640625], ["window"]]], "width": 6000, "height": 4000, "tags": []}