{"rects": [[[2056.640625, 556.640625, 4347.65625, 3585.9375], ["window"]]], "width": 6000, "height": 4000, "tags": []}