{"rects": [[[1031.25, 3498.046875, 3791.015625, 5437.5], ["window"]]], "width": 4000, "height": 6000, "tags": []}