{"rects": [[[1787.109375, 76.171875, 5976.5625, 3949.21875], ["window"]]], "width": 6000, "height": 4000, "tags": []}