{"rects": [[[70.3125, 433.59375, 4089.84375, 3861.328125], ["window"]]], "width": 6000, "height": 4000, "tags": []}