{"rects": [[[70.3125, 462.890625, 3017.578125, 3457.03125], ["window"]]], "width": 6000, "height": 4000, "tags": []}