{"rects": [[[146.484375, 2384.765625, 3896.484375, 5818.359375], ["window"]], [[591.796875, 873.046875, 3544.921875, 2261.71875], ["window"]]], "width": 4000, "height": 6000, "tags": []}