{"rects": [[[867.1875, 82.03125, 5197.265625, 3984.375], ["window"]]], "width": 6000, "height": 4000, "tags": []}