{"rects": [[[29.296875, 832.03125, 2636.71875, 5361.328125], ["window"]]], "width": 4000, "height": 6000, "tags": []}