{"rects": [[[1576.171875, 632.8125, 4558.59375, 3779.296875], ["window"]]], "width": 6000, "height": 4000, "tags": []}