{"rects": [[[93.75, 5.859375, 5970.703125, 3873.046875], ["window"]]], "width": 6000, "height": 4000, "tags": []}