{"rects": [[[2736.328125, 164.0625, 4458.984375, 3146.484375], ["window"]]], "width": 6000, "height": 4000, "tags": []}