{"rects": [[[843.75, 2437.5, 2671.875, 3832.03125], ["window"]], [[914.0625, 439.453125, 2701.171875, 1904.296875], ["window"]], [[867.1875, 4160.15625, 2548.828125, 5695.3125], ["window"]]], "width": 4000, "height": 6000, "tags": []}