{"rects": [[[791.015625, 1488.28125, 3966.796875, 4464.84375], ["window"]]], "width": 4000, "height": 6000, "tags": []}