{"rects": [[[1371.09375, 1101.5625, 5384.765625, 3896.484375], ["window"]]], "width": 6000, "height": 4000, "tags": []}