{"rects": [[[4130.859375, 1294.921875, 5970.703125, 3574.21875], ["window"]], [[1183.59375, 855.46875, 4136.71875, 3585.9375], ["window"]]], "width": 6000, "height": 4000, "tags": []}