{"rects": [[[1253.90625, 814.453125, 3457.03125, 3492.1875], ["window"]], [[3035.15625, 421.875, 4857.421875, 1974.609375], ["window"]]], "width": 6000, "height": 4000, "tags": []}