{"rects": [[[1605.46875, 3791.015625, 3169.921875, 5185.546875], ["window"]], [[1869.140625, 2144.53125, 2730.46875, 2994.140625], ["window"]]], "width": 4000, "height": 6000, "tags": []}