{"rects": [[[462.890625, 5.859375, 5583.984375, 3263.671875], ["window"]]], "width": 6000, "height": 4000, "tags": []}