{"rects": [[[222.65625, 187.5, 3345.703125, 3644.53125], ["window"]]], "width": 4000, "height": 6000, "tags": []}