{"rects": [[[1564.453125, 205.078125, 5121.09375, 2976.5625], ["window"]]], "width": 6000, "height": 4000, "tags": []}