{"rects": [[[35.15625, 134.765625, 2941.40625, 3304.6875], ["window"]], [[3105.46875, 87.890625, 5935.546875, 3228.515625], ["window"]]], "width": 6000, "height": 4000, "tags": []}