{"rects": [[[187.5, 1869.140625, 3029.296875, 3949.21875], ["window"]], [[462.890625, 11.71875, 3427.734375, 2167.96875], ["window"]]], "width": 6000, "height": 4000, "tags": []}