{"rects": [[[861.328125, 855.46875, 3855.46875, 3931.640625], ["window"]]], "width": 6000, "height": 4000, "tags": []}