{"rects": [[[1646.484375, 2185.546875, 4025.390625, 3703.125], ["window"]], [[3035.15625, 808.59375, 5701.171875, 2425.78125], ["window"]]], "width": 6000, "height": 4000, "tags": []}