{"rects": [[[2156.25, 246.09375, 5929.6875, 3802.734375], ["window"]]], "width": 6000, "height": 4000, "tags": []}