{"rects": [[[714.84375, 1488.28125, 2554.6875, 3744.140625], ["window"]], [[3644.53125, 1447.265625, 5947.265625, 3849.609375], ["window"]]], "width": 6000, "height": 4000, "tags": []}