{"rects": [[[193.359375, 644.53125, 3955.078125, 5707.03125], ["window"]]], "width": 4000, "height": 6000, "tags": []}