{"rects": [[[451.171875, 351.5625, 4335.9375, 3591.796875], ["window"]], [[4271.484375, 199.21875, 5976.5625, 3644.53125], ["window"]]], "width": 6000, "height": 4000, "tags": []}