{"rects": [[[445.3125, 457.03125, 3597.65625, 5607.421875], ["window"]]], "width": 4000, "height": 6000, "tags": []}