{"rects": [[[720.703125, 779.296875, 2302.734375, 2291.015625], ["window"]], [[615.234375, 2876.953125, 1751.953125, 3832.03125], ["window"]]], "width": 4000, "height": 6000, "tags": []}