{"rects": [[[1148.4375, 1939.453125, 3966.796875, 5044.921875], ["window"]]], "width": 4000, "height": 6000, "tags": []}