{"rects": [[[662.109375, 1341.796875, 3890.625, 4845.703125], ["window"]]], "width": 4000, "height": 6000, "tags": []}