{"rects": [[[1611.328125, 82.03125, 5835.9375, 3796.875], ["window"]]], "width": 6000, "height": 4000, "tags": []}