{"rects": [[[779.296875, 1845.703125, 2982.421875, 3949.21875], ["window"]], [[3011.71875, 1259.765625, 5484.375, 3609.375], ["window"]]], "width": 6000, "height": 4000, "tags": []}