{"rects": [[[2730.46875, 240.234375, 5970.703125, 3837.890625], ["window"]]], "width": 6000, "height": 4000, "tags": []}