{"rects": [[[832.03125, 1546.875, 3896.484375, 4951.171875], ["window"]]], "width": 4000, "height": 6000, "tags": []}