{"rects": [[[1130.859375, 310.546875, 5408.203125, 3082.03125], ["window"]]], "width": 6000, "height": 4000, "tags": []}