{"rects": [[[292.96875, 2935.546875, 2625.0, 5367.1875], ["window"]]], "width": 4000, "height": 6000, "tags": []}