{"rects": [[[351.5625, 820.3125, 5642.578125, 3439.453125], ["window"]]], "width": 6000, "height": 4000, "tags": []}