{"rects": [[[87.890625, 984.375, 3972.65625, 5015.625], ["window"]]], "width": 4000, "height": 6000, "tags": []}