{"rects": [[[134.765625, 1324.21875, 3644.53125, 5197.265625], ["window"]]], "width": 4000, "height": 6000, "tags": []}