{"rects": [[[615.234375, 76.171875, 4277.34375, 3843.75], ["window"]]], "width": 6000, "height": 4000, "tags": []}