{"rects": [[[222.65625, 345.703125, 5208.984375, 3908.203125], ["window"]]], "width": 6000, "height": 4000, "tags": []}