{"rects": [[[591.796875, 1517.578125, 3796.875, 5343.75], ["window"]]], "width": 4000, "height": 6000, "tags": []}