{"rects": [[[3269.53125, 199.21875, 5748.046875, 2689.453125], ["window"]], [[1535.15625, 1962.890625, 3638.671875, 3972.65625], ["window"]]], "width": 6000, "height": 4000, "tags": []}