{"rects": [[[2220.703125, 1447.265625, 4687.5, 3216.796875], ["window"]]], "width": 6000, "height": 4000, "tags": []}