{"rects": [[[1652.34375, 41.015625, 5923.828125, 3966.796875], ["window"]]], "width": 6000, "height": 4000, "tags": []}