{"rects": [[[1939.453125, 117.1875, 5613.28125, 3849.609375], ["window"]]], "width": 6000, "height": 4000, "tags": []}