{"rects": [[[1037.109375, 937.5, 4306.640625, 3568.359375], ["window"]]], "width": 6000, "height": 4000, "tags": []}