{"rects": [[[2525.390625, 29.296875, 3832.03125, 1107.421875], ["window"]], [[2460.9375, 1822.265625, 3773.4375, 2806.640625], ["window"]], [[1564.453125, 1160.15625, 2531.25, 2015.625], ["window"]], [[4746.09375, 2894.53125, 5419.921875, 3949.21875], ["window"]]], "width": 6000, "height": 4000, "tags": []}