{"rects": [[[1201.171875, 152.34375, 4365.234375, 3761.71875], ["window"]]], "width": 6000, "height": 4000, "tags": []}