{"rects": [[[679.6875, 345.703125, 3076.171875, 2783.203125], ["window"]], [[3445.3125, 1177.734375, 5332.03125, 2894.53125], ["window"]]], "width": 6000, "height": 4000, "tags": []}