{"rects": [[[111.328125, 539.0625, 2912.109375, 3726.5625], ["window"]], [[2460.9375, 316.40625, 5765.625, 3714.84375], ["window"]]], "width": 6000, "height": 4000, "tags": []}