{"rects": [[[117.1875, 357.421875, 3867.1875, 5326.171875], ["window"]]], "width": 4000, "height": 6000, "tags": []}