{"rects": [[[2718.75, 2238.28125, 4447.265625, 3210.9375], ["window"]], [[732.421875, 1148.4375, 1154.296875, 1646.484375], ["window"]], [[1833.984375, 1207.03125, 2373.046875, 1728.515625], ["window"]], [[2185.546875, 1160.15625, 2912.109375, 1810.546875], ["window"]], [[3656.25, 1248.046875, 4318.359375, 1863.28125], ["window"]], [[2167.96875, 1910.15625, 2789.0625, 2484.375], ["window"]]], "width": 6000, "height": 4000, "tags": []}