{"rects": [[[1470.703125, 1130.859375, 4863.28125, 3978.515625], ["window"]]], "width": 6000, "height": 4000, "tags": []}