{"rects": [[[0, 52.734375, 3386.71875, 5197.265625], ["window"]]], "width": 4000, "height": 6000, "tags": []}