{"rects": [[[2572.265625, 1037.109375, 5947.265625, 3638.671875], ["window"]], [[70.3125, 1230.46875, 2818.359375, 3814.453125], ["window"]]], "width": 6000, "height": 4000, "tags": []}