{"rects": [[[52.734375, 1294.921875, 3720.703125, 5097.65625], ["window"]]], "width": 4000, "height": 6000, "tags": []}