{"rects": [[[750.0, 474.609375, 3246.09375, 2548.828125], ["window"]], [[996.09375, 2671.875, 3287.109375, 4746.09375], ["window"]]], "width": 4000, "height": 6000, "tags": []}