{"rects": [[[708.984375, 275.390625, 3169.921875, 5501.953125], ["window"]]], "width": 4000, "height": 6000, "tags": []}