{"rects": [[[82.03125, 2414.0625, 3656.25, 5595.703125], ["window"]]], "width": 4000, "height": 6000, "tags": []}