{"rects": [[[820.3125, 357.421875, 4705.078125, 3955.078125], ["window"]]], "width": 6000, "height": 4000, "tags": []}