{"rects": [[[2255.859375, 480.46875, 4904.296875, 3017.578125], ["window"]]], "width": 6000, "height": 4000, "tags": []}