{"rects": [[[1136.71875, 1957.03125, 3199.21875, 3556.640625], ["window"]], [[3000.0, 544.921875, 4974.609375, 2232.421875], ["window"]]], "width": 6000, "height": 4000, "tags": []}