{"rects": [[[1013.671875, 287.109375, 3984.375, 5519.53125], ["window"]]], "width": 4000, "height": 6000, "tags": []}