{"rects": [[[1587.890625, 1253.90625, 4318.359375, 3099.609375], ["window"]]], "width": 6000, "height": 4000, "tags": []}