{"rects": [[[11.71875, 82.03125, 3802.734375, 5630.859375], ["window"]]], "width": 4000, "height": 6000, "tags": []}