{"rects": [[[2173.828125, 1101.5625, 4125.0, 2912.109375], ["window"]]], "width": 6000, "height": 4000, "tags": []}