{"rects": [[[498.046875, 1230.46875, 3691.40625, 4892.578125], ["window"]]], "width": 4000, "height": 6000, "tags": []}