{"rects": [[[427.734375, 533.203125, 3738.28125, 5830.078125], ["window"]]], "width": 4000, "height": 6000, "tags": []}