{"rects": [[[3205.078125, 17.578125, 5988.28125, 3896.484375], ["window"]]], "width": 6000, "height": 4000, "tags": []}