{"rects": [[[17.578125, 99.609375, 2865.234375, 3304.6875], ["window"]]], "width": 6000, "height": 4000, "tags": []}