{"rects": [[[3328.125, 41.015625, 5964.84375, 3796.875], ["window"]]], "width": 6000, "height": 4000, "tags": []}