{"rects": [[[222.65625, 990.234375, 3738.28125, 4060.546875], ["window"]], [[697.265625, 3978.515625, 3503.90625, 5906.25], ["window"]]], "width": 4000, "height": 6000, "tags": []}