{"rects": [[[615.234375, 52.734375, 4787.109375, 3761.71875], ["window"]]], "width": 6000, "height": 4000, "tags": []}