{"rects": [[[1728.515625, 433.59375, 4271.484375, 2707.03125], ["window"]], [[93.75, 1283.203125, 2015.625, 2765.625], ["window"]]], "width": 6000, "height": 4000, "tags": []}