{"rects": [[[41.015625, 656.25, 3949.21875, 5326.171875], ["window"]]], "width": 4000, "height": 6000, "tags": []}