{"rects": [[[427.734375, 521.484375, 3193.359375, 5724.609375], ["window"]]], "width": 4000, "height": 6000, "tags": []}