{"rects": [[[1441.40625, 2835.9375, 3972.65625, 5917.96875], ["window"]]], "width": 4000, "height": 6000, "tags": []}