{"rects": [[[726.5625, 3210.9375, 3386.71875, 5671.875], ["window"]], [[2121.09375, 2039.0625, 3609.375, 3462.890625], ["window"]], [[656.25, 1939.453125, 2220.703125, 3427.734375], ["window"]]], "width": 4000, "height": 6000, "tags": []}