{"rects": [[[1775.390625, 896.484375, 3955.078125, 3052.734375], ["window"]]], "width": 6000, "height": 4000, "tags": []}