{"rects": [[[1740.234375, 240.234375, 5958.984375, 3720.703125], ["window"]]], "width": 6000, "height": 4000, "tags": []}