{"rects": [[[673.828125, 2625.0, 3005.859375, 5085.9375], ["window"]], [[955.078125, 902.34375, 2806.640625, 2712.890625], ["window"]], [[2818.359375, 832.03125, 3990.234375, 2642.578125], ["window"]]], "width": 4000, "height": 6000, "tags": []}