{"rects": [[[1886.71875, 117.1875, 5636.71875, 3082.03125], ["window"]]], "width": 6000, "height": 4000, "tags": []}