{"rects": [[[1494.140625, 2203.125, 3937.5, 5097.65625], ["window"]]], "width": 4000, "height": 6000, "tags": []}