{"rects": [[[64.453125, 199.21875, 3603.515625, 5865.234375], ["window"]]], "width": 4000, "height": 6000, "tags": []}