{"rects": [[[533.203125, 1611.328125, 3960.9375, 4986.328125], ["window"]]], "width": 4000, "height": 6000, "tags": []}