{"rects": [[[1681.640625, 257.8125, 5085.9375, 3216.796875], ["window"]]], "width": 6000, "height": 4000, "tags": []}