{"rects": [[[29.296875, 35.15625, 2484.375, 2548.828125], ["window"]]], "width": 4000, "height": 6000, "tags": []}