{"rects": [[[1136.71875, 164.0625, 4218.75, 2865.234375], ["window"]]], "width": 6000, "height": 4000, "tags": []}