{"rects": [[[1365.234375, 720.703125, 4371.09375, 3732.421875], ["window"]]], "width": 6000, "height": 4000, "tags": []}