{"rects": [[[2466.796875, 433.59375, 5906.25, 3632.8125], ["window"]]], "width": 6000, "height": 4000, "tags": []}