{"rects": [[[2015.625, 58.59375, 5958.984375, 3679.6875], ["window"]]], "width": 6000, "height": 4000, "tags": []}