{"rects": [[[1101.5625, 527.34375, 4423.828125, 3035.15625], ["window"]]], "width": 6000, "height": 4000, "tags": []}