{"rects": [[[1166.015625, 1107.421875, 2859.375, 3433.59375], ["window"]], [[29.296875, 2830.078125, 1306.640625, 5050.78125], ["window"]]], "width": 4000, "height": 6000, "tags": []}