{"rects": [[[87.890625, 140.625, 3240.234375, 3193.359375], ["window"]], [[3216.796875, 527.34375, 5994.140625, 2958.984375], ["window"]]], "width": 6000, "height": 4000, "tags": []}