{"rects": [[[339.84375, 720.703125, 3667.96875, 3281.25], ["window"]]], "width": 4000, "height": 6000, "tags": []}