{"rects": [[[2578.125, 351.5625, 4054.6875, 1740.234375], ["window"]], [[4787.109375, 1763.671875, 5994.140625, 2964.84375], ["window"]], [[35.15625, 2736.328125, 1236.328125, 3855.46875], ["window"]], [[29.296875, 205.078125, 1306.640625, 1470.703125], ["window"]]], "width": 6000, "height": 4000, "tags": []}