{"rects": [[[2572.265625, 1189.453125, 5103.515625, 3433.59375], ["window"]], [[281.25, 1230.46875, 2595.703125, 3351.5625], ["window"]]], "width": 6000, "height": 4000, "tags": []}