{"rects": [[[609.375, 380.859375, 5349.609375, 3861.328125], ["window"]]], "width": 6000, "height": 4000, "tags": []}