{"rects": [[[1833.984375, 673.828125, 4283.203125, 3017.578125], ["window"]], [[17.578125, 1417.96875, 2156.25, 3433.59375], ["window"]]], "width": 6000, "height": 4000, "tags": []}