{"rects": [[[527.34375, 931.640625, 4218.75, 3134.765625], ["window"]]], "width": 6000, "height": 4000, "tags": []}