{"rects": [[[1769.53125, 64.453125, 4822.265625, 2490.234375], ["window"]], [[70.3125, 1312.5, 1605.46875, 2759.765625], ["window"]]], "width": 6000, "height": 4000, "tags": []}