{"rects": [[[767.578125, 58.59375, 2970.703125, 1910.15625], ["window"]], [[2824.21875, 1833.984375, 5097.65625, 3861.328125], ["window"]], [[2830.078125, 46.875, 4880.859375, 1968.75], ["window"]]], "width": 6000, "height": 4000, "tags": []}