{"rects": [[[304.6875, 1113.28125, 3908.203125, 5291.015625], ["window"]]], "width": 4000, "height": 6000, "tags": []}