{"rects": [[[2220.703125, 779.296875, 3750.0, 2244.140625], ["window"]], [[2197.265625, 1992.1875, 3755.859375, 3457.03125], ["window"]], [[304.6875, 966.796875, 1634.765625, 2326.171875], ["window"]]], "width": 6000, "height": 4000, "tags": []}