{"rects": [[[281.25, 626.953125, 3615.234375, 3562.5], ["window"]]], "width": 6000, "height": 4000, "tags": []}