{"rects": [[[29.296875, 521.484375, 3375.0, 4822.265625], ["window"]]], "width": 4000, "height": 6000, "tags": []}