{"rects": [[[1646.484375, 128.90625, 3726.5625, 3791.015625], ["window"]], [[11.71875, 597.65625, 1763.671875, 3849.609375], ["window"]]], "width": 6000, "height": 4000, "tags": []}