{"rects": [[[451.171875, 1851.5625, 2250.0, 3744.140625], ["window"]], [[2091.796875, 744.140625, 5748.046875, 3855.46875], ["window"]]], "width": 6000, "height": 4000, "tags": []}