{"rects": [[[1980.46875, 58.59375, 5917.96875, 3902.34375], ["window"]], [[23.4375, 82.03125, 2917.96875, 3615.234375], ["window"]]], "width": 6000, "height": 4000, "tags": []}