{"rects": [[[849.609375, 46.875, 5068.359375, 3925.78125], ["window"]]], "width": 6000, "height": 4000, "tags": []}