{"rects": [[[1628.90625, 996.09375, 3849.609375, 3457.03125], ["window"]]], "width": 6000, "height": 4000, "tags": []}