{"rects": [[[339.84375, 3527.34375, 3421.875, 5929.6875], ["window"]], [[457.03125, 1453.125, 3468.75, 3609.375], ["window"]]], "width": 4000, "height": 6000, "tags": []}