{"rects": [[[152.34375, 498.046875, 5507.8125, 3802.734375], ["window"]]], "width": 6000, "height": 4000, "tags": []}