{"rects": [[[228.515625, 773.4375, 3263.671875, 3240.234375], ["window"]], [[3222.65625, 966.796875, 5806.640625, 3123.046875], ["window"]]], "width": 6000, "height": 4000, "tags": []}