{"rects": [[[11.71875, 533.203125, 3960.9375, 5783.203125], ["window"]]], "width": 4000, "height": 6000, "tags": []}