{"rects": [[[17.578125, 1558.59375, 1505.859375, 3445.3125], ["window"]], [[2056.640625, 1839.84375, 3486.328125, 3632.8125], ["window"]]], "width": 6000, "height": 4000, "tags": []}