{"rects": [[[1435.546875, 1060.546875, 3679.6875, 3644.53125], ["window"]]], "width": 6000, "height": 4000, "tags": []}