{"rects": [[[562.5, 2853.515625, 2894.53125, 5630.859375], ["window"]]], "width": 4000, "height": 6000, "tags": []}