{"rects": [[[2414.0625, 445.3125, 4611.328125, 3837.890625], ["window"]], [[93.75, 515.625, 2542.96875, 3773.4375], ["window"]]], "width": 6000, "height": 4000, "tags": []}