{"rects": [[[1863.28125, 2255.859375, 3984.375, 3984.375], ["window"]], [[2191.40625, 164.0625, 3580.078125, 1423.828125], ["window"]]], "width": 6000, "height": 4000, "tags": []}