{"rects": [[[310.546875, 714.84375, 2091.796875, 2794.921875], ["window"]], [[3521.484375, 925.78125, 5267.578125, 2853.515625], ["window"]]], "width": 6000, "height": 4000, "tags": []}