{"rects": [[[17.578125, 1189.453125, 3996.09375, 5150.390625], ["window"]]], "width": 4000, "height": 6000, "tags": []}