{"rects": [[[205.078125, 1681.640625, 3949.21875, 5501.953125], ["window"]]], "width": 4000, "height": 6000, "tags": []}