{"rects": [[[667.96875, 357.421875, 4335.9375, 3087.890625], ["window"]]], "width": 6000, "height": 4000, "tags": []}