{"rects": [[[70.3125, 638.671875, 3023.4375, 3767.578125], ["window"]], [[2994.140625, 726.5625, 5847.65625, 3837.890625], ["window"]]], "width": 6000, "height": 4000, "tags": []}