{"rects": [[[943.359375, 1013.671875, 3796.875, 3591.796875], ["window"]]], "width": 6000, "height": 4000, "tags": []}