{"rects": [[[732.421875, 2214.84375, 3943.359375, 4998.046875], ["window"]]], "width": 4000, "height": 6000, "tags": []}