{"rects": [[[70.3125, 64.453125, 5197.265625, 3937.5], ["window"]]], "width": 6000, "height": 4000, "tags": []}