{"rects": [[[0, 1453.125, 3597.65625, 5332.03125], ["window"]]], "width": 4000, "height": 6000, "tags": []}