{"rects": [[[17.578125, 533.203125, 3949.21875, 5876.953125], ["window"]]], "width": 4000, "height": 6000, "tags": []}