{"rects": [[[35.15625, 310.546875, 3908.203125, 3703.125], ["window"]]], "width": 6000, "height": 4000, "tags": []}