{"rects": [[[2783.203125, 169.921875, 5208.984375, 2244.140625], ["window"]], [[3046.875, 2121.09375, 5167.96875, 3990.234375], ["window"]], [[82.03125, 2232.421875, 1570.3125, 3708.984375], ["window"]]], "width": 6000, "height": 4000, "tags": []}