{"rects": [[[638.671875, 796.875, 3972.65625, 3556.640625], ["window"]]], "width": 6000, "height": 4000, "tags": []}