{"rects": [[[5.859375, 58.59375, 3697.265625, 5982.421875], ["window"]]], "width": 4000, "height": 6000, "tags": []}