{"rects": [[[978.515625, 662.109375, 4253.90625, 3462.890625], ["window"]]], "width": 6000, "height": 4000, "tags": []}