{"rects": [[[23.4375, 35.15625, 5671.875, 3808.59375], ["window"]]], "width": 6000, "height": 4000, "tags": []}