{"rects": [[[0, 603.515625, 3029.296875, 5578.125], ["window"]]], "width": 4000, "height": 6000, "tags": []}