{"rects": [[[140.625, 1552.734375, 3568.359375, 4746.09375], ["window"]]], "width": 4000, "height": 6000, "tags": []}