{"rects": [[[2578.125, 1207.03125, 4939.453125, 3902.34375], ["window"]]], "width": 6000, "height": 4000, "tags": []}