{"rects": [[[1716.796875, 955.078125, 5250.0, 3949.21875], ["window"]]], "width": 6000, "height": 4000, "tags": []}