{"rects": [[[644.53125, 64.453125, 5050.78125, 3908.203125], ["window"]]], "width": 6000, "height": 4000, "tags": []}