{"rects": [[[1886.71875, 1722.65625, 4435.546875, 3462.890625], ["window"]], [[3187.5, 234.375, 5068.359375, 1810.546875], ["window"]]], "width": 6000, "height": 4000, "tags": []}