{"rects": [[[1347.65625, 322.265625, 3931.640625, 3925.78125], ["window"]]], "width": 6000, "height": 4000, "tags": []}