{"rects": [[[263.671875, 146.484375, 4000, 4927.734375], ["window"]]], "width": 4000, "height": 6000, "tags": []}