{"rects": [[[0, 1125.0, 1523.4375, 3123.046875], ["window"]], [[1898.4375, 1341.796875, 3773.4375, 3644.53125], ["window"]], [[3650.390625, 1283.203125, 5935.546875, 3580.078125], ["window"]]], "width": 6000, "height": 4000, "tags": []}