{"rects": [[[386.71875, 339.84375, 3433.59375, 5888.671875], ["window"]]], "width": 4000, "height": 6000, "tags": []}