{"rects": [[[123.046875, 64.453125, 5859.375, 3544.921875], ["window"]]], "width": 6000, "height": 4000, "tags": []}