{"rects": [[[4511.71875, 1289.0625, 5748.046875, 2718.75], ["window"]], [[1757.8125, 1224.609375, 3451.171875, 2894.53125], ["window"]], [[562.5, 1207.03125, 1898.4375, 2753.90625], ["window"]]], "width": 6000, "height": 4000, "tags": []}