{"rects": [[[2302.734375, 117.1875, 5912.109375, 3609.375], ["window"]]], "width": 6000, "height": 4000, "tags": []}