{"rects": [[[0, 621.09375, 3972.65625, 5771.484375], ["window"]]], "width": 4000, "height": 6000, "tags": []}