{"rects": [[[1763.671875, 52.734375, 5953.125, 3644.53125], ["window"]]], "width": 6000, "height": 4000, "tags": []}