{"rects": [[[533.203125, 345.703125, 2947.265625, 3193.359375], ["window"]], [[2994.140625, 263.671875, 4863.28125, 2830.078125], ["window"]]], "width": 6000, "height": 4000, "tags": []}