{"rects": [[[82.03125, 914.0625, 2671.875, 3609.375], ["window"]], [[2238.28125, 644.53125, 5736.328125, 3843.75], ["window"]]], "width": 6000, "height": 4000, "tags": []}