{"rects": [[[679.6875, 1195.3125, 3275.390625, 4435.546875], ["window"]]], "width": 4000, "height": 6000, "tags": []}