{"rects": [[[1611.328125, 82.03125, 5958.984375, 3451.171875], ["window"]]], "width": 6000, "height": 4000, "tags": []}