{"rects": [[[1675.78125, 855.46875, 3984.375, 4869.140625], ["window"]], [[5.859375, 1699.21875, 1886.71875, 5121.09375], ["window"]]], "width": 4000, "height": 6000, "tags": []}