{"rects": [[[281.25, 152.34375, 4031.25, 3457.03125], ["window"]]], "width": 6000, "height": 4000, "tags": []}