{"rects": [[[3298.828125, 46.875, 5976.5625, 2789.0625], ["window"]], [[369.140625, 175.78125, 2865.234375, 3023.4375], ["window"]]], "width": 6000, "height": 4000, "tags": []}