{"rects": [[[949.21875, 1652.34375, 3146.484375, 4828.125], ["window"]]], "width": 4000, "height": 6000, "tags": []}