{"rects": [[[931.640625, 1517.578125, 3919.921875, 4248.046875], ["window"]]], "width": 4000, "height": 6000, "tags": []}