{"rects": [[[767.578125, 123.046875, 4792.96875, 3884.765625], ["window"]]], "width": 6000, "height": 4000, "tags": []}