{"rects": [[[1658.203125, 76.171875, 5988.28125, 3117.1875], ["window"]]], "width": 6000, "height": 4000, "tags": []}