{"rects": [[[896.484375, 1892.578125, 3966.796875, 5865.234375], ["window"]]], "width": 4000, "height": 6000, "tags": []}