{"rects": [[[58.59375, 82.03125, 3796.875, 4875.0], ["window"]]], "width": 4000, "height": 6000, "tags": []}