{"rects": [[[2314.453125, 802.734375, 4781.25, 3041.015625], ["window"]]], "width": 6000, "height": 4000, "tags": []}