{"rects": [[[462.890625, 1406.25, 1927.734375, 3345.703125], ["window"]], [[2648.4375, 1552.734375, 3779.296875, 3369.140625], ["window"]], [[3650.390625, 1734.375, 5044.921875, 3427.734375], ["window"]]], "width": 6000, "height": 4000, "tags": []}