{"rects": [[[873.046875, 878.90625, 3474.609375, 4259.765625], ["window"]]], "width": 4000, "height": 6000, "tags": []}