{"rects": [[[1927.734375, 949.21875, 4341.796875, 3843.75], ["window"]]], "width": 6000, "height": 4000, "tags": []}