{"rects": [[[111.328125, 585.9375, 5654.296875, 3375.0], ["window"]]], "width": 6000, "height": 4000, "tags": []}