{"rects": [[[105.46875, 375.0, 3679.6875, 5589.84375], ["window"]]], "width": 4000, "height": 6000, "tags": []}