{"rects": [[[2126.953125, 64.453125, 5958.984375, 3785.15625], ["window"]]], "width": 6000, "height": 4000, "tags": []}