{"rects": [[[2150.390625, 1394.53125, 4763.671875, 4000], ["window"]]], "width": 6000, "height": 4000, "tags": []}