{"rects": [[[1007.8125, 128.90625, 4910.15625, 3890.625], ["window"]]], "width": 6000, "height": 4000, "tags": []}