{"rects": [[[1177.734375, 281.25, 5050.78125, 3744.140625], ["window"]]], "width": 6000, "height": 4000, "tags": []}