{"rects": [[[23.4375, 1640.625, 3849.609375, 4746.09375], ["window"]]], "width": 4000, "height": 6000, "tags": []}