{"rects": [[[1359.375, 1037.109375, 5162.109375, 3949.21875], ["window"]]], "width": 6000, "height": 4000, "tags": []}