{"rects": [[[23.4375, 1066.40625, 3955.078125, 4652.34375], ["window"]]], "width": 4000, "height": 6000, "tags": []}