{"rects": [[[11.71875, 23.4375, 5074.21875, 3416.015625], ["window"]]], "width": 6000, "height": 4000, "tags": []}