{"rects": [[[433.59375, 123.046875, 4669.921875, 3972.65625], ["window"]]], "width": 6000, "height": 4000, "tags": []}