{"rects": [[[984.375, 369.140625, 4740.234375, 3884.765625], ["window"]]], "width": 6000, "height": 4000, "tags": []}