{"rects": [[[462.890625, 1042.96875, 3966.796875, 3867.1875], ["window"]]], "width": 4000, "height": 6000, "tags": []}