{"rects": [[[70.3125, 890.625, 3919.921875, 4728.515625], ["window"]]], "width": 4000, "height": 6000, "tags": []}