{"rects": [[[708.984375, 29.296875, 3357.421875, 2203.125], ["window"]], [[3615.234375, 105.46875, 5531.25, 2349.609375], ["window"]], [[509.765625, 2103.515625, 3386.71875, 3814.453125], ["window"]], [[4048.828125, 2203.125, 5126.953125, 3837.890625], ["window"]]], "width": 6000, "height": 4000, "tags": []}