{"rects": [[[52.734375, 1042.96875, 3058.59375, 4171.875], ["window"]]], "width": 4000, "height": 6000, "tags": []}