{"rects": [[[667.96875, 2894.53125, 2542.96875, 5642.578125], ["window"]], [[650.390625, 46.875, 2625.0, 2044.921875], ["window"]]], "width": 4000, "height": 6000, "tags": []}