{"rects": [[[914.0625, 281.25, 5619.140625, 3908.203125], ["window"]]], "width": 6000, "height": 4000, "tags": []}