{"rects": [[[421.875, 1347.65625, 3580.078125, 3726.5625], ["window"]]], "width": 6000, "height": 4000, "tags": []}