{"rects": [[[158.203125, 1160.15625, 3580.078125, 4875.0], ["window"]]], "width": 4000, "height": 6000, "tags": []}