{"rects": [[[1570.3125, 123.046875, 3902.34375, 2513.671875], ["window"]], [[1359.375, 2513.671875, 4000, 4757.8125], ["window"]]], "width": 4000, "height": 6000, "tags": []}