{"rects": [[[550.78125, 287.109375, 3966.796875, 5876.953125], ["window"]]], "width": 4000, "height": 6000, "tags": []}