{"rects": [[[861.328125, 521.484375, 5578.125, 3972.65625], ["window"]]], "width": 6000, "height": 4000, "tags": []}