{"rects": [[[2560.546875, 0, 4886.71875, 1880.859375], ["window"]], [[591.796875, 87.890625, 2660.15625, 2126.953125], ["window"]]], "width": 6000, "height": 4000, "tags": []}