{"rects": [[[0, 0, 5304, 7952], ["facade"]], [[1974.7466666666667, 26.506666666666668, 3213.9333333333334, 2140.4133333333334], ["window"]], [[1974.7466666666667, 2670.5466666666666, 3366.346666666667, 5453.746666666667], ["window"]], [[1934.9866666666667, 5751.946666666667, 3406.106666666667, 7004.386666666667], ["window"]]], "width": 5304, "height": 7952, "tags": []}