{"rects": [[[163.65333333333334, 430.6666666666667, 2282.5333333333333, 2273.92], ["window"]], [[120.58666666666667, 2760.5733333333333, 2566.7733333333335, 4547.84], ["window"]]], "width": 3448, "height": 5168, "tags": []}