{"rects": [[[934.5466666666666, 1541.7866666666666, 2459.1066666666666, 3346.28], ["window"]]], "width": 3448, "height": 5168, "tags": []}