{"rects": [[[2418.7333333333336, 2723.56, 4592.28, 4174.8], ["window"]], [[2418.7333333333336, 4227.8133333333335, 4446.493333333334, 5606.16], ["window"]], [[443.9866666666667, 4883.8533333333335, 1934.9866666666667, 6195.933333333333], ["window"]], [[642.7866666666667, 3518.76, 1915.1066666666668, 4724.8133333333335], ["window"]], [[901.2266666666667, 1265.6933333333334, 2034.3866666666668, 2471.746666666667], ["window"]], [[556.64, 6388.106666666667, 1875.3466666666668, 7514.64], ["window"]], [[2392.226666666667, 5665.8, 4539.266666666666, 7077.280000000001], ["window"]]], "width": 5304, "height": 7952, "tags": []}