{"rects": [[[249.78666666666666, 4.306666666666667, 641.6933333333334, 1886.32], ["window"]], [[822.5733333333334, 2032.7466666666667, 2433.266666666667, 3251.5333333333333], ["window"]], [[529.72, 3729.5733333333333, 2321.2933333333335, 5137.8533333333335], ["window"]], [[1520.2533333333333, 185.18666666666667, 2532.32, 1149.8799999999999], ["window"]]], "width": 3448, "height": 5168, "tags": []}