{"rects": [[[521.1066666666667, 887.1733333333333, 2743.346666666667, 4806.24], ["window", "shop"]]], "width": 3448, "height": 5168, "tags": []}