{"rects": [[[0, 0, 3448, 5168], ["facade"]], [[73.21333333333334, 86.13333333333333, 577.0933333333334, 2596.92], ["window"]], [[1283.3866666666668, 426.36, 3320.44, 1192.9466666666667], ["window"]], [[1085.28, 1567.6266666666666, 2924.2266666666665, 4078.4133333333334], ["window"]]], "width": 3448, "height": 5168, "tags": []}