{"rects": [[[1335.0666666666666, 1989.68, 2019.8266666666666, 3393.653333333333], ["window"]], [[2282.5333333333333, 1162.8, 2980.213333333333, 2179.173333333333], ["window"]], [[1615.0, 73.21333333333334, 2161.9466666666667, 788.12], ["window"]]], "width": 3448, "height": 5168, "tags": []}