{"rects": [[[622.9066666666666, 159.04000000000002, 4466.373333333334, 7819.466666666667], ["window"]]], "width": 5304, "height": 7952, "tags": []}