{"rects": [[[1317.84, 2226.5466666666666, 2131.8, 2863.9333333333334], ["window"]], [[2639.9866666666667, 831.1866666666666, 3423.8, 1597.7733333333333], ["window"]], [[2618.4533333333334, 146.42666666666668, 3350.5866666666666, 697.68], ["window"]], [[1640.84, 3466.866666666667, 2407.4266666666667, 4470.32], ["window"]]], "width": 3448, "height": 5168, "tags": []}