{"rects": [[[6.626666666666667, 1689.8, 2544.6400000000003, 7057.400000000001], ["window"]], [[2571.146666666667, 1391.6000000000001, 5281.453333333334, 7382.106666666667], ["window"]]], "width": 5304, "height": 7952, "tags": []}