{"rects": [[[17.226666666666667, 1800.1866666666667, 1826.0266666666666, 3906.1466666666665], ["window"]], [[1826.0266666666666, 1696.8266666666666, 3432.4133333333334, 3983.6666666666665], ["window"]]], "width": 3448, "height": 5168, "tags": []}