{"rects": [[[53.013333333333335, 1212.68, 5254.946666666667, 5964.0], ["window"]]], "width": 5304, "height": 7952, "tags": []}