{"rects": [[[33.13333333333333, 1537.3866666666668, 1716.3066666666668, 6898.360000000001], ["window"]], [[1809.0800000000002, 1749.44, 3465.746666666667, 6931.493333333334], ["window"]], [[3532.0133333333333, 1921.7333333333333, 5228.4400000000005, 6964.626666666667], ["window"]]], "width": 5304, "height": 7952, "tags": []}