{"rects": [[[125.90666666666667, 265.06666666666666, 4532.64, 3406.106666666667], ["window"]], [[337.96000000000004, 4386.8533333333335, 4532.64, 7236.320000000001], ["window"]]], "width": 5304, "height": 7952, "tags": []}