{"rects": [[[994.84, 1309.2266666666667, 2355.7466666666664, 3725.2666666666664], ["window"]]], "width": 3448, "height": 5168, "tags": []}