{"rects": [[[351.21333333333337, 960.8666666666667, 2538.0133333333333, 7706.8133333333335], ["window"]], [[2564.52, 159.04000000000002, 4267.573333333334, 7600.786666666667], ["window"]]], "width": 5304, "height": 7952, "tags": []}