{"rects": [[[809.6533333333333, 499.5733333333333, 2962.9866666666667, 4035.346666666667], ["window"]]], "width": 3448, "height": 5168, "tags": []}