{"rects": [[[0, 0, 3448, 5168], ["facade"]], [[129.2, 960.3866666666667, 478.04, 3432.4133333333334], ["window"]], [[1300.6133333333332, 598.6266666666667, 2403.12, 1791.5733333333333], ["window"]], [[1752.8133333333333, 3307.52, 2136.1066666666666, 4539.2266666666665], ["window"]]], "width": 3448, "height": 5168, "tags": []}