{"rects": [[[314.38666666666666, 1826.0266666666666, 2786.4133333333334, 5060.333333333333], ["window"]]], "width": 3448, "height": 5168, "tags": []}