{"rects": [[[0, 0, 3448, 5168], ["facade"]], [[581.4, 0, 2812.253333333333, 2540.9333333333334], ["window"]], [[460.81333333333333, 2566.7733333333335, 2941.4533333333334, 5146.466666666666], ["window"]]], "width": 3448, "height": 5168, "tags": []}