{"rects": [[[1365.0933333333335, 0, 3644.666666666667, 6977.88], ["window"]]], "width": 5304, "height": 7952, "tags": []}