{"rects": [[[550.0133333333333, 291.5733333333333, 4062.146666666667, 6520.64], ["window"]]], "width": 5304, "height": 7952, "tags": []}