{"rects": [[[450.61333333333334, 2909.1066666666666, 4943.493333333334, 5400.733333333334], ["window"]]], "width": 5304, "height": 7952, "tags": []}