{"rects": [[[1484.3733333333334, 682.5466666666667, 3479.0, 6745.946666666667], ["window"]]], "width": 5304, "height": 7952, "tags": []}