{"rects": [[[658.92, 1882.0133333333333, 1421.2, 3139.56], ["window"]], [[1546.0933333333332, 2049.9733333333334, 2230.8533333333335, 3122.3333333333335], ["window"]], [[2299.7599999999998, 2123.1866666666665, 2975.9066666666668, 3174.0133333333333], ["window"]], [[637.3866666666667, 3350.5866666666666, 1485.8, 3811.4], ["window"]], [[2299.7599999999998, 3376.4266666666667, 3143.866666666667, 3876.0], ["window"]], [[1158.4933333333333, 4043.96, 1774.3466666666666, 4789.013333333333], ["window"]], [[684.76, 4138.706666666667, 1132.6533333333334, 4784.706666666667], ["window"]], [[2278.2266666666665, 4121.48, 2872.5466666666666, 4806.24], ["window"]], [[2894.08, 4078.4133333333334, 3277.3733333333334, 4793.32], ["window"]], [[2230.8533333333335, 4862.2266666666665, 2872.5466666666666, 5116.32], ["window"]], [[1498.72, 1447.04, 2105.96, 1847.56], ["window"]], [[2192.0933333333332, 1490.1066666666666, 2898.3866666666668, 1869.0933333333332], ["window"]]], "width": 3448, "height": 5168, "tags": []}