{"rects": [[[947.4666666666667, 297.16, 1550.4, 1817.4133333333334], ["window"]], [[1981.0666666666666, 456.50666666666666, 2545.24, 1795.8799999999999], ["window"]], [[878.56, 2807.9466666666667, 1615.0, 3931.9866666666667], ["window"]]], "width": 3448, "height": 5168, "tags": []}