{"rects": [[[218.68, 185.54666666666668, 4744.693333333334, 3180.8], ["window"]], [[159.04000000000002, 3240.44, 4850.72, 6116.413333333334], ["window"]]], "width": 5304, "height": 7952, "tags": []}