{"rects": [[[291.5733333333333, 1696.4266666666667, 5115.786666666667, 6573.653333333334], ["window"]]], "width": 5304, "height": 7952, "tags": []}