{"rects": [[[0, 0, 3448, 5168], ["facade"]], [[2515.0933333333332, 452.2, 3354.8933333333334, 2657.213333333333], ["window"]], [[4.306666666666667, 370.37333333333333, 2269.6133333333332, 1989.68], ["window"]], [[1231.7066666666667, 3044.8133333333335, 2351.44, 4427.253333333333], ["window"]]], "width": 3448, "height": 5168, "tags": []}