{"rects": [[[1093.4, 2193.4266666666667, 3962.746666666667, 6679.68], ["window"]]], "width": 5304, "height": 7952, "tags": []}