{"rects": [[[1570.52, 1941.6133333333335, 3545.266666666667, 5785.08], ["window"]]], "width": 5304, "height": 7952, "tags": []}