{"rects": [[[0, 0, 3448, 5168], ["facade"]], [[1003.4533333333334, 64.6, 3363.5066666666667, 2127.4933333333333], ["window"]], [[869.9466666666667, 2299.7599999999998, 3402.2666666666664, 4797.626666666667], ["window"]]], "width": 3448, "height": 5168, "tags": []}