{"rects": [[[1066.8933333333334, 1484.3733333333334, 3479.0, 5652.546666666667], ["window"]]], "width": 5304, "height": 7952, "tags": []}