{"rects": [[[19.880000000000003, 1477.7466666666667, 5294.706666666667, 5076.026666666667], ["window"]]], "width": 5304, "height": 7952, "tags": []}