{"rects": [[[43.06666666666666, 120.58666666666667, 1791.5733333333333, 3001.7466666666664], ["window"]], [[17.226666666666667, 3040.5066666666667, 1774.3466666666666, 5103.4], ["window"]]], "width": 3448, "height": 5168, "tags": []}