{"rects": [[[357.84000000000003, 72.89333333333333, 4983.253333333333, 7925.493333333334], ["window"]]], "width": 5304, "height": 7952, "tags": []}