{"rects": [[[956.08, 2980.213333333333, 3006.0533333333333, 5103.4], ["window"]], [[490.96, 198.10666666666665, 2799.3333333333335, 2308.3733333333334], ["window"]]], "width": 3448, "height": 5168, "tags": []}