{"rects": [[[1218.7866666666666, 1692.52, 2114.5733333333333, 3682.2], ["window"]]], "width": 3448, "height": 5168, "tags": []}