{"rects": [[[298.2, 1769.3200000000002, 3969.3733333333334, 5738.693333333334], ["window"]], [[4035.6400000000003, 2094.0266666666666, 5208.56, 5619.413333333334], ["window"]]], "width": 5304, "height": 7952, "tags": []}