{"rects": [[[796.7333333333333, 1287.6933333333334, 2721.8133333333335, 4009.5066666666667], ["window"]]], "width": 3448, "height": 5168, "tags": []}