{"rects": [[[1111.12, 1701.1333333333332, 2364.36, 3337.6666666666665], ["window"]]], "width": 3448, "height": 5168, "tags": []}