{"rects": [[[783.8133333333333, 1774.3466666666666, 2674.44, 4091.3333333333335], ["window"]]], "width": 3448, "height": 5168, "tags": []}