{"rects": [[[0, 0, 3448, 5168], ["facade"]], [[73.21333333333334, 124.89333333333333, 2140.4133333333334, 1920.7733333333333], ["window"]], [[1180.0266666666666, 2678.7466666666664, 3316.133333333333, 4724.413333333333], ["window"]]], "width": 3448, "height": 5168, "tags": []}