{"rects": [[[887.1733333333333, 835.4933333333333, 2924.2266666666665, 4220.533333333334], ["window"]]], "width": 3448, "height": 5168, "tags": []}