{"rects": [[[675.9200000000001, 1153.04, 4473.0, 6169.426666666667], ["window"]]], "width": 5304, "height": 7952, "tags": []}