{"rects": [[[236.86666666666667, 8.613333333333333, 3062.04, 1903.5466666666666], ["window"]], [[219.64, 1938.0, 3057.733333333333, 4384.1866666666665], ["window"]]], "width": 3448, "height": 5168, "tags": []}