{"rects": [[[0, 0, 3448, 5168], ["facade"]], [[404.82666666666665, 81.82666666666667, 3049.12, 1692.52], ["window"]], [[236.86666666666667, 2924.2266666666665, 3268.7599999999998, 4754.56], ["window"]]], "width": 3448, "height": 5168, "tags": []}