{"rects": [[[753.6666666666666, 1205.8666666666666, 2721.8133333333335, 3828.6266666666666], ["window"]]], "width": 3448, "height": 5168, "tags": []}