{"rects": [[[60.29333333333334, 585.7066666666667, 3367.8133333333335, 4207.613333333334], ["window"]]], "width": 3448, "height": 5168, "tags": []}