{"rects": [[[1471.1200000000001, 265.06666666666666, 5042.893333333333, 6673.053333333333], ["window"]]], "width": 5304, "height": 7952, "tags": []}