{"rects": [[[0, 0, 3448, 5168], ["facade"]], [[8.613333333333333, 30.14666666666667, 2222.24, 2364.36], ["window"]], [[615.8533333333334, 2450.4933333333333, 3419.4933333333333, 5159.386666666666], ["window"]]], "width": 3448, "height": 5168, "tags": []}