{"rects": [[[913.0133333333333, 3260.1466666666665, 2420.346666666667, 5060.333333333333], ["window"]], [[990.5333333333333, 331.61333333333334, 2342.826666666667, 1481.4933333333333], ["window"]], [[977.6133333333333, 1726.9733333333334, 2347.133333333333, 3135.253333333333], ["window"]]], "width": 3448, "height": 5168, "tags": []}