{"rects": [[[0, 0, 3448, 5168], ["facade"]], [[30.14666666666667, 64.6, 348.84, 1976.76], ["window"]], [[447.8933333333333, 43.06666666666666, 3372.12, 559.8666666666667], ["window"]], [[1115.4266666666667, 796.7333333333333, 1468.5733333333333, 2739.04], ["window"]], [[2261.0, 736.4399999999999, 2782.1066666666666, 2484.9466666666667], ["window"]], [[1132.6533333333334, 3294.6, 2114.5733333333333, 4474.626666666667], ["window"]], [[137.81333333333333, 2777.8, 1093.8933333333334, 4009.5066666666667], ["window"]]], "width": 3448, "height": 5168, "tags": []}