{"rects": [[[0, 0, 3448, 5168], ["facade"]], [[64.6, 86.13333333333333, 2161.9466666666667, 1963.84], ["window"]], [[1438.4266666666667, 2937.1466666666665, 3195.5466666666666, 5112.013333333333], ["window"]]], "width": 3448, "height": 5168, "tags": []}