{"rects": [[[1391.6000000000001, 689.1733333333334, 4227.8133333333335, 7481.506666666667], ["window", "shop"]]], "width": 5304, "height": 7952, "tags": []}