{"rects": [[[882.8666666666667, 740.7466666666667, 2829.48, 4259.293333333333], ["window"]]], "width": 3448, "height": 5168, "tags": []}