{"rects": [[[0, 0, 3448, 5168], ["facade"]], [[133.50666666666666, 137.81333333333333, 2213.6266666666666, 1731.28], ["window"]], [[788.12, 2080.12, 3113.72, 4224.84], ["window"]]], "width": 3448, "height": 5168, "tags": []}