{"rects": [[[745.0533333333333, 1132.6533333333334, 2459.1066666666666, 4065.4933333333333], ["window"]]], "width": 3448, "height": 5168, "tags": []}