{"rects": [[[1283.3866666666668, 1830.3333333333333, 2360.0533333333333, 3221.3866666666668], ["window"]], [[2717.5066666666667, 2166.253333333333, 3428.1066666666666, 2954.3733333333334], ["window"]], [[951.7733333333333, 3850.16, 2385.8933333333334, 5159.386666666666], ["window"]]], "width": 3448, "height": 5168, "tags": []}