{"rects": [[[53.013333333333335, 304.82666666666665, 5274.826666666667, 7090.533333333334], ["window"]]], "width": 5304, "height": 7952, "tags": []}