{"rects": [[[25.84, 4.306666666666667, 2622.7599999999998, 2054.28], ["window"]], [[51.68, 2062.8933333333334, 2614.1466666666665, 4328.2], ["window"]]], "width": 3448, "height": 5168, "tags": []}