{"rects": [[[960.3866666666667, 1231.7066666666667, 2476.3333333333335, 3014.6666666666665], ["window"]], [[887.1733333333333, 3359.2, 2644.2933333333335, 5073.253333333333], ["window"]]], "width": 3448, "height": 5168, "tags": []}