{"rects": [[[348.84, 904.4, 3018.9733333333334, 3944.9066666666668], ["window"]]], "width": 3448, "height": 5168, "tags": []}