{"rects": [[[0, 0, 3448, 5168], ["facade"]], [[51.68, 34.45333333333333, 3419.4933333333333, 2019.8266666666666], ["window"]], [[8.613333333333333, 2502.173333333333, 1787.2666666666667, 4900.986666666667], ["window"]], [[1808.8, 2519.4, 3441.0266666666666, 4892.373333333333], ["window"]]], "width": 3448, "height": 5168, "tags": []}