{"rects": [[[305.7733333333333, 1106.8133333333333, 3122.3333333333335, 3910.4533333333334], ["window"]]], "width": 3448, "height": 5168, "tags": []}