{"rects": [[[0, 0, 3448, 5168], ["facade"]], [[111.97333333333333, 99.05333333333333, 2484.9466666666667, 2704.5866666666666], ["window"]], [[809.6533333333333, 2950.0666666666666, 3341.9733333333334, 5133.546666666667], ["window"]]], "width": 3448, "height": 5168, "tags": []}