{"rects": [[[305.7733333333333, 258.4, 3018.9733333333334, 1434.12], ["window"]], [[305.7733333333333, 2058.5866666666666, 2950.0666666666666, 3079.2666666666664], ["window"]], [[374.68, 3802.786666666667, 2967.2933333333335, 4905.293333333333], ["window"]]], "width": 3448, "height": 5168, "tags": []}