{"rects": [[[706.2933333333333, 1360.9066666666668, 2670.133333333333, 3505.6266666666666], ["window"]]], "width": 3448, "height": 5168, "tags": []}