{"rects": [[[835.4933333333333, 805.3466666666667, 3040.5066666666667, 4517.693333333334], ["window"]]], "width": 3448, "height": 5168, "tags": []}