{"rects": [[[701.9866666666667, 146.42666666666668, 3320.44, 1731.28], ["window"]], [[267.0133333333333, 1744.2, 2515.0933333333332, 3109.4133333333334], ["window"]], [[736.4399999999999, 3363.5066666666667, 3346.28, 5099.093333333333], ["window"]]], "width": 3448, "height": 5168, "tags": []}