{"rects": [[[628.7733333333333, 1037.9066666666668, 2665.826666666667, 3751.1066666666666], ["window"]]], "width": 3448, "height": 5168, "tags": []}