{"rects": [[[0, 0, 3448, 5168], ["facade"]], [[318.6933333333333, 275.62666666666667, 2829.48, 1571.9333333333334], ["window"]], [[374.68, 2493.56, 2291.1466666666665, 3755.4133333333334], ["window"]]], "width": 3448, "height": 5168, "tags": []}