{"rects": [[[1309.2266666666667, 490.96, 2054.28, 1929.3866666666668], ["window"]], [[1343.68, 2080.12, 2037.0533333333333, 3221.3866666666668], ["window"]], [[1330.76, 3432.4133333333334, 1950.92, 4668.426666666666], ["window"]]], "width": 3448, "height": 5168, "tags": []}