{"rects": [[[1643.4133333333334, 443.9866666666667, 5102.533333333334, 7123.666666666667], ["window"]]], "width": 5304, "height": 7952, "tags": []}