{"rects": [[[103.36, 1119.7333333333333, 3307.52, 4513.386666666666], ["window"]]], "width": 3448, "height": 5168, "tags": []}