{"rects": [[[0, 0, 3448, 5168], ["facade"]], [[624.4666666666667, 434.97333333333336, 2364.36, 2295.4533333333334], ["window"]], [[542.64, 3307.52, 1434.12, 4965.586666666667], ["window"]], [[1477.1866666666667, 2721.8133333333335, 2506.48, 4565.066666666667], ["window"]]], "width": 3448, "height": 5168, "tags": []}