{"rects": [[[0, 0, 3448, 5168], ["facade"]], [[353.14666666666665, 2028.44, 2372.9733333333334, 4194.693333333334], ["window"]]], "width": 3448, "height": 5168, "tags": []}