{"rects": [[[516.8, 1093.8933333333334, 3014.6666666666665, 3738.1866666666665], ["window"]]], "width": 3448, "height": 5168, "tags": []}