{"rects": [[[447.8933333333333, 1274.7733333333333, 1485.8, 2248.08], ["window"]], [[1701.1333333333332, 1197.2533333333333, 2708.8933333333334, 2015.52], ["window"]], [[1640.84, 2928.5333333333333, 2851.0133333333333, 3820.0133333333333], ["window"]], [[1722.6666666666667, 4078.4133333333334, 2859.6266666666666, 4823.466666666666], ["window"]]], "width": 3448, "height": 5168, "tags": []}