{"rects": [[[0, 0, 3448, 5168], ["facade"]], [[206.72, 30.14666666666667, 2381.5866666666666, 1503.0266666666666], ["window"]], [[1171.4133333333334, 1856.1733333333334, 2549.5466666666666, 3544.3866666666668], ["window"]]], "width": 3448, "height": 5168, "tags": []}