{"rects": [[[1012.0666666666666, 206.72, 3057.733333333333, 1778.6533333333334], ["window"]], [[934.5466666666666, 2239.4666666666667, 3100.8, 3987.9733333333334], ["window"]]], "width": 3448, "height": 5168, "tags": []}