{"rects": [[[512.4933333333333, 904.4, 2894.08, 4401.413333333333], ["window"]], [[2924.2266666666665, 2226.5466666666666, 3376.4266666666667, 3367.8133333333335], ["window"]]], "width": 3448, "height": 5168, "tags": []}