{"rects": [[[646.0, 951.7733333333333, 2515.0933333333332, 3992.28], ["window"]]], "width": 3448, "height": 5168, "tags": []}