{"rects": [[[809.6533333333333, 1360.9066666666668, 2730.4266666666667, 3940.6], ["window"]]], "width": 3448, "height": 5168, "tags": []}