{"rects": [[[503.62666666666667, 265.06666666666666, 5235.066666666667, 4333.84], ["window"]], [[291.5733333333333, 4506.133333333333, 5261.573333333334, 7925.493333333334], ["window"]]], "width": 5304, "height": 7952, "tags": []}