{"rects": [[[12.92, 111.97333333333333, 3448, 1864.7866666666666], ["window"]], [[12.92, 1877.7066666666667, 3448, 3966.44], ["window"]]], "width": 3448, "height": 5168, "tags": []}