{"rects": [[[848.4133333333333, 1429.8133333333333, 2450.4933333333333, 3027.5866666666666], ["window"]], [[986.2266666666667, 3251.5333333333333, 2407.4266666666667, 4504.7733333333335], ["window"]], [[2484.9466666666667, 3092.1866666666665, 3359.2, 3798.48], ["window"]], [[2515.0933333333332, 1421.2, 3337.6666666666665, 2153.3333333333335], ["window"]]], "width": 3448, "height": 5168, "tags": []}