{"rects": [[[77.52, 1093.8933333333334, 2605.5333333333333, 3466.866666666667], ["window"]]], "width": 3448, "height": 5168, "tags": []}