{"rects": [[[469.4266666666667, 1416.8933333333334, 2924.2266666666665, 3888.92], ["window"]]], "width": 3448, "height": 5168, "tags": []}