{"rects": [[[753.6666666666666, 740.7466666666667, 2678.7466666666664, 3518.5466666666666], ["window"]]], "width": 3448, "height": 5168, "tags": []}