{"rects": [[[943.16, 1184.3333333333333, 2584.0, 4190.386666666666], ["window"]]], "width": 3448, "height": 5168, "tags": []}