{"rects": [[[275.62666666666667, 1593.4666666666667, 3212.7733333333335, 4328.2], ["window"]]], "width": 3448, "height": 5168, "tags": []}