{"rects": [[[1236.0133333333333, 2088.733333333333, 2011.2133333333334, 3242.92], ["window"]]], "width": 3448, "height": 5168, "tags": []}