{"rects": [[[895.7866666666666, 559.8666666666667, 2532.32, 4698.573333333334], ["window"]]], "width": 3448, "height": 5168, "tags": []}