{"rects": [[[152.41333333333333, 1391.6000000000001, 5215.1866666666665, 5659.173333333333], ["window"]], [[3233.8133333333335, 6388.106666666667, 5062.7733333333335, 7547.7733333333335], ["window"]], [[410.85333333333335, 6282.08, 1994.6266666666668, 7667.053333333333], ["window"]]], "width": 5304, "height": 7952, "tags": []}