{"rects": [[[185.18666666666667, 1330.76, 3428.1066666666666, 3488.4], ["window"]], [[189.49333333333334, 3501.32, 3448, 5150.7733333333335], ["window"]]], "width": 3448, "height": 5168, "tags": []}