{"rects": [[[792.4266666666666, 917.32, 2941.4533333333334, 4547.84], ["window"]]], "width": 3448, "height": 5168, "tags": []}