{"rects": [[[650.3066666666666, 1925.08, 1774.3466666666666, 4018.12], []], [[1804.4933333333333, 1981.0666666666666, 2971.6, 3841.5466666666666], ["window"]], [[1709.7466666666667, 628.7733333333333, 1959.5333333333333, 1309.2266666666667], ["window"]], [[1976.76, 641.6933333333334, 2217.9333333333334, 1326.4533333333334], ["window"]], [[714.9066666666666, 271.32, 1223.0933333333332, 1378.1333333333332], ["window"]], [[1248.9333333333334, 465.12, 1696.8266666666666, 1451.3466666666666], ["window"]], [[2648.6, 826.88, 3083.5733333333333, 1714.0533333333333], ["window"]]], "width": 3448, "height": 5168, "tags": []}