{"rects": [[[1016.3733333333333, 1472.8799999999999, 2489.253333333333, 3372.12], ["window"]]], "width": 3448, "height": 5168, "tags": []}