{"rects": [[[439.28, 727.8266666666667, 3251.5333333333333, 4431.56], ["window"]]], "width": 3448, "height": 5168, "tags": []}