{"rects": [[[258.4, 232.56, 3225.693333333333, 5150.7733333333335], ["window"]]], "width": 3448, "height": 5168, "tags": []}