{"rects": [[[596.4, 404.2266666666667, 4221.1866666666665, 7103.786666666667], ["window"]]], "width": 5304, "height": 7952, "tags": []}