{"rects": [[[775.32, 940.9866666666667, 4824.213333333333, 6123.04], ["window"]]], "width": 5304, "height": 7952, "tags": []}