{"rects": [[[4.306666666666667, 1421.2, 3448, 5008.653333333334], ["facade"]], [[180.88, 1511.64, 1787.2666666666667, 3074.96], ["window"]], [[1292.0, 3230.0, 3406.5733333333333, 4810.546666666667], ["window"]]], "width": 3448, "height": 5168, "tags": []}