{"rects": [[[781.9466666666667, 92.77333333333334, 4863.973333333333, 6533.893333333333], ["window"]]], "width": 5304, "height": 7952, "tags": []}