{"rects": [[[340.2266666666667, 1201.56, 1244.6266666666666, 2209.32], ["window"]], [[1714.0533333333333, 2114.5733333333333, 2670.133333333333, 3083.5733333333333], ["window"]], [[1248.9333333333334, 3212.7733333333335, 2713.2, 4254.986666666667], ["window"]], [[2161.9466666666667, 1003.4533333333334, 2614.1466666666665, 1981.0666666666666], ["window"]]], "width": 3448, "height": 5168, "tags": []}