{"rects": [[[288.5466666666667, 572.7866666666666, 3380.733333333333, 4074.1066666666666], ["window"]]], "width": 3448, "height": 5168, "tags": []}