{"rects": [[[1188.64, 1003.4533333333334, 1683.9066666666668, 1826.0266666666666], ["window"]], [[1136.96, 2037.0533333333333, 2205.0133333333333, 2915.6133333333332], ["window"]], [[1524.56, 3471.173333333333, 2299.7599999999998, 4293.746666666667], ["window"]], [[2351.44, 1632.2266666666667, 3169.7066666666665, 3174.0133333333333], ["window"]], [[2360.0533333333333, 3643.44, 3290.2933333333335, 4888.066666666667], ["window"]], [[2325.6, 21.53333333333333, 3182.6266666666666, 1261.8533333333332], ["window"]]], "width": 3448, "height": 5168, "tags": []}