{"rects": [[[254.09333333333333, 1339.3733333333332, 2261.0, 3871.693333333333], ["window"]]], "width": 3448, "height": 5168, "tags": []}