{"rects": [[[719.2133333333334, 676.1466666666666, 2799.3333333333335, 4853.613333333334], ["window"]]], "width": 3448, "height": 5168, "tags": []}