{"rects": [[[409.1333333333333, 30.14666666666667, 3018.9733333333334, 2187.786666666667], ["window"]], [[167.96, 2704.5866666666666, 3277.3733333333334, 4944.053333333333], ["window"]]], "width": 3448, "height": 5168, "tags": []}