{"rects": [[[265.06666666666666, 417.48, 5056.1466666666665, 6116.413333333334], ["window"]]], "width": 5304, "height": 7952, "tags": []}