{"rects": [[[637.3866666666667, 4.306666666666667, 3448, 2329.9066666666668], ["window"]], [[585.7066666666667, 3281.68, 3441.0266666666666, 5150.7733333333335], ["window"]]], "width": 3448, "height": 5168, "tags": []}