{"rects": [[[378.9866666666667, 878.56, 2773.4933333333333, 3212.7733333333335], ["window"]], [[327.3066666666667, 3251.5333333333333, 2803.64, 5163.693333333334], ["window"]]], "width": 3448, "height": 5168, "tags": []}