{"rects": [[[1895.2266666666667, 2942.2400000000002, 4360.346666666667, 5698.933333333333], ["window"]], [[185.54666666666668, 3538.6400000000003, 1868.72, 6639.92], ["window"]], [[768.6933333333334, 72.89333333333333, 3869.9733333333334, 2730.186666666667], ["window"]]], "width": 5304, "height": 7952, "tags": []}