{"rects": [[[1934.9866666666667, 4910.360000000001, 3777.2000000000003, 7295.96], ["window"]], [[1530.76, 2889.226666666667, 2120.5333333333333, 4704.933333333333], ["window"]], [[2074.1466666666665, 1080.1466666666668, 3651.2933333333335, 2736.8133333333335], ["window"]]], "width": 5304, "height": 7952, "tags": []}