{"rects": [[[279.93333333333334, 607.24, 3044.8133333333335, 4013.8133333333335], ["window"]]], "width": 3448, "height": 5168, "tags": []}