{"rects": [[[167.96, 1012.0666666666666, 3199.8533333333335, 3509.9333333333334], ["window"]]], "width": 3448, "height": 5168, "tags": []}