{"rects": [[[835.4933333333333, 938.8533333333334, 3135.253333333333, 3729.5733333333333], ["window"]]], "width": 3448, "height": 5168, "tags": []}