{"rects": [[[291.5733333333333, 245.18666666666667, 4691.68, 7660.426666666667], ["window"]]], "width": 5304, "height": 7952, "tags": []}