{"rects": [[[1192.9466666666667, 1731.28, 2459.1066666666666, 3143.866666666667], ["window"]], [[1231.7066666666667, 577.0933333333334, 2454.8, 1722.6666666666667], ["window"]], [[1210.1733333333334, 3191.24, 2381.5866666666666, 4595.213333333333], ["window"]]], "width": 3448, "height": 5168, "tags": []}