{"rects": [[[370.37333333333333, 1128.3466666666666, 2962.9866666666667, 3953.52], ["window"]]], "width": 3448, "height": 5168, "tags": []}