{"rects": [[[1550.4, 969.0, 3053.4266666666667, 3415.1866666666665], ["window"]], [[378.9866666666667, 1309.2266666666667, 1490.1066666666666, 3122.3333333333335], ["window"]]], "width": 3448, "height": 5168, "tags": []}