{"rects": [[[305.7733333333333, 81.82666666666667, 3448, 1912.16], ["window"]], [[232.56, 3423.8, 3402.2666666666664, 5163.693333333334], ["window"]]], "width": 3448, "height": 5168, "tags": []}