{"rects": [[[1981.3733333333334, 980.7466666666667, 4704.933333333333, 5937.493333333334], ["window"]]], "width": 5304, "height": 7952, "tags": []}