{"rects": [[[0, 0, 3448, 5168], ["facade"]], [[887.1733333333333, 3264.4533333333334, 2726.12, 4642.586666666667], ["window"]], [[818.2666666666667, 4.306666666666667, 2915.6133333333332, 1395.36], ["window"]]], "width": 3448, "height": 5168, "tags": []}