{"rects": [[[112.65333333333334, 1424.7333333333333, 5182.053333333333, 5042.893333333333], ["window"]]], "width": 5304, "height": 7952, "tags": []}