{"rects": [[[801.8266666666667, 940.9866666666667, 5115.786666666667, 5771.826666666667], ["window"]]], "width": 5304, "height": 7952, "tags": []}