{"rects": [[[641.6933333333334, 1442.7333333333333, 2674.44, 3617.6], ["window"]]], "width": 3448, "height": 5168, "tags": []}