{"rects": [[[1205.8666666666666, 1653.76, 2097.346666666667, 3169.7066666666665], ["window"]], [[1283.3866666666668, 3716.653333333333, 2058.5866666666666, 4982.8133333333335], ["window"]], [[1395.36, 30.14666666666667, 2114.5733333333333, 1287.6933333333334], ["window"]]], "width": 3448, "height": 5168, "tags": []}