{"rects": [[[796.7333333333333, 25.84, 3053.4266666666667, 1679.6], ["window"]], [[796.7333333333333, 1683.9066666666668, 3264.4533333333334, 3126.64], ["window"]], [[701.9866666666667, 3062.04, 3406.5733333333333, 4319.586666666667], ["window"]]], "width": 3448, "height": 5168, "tags": []}