{"rects": [[[163.65333333333334, 900.0933333333334, 2950.0666666666666, 3630.52], ["window"]]], "width": 3448, "height": 5168, "tags": []}