{"rects": [[[646.0, 4.306666666666667, 3070.653333333333, 1890.6266666666666], ["window"]], [[654.6133333333333, 1890.6266666666666, 2825.173333333333, 4612.44], ["window"]]], "width": 3448, "height": 5168, "tags": []}