{"rects": [[[1391.0533333333333, 2127.4933333333333, 2252.3866666666668, 3208.4666666666667], ["window"]]], "width": 3448, "height": 5168, "tags": []}