{"rects": [[[1184.3333333333333, 1309.2266666666667, 2528.0133333333333, 3626.213333333333], ["window"]]], "width": 3448, "height": 5168, "tags": []}