{"rects": [[[0, 0, 3448, 5168], ["facade"]], [[99.05333333333333, 1033.6, 3372.12, 2183.48], ["window"]], [[77.52, 3122.3333333333335, 3410.88, 4336.8133333333335], ["facade"]]], "width": 3448, "height": 5168, "tags": []}