{"rects": [[[0, 0, 3448, 5168], ["facade"]], [[1167.1066666666666, 8.613333333333333, 3436.72, 1890.6266666666666], ["window"]], [[64.6, 1920.7733333333333, 2472.0266666666666, 5150.7733333333335], ["window"]]], "width": 3448, "height": 5168, "tags": []}