{"rects": [[[0, 0, 3448, 5168], ["facade"]], [[1416.8933333333334, 21.53333333333333, 3441.0266666666666, 2213.6266666666666], ["window"]], [[25.84, 2678.7466666666664, 3423.8, 5155.08], ["window"]]], "width": 3448, "height": 5168, "tags": []}