{"rects": [[[0, 0, 5304, 7952], ["facade"]], [[79.52000000000001, 1013.88, 1013.88, 6818.84], ["window"]], [[1756.0666666666668, 2332.5866666666666, 2763.32, 7938.746666666667], ["window"]]], "width": 5304, "height": 7952, "tags": []}