{"rects": [[[0, 0, 5304, 7952], ["facade"]], [[1252.44, 834.96, 1862.0933333333335, 2299.4533333333334], ["window"]], [[3094.6533333333336, 1259.0666666666666, 4360.346666666667, 4141.666666666667], ["window"]]], "width": 5304, "height": 7952, "tags": []}