{"rects": [[[0, 0, 5304, 7952], ["window"]], [[1537.3866666666668, 1060.2666666666667, 2736.8133333333335, 6182.68], ["window"]], [[2736.8133333333335, 1027.1333333333334, 4333.84, 6467.626666666667], ["window"]]], "width": 5304, "height": 7952, "tags": []}