{"rects": [[[19.880000000000003, 1358.4666666666667, 5274.826666666667, 4254.320000000001], ["window"]], [[53.013333333333335, 4333.84, 5261.573333333334, 6779.08], ["window"]], [[3041.6400000000003, 152.41333333333333, 3903.106666666667, 1245.8133333333333], ["window"]]], "width": 5304, "height": 7952, "tags": []}