{"rects": [[[523.5066666666667, 1305.4533333333334, 5102.533333333334, 5851.346666666667], ["window"]]], "width": 5304, "height": 7952, "tags": []}