{"rects": [[[650.3066666666666, 1477.1866666666667, 2993.133333333333, 4280.826666666667], ["window"]]], "width": 3448, "height": 5168, "tags": []}