{"rects": [[[749.36, 21.53333333333333, 3406.5733333333333, 1726.9733333333334], ["window"]], [[706.2933333333333, 2463.4133333333334, 3324.7466666666664, 4702.88], ["window"]]], "width": 3448, "height": 5168, "tags": []}