{"rects": [[[404.82666666666665, 279.93333333333334, 3341.9733333333334, 3979.36], ["window"]]], "width": 3448, "height": 5168, "tags": []}