{"rects": [[[682.5466666666667, 576.52, 4579.026666666667, 7335.72], ["window"]]], "width": 5304, "height": 7952, "tags": []}