{"rects": [[[0, 0, 3448, 5168], ["facade"]], [[908.7066666666667, 279.93333333333334, 2316.9866666666667, 1292.0], ["window"]], [[745.0533333333333, 2751.96, 2515.0933333333332, 4939.746666666667], ["window"]]], "width": 3448, "height": 5168, "tags": []}