{"rects": [[[1214.48, 3561.6133333333332, 2205.0133333333333, 4789.013333333333], ["window"]], [[1287.6933333333334, 1963.84, 2118.88, 3087.88], ["window"]], [[2338.52, 3445.3333333333335, 3380.733333333333, 4543.533333333334], ["window"]]], "width": 3448, "height": 5168, "tags": []}