{"rects": [[[663.2266666666667, 21.53333333333333, 3298.9066666666668, 1804.4933333333333], ["window"]], [[542.64, 1860.48, 2950.0666666666666, 3996.5866666666666], ["window"]]], "width": 3448, "height": 5168, "tags": []}