{"rects": [[[0, 0, 5304, 7952], ["facade"]], [[218.68, 4400.106666666667, 4042.266666666667, 7713.4400000000005], ["window"]], [[503.62666666666667, 284.94666666666666, 3777.2000000000003, 2246.44], ["window"]]], "width": 5304, "height": 7952, "tags": []}