{"rects": [[[559.8666666666667, 710.6, 2665.826666666667, 4845.0], ["window"]]], "width": 3448, "height": 5168, "tags": []}