{"rects": [[[1287.6933333333334, 21.53333333333333, 2282.5333333333333, 5163.693333333334], ["facade"]], [[1399.6666666666667, 460.81333333333333, 2170.56, 1528.8666666666666], ["window"]], [[1352.2933333333333, 2480.64, 2179.173333333333, 4935.44], ["window"]]], "width": 3448, "height": 5168, "tags": []}