{"rects": [[[0, 0, 3448, 5168], ["facade"]], [[452.2, 1546.0933333333332, 1192.9466666666667, 2885.4666666666667], ["window"]], [[1201.56, 1016.3733333333333, 2846.7066666666665, 2476.3333333333335], ["window"]]], "width": 3448, "height": 5168, "tags": []}