{"rects": [[[271.32, 439.28, 3285.9866666666667, 4474.626666666667], ["window"]]], "width": 3448, "height": 5168, "tags": []}