{"rects": [[[1000.6266666666667, 1033.76, 5215.1866666666665, 7302.586666666667], ["window"]]], "width": 5304, "height": 7952, "tags": []}