{"rects": [[[0, 0, 3448, 5168], ["facade"]], [[508.18666666666667, 2601.2266666666665, 2928.5333333333333, 4969.893333333333], ["window"]], [[310.08, 120.58666666666667, 3242.92, 2394.5066666666667], ["window"]]], "width": 3448, "height": 5168, "tags": []}