{"rects": [[[745.0533333333333, 1080.9733333333334, 3165.4, 3139.56], ["window"]], [[697.68, 3174.0133333333333, 3165.4, 5133.546666666667], ["window"]]], "width": 3448, "height": 5168, "tags": []}