{"rects": [[[585.7066666666667, 2015.52, 1391.0533333333333, 3794.173333333333], ["window"]], [[2118.88, 1662.3733333333332, 2919.92, 3548.693333333333], ["window"]]], "width": 3448, "height": 5168, "tags": []}