{"rects": [[[874.72, 318.08000000000004, 4585.653333333334, 7395.360000000001], ["window"]]], "width": 5304, "height": 7952, "tags": []}