{"rects": [[[279.93333333333334, 736.4399999999999, 3186.9333333333334, 4302.36], ["window"]]], "width": 3448, "height": 5168, "tags": []}