{"rects": [[[103.36, 2308.3733333333334, 757.9733333333334, 3148.173333333333], ["window"]], [[921.6266666666667, 2252.3866666666668, 1326.4533333333334, 3100.8], ["window"]], [[1477.1866666666667, 2222.24, 2024.1333333333332, 2919.92], ["window"]], [[1360.9066666666668, 2937.1466666666665, 2015.52, 3682.2], ["window"]], [[167.96, 327.3066666666667, 1386.7466666666667, 839.8], ["window"]], [[973.3066666666666, 904.4, 2024.1333333333332, 1533.1733333333334], ["window"]]], "width": 3448, "height": 5168, "tags": []}