{"rects": [[[0, 0, 3448, 5168], ["facade"]], [[25.84, 47.373333333333335, 2562.4666666666667, 1778.6533333333334], ["window"]], [[792.4266666666666, 2704.5866666666666, 3329.0533333333333, 4745.946666666667], ["window"]]], "width": 3448, "height": 5168, "tags": []}