{"rects": [[[0, 0, 3448, 5168], ["facade"]], [[202.41333333333333, 516.8, 1675.2933333333333, 1882.0133333333333], ["window"]], [[1279.08, 3298.9066666666668, 2795.0266666666666, 4806.24], ["window"]]], "width": 3448, "height": 5168, "tags": []}