{"rects": [[[0, 0, 3448, 5168], ["facade"]], [[486.6533333333333, 34.45333333333333, 1076.6666666666667, 1503.0266666666666], ["window"]], [[1554.7066666666667, 357.4533333333333, 3040.5066666666667, 1851.8666666666666], ["window"]], [[994.84, 2773.4933333333333, 1597.7733333333333, 4741.64], ["window"]]], "width": 3448, "height": 5168, "tags": []}