{"rects": [[[1050.8266666666666, 1714.0533333333333, 2575.3866666666668, 3600.3733333333334], ["window"]]], "width": 3448, "height": 5168, "tags": []}