{"rects": [[[0, 0, 3448, 5168], ["facade"]], [[1024.9866666666667, 17.226666666666667, 3393.653333333333, 2532.32], ["window"]], [[951.7733333333333, 2584.0, 3445.3333333333335, 5120.626666666667], ["window"]]], "width": 3448, "height": 5168, "tags": []}