{"rects": [[[241.17333333333335, 525.4133333333333, 3307.52, 2975.9066666666668], ["window"]], [[94.74666666666667, 3006.0533333333333, 3389.346666666667, 5133.546666666667], ["window"]]], "width": 3448, "height": 5168, "tags": []}