{"rects": [[[55.986666666666665, 404.82666666666665, 3432.4133333333334, 2075.8133333333335], ["window"]], [[43.06666666666666, 3311.826666666667, 3419.4933333333333, 5155.08], ["window"]]], "width": 3448, "height": 5168, "tags": []}