{"rects": [[[413.44, 1158.4933333333333, 3027.5866666666666, 3828.6266666666666], ["window"]]], "width": 3448, "height": 5168, "tags": []}