{"rects": [[[1570.52, 1908.48, 3929.6133333333337, 6434.493333333334], ["window"]]], "width": 5304, "height": 7952, "tags": []}