{"rects": [[[0, 0, 3448, 5168], ["facade"]], [[1240.32, 17.226666666666667, 3397.96, 2717.5066666666667], ["window"]], [[1227.4, 2734.733333333333, 3445.3333333333335, 5159.386666666666], ["window"]]], "width": 3448, "height": 5168, "tags": []}