{"rects": [[[0, 0, 3448, 5168], ["facade"]], [[254.09333333333333, 1111.12, 1447.04, 1894.9333333333334], ["window"]], [[1421.2, 2222.24, 1838.9466666666667, 4104.253333333333], ["window"]], [[2230.8533333333335, 3040.5066666666667, 2665.826666666667, 4022.4266666666667], ["window"]]], "width": 3448, "height": 5168, "tags": []}