{"rects": [[[439.28, 185.18666666666667, 3303.213333333333, 2846.7066666666665], ["window"]], [[366.06666666666666, 2898.3866666666668, 3329.0533333333333, 5150.7733333333335], ["window"]]], "width": 3448, "height": 5168, "tags": []}