{"rects": [[[357.84000000000003, 1915.1066666666668, 4532.64, 5983.88], ["window"]]], "width": 5304, "height": 7952, "tags": []}