{"rects": [[[753.6666666666666, 947.4666666666667, 2863.9333333333334, 3574.5333333333333], ["window"]]], "width": 3448, "height": 5168, "tags": []}