{"rects": [[[1119.7333333333333, 1744.2, 2342.826666666667, 3514.24], ["window"]]], "width": 3448, "height": 5168, "tags": []}