{"rects": [[[447.8933333333333, 314.38666666666666, 2932.84, 3475.48], ["window"]]], "width": 3448, "height": 5168, "tags": []}