{"rects": [[[66.26666666666667, 1656.6666666666667, 2796.4533333333334, 7097.16], ["window"]], [[2862.7200000000003, 1921.7333333333333, 5241.693333333334, 6885.106666666667], ["window"]]], "width": 5304, "height": 7952, "tags": []}