{"rects": [[[167.96, 546.9466666666667, 3277.3733333333334, 2325.6], ["window"]], [[77.52, 3130.9466666666667, 3225.693333333333, 5124.933333333333], ["window"]]], "width": 3448, "height": 5168, "tags": []}