{"rects": [[[43.06666666666666, 314.38666666666666, 2174.866666666667, 3664.9733333333334], ["window"]], [[2196.4, 331.61333333333334, 3423.8, 4130.093333333333], ["window"]]], "width": 3448, "height": 5168, "tags": []}