{"rects": [[[443.9866666666667, 1272.3200000000002, 4837.466666666667, 6540.52], ["window"]]], "width": 5304, "height": 7952, "tags": []}