{"rects": [[[508.18666666666667, 21.53333333333333, 3251.5333333333333, 5150.7733333333335], ["facade"]], [[637.3866666666667, 30.14666666666667, 1602.08, 1490.1066666666666], ["window"]], [[1037.9066666666668, 1524.56, 2295.4533333333334, 3397.96], ["window"]], [[2420.346666666667, 51.68, 3113.72, 3776.9466666666667], ["window"]]], "width": 3448, "height": 5168, "tags": []}