{"rects": [[[155.04, 12.92, 3448, 1709.7466666666667], ["window"]], [[366.06666666666666, 2907.0, 3448, 5077.56], ["window"]]], "width": 3448, "height": 5168, "tags": []}