{"rects": [[[1231.7066666666667, 2067.2, 1774.3466666666666, 3057.733333333333], ["window"]], [[1856.1733333333334, 2037.0533333333333, 2222.24, 2807.9466666666667], ["window"]], [[2416.04, 3161.0933333333332, 2799.3333333333335, 3527.16], ["window"]], [[1731.28, 3329.0533333333333, 2149.0266666666666, 3647.7466666666664], ["window"]], [[2476.3333333333335, 2812.253333333333, 2700.28, 3156.786666666667], ["window"]], [[684.76, 3690.8133333333335, 1055.1333333333334, 4237.76], ["window"]]], "width": 3448, "height": 5168, "tags": []}