{"rects": [[[1212.68, 1563.8933333333334, 3969.3733333333334, 6341.72], ["window"]]], "width": 5304, "height": 7952, "tags": []}