{"rects": [[[357.84000000000003, 1199.4266666666667, 4764.573333333334, 6441.12], ["window"]]], "width": 5304, "height": 7952, "tags": []}