{"rects": [[[1037.9066666666668, 1679.6, 2648.6, 3583.1466666666665], ["window"]], [[2403.12, 150.73333333333332, 2919.92, 1304.92], ["window"]]], "width": 3448, "height": 5168, "tags": []}