{"rects": [[[370.37333333333333, 1072.36, 2915.6133333333332, 4474.626666666667], ["window"]]], "width": 3448, "height": 5168, "tags": []}