{"rects": [[[0, 0, 5304, 7952], ["facade"]], [[225.30666666666667, 106.02666666666667, 3876.6000000000004, 3730.8133333333335], ["window"]], [[1186.1733333333334, 3956.1200000000003, 5274.826666666667, 7905.613333333334], ["window"]]], "width": 5304, "height": 7952, "tags": []}