{"rects": [[[917.32, 47.373333333333335, 2416.04, 4900.986666666667], ["facade"]], [[1520.2533333333333, 120.58666666666667, 1916.4666666666667, 564.1733333333333], ["window"]], [[1584.8533333333332, 1210.1733333333334, 1929.3866666666668, 1640.84], ["window"]], [[1998.2933333333333, 2945.7599999999998, 2304.0666666666666, 3561.6133333333332], ["window"]], [[2045.6666666666667, 1352.2933333333333, 2243.7733333333335, 1933.6933333333334], ["window"]], [[1124.04, 2962.9866666666667, 1386.7466666666667, 3509.9333333333334], ["window"]], [[1106.8133333333333, 4035.346666666667, 1399.6666666666667, 4629.666666666667], ["window"]]], "width": 3448, "height": 5168, "tags": []}