{"rects": [[[0, 0, 3448, 5168], ["facade"]], [[452.2, 2648.6, 3156.786666666667, 4819.16], ["window"]], [[340.2266666666667, 86.13333333333333, 2919.92, 2179.173333333333], ["window"]]], "width": 3448, "height": 5168, "tags": []}