{"rects": [[[1059.44, 1395.36, 2605.5333333333333, 3936.2933333333335], ["window"]]], "width": 3448, "height": 5168, "tags": []}