{"rects": [[[854.84, 1974.7466666666667, 4857.346666666667, 6043.52], ["window"]]], "width": 5304, "height": 7952, "tags": []}