{"rects": [[[0, 0, 5304, 7952], ["facade"]], [[106.02666666666667, 19.880000000000003, 2909.1066666666666, 2942.2400000000002], ["window"]], [[1232.56, 3644.666666666667, 3180.8, 7932.12], ["window"]]], "width": 5304, "height": 7952, "tags": []}