{"rects": [[[973.3066666666666, 1257.5466666666666, 2467.72, 3449.64], ["window"]]], "width": 3448, "height": 5168, "tags": []}