{"rects": [[[335.92, 749.36, 3096.4933333333333, 4216.2266666666665], ["window"]]], "width": 3448, "height": 5168, "tags": []}