{"rects": [[[1438.4266666666667, 163.65333333333334, 3432.4133333333334, 1653.76], ["window"]], [[12.92, 1782.96, 1317.84, 4720.106666666667], ["window"]], [[1335.0666666666666, 1675.2933333333333, 3445.3333333333335, 3122.3333333333335], ["window"]]], "width": 3448, "height": 5168, "tags": []}