{"rects": [[[17.226666666666667, 1257.5466666666666, 3406.5733333333333, 3195.5466666666666], ["window"]], [[25.84, 3264.4533333333334, 3428.1066666666666, 5137.8533333333335], ["window"]]], "width": 3448, "height": 5168, "tags": []}