{"rects": [[[378.9866666666667, 1464.2666666666667, 3333.36, 4702.88], ["window"]]], "width": 3448, "height": 5168, "tags": []}