{"rects": [[[456.50666666666666, 521.1066666666667, 2945.7599999999998, 4926.826666666667], ["window"]]], "width": 3448, "height": 5168, "tags": []}