{"rects": [[[424.1066666666667, 1285.5733333333335, 4718.1866666666665, 5838.093333333333], ["window"]]], "width": 5304, "height": 7952, "tags": []}