{"rects": [[[478.04, 348.84, 1412.5866666666666, 3772.64], ["window"]], [[1416.8933333333334, 2041.36, 2334.213333333333, 3242.92], ["window"]]], "width": 3448, "height": 5168, "tags": []}