{"rects": [[[298.2, 576.52, 4751.320000000001, 6792.333333333334], ["window"]]], "width": 5304, "height": 7952, "tags": []}