{"rects": [[[1201.56, 1063.7466666666667, 3367.8133333333335, 3893.2266666666665], ["window"]]], "width": 3448, "height": 5168, "tags": []}