{"rects": [[[581.4, 133.50666666666666, 2730.4266666666667, 1537.48], ["window"]], [[585.7066666666667, 2192.0933333333332, 1567.6266666666666, 3208.4666666666667], ["window"]], [[1791.5733333333333, 1920.7733333333333, 2751.96, 3083.5733333333333], ["window"]]], "width": 3448, "height": 5168, "tags": []}