{"rects": [[[357.84000000000003, 4313.96, 2127.1600000000003, 6792.333333333334], ["window"]], [[2160.2933333333335, 2935.6133333333332, 3532.0133333333333, 5042.893333333333], ["window"]], [[2889.226666666667, 5394.106666666667, 3585.0266666666666, 7302.586666666667], ["window"]]], "width": 5304, "height": 7952, "tags": []}