{"rects": [[[12.92, 1688.2133333333334, 1882.0133333333333, 3944.9066666666668], ["window"]], [[1907.8533333333332, 835.4933333333333, 3428.1066666666666, 4147.32], ["window"]]], "width": 3448, "height": 5168, "tags": []}