{"rects": [[[663.2266666666667, 417.74666666666667, 2975.9066666666668, 4104.253333333333], ["window"]]], "width": 3448, "height": 5168, "tags": []}