{"rects": [[[0, 0, 3448, 5168], ["facade"]], [[43.06666666666666, 43.06666666666666, 577.0933333333334, 2161.9466666666667], ["window"]], [[745.0533333333333, 55.986666666666665, 1890.6266666666666, 792.4266666666666], ["window"]], [[1477.1866666666667, 1020.68, 2954.3733333333334, 2028.44], ["window"]], [[719.2133333333334, 2364.36, 1757.12, 4207.613333333334], ["window"]]], "width": 3448, "height": 5168, "tags": []}