{"rects": [[[0, 0, 3448, 5168], ["facade"]], [[206.72, 60.29333333333334, 2062.8933333333334, 1851.8666666666666], ["window"]], [[1326.4533333333334, 2093.04, 3419.4933333333333, 4763.173333333333], ["window"]]], "width": 3448, "height": 5168, "tags": []}