{"rects": [[[676.1466666666666, 559.8666666666667, 2622.7599999999998, 4900.986666666667], ["window"]]], "width": 3448, "height": 5168, "tags": []}