{"rects": [[[0, 0, 3448, 5168], ["facade"]], [[473.73333333333335, 620.16, 1666.68, 2411.733333333333], ["window"]], [[1158.4933333333333, 3191.24, 2019.8266666666666, 4612.44], ["window"]]], "width": 3448, "height": 5168, "tags": []}