{"rects": [[[0, 1554.7066666666667, 3389.346666666667, 3402.2666666666664], ["window"]], [[1106.8133333333333, 3768.3333333333335, 2261.0, 5034.493333333333], ["window"]], [[77.52, 663.2266666666667, 1201.56, 1382.44], ["window"]]], "width": 3448, "height": 5168, "tags": []}