{"rects": [[[288.5466666666667, 142.12, 2743.346666666667, 4862.2266666666665], ["window", "shop"]]], "width": 3448, "height": 5168, "tags": []}