{"rects": [[[0, 1343.68, 1778.6533333333334, 4246.373333333333], ["window"]], [[1800.1866666666667, 1218.7866666666666, 3419.4933333333333, 4237.76], ["window"]]], "width": 3448, "height": 5168, "tags": []}