{"rects": [[[228.25333333333333, 1442.7333333333333, 2708.8933333333334, 3509.9333333333334], ["window", "shop"]]], "width": 3448, "height": 5168, "tags": []}