{"rects": [[[258.44, 2359.0933333333332, 5115.786666666667, 5871.2266666666665], ["window"]]], "width": 5304, "height": 7952, "tags": []}