{"rects": [[[1477.1866666666667, 792.4266666666666, 3298.9066666666668, 3587.4533333333334], ["window"]], [[73.21333333333334, 1171.4133333333334, 1412.5866666666666, 3828.6266666666666], ["window"]]], "width": 3448, "height": 5168, "tags": []}