{"rects": [[[47.373333333333335, 465.12, 1403.9733333333334, 1752.8133333333333], ["window"]], [[1817.4133333333334, 1688.2133333333334, 3337.6666666666665, 2842.4], ["window"]], [[1653.76, 3074.96, 3363.5066666666667, 4216.2266666666665], ["window"]], [[4.306666666666667, 1907.8533333333332, 1395.36, 3165.4], ["window"]]], "width": 3448, "height": 5168, "tags": []}