{"rects": [[[1166.2933333333333, 2180.1733333333336, 4506.133333333333, 5526.64], ["window"]]], "width": 5304, "height": 7952, "tags": []}