{"rects": [[[0, 0, 3448, 5168], ["facade"]], [[142.12, 0, 3428.1066666666666, 1920.7733333333333], ["window"]], [[21.53333333333333, 3083.5733333333333, 3445.3333333333335, 5137.8533333333335], ["window"]]], "width": 3448, "height": 5168, "tags": []}