{"rects": [[[17.226666666666667, 12.92, 2351.44, 2325.6], ["window"]], [[30.14666666666667, 2683.0533333333333, 2377.28, 5155.08], ["window"]]], "width": 3448, "height": 5168, "tags": []}