{"rects": [[[831.1866666666666, 921.6266666666667, 2592.6133333333332, 4229.1466666666665], ["window"]]], "width": 3448, "height": 5168, "tags": []}