{"rects": [[[353.14666666666665, 198.10666666666665, 2907.0, 2273.92], ["window"]], [[193.8, 2721.8133333333335, 2911.306666666667, 4741.64], ["window"]]], "width": 3448, "height": 5168, "tags": []}