{"rects": [[[0, 0, 3448, 5168], ["facade"]], [[727.8266666666667, 611.5466666666666, 1912.16, 3105.1066666666666], ["window"]]], "width": 3448, "height": 5168, "tags": []}