{"rects": [[[564.1733333333333, 267.0133333333333, 3040.5066666666667, 4995.733333333334], ["window"]]], "width": 3448, "height": 5168, "tags": []}