{"rects": [[[133.50666666666666, 167.96, 2644.2933333333335, 2889.7733333333335], ["window"]], [[120.58666666666667, 2954.3733333333334, 2747.653333333333, 5150.7733333333335], ["window"]]], "width": 3448, "height": 5168, "tags": []}