{"rects": [[[0, 0, 3448, 5168], ["facade"]], [[17.226666666666667, 1365.2133333333334, 3432.4133333333334, 3699.4266666666667], ["window"]]], "width": 3448, "height": 5168, "tags": []}