{"rects": [[[1412.5866666666666, 1920.7733333333333, 2291.1466666666665, 3178.32], ["window"]], [[495.26666666666665, 2149.0266666666666, 1360.9066666666668, 3096.4933333333333], ["window"]]], "width": 3448, "height": 5168, "tags": []}