{"rects": [[[8.613333333333333, 1645.1466666666668, 3406.5733333333333, 4836.386666666666], ["window"]]], "width": 3448, "height": 5168, "tags": []}