{"rects": [[[1236.0133333333333, 452.2, 2067.2, 1223.0933333333332], ["window"]], [[1240.32, 2239.4666666666667, 2088.733333333333, 3040.5066666666667], ["window"]], [[1490.1066666666666, 4138.706666666667, 2140.4133333333334, 4931.133333333333], ["window"]]], "width": 3448, "height": 5168, "tags": []}