{"rects": [[[0, 0, 3448, 5168], ["facade"]], [[1149.8799999999999, 8.613333333333333, 3380.733333333333, 2265.306666666667], ["window"]], [[1098.2, 2799.3333333333335, 3397.96, 5146.466666666666], ["window"]]], "width": 3448, "height": 5168, "tags": []}