{"rects": [[[2144.72, 2213.6266666666666, 2876.8533333333335, 3195.5466666666666], ["window"]], [[2097.346666666667, 921.6266666666667, 2838.0933333333332, 1873.4], ["window"]]], "width": 3448, "height": 5168, "tags": []}