{"rects": [[[447.8933333333333, 1403.9733333333334, 2993.133333333333, 4186.08], ["window"]]], "width": 3448, "height": 5168, "tags": []}