{"rects": [[[563.2666666666667, 437.36, 4711.56, 7309.213333333334], ["window"]]], "width": 5304, "height": 7952, "tags": []}