{"rects": [[[650.3066666666666, 508.18666666666667, 2532.32, 3824.32], ["window"]]], "width": 3448, "height": 5168, "tags": []}