{"rects": [[[563.2666666666667, 331.33333333333337, 5109.16, 7428.493333333334], ["window"]]], "width": 5304, "height": 7952, "tags": []}