{"rects": [[[0, 0, 5304, 7952], ["facade"]], [[106.02666666666667, 33.13333333333333, 3379.6, 3008.5066666666667], ["window"]], [[1590.4, 3777.2000000000003, 5135.666666666667, 7295.96], ["window"]]], "width": 5304, "height": 7952, "tags": []}