{"rects": [[[81.82666666666667, 689.0666666666666, 3448, 2743.346666666667], ["window"]], [[17.226666666666667, 2812.253333333333, 3397.96, 4913.906666666667], ["window"]]], "width": 3448, "height": 5168, "tags": []}