{"rects": [[[0, 0, 3448, 5168], ["facade"]], [[396.2133333333333, 301.46666666666664, 1369.52, 1524.56], ["window"]], [[1292.0, 2648.6, 2670.133333333333, 4474.626666666667], ["window"]]], "width": 3448, "height": 5168, "tags": []}