{"rects": [[[0, 0, 3448, 5168], ["facade"]], [[99.05333333333333, 12.92, 3389.346666666667, 1817.4133333333334], ["window"]], [[38.76, 1826.0266666666666, 3423.8, 3359.2], ["window"]], [[43.06666666666666, 3372.12, 3415.1866666666665, 4961.28], ["window"]]], "width": 3448, "height": 5168, "tags": []}