{"rects": [[[581.4, 1266.16, 2562.4666666666667, 3880.306666666667], ["window"]]], "width": 3448, "height": 5168, "tags": []}