{"rects": [[[390.97333333333336, 1298.8266666666668, 4963.373333333334, 7262.826666666667], ["window"]]], "width": 5304, "height": 7952, "tags": []}