{"rects": [[[377.72, 1312.0800000000002, 4572.400000000001, 6500.76], ["window"]]], "width": 5304, "height": 7952, "tags": []}