{"rects": [[[193.8, 0, 3062.04, 1800.1866666666667], ["window"]], [[116.28, 3445.3333333333335, 3195.5466666666666, 5155.08], ["window"]]], "width": 3448, "height": 5168, "tags": []}