{"rects": [[[728.9333333333334, 662.6666666666667, 4168.173333333333, 5533.266666666667], ["window"]]], "width": 5304, "height": 7952, "tags": []}