{"rects": [[[821.7066666666667, 1530.76, 5042.893333333333, 6759.2], ["window"]]], "width": 5304, "height": 7952, "tags": []}