{"rects": [[[30.14666666666667, 12.92, 3419.4933333333333, 2105.96], ["window"]], [[64.6, 2105.96, 3406.5733333333333, 4832.08], ["window"]]], "width": 3448, "height": 5168, "tags": []}