{"rects": [[[413.44, 693.3733333333333, 3122.3333333333335, 3742.4933333333333], ["window"]]], "width": 3448, "height": 5168, "tags": []}