{"rects": [[[1000.6266666666667, 907.8533333333334, 3326.5866666666666, 3101.28], ["window"]], [[914.48, 3379.6, 3379.6, 5758.573333333334], ["window"]]], "width": 5304, "height": 7952, "tags": []}