{"rects": [[[1046.52, 1072.36, 2084.4266666666667, 2058.5866666666666], ["window"]], [[1360.9066666666668, 292.85333333333335, 1998.2933333333333, 788.12], ["window"]], [[2239.4666666666667, 499.5733333333333, 2928.5333333333333, 1253.24], ["window"]], [[1309.2266666666667, 3251.5333333333333, 2123.1866666666665, 4220.533333333334], ["window"]], [[2372.9733333333334, 3505.6266666666666, 2980.213333333333, 4397.106666666667], ["window"]]], "width": 3448, "height": 5168, "tags": []}