{"rects": [[[378.9866666666667, 1550.4, 2950.0666666666666, 4685.653333333334], ["window"]]], "width": 3448, "height": 5168, "tags": []}