{"rects": [[[1171.4133333333334, 1149.8799999999999, 2958.68, 3789.866666666667], ["window"]]], "width": 3448, "height": 5168, "tags": []}