{"rects": [[[900.0933333333334, 17.226666666666667, 3423.8, 1834.64], ["window"]], [[766.5866666666667, 3087.88, 3363.5066666666667, 5163.693333333334], ["window"]]], "width": 3448, "height": 5168, "tags": []}