{"rects": [[[1098.2, 1838.9466666666667, 2523.7066666666665, 3484.0933333333332], ["window"]]], "width": 3448, "height": 5168, "tags": []}