{"rects": [[[327.3066666666667, 749.36, 2842.4, 3001.7466666666664], ["window", "shop"]], [[167.96, 3027.5866666666666, 2428.96, 4586.6], ["window", "shop"]]], "width": 3448, "height": 5168, "tags": []}