{"rects": [[[146.42666666666668, 1477.1866666666667, 2174.866666666667, 3953.52], ["window"]]], "width": 3448, "height": 5168, "tags": []}