{"rects": [[[0, 0, 3448, 5168], ["facade"]], [[38.76, 124.89333333333333, 1533.1733333333334, 2265.306666666667], ["window"]], [[1774.3466666666666, 2562.4666666666667, 3113.72, 4745.946666666667], ["window"]]], "width": 3448, "height": 5168, "tags": []}