{"rects": [[[172.26666666666665, 1055.1333333333334, 2463.4133333333334, 4125.786666666667], ["window"]]], "width": 3448, "height": 5168, "tags": []}