{"rects": [[[478.04, 4.306666666666667, 3053.4266666666667, 1666.68], ["window"]], [[490.96, 1696.8266666666666, 3070.653333333333, 3453.9466666666667], ["window"]], [[460.81333333333333, 3535.7733333333335, 3139.56, 5159.386666666666], ["window"]]], "width": 3448, "height": 5168, "tags": []}