{"rects": [[[0, 0, 3448, 5168], ["facade"]], [[245.48, 107.66666666666667, 701.9866666666667, 2816.56], ["window"]], [[745.0533333333333, 124.89333333333333, 3346.28, 667.5333333333333], ["window"]], [[925.9333333333333, 874.2533333333333, 2915.6133333333332, 2058.5866666666666], ["window"]], [[21.53333333333333, 3428.1066666666666, 3448, 4061.1866666666665], ["window"]]], "width": 3448, "height": 5168, "tags": []}