{"rects": [[[1145.5733333333333, 2080.12, 2196.4, 2898.3866666666668], ["window"]], [[1326.4533333333334, 1399.6666666666667, 2131.8, 1981.0666666666666], ["window"]], [[1253.24, 2945.7599999999998, 2192.0933333333332, 3479.786666666667], ["window"]], [[1326.4533333333334, 4513.386666666666, 2084.4266666666667, 5081.866666666667], ["window"]], [[607.24, 3191.24, 1046.52, 5142.16], ["window"]], [[775.2, 1106.8133333333333, 1020.68, 2631.3733333333334], ["window"]], [[2566.7733333333335, 2571.08, 3415.1866666666665, 3544.3866666666668], ["window"]], [[51.68, 1261.8533333333332, 745.0533333333333, 1968.1466666666668], ["window"]]], "width": 3448, "height": 5168, "tags": []}