{"rects": [[[1391.0533333333333, 1968.1466666666668, 2045.6666666666667, 3208.4666666666667], ["window"]], [[1373.8266666666666, 762.28, 1942.3066666666666, 1882.0133333333333], ["window"]], [[1244.6266666666666, 3367.8133333333335, 2118.88, 4466.013333333333], ["window"]]], "width": 3448, "height": 5168, "tags": []}