{"rects": [[[882.8666666666667, 960.3866666666667, 2609.84, 3975.0533333333333], ["window"]]], "width": 3448, "height": 5168, "tags": []}