{"rects": [[[447.8933333333333, 521.1066666666667, 3049.12, 3053.4266666666667], ["window"]], [[202.41333333333333, 3096.4933333333333, 3100.8, 4853.613333333334], ["window"]]], "width": 3448, "height": 5168, "tags": []}