{"rects": [[[159.34666666666666, 17.226666666666667, 3432.4133333333334, 2338.52], ["window"]], [[137.81333333333333, 2364.36, 3428.1066666666666, 5000.04], ["window"]]], "width": 3448, "height": 5168, "tags": []}