{"rects": [[[77.52, 938.8533333333334, 3303.213333333333, 3884.6133333333332], ["window"]]], "width": 3448, "height": 5168, "tags": []}