{"rects": [[[689.0666666666666, 1369.52, 2678.7466666666664, 3996.5866666666666], ["window"]]], "width": 3448, "height": 5168, "tags": []}