{"rects": [[[94.74666666666667, 865.64, 3380.733333333333, 4121.48], ["window"]]], "width": 3448, "height": 5168, "tags": []}