{"rects": [[[602.9333333333333, 646.0, 2562.4666666666667, 3600.3733333333334], ["window"]]], "width": 3448, "height": 5168, "tags": []}