{"rects": [[[503.88, 1571.9333333333334, 3096.4933333333333, 4293.746666666667], ["window"]]], "width": 3448, "height": 5168, "tags": []}