{"rects": [[[1188.64, 1778.6533333333334, 2149.0266666666666, 3492.7066666666665], ["window"]], [[1464.2666666666667, 4.306666666666667, 2123.1866666666665, 1218.7866666666666], ["window"]]], "width": 3448, "height": 5168, "tags": []}