{"rects": [[[0, 0, 5304, 7952], ["facade"]], [[59.64, 2213.306666666667, 1802.4533333333334, 3194.0533333333333], ["window"]], [[1729.5600000000002, 3492.2533333333336, 3565.146666666667, 4612.16], ["window"]], [[1696.4266666666667, 4400.106666666667, 3624.786666666667, 5778.453333333334], ["window"]], [[344.5866666666667, 788.5733333333334, 1928.3600000000001, 1722.9333333333334], ["window"]], [[3359.7200000000003, 1199.4266666666667, 4857.346666666667, 2087.4], ["window"]]], "width": 5304, "height": 7952, "tags": []}