{"rects": [[[1046.52, 1795.8799999999999, 1679.6, 3031.8933333333334], ["window"]], [[1808.8, 2037.0533333333333, 2166.253333333333, 2907.0], ["window"]], [[1180.0266666666666, 3346.28, 1731.28, 4216.2266666666665], ["window"]], [[1813.1066666666666, 3195.5466666666666, 2420.346666666667, 4224.84], ["window"]]], "width": 3448, "height": 5168, "tags": []}