{"rects": [[[947.4666666666667, 1382.44, 2950.0666666666666, 3910.4533333333334], ["window"]]], "width": 3448, "height": 5168, "tags": []}