{"rects": [[[1037.9066666666668, 930.24, 2170.56, 1580.5466666666666], ["window"]], [[1093.8933333333334, 2192.0933333333332, 2118.88, 3001.7466666666664], ["window"]], [[947.4666666666667, 3531.4666666666667, 2161.9466666666667, 4366.96], ["window"]], [[2243.7733333333335, 94.74666666666667, 2726.12, 499.5733333333333], ["window"]], [[2248.08, 658.92, 2769.1866666666665, 1330.76], ["window"]], [[2265.306666666667, 1929.3866666666668, 2747.653333333333, 2545.24], ["window"]], [[2273.92, 3277.3733333333334, 2842.4, 3910.4533333333334], ["window"]]], "width": 3448, "height": 5168, "tags": []}