{"rects": [[[818.2666666666667, 1774.3466666666666, 1520.2533333333333, 3337.6666666666665], ["window"]], [[1692.52, 1981.0666666666666, 2200.7066666666665, 3320.44], ["window"]]], "width": 3448, "height": 5168, "tags": []}