{"rects": [[[951.7733333333333, 1658.0666666666666, 3100.8, 3906.1466666666665], ["window"]]], "width": 3448, "height": 5168, "tags": []}