{"rects": [[[559.8666666666667, 1192.9466666666667, 2962.9866666666667, 4629.666666666667], ["window"]]], "width": 3448, "height": 5168, "tags": []}