{"rects": [[[1589.16, 1472.8799999999999, 3264.4533333333334, 3372.12], ["window"]], [[176.57333333333332, 1627.92, 1520.2533333333333, 3148.173333333333], ["window"]]], "width": 3448, "height": 5168, "tags": []}