{"rects": [[[245.48, 956.08, 3130.9466666666667, 4048.2666666666664], ["window"]]], "width": 3448, "height": 5168, "tags": []}