{"rects": [[[1072.36, 1645.1466666666668, 2708.8933333333334, 4069.8], ["window"]]], "width": 3448, "height": 5168, "tags": []}