{"rects": [[[913.0133333333333, 1270.4666666666667, 3143.866666666667, 3174.0133333333333], ["facade"]], [[1731.28, 1451.3466666666666, 2493.56, 2200.7066666666665], ["window"]], [[1765.7333333333333, 2325.6, 2506.48, 3040.5066666666667], ["window"]]], "width": 3448, "height": 5168, "tags": []}