{"rects": [[[437.36, 92.77333333333334, 4651.92, 7945.373333333334], ["window"]]], "width": 5304, "height": 7952, "tags": []}