{"rects": [[[609.6533333333333, 470.49333333333334, 4618.786666666667, 6308.586666666667], ["window"]], [[629.5333333333333, 6374.8533333333335, 4632.04, 7667.053333333333], ["window"]]], "width": 5304, "height": 7952, "tags": []}