{"rects": [[[1331.96, 1689.8, 4042.266666666667, 6547.1466666666665], ["window"]]], "width": 5304, "height": 7952, "tags": []}