{"rects": [[[0, 0, 5304, 7952], ["facade"]], [[808.4533333333334, 815.08, 4797.706666666667, 3326.5866666666666], ["window"]], [[2113.9066666666668, 3664.5466666666666, 5208.56, 6871.8533333333335], ["window"]]], "width": 5304, "height": 7952, "tags": []}