{"rects": [[[30.14666666666667, 1300.6133333333332, 3448, 3613.2933333333335], ["window"]]], "width": 3448, "height": 5168, "tags": []}