{"rects": [[[185.54666666666668, 384.3466666666667, 5281.453333333334, 3704.306666666667], ["window"]], [[298.2, 3790.4533333333334, 5195.306666666667, 7620.666666666667], ["window"]]], "width": 5304, "height": 7952, "tags": []}