{"rects": [[[887.1733333333333, 1640.84, 2403.12, 3587.4533333333334], ["window"]]], "width": 3448, "height": 5168, "tags": []}