{"rects": [[[145.78666666666666, 2021.1333333333334, 5175.426666666667, 6076.653333333334], ["window"]]], "width": 5304, "height": 7952, "tags": []}