{"rects": [[[1188.64, 1597.7733333333333, 2312.68, 3165.4], ["window"]], [[1093.8933333333334, 3548.693333333333, 2364.36, 4913.906666666667], ["window"]]], "width": 3448, "height": 5168, "tags": []}