{"rects": [[[72.89333333333333, 1650.04, 5175.426666666667, 6865.226666666667], ["window"]]], "width": 5304, "height": 7952, "tags": []}