{"rects": [[[0, 0, 3448, 5168], ["facade"]], [[133.50666666666666, 137.81333333333333, 2489.253333333333, 1946.6133333333332], ["window"]], [[1132.6533333333334, 2764.88, 3230.0, 4724.413333333333], ["window"]]], "width": 3448, "height": 5168, "tags": []}