{"rects": [[[538.3333333333334, 378.9866666666667, 2881.16, 4371.266666666666], ["window"]]], "width": 3448, "height": 5168, "tags": []}