{"rects": [[[826.88, 1279.08, 2760.5733333333333, 3983.6666666666665], ["window"]]], "width": 3448, "height": 5168, "tags": []}