{"rects": [[[370.37333333333333, 1214.48, 2721.8133333333335, 4457.4], ["window"]]], "width": 3448, "height": 5168, "tags": []}