{"rects": [[[0, 0, 3448, 5168], ["facade"]], [[930.24, 12.92, 3419.4933333333333, 1688.2133333333334], ["window"]], [[913.0133333333333, 1718.36, 3376.4266666666667, 3871.693333333333], ["window"]]], "width": 3448, "height": 5168, "tags": []}