{"rects": [[[456.50666666666666, 1093.8933333333334, 2708.8933333333334, 4629.666666666667], ["window"]]], "width": 3448, "height": 5168, "tags": []}