{"rects": [[[254.09333333333333, 904.4, 3182.6266666666666, 3901.84], ["window"]]], "width": 3448, "height": 5168, "tags": []}