{"rects": [[[753.6666666666666, 1072.36, 2833.786666666667, 3755.4133333333334], ["window"]]], "width": 3448, "height": 5168, "tags": []}