{"rects": [[[344.5866666666667, 1431.3600000000001, 4870.6, 6586.906666666667], ["window"]]], "width": 5304, "height": 7952, "tags": []}