{"rects": [[[430.73333333333335, 1365.0933333333335, 4930.24, 6301.96], ["window"]]], "width": 5304, "height": 7952, "tags": []}