{"rects": [[[0, 0, 2596.92, 1442.7333333333333], ["window"]], [[882.8666666666667, 1464.2666666666667, 2820.866666666667, 3247.2266666666665], ["window"]], [[895.7866666666666, 3311.826666666667, 3372.12, 5034.493333333333], ["window"]]], "width": 3448, "height": 5168, "tags": []}