{"rects": [[[706.2933333333333, 1080.9733333333334, 2945.7599999999998, 4000.8933333333334], ["window"]]], "width": 3448, "height": 5168, "tags": []}