{"rects": [[[335.92, 0, 2958.68, 2484.9466666666667], ["window"]], [[185.18666666666667, 2515.0933333333332, 3303.213333333333, 5133.546666666667], ["window"]]], "width": 3448, "height": 5168, "tags": []}