{"rects": [[[265.06666666666666, 914.48, 4910.360000000001, 7435.12], ["window"]]], "width": 5304, "height": 7952, "tags": []}