{"rects": [[[1412.5866666666666, 1993.9866666666667, 2002.6, 3074.96], ["window"]], [[1391.0533333333333, 3148.173333333333, 1955.2266666666667, 4263.6], ["window"]], [[1546.0933333333332, 0, 2015.52, 1942.3066666666666], ["window"]]], "width": 3448, "height": 5168, "tags": []}