{"rects": [[[766.5866666666667, 917.32, 2678.7466666666664, 3815.7066666666665], ["window"]]], "width": 3448, "height": 5168, "tags": []}