{"rects": [[[1274.7733333333333, 1520.2533333333333, 2153.3333333333335, 3118.0266666666666], ["window"]], [[1403.9733333333334, 3268.7599999999998, 2179.173333333333, 4870.84], ["window"]]], "width": 3448, "height": 5168, "tags": []}