{"rects": [[[499.5733333333333, 1093.8933333333334, 3092.1866666666665, 4035.346666666667], ["window"]]], "width": 3448, "height": 5168, "tags": []}