{"rects": [[[410.85333333333335, 417.48, 4101.906666666667, 7355.6], ["window"]]], "width": 5304, "height": 7952, "tags": []}