{"rects": [[[198.10666666666665, 641.6933333333334, 3083.5733333333333, 2842.4], ["window"]]], "width": 3448, "height": 5168, "tags": []}