{"rects": [[[86.13333333333333, 38.76, 3441.0266666666666, 1963.84], ["window"]], [[38.76, 2032.7466666666667, 3448, 4280.826666666667], ["window"]]], "width": 3448, "height": 5168, "tags": []}