{"rects": [[[137.81333333333333, 107.66666666666667, 3273.0666666666666, 1615.0], ["window"]], [[180.88, 1744.2, 3285.9866666666667, 3772.64], ["window"]]], "width": 3448, "height": 5168, "tags": []}