{"rects": [[[714.9066666666666, 1024.9866666666667, 2816.56, 3884.6133333333332], ["window"]]], "width": 3448, "height": 5168, "tags": []}