{"rects": [[[977.6133333333333, 1826.0266666666666, 2467.72, 3204.16], ["window"]], [[1102.5066666666667, 658.92, 2446.1866666666665, 1718.36], ["window"]], [[964.6933333333334, 3242.92, 2506.48, 4509.08], ["window"]]], "width": 3448, "height": 5168, "tags": []}