{"rects": [[[930.24, 1774.3466666666666, 2269.6133333333332, 2795.0266666666666], ["window"]], [[473.73333333333335, 3066.346666666667, 2304.0666666666666, 4319.586666666667], ["window"]], [[701.9866666666667, 81.82666666666667, 2226.5466666666666, 1020.68], ["window"]]], "width": 3448, "height": 5168, "tags": []}