{"rects": [[[0, 0, 3448, 5168], ["facade"]], [[409.1333333333333, 228.25333333333333, 2937.1466666666665, 2674.44], ["window"]], [[340.2266666666667, 2683.0533333333333, 2993.133333333333, 5163.693333333334], ["window"]]], "width": 3448, "height": 5168, "tags": []}