{"rects": [[[900.0933333333334, 1442.7333333333333, 2209.32, 3428.1066666666666], ["window"]], [[2325.6, 1882.0133333333333, 3023.28, 3664.9733333333334], ["window"]]], "width": 3448, "height": 5168, "tags": []}