{"rects": [[[297.16, 723.52, 1347.9866666666667, 4065.4933333333333], ["window"]], [[1360.9066666666668, 719.2133333333334, 3428.1066666666666, 4590.906666666667], ["window"]]], "width": 3448, "height": 5168, "tags": []}