{"rects": [[[1219.3066666666666, 4380.2266666666665, 4055.52, 5486.88], ["window"]], [[1345.2133333333334, 2551.266666666667, 3949.4933333333333, 3585.0266666666666], ["window"]], [[1484.3733333333334, 258.44, 3684.4266666666667, 1113.28], ["window"]]], "width": 5304, "height": 7952, "tags": []}