{"rects": [[[1128.3466666666666, 697.68, 3436.72, 3031.8933333333334], ["window"]], [[1124.04, 3036.2, 3448, 4384.1866666666665], ["window"]]], "width": 3448, "height": 5168, "tags": []}