{"rects": [[[656.0400000000001, 1974.7466666666667, 5095.906666666667, 5891.106666666667], ["window"]]], "width": 5304, "height": 7952, "tags": []}