{"rects": [[[598.6266666666667, 1576.24, 1528.8666666666666, 3204.16], ["window"]], [[1528.8666666666666, 3324.7466666666664, 2235.16, 4991.426666666666], ["window"]], [[2454.8, 3531.4666666666667, 3100.8, 4832.08], ["window"]], [[2450.4933333333333, 602.9333333333333, 2984.52, 1946.6133333333332], ["window"]]], "width": 3448, "height": 5168, "tags": []}