{"rects": [[[878.56, 1834.64, 2381.5866666666666, 3354.8933333333334], ["window"]], [[452.2, 150.73333333333332, 801.04, 1296.3066666666666], ["window"]], [[878.56, 51.68, 1266.16, 1248.9333333333334], ["window"]], [[1292.0, 51.68, 1985.3733333333332, 1283.3866666666668], ["window"]], [[2088.733333333333, 34.45333333333333, 2958.68, 1128.3466666666666], ["window"]]], "width": 3448, "height": 5168, "tags": []}