{"rects": [[[460.81333333333333, 1210.1733333333334, 2515.0933333333332, 4061.1866666666665], ["window"]]], "width": 3448, "height": 5168, "tags": []}