{"rects": [[[430.73333333333335, 205.42666666666668, 5281.453333333334, 3525.3866666666668], ["window"]], [[205.42666666666668, 4638.666666666667, 4791.08, 7925.493333333334], ["window"]]], "width": 5304, "height": 7952, "tags": []}