{"rects": [[[0, 0, 3448, 5168], ["facade"]], [[275.62666666666667, 12.92, 2609.84, 2739.04], ["window"]], [[1412.5866666666666, 2764.88, 3320.44, 5146.466666666666], ["window"]]], "width": 3448, "height": 5168, "tags": []}