{"rects": [[[34.45333333333333, 103.36, 2355.7466666666664, 1985.3733333333332], ["window"]], [[51.68, 2037.0533333333333, 2472.0266666666666, 3776.9466666666667], ["window"]]], "width": 3448, "height": 5168, "tags": []}