{"rects": [[[577.0933333333334, 1666.68, 3014.6666666666665, 3742.4933333333333], ["window"]]], "width": 3448, "height": 5168, "tags": []}