{"rects": [[[1351.8400000000001, 238.56, 5268.2, 7753.200000000001], ["window"]]], "width": 5304, "height": 7952, "tags": []}