{"rects": [[[374.68, 818.2666666666667, 2885.4666666666667, 4375.573333333334], ["window"]]], "width": 3448, "height": 5168, "tags": []}