{"rects": [[[1119.7333333333333, 2131.8, 2093.04, 3001.7466666666664], ["window"]]], "width": 3448, "height": 5168, "tags": []}