{"rects": [[[228.25333333333333, 792.4266666666666, 3380.733333333333, 3901.84], ["window"]]], "width": 3448, "height": 5168, "tags": []}