{"rects": [[[17.226666666666667, 1347.9866666666667, 3199.8533333333335, 2954.3733333333334], ["window"]], [[301.46666666666664, 2980.213333333333, 2368.6666666666665, 4461.706666666667], ["window"]]], "width": 3448, "height": 5168, "tags": []}