{"rects": [[[1158.4933333333333, 1920.7733333333333, 1726.9733333333334, 3234.306666666667], ["window"]], [[1765.7333333333333, 1989.68, 2304.0666666666666, 3346.28], ["window"]]], "width": 3448, "height": 5168, "tags": []}