{"rects": [[[0, 0, 3448, 5168], ["facade"]], [[490.96, 228.25333333333333, 2205.0133333333333, 3811.4], ["facade"]]], "width": 3448, "height": 5168, "tags": []}