{"rects": [[[1438.4266666666667, 1429.8133333333333, 1976.76, 2183.48], ["window"]], [[1520.2533333333333, 3087.88, 2123.1866666666665, 3755.4133333333334], ["window"]], [[2786.4133333333334, 1403.9733333333334, 3393.653333333333, 2015.52], ["window"]], [[2842.4, 546.9466666666667, 3380.733333333333, 1197.2533333333333], ["window"]], [[2842.4, 3716.653333333333, 3448, 4384.1866666666665], ["window"]], [[732.1333333333333, 1955.2266666666667, 951.7733333333333, 2325.6], ["window"]], [[719.2133333333334, 2975.9066666666668, 964.6933333333334, 3247.2266666666665], ["window"]], [[107.66666666666667, 844.1066666666667, 572.7866666666666, 1261.8533333333332], ["window"]]], "width": 3448, "height": 5168, "tags": []}