{"rects": [[[305.7733333333333, 2536.6266666666666, 1020.68, 3479.786666666667], ["window"]], [[1029.2933333333333, 1352.2933333333333, 2484.9466666666667, 3979.36], ["window"]]], "width": 3448, "height": 5168, "tags": []}