{"rects": [[[1086.7733333333333, 2431.9866666666667, 4274.2, 5957.373333333334], ["window"]]], "width": 5304, "height": 7952, "tags": []}