{"rects": [[[636.1600000000001, 1623.5333333333333, 4612.16, 7070.653333333334], ["window"]]], "width": 5304, "height": 7952, "tags": []}