{"rects": [[[1100.0266666666666, 225.30666666666667, 2027.76, 1066.8933333333334], ["window"]], [[868.0933333333334, 2504.88, 1968.1200000000001, 3518.76], ["window"]], [[2107.28, 3280.2000000000003, 3233.8133333333335, 4280.826666666667], ["window"]], [[2054.266666666667, 6083.280000000001, 3260.32, 6997.76], ["window"]], [[3372.9733333333334, 3286.826666666667, 4506.133333333333, 4545.893333333333], ["window"]], [[3353.0933333333332, 4598.906666666667, 4519.386666666667, 5804.96], ["window"]]], "width": 5304, "height": 7952, "tags": []}