{"rects": [[[1201.56, 2024.1333333333332, 2248.08, 2764.88], ["window"]], [[1352.2933333333333, 2838.0933333333332, 2226.5466666666666, 3441.0266666666666], ["window"]], [[1335.0666666666666, 3574.5333333333333, 2390.2, 4194.693333333334], ["window"]], [[1408.28, 4349.733333333334, 2411.733333333333, 5116.32], ["window"]]], "width": 3448, "height": 5168, "tags": []}