{"rects": [[[251.81333333333333, 1047.0133333333333, 5089.280000000001, 4353.72], ["window"]], [[1066.8933333333334, 4439.866666666667, 4704.933333333333, 6301.96], ["window"]]], "width": 5304, "height": 7952, "tags": []}