{"rects": [[[736.4399999999999, 1059.44, 2708.8933333333334, 3781.253333333333], ["window"]]], "width": 3448, "height": 5168, "tags": []}