{"rects": [[[1037.9066666666668, 1679.6, 2786.4133333333334, 3841.5466666666666], ["window"]]], "width": 3448, "height": 5168, "tags": []}