{"rects": [[[0, 0, 3448, 5168], ["facade"]], [[241.17333333333335, 47.373333333333335, 1972.4533333333334, 2252.3866666666668], ["window"]], [[865.64, 2437.5733333333333, 2898.3866666666668, 5034.493333333333], ["window"]]], "width": 3448, "height": 5168, "tags": []}