{"rects": [[[8.613333333333333, 8.613333333333333, 3290.2933333333335, 1838.9466666666667], ["window"]], [[30.14666666666667, 1873.4, 3367.8133333333335, 4453.093333333333], ["window"]]], "width": 3448, "height": 5168, "tags": []}