{"rects": [[[809.6533333333333, 81.82666666666667, 2480.64, 4879.453333333333], ["facade"]], [[1171.4133333333334, 206.72, 1761.4266666666667, 697.68], ["window"]], [[1826.0266666666666, 1068.0533333333333, 2360.0533333333333, 1778.6533333333334], ["window"]], [[1072.36, 1735.5866666666666, 1770.04, 2833.786666666667], []], [[1752.8133333333333, 3096.4933333333333, 2364.36, 3686.5066666666667], ["window"]]], "width": 3448, "height": 5168, "tags": []}