{"rects": [[[1066.8933333333334, 397.6, 4194.68, 7580.906666666667], ["window"]]], "width": 5304, "height": 7952, "tags": []}