{"rects": [[[1584.8533333333332, 615.8533333333334, 2286.84, 1726.9733333333334], ["window"]], [[508.18666666666667, 1765.7333333333333, 1360.9066666666668, 2975.9066666666668], ["window"]], [[331.61333333333334, 3010.36, 1326.4533333333334, 4530.613333333334], ["window"]], [[1481.4933333333333, 3570.2266666666665, 2243.7733333333335, 4720.106666666667], ["window"]]], "width": 3448, "height": 5168, "tags": []}