{"rects": [[[2140.4133333333334, 1442.7333333333333, 3195.5466666666666, 2760.5733333333333], ["window"]], [[215.33333333333334, 2829.48, 2286.84, 3884.6133333333332], ["window"]], [[495.26666666666665, 1744.2, 1468.5733333333333, 2846.7066666666665], ["window"]]], "width": 3448, "height": 5168, "tags": []}