{"rects": [[[710.6, 1270.4666666666667, 2683.0533333333333, 4285.133333333333], ["window"]]], "width": 3448, "height": 5168, "tags": []}