{"rects": [[[624.4666666666667, 1003.4533333333334, 2484.9466666666667, 3514.24], ["window"]]], "width": 3448, "height": 5168, "tags": []}