{"rects": [[[422.05333333333334, 1662.3733333333332, 3448, 3535.7733333333335], ["window"]], [[400.52, 3557.306666666667, 3419.4933333333333, 5159.386666666666], ["window"]]], "width": 3448, "height": 5168, "tags": []}