{"rects": [[[0, 0, 3448, 5168], ["facade"]], [[2721.8133333333335, 1696.8266666666666, 3199.8533333333335, 2515.0933333333332], ["window"]], [[163.65333333333334, 2256.693333333333, 499.5733333333333, 2721.8133333333335], ["window"]], [[94.74666666666667, 3807.0933333333332, 469.4266666666667, 4285.133333333333], ["window"]], [[2695.9733333333334, 3113.72, 3234.306666666667, 3979.36], ["window"]]], "width": 3448, "height": 5168, "tags": []}