{"rects": [[[658.92, 159.34666666666666, 2657.213333333333, 5090.48], ["window"]]], "width": 3448, "height": 5168, "tags": []}