{"rects": [[[1124.04, 1339.3733333333332, 2683.0533333333333, 3845.8533333333335], ["window"]]], "width": 3448, "height": 5168, "tags": []}