{"rects": [[[4.306666666666667, 564.1733333333333, 2777.8, 4853.613333333334], ["window"]]], "width": 3448, "height": 5168, "tags": []}