{"rects": [[[947.4666666666667, 1257.5466666666666, 1946.6133333333332, 3479.786666666667], ["window"]], [[1989.68, 1511.64, 2932.84, 3820.0133333333333], ["window"]]], "width": 3448, "height": 5168, "tags": []}