{"rects": [[[335.92, 129.2, 3174.0133333333333, 4246.373333333333], ["window"]]], "width": 3448, "height": 5168, "tags": []}