{"rects": [[[0, 0, 5304, 7952], ["facade"]], [[2014.5066666666667, 2365.7200000000003, 3094.6533333333336, 3578.4], ["window"]], [[1139.7866666666666, 1716.3066666666668, 1901.8533333333335, 2928.9866666666667], ["window"]], [[3213.9333333333334, 5467.0, 4751.320000000001, 6858.6], ["window"]], [[3180.8, 3962.746666666667, 4532.64, 5360.973333333333], ["facade"]], [[3048.266666666667, 510.25333333333333, 4459.746666666667, 1756.0666666666668], ["facade"]]], "width": 5304, "height": 7952, "tags": []}