{"rects": [[[0, 0, 3448, 5168], ["facade"]], [[1369.52, 917.32, 2153.3333333333335, 1623.6133333333332], ["window"]], [[1339.3733333333332, 2235.16, 2093.04, 2984.52], ["window"]], [[607.24, 1787.2666666666667, 981.92, 3174.0133333333333], ["window"]], [[529.72, 3751.1066666666666, 943.16, 4565.066666666667], ["window"]], [[2205.0133333333333, 3772.64, 2829.48, 4522.0], ["window"]], [[2209.32, 1102.5066666666667, 2532.32, 2437.5733333333333], ["window"]]], "width": 3448, "height": 5168, "tags": []}