{"rects": [[[482.3466666666667, 925.9333333333333, 1692.52, 3204.16], ["window"]], [[1778.6533333333334, 1597.7733333333333, 3087.88, 3660.6666666666665], ["window"]]], "width": 3448, "height": 5168, "tags": []}