{"rects": [[[404.82666666666665, 633.08, 3307.52, 4453.093333333333], ["window"]]], "width": 3448, "height": 5168, "tags": []}