{"rects": [[[964.6933333333334, 689.0666666666666, 2730.4266666666667, 1925.08], ["window"]], [[956.08, 2846.7066666666665, 2751.96, 4095.64], ["window"]]], "width": 3448, "height": 5168, "tags": []}