{"rects": [[[456.50666666666666, 1042.2133333333334, 2859.6266666666666, 3923.3733333333334], ["window"]]], "width": 3448, "height": 5168, "tags": []}