{"rects": [[[0, 0, 3448, 5168], ["facade"]], [[409.1333333333333, 206.72, 2820.866666666667, 2261.0], ["window"]], [[417.74666666666667, 2820.866666666667, 3126.64, 4935.44], ["window"]]], "width": 3448, "height": 5168, "tags": []}