{"rects": [[[663.2266666666667, 1111.12, 2988.826666666667, 4099.946666666667], ["window"]]], "width": 3448, "height": 5168, "tags": []}