{"rects": [[[409.1333333333333, 1236.0133333333333, 3290.2933333333335, 4211.92], ["window"]]], "width": 3448, "height": 5168, "tags": []}