{"rects": [[[852.72, 1158.4933333333333, 2416.04, 4384.1866666666665], ["window"]]], "width": 3448, "height": 5168, "tags": []}