{"rects": [[[25.84, 12.92, 3448, 1563.32], ["window"]], [[17.226666666666667, 1576.24, 3402.2666666666664, 4789.013333333333], ["window"]]], "width": 3448, "height": 5168, "tags": []}