{"rects": [[[176.57333333333332, 4.306666666666667, 3182.6266666666666, 2170.56], ["window"]], [[180.88, 2183.48, 3303.213333333333, 4948.36], ["window"]]], "width": 3448, "height": 5168, "tags": []}