{"rects": [[[249.78666666666666, 628.7733333333333, 3204.16, 4207.613333333334], ["window"]]], "width": 3448, "height": 5168, "tags": []}