{"rects": [[[891.48, 848.4133333333333, 3441.0266666666666, 4745.946666666667], ["window"]]], "width": 3448, "height": 5168, "tags": []}