{"rects": [[[762.28, 1171.4133333333334, 2721.8133333333335, 4199.0], ["window"]]], "width": 3448, "height": 5168, "tags": []}