{"rects": [[[766.5866666666667, 1184.3333333333333, 2644.2933333333335, 4466.013333333333], ["window"]]], "width": 3448, "height": 5168, "tags": []}