{"rects": [[[0, 0, 5304, 7952], ["facade"]], [[284.94666666666666, 152.41333333333333, 987.3733333333333, 2299.4533333333334], ["window"]], [[1265.6933333333334, 437.36, 4333.84, 1351.8400000000001], ["window"]], [[1716.3066666666668, 2253.0666666666666, 4148.293333333333, 5930.866666666667], ["window"]]], "width": 5304, "height": 7952, "tags": []}