{"rects": [[[693.3733333333333, 831.1866666666666, 2536.6266666666666, 4358.346666666666], ["window"]]], "width": 3448, "height": 5168, "tags": []}