{"rects": [[[1643.4133333333334, 1040.3866666666668, 3273.5733333333333, 2438.6133333333332], ["window"]], [[1881.9733333333334, 2624.1600000000003, 3419.36, 4479.626666666667], ["window"]]], "width": 5304, "height": 7952, "tags": []}