{"rects": [[[92.77333333333334, 788.5733333333334, 5182.053333333333, 6679.68], ["window"]]], "width": 5304, "height": 7952, "tags": []}