{"rects": [[[279.93333333333334, 779.5066666666667, 2846.7066666666665, 4048.2666666666664], ["window"]]], "width": 3448, "height": 5168, "tags": []}