{"rects": [[[482.3466666666667, 1515.9466666666667, 3273.0666666666666, 3798.48], ["window"]]], "width": 3448, "height": 5168, "tags": []}