{"rects": [[[465.12, 1102.5066666666667, 2528.0133333333333, 3888.92], ["window"]]], "width": 3448, "height": 5168, "tags": []}