{"rects": [[[404.82666666666665, 1171.4133333333334, 3040.5066666666667, 4190.386666666666], ["window"]]], "width": 3448, "height": 5168, "tags": []}