{"rects": [[[0, 13.253333333333334, 3830.2133333333336, 3339.84], ["window"]], [[33.13333333333333, 4559.1466666666665, 4029.0133333333333, 7918.866666666667], ["window"]]], "width": 5304, "height": 7952, "tags": []}