{"rects": [[[1153.04, 19.880000000000003, 2624.1600000000003, 3180.8], ["window"]], [[410.85333333333335, 3353.0933333333332, 2511.5066666666667, 7859.226666666667], ["window"]], [[2796.4533333333334, 3757.32, 4963.373333333334, 7574.280000000001], ["window"]], [[2716.9333333333334, 72.89333333333333, 4757.946666666667, 3671.1733333333336], ["window"]]], "width": 5304, "height": 7952, "tags": []}