{"rects": [[[2113.9066666666668, 4863.973333333333, 4512.76, 6699.56], ["window"]], [[563.2666666666667, 2736.8133333333335, 4499.506666666667, 4784.453333333334], ["window"]], [[477.12, 4923.613333333334, 2041.0133333333333, 6712.8133333333335], ["window"]], [[589.7733333333333, 596.4, 1981.3733333333334, 2610.9066666666668], ["window"]]], "width": 5304, "height": 7952, "tags": []}