{"rects": [[[0, 0, 3448, 5168], ["facade"]], [[913.0133333333333, 400.52, 1274.7733333333333, 2174.866666666667], ["window"]], [[1231.7066666666667, 2476.3333333333335, 2614.1466666666665, 3346.28], ["window"]]], "width": 3448, "height": 5168, "tags": []}