{"rects": [[[150.73333333333332, 891.48, 3397.96, 4112.866666666667], ["window"]]], "width": 3448, "height": 5168, "tags": []}