{"rects": [[[1559.0133333333333, 1998.2933333333333, 2157.64, 3079.2666666666664], ["window"]], [[1494.4133333333334, 3225.693333333333, 2299.7599999999998, 4267.906666666667], ["window"]], [[546.9466666666667, 232.56, 1520.2533333333333, 1442.7333333333333], ["window"]]], "width": 3448, "height": 5168, "tags": []}