{"rects": [[[0, 0, 3448, 5168], ["facade"]], [[90.44, 176.57333333333332, 2291.1466666666665, 1998.2933333333333], ["window"]], [[994.84, 2674.44, 3251.5333333333333, 4969.893333333333], ["window"]]], "width": 3448, "height": 5168, "tags": []}