{"rects": [[[680.4533333333334, 1795.8799999999999, 1136.96, 2269.6133333333332], ["window"]], [[1989.68, 1782.96, 2222.24, 2200.7066666666665], ["window"]], [[1533.1733333333334, 2377.28, 1735.5866666666666, 2730.4266666666667], ["window"]], [[951.7733333333333, 2678.7466666666664, 1124.04, 3062.04], ["window"]], [[2347.133333333333, 2390.2, 2782.1066666666666, 2820.866666666667], ["window"]], [[2329.9066666666668, 2838.0933333333332, 2786.4133333333334, 3208.4666666666667], ["window"]], [[2885.4666666666667, 2377.28, 3350.5866666666666, 2885.4666666666667], ["window"]]], "width": 3448, "height": 5168, "tags": []}