{"rects": [[[236.86666666666667, 1124.04, 3324.7466666666664, 3944.9066666666668], ["window"]]], "width": 3448, "height": 5168, "tags": []}