{"rects": [[[917.32, 990.5333333333333, 2812.253333333333, 3949.213333333333], ["window"]]], "width": 3448, "height": 5168, "tags": []}