{"rects": [[[676.1466666666666, 1274.7733333333333, 3074.96, 4276.5199999999995], ["window"]]], "width": 3448, "height": 5168, "tags": []}