{"rects": [[[921.1066666666667, 1696.4266666666667, 2107.28, 6394.733333333334], ["window"]], [[2233.186666666667, 1716.3066666666668, 3850.0933333333337, 3333.2133333333336], ["window"]], [[2166.92, 3313.3333333333335, 2962.12, 6573.653333333334], ["window"]], [[3054.8933333333334, 3346.4666666666667, 4108.533333333334, 6427.866666666667], ["window"]]], "width": 5304, "height": 7952, "tags": []}