{"rects": [[[745.0533333333333, 1042.2133333333334, 2859.6266666666666, 4091.3333333333335], ["window"]]], "width": 3448, "height": 5168, "tags": []}