{"rects": [[[0, 0, 5304, 7952], ["facade"]], [[934.36, 152.41333333333333, 1650.04, 2962.12], ["window"]], [[2306.08, 3591.6533333333336, 2968.746666666667, 4373.6], ["window"]], [[3604.9066666666668, 2286.2000000000003, 4499.506666666667, 3565.146666666667], ["window"]], [[3797.08, 3883.226666666667, 4459.746666666667, 5871.2266666666665], ["window"]]], "width": 5304, "height": 7952, "tags": []}