{"rects": [[[447.8933333333333, 805.3466666666667, 3148.173333333333, 3733.88], ["window"]]], "width": 3448, "height": 5168, "tags": []}