{"rects": [[[543.3866666666667, 1060.2666666666667, 4910.360000000001, 6613.413333333334], ["window"]]], "width": 5304, "height": 7952, "tags": []}