{"rects": [[[1167.1066666666666, 366.06666666666666, 2549.5466666666666, 5086.173333333333], ["window"]]], "width": 3448, "height": 5168, "tags": []}