{"rects": [[[8.613333333333333, 25.84, 2540.9333333333334, 1313.5333333333333], ["window"]], [[426.36, 2299.7599999999998, 3242.92, 4763.173333333333], ["window"]]], "width": 3448, "height": 5168, "tags": []}