{"rects": [[[1236.0133333333333, 2002.6, 2261.0, 3415.1866666666665], ["window"]], [[2437.5733333333333, 1563.32, 3337.6666666666665, 2993.133333333333], ["window"]]], "width": 3448, "height": 5168, "tags": []}