{"rects": [[[314.38666666666666, 400.52, 2975.9066666666668, 4272.213333333333], ["window"]]], "width": 3448, "height": 5168, "tags": []}