{"rects": [[[327.3066666666667, 813.96, 2820.866666666667, 3927.68], ["window"]]], "width": 3448, "height": 5168, "tags": []}