{"rects": [[[753.6666666666666, 964.6933333333334, 2687.36, 5068.946666666667], ["window"]]], "width": 3448, "height": 5168, "tags": []}