{"rects": [[[55.986666666666665, 348.84, 3285.9866666666667, 4702.88], ["window"]]], "width": 3448, "height": 5168, "tags": []}