{"rects": [[[1186.1733333333334, 569.8933333333333, 4532.64, 7196.56], ["window"]]], "width": 5304, "height": 7952, "tags": []}