{"rects": [[[180.88, 370.37333333333333, 3242.92, 2730.4266666666667], ["window"]], [[120.58666666666667, 2795.0266666666666, 3281.68, 4633.973333333333], ["window"]]], "width": 3448, "height": 5168, "tags": []}