{"rects": [[[0, 0, 5304, 7952], ["facade"]], [[298.2, 79.52000000000001, 2617.5333333333333, 3260.32], ["window"]], [[1848.8400000000001, 3419.36, 5241.693333333334, 7428.493333333334], ["window"]]], "width": 5304, "height": 7952, "tags": []}