{"rects": [[[1149.8799999999999, 732.1333333333333, 2446.1866666666665, 1649.4533333333334], ["window"]], [[757.9733333333334, 2123.1866666666665, 1184.3333333333333, 2695.9733333333334], ["window"]], [[1214.48, 2652.9066666666668, 1610.6933333333334, 3165.4], ["window"]], [[2049.9733333333334, 2807.9466666666667, 2433.266666666667, 3329.0533333333333], ["window"]], [[2493.56, 2549.5466666666666, 2829.48, 3018.9733333333334], ["window"]], [[1167.1066666666666, 3367.8133333333335, 2420.346666666667, 4056.88], ["window"]], [[2528.0133333333333, 3669.28, 2898.3866666666668, 4207.613333333334], ["window"]]], "width": 3448, "height": 5168, "tags": []}