{"rects": [[[510.25333333333333, 1199.4266666666667, 4943.493333333334, 6553.7733333333335], ["window"]]], "width": 5304, "height": 7952, "tags": []}