{"rects": [[[0, 0, 3448, 5168], ["facade"]], [[546.9466666666667, 848.4133333333333, 1649.4533333333334, 1985.3733333333332], ["window"]], [[1748.5066666666667, 762.28, 3074.96, 1804.4933333333333], ["window"]], [[1705.44, 1894.9333333333334, 2962.9866666666667, 2945.7599999999998], ["window"]], [[426.36, 3242.92, 1662.3733333333332, 4280.826666666667], ["window"]]], "width": 3448, "height": 5168, "tags": []}