{"rects": [[[637.3866666666667, 848.4133333333333, 2769.1866666666665, 3303.213333333333], ["window"]], [[641.6933333333334, 3320.44, 2881.16, 5163.693333333334], ["window"]]], "width": 3448, "height": 5168, "tags": []}