{"rects": [[[1227.4, 1731.28, 2222.24, 3380.733333333333], ["window"]], [[2286.84, 1882.0133333333333, 3113.72, 3290.2933333333335], ["window"]]], "width": 3448, "height": 5168, "tags": []}