{"rects": [[[1464.4933333333333, 337.96000000000004, 4267.573333333334, 6586.906666666667], ["window"]]], "width": 5304, "height": 7952, "tags": []}