{"rects": [[[443.9866666666667, 1013.88, 5003.133333333333, 6706.1866666666665], ["window"]]], "width": 5304, "height": 7952, "tags": []}