{"rects": [[[426.36, 370.37333333333333, 1085.28, 1154.1866666666667], ["window"]], [[495.26666666666665, 2381.5866666666666, 1059.44, 3217.08], ["window"]], [[1335.0666666666666, 1903.5466666666666, 2049.9733333333334, 3001.7466666666664], ["window"]], [[1360.9066666666668, 4220.533333333334, 2114.5733333333333, 5030.1866666666665], ["window"]], [[1373.8266666666666, 676.1466666666666, 2032.7466666666667, 1757.12], ["window"]]], "width": 3448, "height": 5168, "tags": []}