{"rects": [[[79.52000000000001, 1186.1733333333334, 1544.0133333333333, 5738.693333333334], ["window"]], [[1590.4, 1086.7733333333333, 3624.786666666667, 5745.320000000001], ["window"]], [[3657.92, 1047.0133333333333, 5095.906666666667, 5791.706666666667], ["window"]], [[46.38666666666667, 5765.2, 1583.7733333333333, 7269.453333333334], ["window"]], [[1636.7866666666666, 5765.2, 3624.786666666667, 7401.986666666667], ["window"]], [[3664.5466666666666, 5831.466666666667, 5221.8133333333335, 7276.08], ["window"]]], "width": 5304, "height": 7952, "tags": []}