{"rects": [[[21.53333333333333, 348.84, 3441.0266666666666, 4345.426666666666], ["window"]]], "width": 3448, "height": 5168, "tags": []}