{"rects": [[[447.8933333333333, 706.2933333333333, 3135.253333333333, 4031.04], ["window"]]], "width": 3448, "height": 5168, "tags": []}