{"rects": [[[663.2266666666667, 1537.48, 2984.52, 4216.2266666666665], ["window"]]], "width": 3448, "height": 5168, "tags": []}