{"rects": [[[0, 0, 3448, 5168], ["facade"]], [[400.52, 47.373333333333335, 1412.5866666666666, 2795.0266666666666], ["window"]], [[1481.4933333333333, 391.90666666666664, 3397.96, 1567.6266666666666], ["window"]], [[323.0, 2889.7733333333335, 3148.173333333333, 5086.173333333333], ["window"]]], "width": 3448, "height": 5168, "tags": []}