{"rects": [[[0, 0, 5304, 7952], ["facade"]], [[1471.1200000000001, 3366.346666666667, 2776.5733333333333, 4930.24], ["window"]], [[1338.5866666666668, 5069.400000000001, 2783.2000000000003, 6845.346666666667], ["window"]], [[2882.6, 5758.573333333334, 4201.306666666666, 7580.906666666667], ["window"]], [[3823.586666666667, 3532.0133333333333, 4883.8533333333335, 4757.946666666667], ["window"]]], "width": 5304, "height": 7952, "tags": []}