{"rects": [[[1231.7066666666667, 1141.2666666666667, 2575.3866666666668, 4224.84], ["window"]]], "width": 3448, "height": 5168, "tags": []}