{"rects": [[[642.7866666666667, 1424.7333333333333, 4804.333333333334, 7388.733333333334], ["window"]]], "width": 5304, "height": 7952, "tags": []}