{"rects": [[[828.3333333333334, 1623.5333333333333, 4665.173333333333, 6885.106666666667], ["window"]]], "width": 5304, "height": 7952, "tags": []}