{"rects": [[[0, 0, 3448, 5168], ["facade"]], [[826.88, 99.05333333333333, 3109.4133333333334, 2037.0533333333333], ["window"]], [[822.5733333333334, 2084.4266666666667, 3143.866666666667, 4763.173333333333], ["window"]]], "width": 3448, "height": 5168, "tags": []}