{"rects": [[[1471.1200000000001, 603.0266666666666, 4141.666666666667, 5188.68], ["window"]]], "width": 5304, "height": 7952, "tags": []}