{"rects": [[[0, 0, 5304, 7952], ["facade"]], [[1868.72, 4830.84, 3565.146666666667, 7938.746666666667], ["window"]]], "width": 5304, "height": 7952, "tags": []}