{"rects": [[[1218.7866666666666, 934.5466666666666, 2105.96, 1416.8933333333334], ["window"]], [[1188.64, 1615.0, 1623.6133333333332, 2028.44], ["window"]], [[1175.72, 3587.4533333333334, 1632.2266666666667, 4879.453333333333], ["window"]], [[2230.8533333333335, 2390.2, 3277.3733333333334, 3191.24], ["window"]], [[2200.7066666666665, 775.2, 3212.7733333333335, 1856.1733333333334], ["window"]]], "width": 3448, "height": 5168, "tags": []}