{"rects": [[[271.6933333333333, 1139.7866666666666, 5248.320000000001, 7382.106666666667], ["window"]]], "width": 5304, "height": 7952, "tags": []}