{"rects": [[[178.92000000000002, 2571.146666666667, 4963.373333333334, 5964.0], ["window"]]], "width": 5304, "height": 7952, "tags": []}