{"rects": [[[0, 0, 3448, 5168], ["facade"]], [[857.0266666666666, 2037.0533333333333, 2032.7466666666667, 3152.48], ["window"]], [[904.4, 478.04, 2019.8266666666666, 1408.28], ["window"]], [[1847.56, 3527.16, 3040.5066666666667, 4681.346666666666], ["window"]]], "width": 3448, "height": 5168, "tags": []}