{"rects": [[[26.506666666666668, 13.253333333333334, 4757.946666666667, 2544.6400000000003], ["window"]], [[53.013333333333335, 2571.146666666667, 5148.92, 6043.52], ["window"]]], "width": 5304, "height": 7952, "tags": []}