{"rects": [[[844.1066666666667, 1774.3466666666666, 2006.9066666666668, 3341.9733333333334], ["window"]], [[2174.866666666667, 3143.866666666667, 3281.68, 4470.32], ["window"]], [[2118.88, 12.92, 3277.3733333333334, 1124.04], ["window"]]], "width": 3448, "height": 5168, "tags": []}