{"rects": [[[0, 0, 3448, 5168], ["facade"]], [[1214.48, 921.6266666666667, 2174.866666666667, 2566.7733333333335], ["window"]], [[2885.4666666666667, 3031.8933333333334, 3307.52, 3906.1466666666665], ["window"]], [[2506.48, 1528.8666666666666, 3298.9066666666668, 2536.6266666666666], ["window"]]], "width": 3448, "height": 5168, "tags": []}