{"rects": [[[0, 0, 3448, 5168], ["facade"]], [[1093.8933333333334, 55.986666666666665, 3402.2666666666664, 2377.28], ["window"]], [[34.45333333333333, 2747.653333333333, 2635.68, 5116.32], ["window"]]], "width": 3448, "height": 5168, "tags": []}