{"rects": [[[1875.3466666666668, 675.9200000000001, 3054.8933333333334, 1656.6666666666667], ["window"]], [[3631.4133333333334, 4062.146666666667, 5076.026666666667, 5473.626666666667], ["window"]], [[1530.76, 6341.72, 3048.266666666667, 7633.92], ["window"]], [[3392.8533333333335, 1351.8400000000001, 4751.320000000001, 2604.28], ["window"]]], "width": 5304, "height": 7952, "tags": []}