{"rects": [[[908.7066666666667, 1920.7733333333333, 2472.0266666666666, 3497.0133333333333], ["window"]]], "width": 3448, "height": 5168, "tags": []}