{"rects": [[[314.38666666666666, 650.3066666666666, 2962.9866666666667, 4870.84], ["window"]]], "width": 3448, "height": 5168, "tags": []}