{"rects": [[[0, 0, 3448, 5168], ["facade"]], [[180.88, 331.61333333333334, 2459.1066666666666, 2372.9733333333334], ["window"]], [[1063.7466666666667, 2592.6133333333332, 3354.8933333333334, 5150.7733333333335], ["window"]]], "width": 3448, "height": 5168, "tags": []}