{"rects": [[[324.7066666666667, 874.72, 1888.6000000000001, 6891.733333333334], ["window"]], [[1941.6133333333335, 1358.4666666666667, 3260.32, 6580.280000000001], ["window"]], [[3392.8533333333335, 1703.0533333333335, 4671.8, 6500.76], ["window"]]], "width": 5304, "height": 7952, "tags": []}