{"rects": [[[620.16, 1149.8799999999999, 3337.6666666666665, 4577.986666666667], ["window"]]], "width": 3448, "height": 5168, "tags": []}