{"rects": [[[0, 0, 3448, 5168], ["facade"]], [[486.6533333333333, 51.68, 1248.9333333333334, 1722.6666666666667], ["window"]], [[1610.6933333333334, 538.3333333333334, 3436.72, 1167.1066666666666], ["window"]], [[366.06666666666666, 2075.8133333333335, 3118.0266666666666, 3195.5466666666666], ["window"]]], "width": 3448, "height": 5168, "tags": []}