{"rects": [[[357.4533333333333, 142.12, 1257.5466666666666, 2325.6], ["window"]], [[275.62666666666667, 2459.1066666666666, 1326.4533333333334, 4534.92], ["window"]]], "width": 3448, "height": 5168, "tags": []}