{"rects": [[[0, 0, 3448, 5168], ["facade"]], [[129.2, 3578.84, 353.14666666666665, 4358.346666666666], ["window"]], [[2416.04, 2609.84, 2756.2666666666664, 3488.4], ["window"]], [[1425.5066666666667, 1813.1066666666666, 1692.52, 3389.346666666667], ["window"]]], "width": 3448, "height": 5168, "tags": []}