{"rects": [[[854.84, 2935.6133333333332, 3763.9466666666667, 4711.56], ["window"]], [[583.1466666666666, 5003.133333333333, 3883.226666666667, 6997.76], ["window"]]], "width": 5304, "height": 7952, "tags": []}