{"rects": [[[1050.8266666666666, 1197.2533333333333, 2153.3333333333335, 1899.24], ["window"]], [[1192.9466666666667, 2704.5866666666666, 2222.24, 3677.8933333333334], ["window"]], [[1447.04, 3863.08, 2196.4, 4435.866666666667], ["window"]]], "width": 3448, "height": 5168, "tags": []}