{"rects": [[[650.3066666666666, 1459.96, 2657.213333333333, 3643.44], ["window"]]], "width": 3448, "height": 5168, "tags": []}