{"rects": [[[0, 0, 5304, 7952], ["facade"]], [[337.96000000000004, 132.53333333333333, 2988.626666666667, 2140.4133333333334], ["window"]], [[1239.1866666666667, 2266.32, 4744.693333333334, 6911.613333333334], ["window"]]], "width": 5304, "height": 7952, "tags": []}