{"rects": [[[163.65333333333334, 21.53333333333333, 3406.5733333333333, 5163.693333333334], ["window"]]], "width": 3448, "height": 5168, "tags": []}