{"rects": [[[396.2133333333333, 710.6, 1231.7066666666667, 4173.16], ["window"]], [[1266.16, 835.4933333333333, 2011.2133333333334, 4134.4], ["window"]], [[2049.9733333333334, 792.4266666666666, 3135.253333333333, 4168.8533333333335], ["window"]]], "width": 3448, "height": 5168, "tags": []}