{"rects": [[[456.50666666666666, 1300.6133333333332, 3113.72, 3514.24], ["window"]]], "width": 3448, "height": 5168, "tags": []}