{"rects": [[[0, 0, 3448, 5168], ["facade"]], [[68.90666666666667, 137.81333333333333, 2024.1333333333332, 839.8], ["window"]], [[327.3066666666667, 1369.52, 904.4, 3815.7066666666665], ["window"]], [[1188.64, 1309.2266666666667, 3182.6266666666666, 3247.2266666666665], ["window"]], [[1162.8, 3402.2666666666664, 2756.2666666666664, 4827.7733333333335], ["window"]]], "width": 3448, "height": 5168, "tags": []}