{"rects": [[[26.506666666666668, 265.06666666666666, 4075.4, 2756.6933333333336], ["window"]], [[33.13333333333333, 3366.346666666667, 4075.4, 5698.933333333333], ["window"]]], "width": 5304, "height": 7952, "tags": []}