{"rects": [[[0, 0, 3448, 5168], ["facade"]], [[1037.9066666666668, 3143.866666666667, 1584.8533333333332, 3712.346666666667], ["window"]], [[1559.0133333333333, 3815.7066666666665, 2127.4933333333333, 4388.493333333333], ["window"]], [[1563.32, 1726.9733333333334, 2584.0, 2579.693333333333], ["window"]], [[585.7066666666667, 2002.6, 1072.36, 3096.4933333333333], ["window"]]], "width": 3448, "height": 5168, "tags": []}