{"rects": [[[335.92, 499.5733333333333, 3070.653333333333, 4026.733333333333], ["window"]]], "width": 3448, "height": 5168, "tags": []}