{"rects": [[[512.4933333333333, 904.4, 2894.08, 4401.413333333333], ["window"]]], "width": 3448, "height": 5168, "tags": []}