{"rects": [[[1292.0, 1360.9066666666668, 1916.4666666666667, 2170.56], ["window"]], [[1925.08, 2416.04, 2372.9733333333334, 3100.8], ["window"]], [[2876.8533333333335, 2351.44, 3372.12, 2924.2266666666665], ["window"]], [[2868.24, 917.32, 3341.9733333333334, 1416.8933333333334], ["window"]], [[219.64, 1395.36, 680.4533333333334, 2118.88], ["window"]], [[236.86666666666667, 2980.213333333333, 650.3066666666666, 3764.0266666666666], ["window"]], [[1451.3466666666666, 2907.0, 1912.16, 3708.04], ["window"]], [[1890.6266666666666, 4117.173333333333, 2385.8933333333334, 4530.613333333334], ["window"]]], "width": 3448, "height": 5168, "tags": []}