{"rects": [[[1102.5066666666667, 1408.28, 2450.4933333333333, 3608.9866666666667], ["window"]]], "width": 3448, "height": 5168, "tags": []}