{"rects": [[[1497.6266666666668, 4373.6, 3869.9733333333334, 6010.386666666667], ["window"]], [[1497.6266666666668, 1974.7466666666667, 3710.9333333333334, 3505.5066666666667], ["window"]]], "width": 5304, "height": 7952, "tags": []}