{"rects": [[[390.97333333333336, 159.04000000000002, 4923.613333333334, 7806.213333333334], ["window"]]], "width": 5304, "height": 7952, "tags": []}