{"rects": [[[38.76, 602.9333333333333, 2080.12, 5159.386666666666], ["window"]], [[2084.4266666666667, 615.8533333333334, 3419.4933333333333, 5060.333333333333], ["window"]]], "width": 3448, "height": 5168, "tags": []}