{"rects": [[[223.94666666666666, 956.08, 3001.7466666666664, 4134.4], ["window"]]], "width": 3448, "height": 5168, "tags": []}