{"rects": [[[1162.8, 1791.5733333333333, 3441.0266666666666, 2980.213333333333], ["window"]], [[1158.4933333333333, 3092.1866666666665, 2291.1466666666665, 4125.786666666667], ["window"]], [[2403.12, 3079.2666666666664, 3432.4133333333334, 4074.1066666666666], ["window"]]], "width": 3448, "height": 5168, "tags": []}