{"rects": [[[0, 0, 3448, 5168], ["facade"]], [[12.92, 374.68, 1128.3466666666666, 1266.16], ["window"]], [[288.5466666666667, 1304.92, 1106.8133333333333, 2205.0133333333333], ["window"]], [[1253.24, 1072.36, 2558.16, 1942.3066666666666], ["window"]], [[1296.3066666666666, 2131.8, 1739.8933333333334, 4203.306666666666], ["window"]], [[1765.7333333333333, 2941.4533333333334, 3333.36, 4125.786666666667], ["window"]]], "width": 3448, "height": 5168, "tags": []}