{"rects": [[[292.85333333333335, 73.21333333333334, 3307.52, 2876.8533333333335], ["window"]], [[279.93333333333334, 2941.4533333333334, 3393.653333333333, 5107.706666666667], ["window"]]], "width": 3448, "height": 5168, "tags": []}