{"rects": [[[495.26666666666665, 1507.3333333333333, 3415.1866666666665, 3479.786666666667], ["window"]], [[447.8933333333333, 3514.24, 3410.88, 5150.7733333333335], ["window"]]], "width": 3448, "height": 5168, "tags": []}