{"rects": [[[882.8666666666667, 796.7333333333333, 3264.4533333333334, 4220.533333333334], ["window"]]], "width": 3448, "height": 5168, "tags": []}