{"rects": [[[0, 1089.5866666666666, 3311.826666666667, 3544.3866666666668], ["window", "shop"]]], "width": 3448, "height": 5168, "tags": []}