{"rects": [[[33.13333333333333, 960.8666666666667, 5248.320000000001, 7315.84], ["window"]]], "width": 5304, "height": 7952, "tags": []}