{"rects": [[[1126.5333333333333, 178.92000000000002, 4214.56, 7753.200000000001], ["window"]]], "width": 5304, "height": 7952, "tags": []}