{"rects": [[[33.13333333333333, 139.16, 3836.84, 7706.8133333333335], ["window"]]], "width": 5304, "height": 7952, "tags": []}