{"rects": [[[0, 0, 3448, 5168], ["facade"]], [[219.64, 155.04, 2571.08, 1429.8133333333333], ["window"]], [[387.6, 3217.08, 3182.6266666666666, 4926.826666666667], ["window"]]], "width": 3448, "height": 5168, "tags": []}