{"rects": [[[967.4933333333333, 424.1066666666667, 5201.933333333333, 2789.826666666667], ["window"]], [[443.9866666666667, 4048.8933333333334, 5274.826666666667, 7627.293333333334], ["window"]]], "width": 5304, "height": 7952, "tags": []}