{"rects": [[[882.8666666666667, 1175.72, 2652.9066666666668, 4130.093333333333], ["window"]]], "width": 3448, "height": 5168, "tags": []}