{"rects": [[[0, 0, 3448, 5168], ["facade"]], [[335.92, 103.36, 1020.68, 3165.4], ["window"]], [[1085.28, 211.02666666666667, 3230.0, 1528.8666666666666], ["window"]], [[1145.5733333333333, 1584.8533333333332, 3316.133333333333, 4577.986666666667], ["window"]]], "width": 3448, "height": 5168, "tags": []}