{"rects": [[[397.6, 1020.5066666666667, 5102.533333333334, 5427.24], ["window"]]], "width": 5304, "height": 7952, "tags": []}