{"rects": [[[848.2133333333334, 881.3466666666667, 4671.8, 6586.906666666667], ["window"]]], "width": 5304, "height": 7952, "tags": []}