{"rects": [[[676.1466666666666, 1102.5066666666667, 3230.0, 4530.613333333334], ["window"]]], "width": 3448, "height": 5168, "tags": []}