{"rects": [[[607.24, 439.28, 3148.173333333333, 3122.3333333333335], ["window"]], [[335.92, 3152.48, 3397.96, 5047.413333333333], ["window"]]], "width": 3448, "height": 5168, "tags": []}