{"rects": [[[736.4399999999999, 1524.56, 1300.6133333333332, 2472.0266666666666], ["window"]], [[667.5333333333333, 2657.213333333333, 1296.3066666666666, 3751.1066666666666], ["window"]], [[25.84, 969.0, 495.26666666666665, 2024.1333333333332], ["window"]], [[1550.4, 990.5333333333333, 1976.76, 1920.7733333333333], ["window"]], [[1559.0133333333333, 2166.253333333333, 2002.6, 2971.6], ["window"]]], "width": 3448, "height": 5168, "tags": []}