{"rects": [[[874.72, 1577.1466666666668, 4678.426666666667, 6692.933333333333], ["window"]]], "width": 5304, "height": 7952, "tags": []}