{"rects": [[[254.09333333333333, 17.226666666666667, 3385.04, 2394.5066666666667], ["window"]], [[249.78666666666666, 2450.4933333333333, 3445.3333333333335, 5081.866666666667], ["window"]]], "width": 3448, "height": 5168, "tags": []}