{"rects": [[[60.29333333333334, 1171.4133333333334, 3273.0666666666666, 3423.8], ["window"]]], "width": 3448, "height": 5168, "tags": []}