{"rects": [[[17.226666666666667, 258.4, 3432.4133333333334, 3936.2933333333335], ["window"]]], "width": 3448, "height": 5168, "tags": []}