{"rects": [[[1180.0266666666666, 215.33333333333334, 2239.4666666666667, 5163.693333333334], ["facade"]], [[1498.72, 594.32, 2054.28, 1416.8933333333334], ["window"]], [[1455.6533333333334, 1744.2, 1959.5333333333333, 2433.266666666667], ["window"]], [[1511.64, 3832.9333333333334, 1998.2933333333333, 4397.106666666667], ["window"]]], "width": 3448, "height": 5168, "tags": []}