{"rects": [[[288.5466666666667, 258.4, 3096.4933333333333, 4888.066666666667], ["window"]]], "width": 3448, "height": 5168, "tags": []}