{"rects": [[[508.18666666666667, 1597.7733333333333, 1619.3066666666666, 3397.96], ["window"]], [[1718.36, 1731.28, 2773.4933333333333, 3677.8933333333334], ["window"]]], "width": 3448, "height": 5168, "tags": []}