{"rects": [[[0, 0, 3448, 5168], ["facade"]], [[129.2, 111.97333333333333, 1899.24, 1563.32], ["window"]], [[1141.2666666666667, 2467.72, 3161.0933333333332, 4767.48], ["window"]]], "width": 3448, "height": 5168, "tags": []}