{"rects": [[[649.4133333333334, 1775.9466666666667, 4751.320000000001, 5857.973333333333], ["window"]]], "width": 5304, "height": 7952, "tags": []}