{"rects": [[[1037.9066666666668, 1597.7733333333333, 2528.0133333333333, 3652.0533333333333], ["window"]]], "width": 3448, "height": 5168, "tags": []}