{"rects": [[[0, 0, 3448, 5168], ["facade"]], [[129.2, 21.53333333333333, 1085.28, 1059.44], ["window"]], [[1210.1733333333334, 2153.3333333333335, 2433.266666666667, 3100.8], ["window"]], [[1055.1333333333334, 3316.133333333333, 1744.2, 4237.76], ["window"]], [[1838.9466666666667, 3341.9733333333334, 2398.8133333333335, 4173.16], ["window"]], [[2553.8533333333335, 2209.32, 3337.6666666666665, 3242.92], ["window"]]], "width": 3448, "height": 5168, "tags": []}