{"rects": [[[753.6666666666666, 1162.8, 2786.4133333333334, 4194.693333333334], ["window"]]], "width": 3448, "height": 5168, "tags": []}