{"rects": [[[710.6, 21.53333333333333, 2829.48, 2975.9066666666668], ["window"]], [[654.6133333333333, 3018.9733333333334, 2937.1466666666665, 5163.693333333334], ["window"]]], "width": 3448, "height": 5168, "tags": []}