{"rects": [[[120.58666666666667, 1274.7733333333333, 3350.5866666666666, 4280.826666666667], ["window"]]], "width": 3448, "height": 5168, "tags": []}