{"rects": [[[841.5866666666667, 2160.2933333333335, 4877.2266666666665, 6553.7733333333335], ["window"]]], "width": 5304, "height": 7952, "tags": []}