{"rects": [[[0, 1042.2133333333334, 1946.6133333333332, 4784.706666666667], ["window"]], [[1968.1466666666668, 1037.9066666666668, 3410.88, 4638.28], ["window"]]], "width": 3448, "height": 5168, "tags": []}