{"rects": [[[757.9733333333334, 2071.5066666666667, 1739.8933333333334, 4237.76], ["window"]], [[1765.7333333333333, 2480.64, 2506.48, 4478.933333333333], ["window"]]], "width": 3448, "height": 5168, "tags": []}