{"rects": [[[1248.9333333333334, 1619.3066666666666, 2381.5866666666666, 3591.7599999999998], ["window"]]], "width": 3448, "height": 5168, "tags": []}