{"rects": [[[663.2266666666667, 947.4666666666667, 2993.133333333333, 4194.693333333334], ["window"]]], "width": 3448, "height": 5168, "tags": []}