{"rects": [[[723.52, 839.8, 2812.253333333333, 4763.173333333333], ["window"]]], "width": 3448, "height": 5168, "tags": []}