{"rects": [[[822.5733333333334, 956.08, 2523.7066666666665, 4384.1866666666665], ["window"]]], "width": 3448, "height": 5168, "tags": []}