{"rects": [[[298.2, 1166.2933333333333, 4744.693333333334, 5215.1866666666665], ["window"]]], "width": 5304, "height": 7952, "tags": []}