{"rects": [[[499.5733333333333, 1421.2, 2622.7599999999998, 3273.0666666666666], ["window"]]], "width": 3448, "height": 5168, "tags": []}