{"rects": [[[0, 0, 3448, 5168], ["facade"]], [[400.52, 12.92, 1843.2533333333333, 1658.0666666666666], ["window"]], [[258.4, 2859.6266666666666, 2497.866666666667, 5120.626666666667], ["window"]]], "width": 3448, "height": 5168, "tags": []}