{"rects": [[[0, 0, 3448, 5168], ["facade"]], [[86.13333333333333, 852.72, 1287.6933333333334, 1511.64], ["window"]], [[753.6666666666666, 2945.7599999999998, 2205.0133333333333, 3268.7599999999998], ["window"]], [[2868.24, 2480.64, 3027.5866666666666, 2980.213333333333], ["window"]], [[2110.266666666667, 4328.2, 2441.88, 5004.346666666666], ["window"]]], "width": 3448, "height": 5168, "tags": []}