{"rects": [[[1339.3733333333332, 585.7066666666667, 2075.8133333333335, 1421.2], ["window"]], [[1369.52, 2200.7066666666665, 2041.36, 2928.5333333333333], ["window"]], [[1274.7733333333333, 3074.96, 2101.653333333333, 3708.04], ["window"]], [[116.28, 1515.9466666666667, 512.4933333333333, 2235.16], ["window"]], [[94.74666666666667, 3105.1066666666666, 551.2533333333333, 3716.653333333333], ["window"]]], "width": 3448, "height": 5168, "tags": []}