{"rects": [[[47.373333333333335, 1253.24, 1847.56, 2950.0666666666666], ["window"]], [[1636.5333333333333, 2962.9866666666667, 3311.826666666667, 4956.973333333333], ["window"]]], "width": 3448, "height": 5168, "tags": []}