{"rects": [[[1218.7866666666666, 1326.4533333333334, 3436.72, 3828.6266666666666], ["window"]]], "width": 3448, "height": 5168, "tags": []}