{"rects": [[[180.88, 1399.6666666666667, 3290.2933333333335, 3380.733333333333], ["window"]]], "width": 3448, "height": 5168, "tags": []}