{"rects": [[[155.04, 633.08, 3406.5733333333333, 4918.213333333333], ["window"]]], "width": 3448, "height": 5168, "tags": []}