{"rects": [[[559.8666666666667, 215.33333333333334, 2911.306666666667, 2192.0933333333332], ["window"]], [[555.56, 2627.0666666666666, 3031.8933333333334, 5038.8], ["window"]]], "width": 3448, "height": 5168, "tags": []}