{"rects": [[[559.8666666666667, 1627.92, 2571.08, 3221.3866666666668], ["window"]], [[503.88, 3294.6, 2799.3333333333335, 4961.28], ["window"]]], "width": 3448, "height": 5168, "tags": []}