{"rects": [[[0, 0, 5304, 7952], ["facade"]], [[662.6666666666667, 5201.933333333333, 4671.8, 7865.8533333333335], ["window"]], [[848.2133333333334, 1437.9866666666667, 4512.76, 4181.426666666667], ["window"]]], "width": 5304, "height": 7952, "tags": []}