{"rects": [[[1154.1866666666667, 211.02666666666667, 1610.6933333333334, 938.8533333333334], ["window"]], [[1856.1733333333334, 1012.0666666666666, 2282.5333333333333, 1507.3333333333333], ["window"]], [[1843.2533333333333, 1993.9866666666667, 2269.6133333333332, 2558.16], ["window"]], [[254.09333333333333, 3251.5333333333333, 598.6266666666667, 4043.96], ["window"]], [[292.85333333333335, 1024.9866666666667, 1059.44, 2049.9733333333334], ["window"]], [[331.61333333333334, 163.65333333333334, 1068.0533333333333, 994.84], ["window"]], [[262.70666666666665, 4397.106666666667, 727.8266666666667, 5142.16], ["window"]], [[1821.72, 3944.9066666666668, 2312.68, 4784.706666666667], ["window"]], [[2368.6666666666665, 4164.546666666667, 2708.8933333333334, 5103.4], ["window"]]], "width": 3448, "height": 5168, "tags": []}