{"rects": [[[719.2133333333334, 1563.32, 2988.826666666667, 4199.0], ["window"]]], "width": 3448, "height": 5168, "tags": []}