{"rects": [[[1055.1333333333334, 1180.0266666666666, 3169.7066666666665, 4341.12], ["window"]]], "width": 3448, "height": 5168, "tags": []}