{"rects": [[[51.68, 357.4533333333333, 3174.0133333333333, 4586.6], ["window"]]], "width": 3448, "height": 5168, "tags": []}