{"rects": [[[0, 0, 3448, 5168], ["facade"]], [[310.08, 116.28, 495.26666666666665, 1266.16], ["window"]], [[1136.96, 90.44, 2510.786666666667, 671.84], ["window"]], [[874.2533333333333, 1679.6, 1515.9466666666667, 3268.7599999999998], ["window"]]], "width": 3448, "height": 5168, "tags": []}