{"rects": [[[12.92, 77.52, 3423.8, 2136.1066666666666], ["window"]], [[12.92, 2851.0133333333333, 3385.04, 5163.693333333334], ["window"]]], "width": 3448, "height": 5168, "tags": []}