{"rects": [[[689.0666666666666, 637.3866666666667, 3057.733333333333, 3290.2933333333335], ["window"]]], "width": 3448, "height": 5168, "tags": []}