{"rects": [[[551.2533333333333, 503.88, 3130.9466666666667, 2558.16], ["window"]], [[529.72, 2678.7466666666664, 3208.4666666666667, 4646.893333333333], ["window"]]], "width": 3448, "height": 5168, "tags": []}