{"rects": [[[0, 0, 3448, 5168], ["facade"]], [[960.3866666666667, 1304.92, 1851.8666666666666, 2312.68], ["window"]], [[1873.4, 2157.64, 2549.5466666666666, 3100.8], ["window"]], [[848.4133333333333, 3182.6266666666666, 2609.84, 4354.04], ["window"]]], "width": 3448, "height": 5168, "tags": []}