{"rects": [[[335.92, 1050.8266666666666, 3406.5733333333333, 4276.5199999999995], ["window"]]], "width": 3448, "height": 5168, "tags": []}