{"rects": [[[0, 0, 3448, 5168], ["facade"]], [[977.6133333333333, 335.92, 2588.306666666667, 1757.12], ["window"]], [[8.613333333333333, 2411.733333333333, 1024.9866666666667, 3910.4533333333334], ["window"]]], "width": 3448, "height": 5168, "tags": []}