{"rects": [[[1050.8266666666666, 740.7466666666667, 2674.44, 4483.24], ["window"]]], "width": 3448, "height": 5168, "tags": []}