{"rects": [[[1412.5866666666666, 1037.9066666666668, 1903.5466666666666, 1503.0266666666666], ["window"]], [[1442.7333333333333, 2338.52, 1972.4533333333334, 2842.4], ["window"]], [[357.4533333333333, 1847.56, 779.5066666666667, 2562.4666666666667], ["window"]], [[297.16, 3113.72, 727.8266666666667, 3776.9466666666667], ["window"]], [[1429.8133333333333, 3608.9866666666667, 2101.653333333333, 4250.68], ["window"]]], "width": 3448, "height": 5168, "tags": []}