{"rects": [[[275.62666666666667, 964.6933333333334, 2958.68, 4354.04], ["window"]]], "width": 3448, "height": 5168, "tags": []}