{"rects": [[[99.4, 1842.2133333333334, 2577.7733333333335, 6779.08], ["window"]], [[2928.9866666666667, 2041.0133333333333, 4989.88, 6712.8133333333335], ["window"]]], "width": 5304, "height": 7952, "tags": []}