{"rects": [[[172.26666666666665, 1115.4266666666667, 2846.7066666666665, 3742.4933333333333], ["window"]]], "width": 3448, "height": 5168, "tags": []}