{"rects": [[[0, 0, 3448, 5168], ["facade"]], [[55.986666666666665, 736.4399999999999, 2067.2, 2179.173333333333], ["window"]], [[1270.4666666666667, 3053.4266666666667, 2971.6, 4147.32], ["window"]]], "width": 3448, "height": 5168, "tags": []}