{"rects": [[[0, 0, 3448, 5168], ["facade"]], [[486.6533333333333, 176.57333333333332, 2519.4, 2209.32], ["window"]], [[409.1333333333333, 3208.4666666666667, 2657.213333333333, 5142.16], ["window"]]], "width": 3448, "height": 5168, "tags": []}