{"rects": [[[262.70666666666665, 887.1733333333333, 3105.1066666666666, 4035.346666666667], ["window"]]], "width": 3448, "height": 5168, "tags": []}