{"rects": [[[1003.4533333333334, 779.5066666666667, 2049.9733333333334, 2067.2], ["window"]], [[1175.72, 3027.5866666666666, 2123.1866666666665, 4422.946666666667], ["window"]]], "width": 3448, "height": 5168, "tags": []}