{"rects": [[[1318.7066666666667, 1961.4933333333333, 5122.413333333334, 6262.2], ["window"]]], "width": 5304, "height": 7952, "tags": []}