{"rects": [[[792.4266666666666, 1322.1466666666668, 2497.866666666667, 4009.5066666666667], ["window"]]], "width": 3448, "height": 5168, "tags": []}