{"rects": [[[0, 0, 3448, 5168], ["facade"]], [[732.1333333333333, 249.78666666666666, 2777.8, 1636.5333333333333], []], [[602.9333333333333, 1761.4266666666667, 2842.4, 3174.0133333333333], ["facade"]], [[1653.76, 3324.7466666666664, 2816.56, 4823.466666666666], ["window"]]], "width": 3448, "height": 5168, "tags": []}