{"rects": [[[1093.8933333333334, 1735.5866666666666, 2648.6, 3458.253333333333], ["window"]]], "width": 3448, "height": 5168, "tags": []}