{"rects": [[[1330.76, 1782.96, 2161.9466666666667, 3092.1866666666665], ["window"]], [[1218.7866666666666, 107.66666666666667, 2217.9333333333334, 1455.6533333333334], ["window"]], [[1317.84, 3845.8533333333335, 2239.4666666666667, 5107.706666666667], ["window"]]], "width": 3448, "height": 5168, "tags": []}