{"rects": [[[490.96, 215.33333333333334, 3191.24, 5017.266666666666], ["window"]]], "width": 3448, "height": 5168, "tags": []}