{"rects": [[[891.48, 637.3866666666667, 2601.2266666666665, 4539.2266666666665], ["window"]]], "width": 3448, "height": 5168, "tags": []}