{"rects": [[[1399.6666666666667, 223.94666666666666, 2136.1066666666666, 1537.48], ["window"]], [[1757.12, 1938.0, 2248.08, 2993.133333333333], ["window"]], [[1214.48, 2028.44, 1722.6666666666667, 3100.8], ["window"]], [[1636.5333333333333, 3126.64, 1938.0, 3884.6133333333332], ["window"]], [[2355.7466666666664, 2523.7066666666665, 2588.306666666667, 2868.24], ["window"]]], "width": 3448, "height": 5168, "tags": []}