{"rects": [[[980.7466666666667, 947.6133333333333, 4545.893333333333, 7289.333333333334], ["window"]]], "width": 5304, "height": 7952, "tags": []}