{"rects": [[[0, 0, 3448, 5168], ["facade"]], [[155.04, 17.226666666666667, 559.8666666666667, 1985.3733333333332], ["window"]], [[969.0, 90.44, 3126.64, 663.2266666666667], ["window"]], [[921.6266666666667, 1231.7066666666667, 2980.213333333333, 3169.7066666666665], ["window"]]], "width": 3448, "height": 5168, "tags": []}