{"rects": [[[391.90666666666664, 658.92, 2833.786666666667, 4194.693333333334], ["window"]]], "width": 3448, "height": 5168, "tags": []}