{"rects": [[[1042.2133333333334, 1218.7866666666666, 1576.24, 4582.293333333333], ["window"]], [[2243.7733333333335, 2200.7066666666665, 2760.5733333333333, 5047.413333333333], ["window"]]], "width": 3448, "height": 5168, "tags": []}