{"rects": [[[0, 0, 3448, 5168], ["facade"]], [[387.6, 602.9333333333333, 831.1866666666666, 1024.9866666666667], ["window"]], [[378.9866666666667, 1145.5733333333333, 801.04, 1589.16], ["window"]], [[1821.72, 1063.7466666666667, 2075.8133333333335, 1524.56], ["window"]], [[1851.8666666666666, 1761.4266666666667, 2049.9733333333334, 2161.9466666666667], ["window"]], [[396.2133333333333, 2273.92, 831.1866666666666, 2769.1866666666665], ["window"]], [[2980.213333333333, 1658.0666666666666, 3389.346666666667, 2213.6266666666666], ["window"]], [[2954.3733333333334, 292.85333333333335, 3346.28, 852.72], ["window"]], [[413.44, 3462.56, 779.5066666666667, 3884.6133333333332], ["window"]], [[1830.3333333333333, 3639.133333333333, 2071.5066666666667, 4056.88], ["window"]]], "width": 3448, "height": 5168, "tags": []}