{"rects": [[[568.48, 719.2133333333334, 3070.653333333333, 4254.986666666667], ["window", "shop"]]], "width": 3448, "height": 5168, "tags": []}