{"rects": [[[0, 0, 5304, 7952], ["facade"]], [[1225.9333333333334, 1404.8533333333335, 4227.8133333333335, 6547.1466666666665], ["window"]]], "width": 5304, "height": 7952, "tags": []}