{"rects": [[[0, 0, 3448, 5168], ["facade"]], [[1843.2533333333333, 2902.693333333333, 2144.72, 3888.92], ["window"]], [[1227.4, 2196.4, 1834.64, 3031.8933333333334], ["window"]], [[3083.5733333333333, 1472.8799999999999, 3423.8, 2282.5333333333333], ["window"]], [[3130.9466666666667, 671.84, 3389.346666666667, 1223.0933333333332], ["window"]], [[279.93333333333334, 4655.506666666666, 581.4, 5159.386666666666], ["window"]], [[925.9333333333333, 3341.9733333333334, 1244.6266666666666, 4250.68], ["window"]]], "width": 3448, "height": 5168, "tags": []}