{"rects": [[[55.986666666666665, 546.9466666666667, 2657.213333333333, 1869.0933333333332], ["window"]], [[60.29333333333334, 1882.0133333333333, 2665.826666666667, 3251.5333333333333], ["window"]], [[68.90666666666667, 3268.7599999999998, 2747.653333333333, 4638.28], ["window"]]], "width": 3448, "height": 5168, "tags": []}