{"rects": [[[305.7733333333333, 1317.84, 1231.7066666666667, 2967.2933333333335], ["window"]], [[2093.04, 3936.2933333333335, 3100.8, 5038.8], ["window"]], [[2019.8266666666666, 2256.693333333333, 3027.5866666666666, 3320.44], ["window"]], [[297.16, 3406.5733333333333, 1330.76, 4573.68], ["window"]], [[2127.4933333333333, 637.3866666666667, 2868.24, 1748.5066666666667], ["window"]]], "width": 3448, "height": 5168, "tags": []}