{"rects": [[[757.9733333333334, 2075.8133333333335, 2639.9866666666667, 3596.0666666666666], ["window"]], [[951.7733333333333, 1541.7866666666666, 1576.24, 2049.9733333333334], ["window"]], [[1705.44, 1597.7733333333333, 2558.16, 2080.12], ["window"]], [[1029.2933333333333, 146.42666666666668, 1606.3866666666668, 990.5333333333333], ["window"]]], "width": 3448, "height": 5168, "tags": []}