{"rects": [[[47.373333333333335, 697.68, 3169.7066666666665, 4939.746666666667], ["window"]]], "width": 3448, "height": 5168, "tags": []}