{"rects": [[[1111.12, 1670.9866666666667, 2278.2266666666665, 3040.5066666666667], ["window"]], [[1132.6533333333334, 417.74666666666667, 2265.306666666667, 1571.9333333333334], ["window"]], [[1076.6666666666667, 3139.56, 2355.7466666666664, 4483.24], ["window"]]], "width": 3448, "height": 5168, "tags": []}