{"rects": [[[1141.2666666666667, 624.4666666666667, 2153.3333333333335, 1748.5066666666667], ["window"]], [[1184.3333333333333, 2037.0533333333333, 2157.64, 3186.9333333333334], ["window"]], [[1080.9733333333334, 3475.48, 2261.0, 4595.213333333333], ["window"]]], "width": 3448, "height": 5168, "tags": []}