{"rects": [[[822.5733333333334, 1279.08, 2717.5066666666667, 4130.093333333333], ["window"]]], "width": 3448, "height": 5168, "tags": []}