{"rects": [[[994.84, 1649.4533333333334, 3354.8933333333334, 4229.1466666666665], ["window"]]], "width": 3448, "height": 5168, "tags": []}