{"rects": [[[284.24, 921.6266666666667, 2769.1866666666665, 3600.3733333333334], ["window"]]], "width": 3448, "height": 5168, "tags": []}