{"rects": [[[0, 0, 3448, 5168], ["facade"]], [[159.34666666666666, 211.02666666666667, 2084.4266666666667, 2045.6666666666667], ["window"]], [[1141.2666666666667, 2717.5066666666667, 3234.306666666667, 4543.533333333334], ["window"]]], "width": 3448, "height": 5168, "tags": []}