{"rects": [[[1007.2533333333333, 662.6666666666667, 4572.400000000001, 7554.400000000001], ["window"]]], "width": 5304, "height": 7952, "tags": []}