{"rects": [[[1188.64, 3027.5866666666666, 1864.7866666666666, 4366.96], ["window"]], [[1963.84, 3346.28, 2545.24, 4427.253333333333], ["window"]], [[17.226666666666667, 2704.5866666666666, 732.1333333333333, 4078.4133333333334], ["window"]]], "width": 3448, "height": 5168, "tags": []}