{"rects": [[[956.08, 1072.36, 3273.0666666666666, 4130.093333333333], ["window"]]], "width": 3448, "height": 5168, "tags": []}