{"rects": [[[1175.72, 1632.2266666666667, 2562.4666666666667, 2183.48], ["window"]], [[1102.5066666666667, 2226.5466666666666, 2235.16, 3126.64], ["window"]]], "width": 3448, "height": 5168, "tags": []}