{"rects": [[[594.32, 60.29333333333334, 3432.4133333333334, 5163.693333333334], ["facade"]], [[904.4, 2648.6, 2480.64, 4138.706666666667], ["window"]], [[887.1733333333333, 792.4266666666666, 2101.653333333333, 1748.5066666666667], ["window"]]], "width": 3448, "height": 5168, "tags": []}