{"rects": [[[353.14666666666665, 1279.08, 2842.4, 4362.653333333334], ["window"]]], "width": 3448, "height": 5168, "tags": []}