{"rects": [[[1782.96, 17.226666666666667, 3448, 1847.56], ["window"]], [[1787.2666666666667, 1925.08, 3376.4266666666667, 3634.826666666667], ["window"]], [[8.613333333333333, 1989.68, 1774.3466666666666, 3647.7466666666664], ["window"]]], "width": 3448, "height": 5168, "tags": []}