{"rects": [[[0, 0, 5304, 7952], ["facade"]], [[682.5466666666667, 26.506666666666668, 4956.746666666667, 3180.8], ["window"]], [[662.6666666666667, 4658.546666666667, 5201.933333333333, 7918.866666666667], ["window"]]], "width": 5304, "height": 7952, "tags": []}