{"rects": [[[749.36, 1029.2933333333333, 2601.2266666666665, 3372.12], ["window"]]], "width": 3448, "height": 5168, "tags": []}