{"rects": [[[1076.6666666666667, 275.62666666666667, 3385.04, 4496.16], ["window"]]], "width": 3448, "height": 5168, "tags": []}