{"rects": [[[1175.72, 1132.6533333333334, 2308.3733333333334, 3643.44], ["window"]], [[2644.2933333333335, 25.84, 3337.6666666666665, 1421.2], ["window"]]], "width": 3448, "height": 5168, "tags": []}