{"rects": [[[1563.8933333333334, 178.92000000000002, 4088.6533333333336, 7786.333333333334], ["window"]]], "width": 5304, "height": 7952, "tags": []}