{"rects": [[[0, 0, 3448, 5168], ["facade"]], [[568.48, 124.89333333333333, 2209.32, 1145.5733333333333], ["window"]], [[508.18666666666667, 2476.3333333333335, 2919.92, 4134.4], ["window"]]], "width": 3448, "height": 5168, "tags": []}