{"rects": [[[265.06666666666666, 2127.1600000000003, 5129.04, 6354.973333333333], ["window"]]], "width": 5304, "height": 7952, "tags": []}