{"rects": [[[176.57333333333332, 1175.72, 3225.693333333333, 4362.653333333334], ["window"]]], "width": 3448, "height": 5168, "tags": []}