{"rects": [[[1141.2666666666667, 1429.8133333333333, 2385.8933333333334, 3764.0266666666666], ["window"]]], "width": 3448, "height": 5168, "tags": []}