{"rects": [[[327.3066666666667, 891.48, 2450.4933333333333, 4466.013333333333], ["window"]]], "width": 3448, "height": 5168, "tags": []}