{"rects": [[[960.3866666666667, 1248.9333333333334, 2239.4666666666667, 4095.64], ["window"]], [[2730.4266666666667, 2071.5066666666667, 3423.8, 3820.0133333333333], ["window"]], [[2695.9733333333334, 0, 3432.4133333333334, 1688.2133333333334], ["window"]]], "width": 3448, "height": 5168, "tags": []}