{"rects": [[[189.49333333333334, 1007.76, 3329.0533333333333, 3893.2266666666665], ["window"]]], "width": 3448, "height": 5168, "tags": []}