{"rects": [[[0, 0, 3448, 5168], ["facade"]], [[124.89333333333333, 77.52, 2161.9466666666667, 1653.76], ["window"]], [[1007.76, 2282.5333333333333, 3083.5733333333333, 4530.613333333334], ["window"]]], "width": 3448, "height": 5168, "tags": []}