{"rects": [[[0, 0, 3448, 5168], ["facade"]], [[38.76, 1688.2133333333334, 2153.3333333333335, 4466.013333333333], ["window"]]], "width": 3448, "height": 5168, "tags": []}