{"rects": [[[1184.3333333333333, 973.3066666666666, 3423.8, 3264.4533333333334], ["window"]], [[1167.1066666666666, 3333.36, 3448, 5060.333333333333], ["window"]]], "width": 3448, "height": 5168, "tags": []}