{"rects": [[[1089.5866666666666, 1709.7466666666667, 2187.786666666667, 4939.746666666667], ["window"]], [[2230.8533333333335, 1683.9066666666668, 3109.4133333333334, 4935.44], ["window"]]], "width": 3448, "height": 5168, "tags": []}