{"rects": [[[0, 0, 3448, 5168], ["facade"]], [[279.93333333333334, 4.306666666666667, 2385.8933333333334, 3359.2], ["window"]], [[228.25333333333333, 3406.5733333333333, 3001.7466666666664, 5163.693333333334], ["window"]]], "width": 3448, "height": 5168, "tags": []}