{"rects": [[[551.2533333333333, 1403.9733333333334, 3260.1466666666665, 4000.8933333333334], ["window"]]], "width": 3448, "height": 5168, "tags": []}