{"rects": [[[594.32, 1636.5333333333333, 2136.1066666666666, 3673.5866666666666], ["window"]]], "width": 3448, "height": 5168, "tags": []}