{"rects": [[[1175.72, 1972.4533333333334, 2252.3866666666668, 3397.96], ["window"]]], "width": 3448, "height": 5168, "tags": []}