{"rects": [[[0, 0, 3448, 5168], ["facade"]], [[650.3066666666666, 409.1333333333333, 2872.5466666666666, 2915.6133333333332], ["window"]], [[568.48, 2941.4533333333334, 2924.2266666666665, 5155.08], ["window"]]], "width": 3448, "height": 5168, "tags": []}