{"rects": [[[0, 0, 3448, 5168], ["facade"]], [[279.93333333333334, 4.306666666666667, 3393.653333333333, 2252.3866666666668], ["window"]], [[185.18666666666667, 2278.2266666666665, 3402.2666666666664, 5137.8533333333335], ["window"]]], "width": 3448, "height": 5168, "tags": []}