{"rects": [[[132.53333333333333, 1113.28, 5042.893333333333, 6388.106666666667], ["window"]]], "width": 5304, "height": 7952, "tags": []}