{"rects": [[[874.72, 1305.4533333333334, 4585.653333333334, 5394.106666666667], ["window"]]], "width": 5304, "height": 7952, "tags": []}