{"rects": [[[1425.5066666666667, 1076.6666666666667, 2161.9466666666667, 1963.84], ["window"]], [[1304.92, 3031.8933333333334, 2261.0, 3940.6], ["window"]], [[288.5466666666667, 4117.173333333333, 1085.28, 4918.213333333333], ["window"]]], "width": 3448, "height": 5168, "tags": []}