{"rects": [[[335.92, 693.3733333333333, 3178.32, 3996.5866666666666], ["window"]]], "width": 3448, "height": 5168, "tags": []}