{"rects": [[[1403.9733333333334, 3169.7066666666665, 2084.4266666666667, 3837.24], ["window"]], [[1524.56, 1330.76, 2093.04, 2075.8133333333335], ["window"]], [[1472.8799999999999, 4065.4933333333333, 2230.8533333333335, 4905.293333333333], ["window"]], [[180.88, 2515.0933333333332, 813.96, 3535.7733333333335], ["window"]], [[223.94666666666666, 0, 809.6533333333333, 1731.28], ["window"]]], "width": 3448, "height": 5168, "tags": []}