{"rects": [[[1360.9066666666668, 1787.2666666666667, 2080.12, 3630.52], ["window"]], [[2127.4933333333333, 2041.36, 2558.16, 3449.64], ["window"]], [[667.5333333333333, 43.06666666666666, 1692.52, 1528.8666666666666], ["window"]]], "width": 3448, "height": 5168, "tags": []}