{"rects": [[[0, 0, 3448, 5168], ["facade"]], [[366.06666666666666, 297.16, 1757.12, 2872.5466666666666], ["window"]], [[1403.9733333333334, 3087.88, 3436.72, 5155.08], ["window"]]], "width": 3448, "height": 5168, "tags": []}