{"rects": [[[695.8000000000001, 775.32, 4101.906666666667, 6480.88], ["window"]]], "width": 5304, "height": 7952, "tags": []}