{"rects": [[[25.84, 228.25333333333333, 2304.0666666666666, 2114.5733333333333], ["window"]], [[17.226666666666667, 2144.72, 2273.92, 4009.5066666666667], ["window"]]], "width": 3448, "height": 5168, "tags": []}