{"rects": [[[86.13333333333333, 176.57333333333332, 2842.4, 4358.346666666666], ["window"]]], "width": 3448, "height": 5168, "tags": []}