{"rects": [[[43.06666666666666, 1882.0133333333333, 904.4, 4216.2266666666665], ["window"]], [[960.3866666666667, 1158.4933333333333, 2372.9733333333334, 3841.5466666666666], ["window"]]], "width": 3448, "height": 5168, "tags": []}