{"rects": [[[1180.0266666666666, 1373.8266666666666, 2721.8133333333335, 3242.92], ["window"]], [[1167.1066666666666, 3815.7066666666665, 2635.68, 5163.693333333334], ["window"]]], "width": 3448, "height": 5168, "tags": []}