{"rects": [[[0, 0, 3448, 5168], ["facade"]], [[21.53333333333333, 73.21333333333334, 366.06666666666666, 1408.28], ["window"]], [[701.9866666666667, 4.306666666666667, 1459.96, 1347.9866666666667], ["window"]], [[21.53333333333333, 1744.2, 3423.8, 2381.5866666666666], ["window"]], [[577.0933333333334, 2523.7066666666665, 2510.786666666667, 4293.746666666667], ["window"]]], "width": 3448, "height": 5168, "tags": []}