{"rects": [[[12.92, 1434.12, 1916.4666666666667, 4043.96], ["window"]], [[1929.3866666666668, 1365.2133333333334, 3448, 3854.4666666666667], ["window"]]], "width": 3448, "height": 5168, "tags": []}