{"rects": [[[0, 1055.1333333333334, 1292.0, 3957.826666666667], ["window"]], [[1309.2266666666667, 1076.6666666666667, 2450.4933333333333, 4155.933333333333], ["window"]]], "width": 3448, "height": 5168, "tags": []}