{"rects": [[[219.64, 805.3466666666667, 3448, 4254.986666666667], ["window"]]], "width": 3448, "height": 5168, "tags": []}