{"rects": [[[559.8666666666667, 47.373333333333335, 3436.72, 3014.6666666666665], ["window"]], [[426.36, 3062.04, 3428.1066666666666, 5159.386666666666], ["window"]]], "width": 3448, "height": 5168, "tags": []}