{"rects": [[[1356.6, 1554.7066666666667, 2269.6133333333332, 3449.64], ["window"]]], "width": 3448, "height": 5168, "tags": []}