{"rects": [[[904.4, 770.8933333333333, 2708.8933333333334, 4448.786666666667], ["window"]]], "width": 3448, "height": 5168, "tags": []}