{"rects": [[[1141.2666666666667, 658.92, 2312.68, 1942.3066666666666], ["window"]], [[1214.48, 2041.36, 2295.4533333333334, 3251.5333333333333], ["window"]], [[1089.5866666666666, 3428.1066666666666, 2394.5066666666667, 4733.026666666667], ["window"]]], "width": 3448, "height": 5168, "tags": []}