{"rects": [[[0, 0, 3448, 5168], ["facade"]], [[387.6, 120.58666666666667, 921.6266666666667, 1722.6666666666667], ["window"]], [[1421.2, 934.5466666666666, 1985.3733333333332, 3346.28], ["window"]], [[2032.7466666666667, 2265.306666666667, 2657.213333333333, 3798.48], ["window"]]], "width": 3448, "height": 5168, "tags": []}