{"rects": [[[0, 0, 3448, 5168], ["facade"]], [[327.3066666666667, 30.14666666666667, 3354.8933333333334, 2032.7466666666667], ["window"]], [[55.986666666666665, 2816.56, 3385.04, 4440.173333333333], ["window"]]], "width": 3448, "height": 5168, "tags": []}