{"rects": [[[637.3866666666667, 21.53333333333333, 2812.253333333333, 5025.88], ["window"]]], "width": 3448, "height": 5168, "tags": []}