{"rects": [[[559.8666666666667, 1451.3466666666666, 2713.2, 4056.88], ["window"]]], "width": 3448, "height": 5168, "tags": []}