{"rects": [[[0, 0, 5304, 7952], ["facade"]], [[1358.4666666666667, 1703.0533333333335, 3962.746666666667, 3830.2133333333336], ["window"]], [[4360.346666666667, 4333.84, 5129.04, 5652.546666666667], ["window"]], [[1265.6933333333334, 4333.84, 4207.933333333333, 6586.906666666667], ["window"]], [[4466.373333333334, 5785.08, 5268.2, 7030.893333333333], ["window"]]], "width": 5304, "height": 7952, "tags": []}