{"rects": [[[125.90666666666667, 1113.28, 5062.7733333333335, 7713.4400000000005], ["window"]]], "width": 5304, "height": 7952, "tags": []}