{"rects": [[[0, 0, 3448, 5168], ["facade"]], [[1024.9866666666667, 904.4, 2325.6, 1955.2266666666667], ["window"]], [[2536.6266666666666, 607.24, 3049.12, 1726.9733333333334], ["window"]], [[1024.9866666666667, 2756.2666666666664, 2299.7599999999998, 3919.0666666666666], ["window"]], [[1012.0666666666666, 4022.4266666666667, 3363.5066666666667, 5090.48], ["window"]]], "width": 3448, "height": 5168, "tags": []}