{"rects": [[[663.2266666666667, 938.8533333333334, 2433.266666666667, 3768.3333333333335], ["window"]]], "width": 3448, "height": 5168, "tags": []}