{"rects": [[[1115.4266666666667, 1731.28, 2243.7733333333335, 3772.64], ["window"]]], "width": 3448, "height": 5168, "tags": []}