{"rects": [[[0, 0, 3448, 5168], ["facade"]], [[211.02666666666667, 43.06666666666666, 2519.4, 1834.64], ["window"]], [[1167.1066666666666, 3182.6266666666666, 3242.92, 4797.626666666667], ["window"]]], "width": 3448, "height": 5168, "tags": []}