{"rects": [[[1154.1866666666667, 3118.0266666666666, 2368.6666666666665, 4410.026666666667], ["window"]]], "width": 3448, "height": 5168, "tags": []}