{"rects": [[[0, 0, 3448, 5168], ["facade"]], [[176.57333333333332, 68.90666666666667, 486.6533333333333, 1180.0266666666666], ["window"]], [[697.68, 172.26666666666665, 2829.48, 852.72], ["window"]], [[749.36, 1442.7333333333333, 1106.8133333333333, 3204.16], ["window"]], [[1317.84, 1559.0133333333333, 2726.12, 2648.6], ["window"]], [[727.8266666666667, 3303.213333333333, 3372.12, 3802.786666666667], ["window"]]], "width": 3448, "height": 5168, "tags": []}