{"rects": [[[891.48, 3053.4266666666667, 2157.64, 4556.453333333333], ["window"]], [[921.6266666666667, 835.4933333333333, 2192.0933333333332, 2075.8133333333335], ["window"]]], "width": 3448, "height": 5168, "tags": []}