{"rects": [[[0, 0, 3448, 5168], ["facade"]], [[34.45333333333333, 86.13333333333333, 848.4133333333333, 1541.7866666666666], ["window"]], [[21.53333333333333, 1571.9333333333334, 1438.4266666666667, 2984.52], ["window"]], [[1300.6133333333332, 142.12, 3130.9466666666667, 1098.2], ["window"]], [[1873.4, 1326.4533333333334, 3191.24, 2213.6266666666666], ["window"]], [[202.41333333333333, 3445.3333333333335, 2157.64, 5099.093333333333], ["window"]]], "width": 3448, "height": 5168, "tags": []}