{"rects": [[[908.7066666666667, 1059.44, 2734.733333333333, 4569.373333333333], ["window"]]], "width": 3448, "height": 5168, "tags": []}