{"rects": [[[331.61333333333334, 1248.9333333333334, 3113.72, 3880.306666666667], ["window"]]], "width": 3448, "height": 5168, "tags": []}