{"rects": [[[1020.5066666666667, 1557.2666666666667, 3969.3733333333334, 5586.280000000001], ["window"]]], "width": 5304, "height": 7952, "tags": []}