{"rects": [[[0, 0, 3448, 5168], ["facade"]], [[1167.1066666666666, 684.76, 1722.6666666666667, 1670.9866666666667], ["window"]], [[1180.0266666666666, 1778.6533333333334, 2269.6133333333332, 2739.04], ["window"]], [[219.64, 1658.0666666666666, 633.08, 2807.9466666666667], ["window"]], [[620.16, 2825.173333333333, 2299.7599999999998, 3927.68], ["window"]], [[2842.4, 2756.2666666666664, 3182.6266666666666, 3893.2266666666665], ["window"]], [[577.0933333333334, 3949.213333333333, 2937.1466666666665, 5120.626666666667], ["window"]]], "width": 3448, "height": 5168, "tags": []}