{"rects": [[[225.30666666666667, 768.6933333333334, 5023.013333333333, 5804.96], ["window"]]], "width": 5304, "height": 7952, "tags": []}