{"rects": [[[878.56, 766.5866666666667, 1714.0533333333333, 1627.92], ["window"]], [[921.6266666666667, 2907.0, 1623.6133333333332, 3660.6666666666665], ["window"]], [[723.52, 38.76, 2325.6, 5146.466666666666], ["facade"]], [[792.4266666666666, 3871.693333333333, 1571.9333333333334, 4862.2266666666665], ["facade"]], [[1705.44, 4323.893333333333, 2286.84, 5112.013333333333], ["window"]]], "width": 3448, "height": 5168, "tags": []}