{"rects": [[[792.4266666666666, 882.8666666666667, 2782.1066666666666, 4289.44], ["window"]]], "width": 3448, "height": 5168, "tags": []}