{"rects": [[[409.1333333333333, 228.25333333333333, 3087.88, 4672.733333333334], ["window"]]], "width": 3448, "height": 5168, "tags": []}