{"rects": [[[1180.0266666666666, 1873.4, 2269.6133333333332, 3557.306666666667], ["window"]], [[2364.36, 1559.0133333333333, 3191.24, 2855.32], ["window"]]], "width": 3448, "height": 5168, "tags": []}