{"rects": [[[17.226666666666667, 258.4, 2273.92, 2601.2266666666665], ["window"]], [[12.92, 2601.2266666666665, 2299.7599999999998, 5155.08], ["window"]]], "width": 3448, "height": 5168, "tags": []}