{"rects": [[[990.5333333333333, 1141.2666666666667, 2493.56, 4517.693333333334], ["window"]]], "width": 3448, "height": 5168, "tags": []}