{"rects": [[[684.76, 719.2133333333334, 3350.5866666666666, 4629.666666666667], ["window"]]], "width": 3448, "height": 5168, "tags": []}