{"rects": [[[241.17333333333335, 422.05333333333334, 1447.04, 3014.6666666666665], ["window"]], [[1946.6133333333332, 1765.7333333333333, 3169.7066666666665, 4289.44], ["window"]]], "width": 3448, "height": 5168, "tags": []}