{"rects": [[[1055.1333333333334, 1528.8666666666666, 2364.36, 3385.04], ["window"]]], "width": 3448, "height": 5168, "tags": []}