{"rects": [[[0, 0, 3448, 5168], ["facade"]], [[1576.24, 2739.04, 2308.3733333333334, 3897.5333333333333], ["window"]], [[1571.9333333333334, 1524.56, 1993.9866666666667, 2428.96], ["window"]], [[2579.693333333333, 1576.24, 2907.0, 2316.9866666666667], ["window"]]], "width": 3448, "height": 5168, "tags": []}