{"rects": [[[917.32, 1115.4266666666667, 2868.24, 3608.9866666666667], ["window"]]], "width": 3448, "height": 5168, "tags": []}