{"rects": [[[868.0933333333334, 1742.8133333333335, 4492.88, 6215.8133333333335], ["window"]]], "width": 5304, "height": 7952, "tags": []}