{"rects": [[[1895.2266666666667, 463.8666666666667, 4174.8, 7024.266666666667], ["window"]]], "width": 5304, "height": 7952, "tags": []}