{"rects": [[[155.04, 383.29333333333335, 3393.653333333333, 4711.493333333333], ["window", "shop"]]], "width": 3448, "height": 5168, "tags": []}