{"rects": [[[1037.9066666666668, 680.4533333333334, 2398.8133333333335, 4995.733333333334], ["window"]]], "width": 3448, "height": 5168, "tags": []}