{"rects": [[[839.8, 43.06666666666666, 3126.64, 2506.48], ["window"]], [[801.04, 2786.4133333333334, 3329.0533333333333, 4896.68], ["window"]]], "width": 3448, "height": 5168, "tags": []}