{"rects": [[[0, 0, 3448, 5168], ["facade"]], [[172.26666666666665, 159.34666666666666, 1257.5466666666666, 1050.8266666666666], ["window"]], [[361.76, 1317.84, 1201.56, 2489.253333333333], ["window"]], [[1800.1866666666667, 1662.3733333333332, 2304.0666666666666, 3354.8933333333334], ["window"]], [[585.7066666666667, 3613.2933333333335, 1955.2266666666667, 4496.16], ["window"]]], "width": 3448, "height": 5168, "tags": []}