{"rects": [[[490.96, 1524.56, 1050.8266666666666, 2596.92], ["window"]], [[434.97333333333336, 2678.7466666666664, 1098.2, 3445.3333333333335], ["window"]], [[1503.0266666666666, 1610.6933333333334, 2028.44, 2502.173333333333], ["window"]], [[1503.0266666666666, 2695.9733333333334, 1993.9866666666667, 3488.4], ["window"]], [[2493.56, 1541.7866666666666, 3049.12, 2472.0266666666666], ["window"]]], "width": 3448, "height": 5168, "tags": []}