{"rects": [[[348.84, 275.62666666666667, 2756.2666666666664, 4982.8133333333335], ["window"]]], "width": 3448, "height": 5168, "tags": []}