{"rects": [[[486.6533333333333, 198.10666666666665, 3044.8133333333335, 5051.72], ["window"]]], "width": 3448, "height": 5168, "tags": []}