{"rects": [[[0, 0, 5304, 7952], ["facade"]], [[1206.0533333333333, 550.0133333333333, 5235.066666666667, 2988.626666666667], ["window"]], [[974.12, 4148.293333333333, 5248.320000000001, 7196.56], ["window"]]], "width": 5304, "height": 7952, "tags": []}