{"rects": [[[99.05333333333333, 8.613333333333333, 2786.4133333333334, 5047.413333333333], ["facade"]], [[1136.96, 1231.7066666666667, 1670.9866666666667, 2157.64], ["window"]], [[1180.0266666666666, 2708.8933333333334, 1649.4533333333334, 3669.28], ["window"]], [[2024.1333333333332, 1916.4666666666667, 2730.4266666666667, 3014.6666666666665], ["window"]], [[1907.8533333333332, 508.18666666666667, 2657.213333333333, 1563.32], ["window"]], [[159.34666666666666, 1205.8666666666666, 1076.6666666666667, 2273.92], ["window"]], [[163.65333333333334, 2584.0, 1115.4266666666667, 3591.7599999999998], ["window"]], [[167.96, 4.306666666666667, 1158.4933333333333, 947.4666666666667], ["window"]]], "width": 3448, "height": 5168, "tags": []}