{"rects": [[[68.90666666666667, 1261.8533333333332, 2945.7599999999998, 3626.213333333333], ["window"]]], "width": 3448, "height": 5168, "tags": []}