{"rects": [[[628.7733333333333, 852.72, 3036.2, 2183.48], ["window"]], [[594.32, 2213.6266666666666, 3156.786666666667, 3931.9866666666667], ["window"]], [[495.26666666666665, 4000.8933333333334, 2971.6, 4888.066666666667], ["window"]]], "width": 3448, "height": 5168, "tags": []}