{"rects": [[[0, 874.2533333333333, 1993.9866666666667, 3126.64], ["window"]], [[2011.2133333333334, 831.1866666666666, 3441.0266666666666, 3079.2666666666664], ["window"]]], "width": 3448, "height": 5168, "tags": []}