{"rects": [[[2120.5333333333333, 39.760000000000005, 5304, 3936.2400000000002], ["window"]], [[2113.9066666666668, 3982.626666666667, 5304, 7826.093333333333], ["window"]]], "width": 5304, "height": 7952, "tags": []}