{"rects": [[[633.08, 25.84, 3199.8533333333335, 3036.2], ["window"]], [[456.50666666666666, 3096.4933333333333, 3372.12, 5124.933333333333], ["window"]]], "width": 3448, "height": 5168, "tags": []}