{"rects": [[[426.36, 1042.2133333333334, 3221.3866666666668, 3845.8533333333335], ["window"]]], "width": 3448, "height": 5168, "tags": []}