{"rects": [[[775.2, 1063.7466666666667, 1132.6533333333334, 2110.266666666667], ["window"]], [[757.9733333333334, 3940.6, 1132.6533333333334, 4375.573333333334], ["window"]], [[1119.7333333333333, 2954.3733333333334, 2140.4133333333334, 3944.9066666666668], ["window"]], [[2157.64, 2980.213333333333, 3130.9466666666667, 3914.7599999999998], ["window"]], [[2097.346666666667, 4173.16, 3191.24, 4935.44], ["window"]], [[1279.08, 310.08, 1537.48, 732.1333333333333], ["window"]], [[1313.5333333333333, 1335.0666666666666, 1576.24, 1726.9733333333334], ["window"]], [[1649.4533333333334, 1304.92, 2011.2133333333334, 1666.68], ["window"]], [[1619.3066666666666, 396.2133333333333, 2011.2133333333334, 676.1466666666666], ["window"]], [[2523.7066666666665, 624.4666666666667, 3363.5066666666667, 1382.44], ["window"]]], "width": 3448, "height": 5168, "tags": []}