{"rects": [[[0, 0, 3448, 5168], ["facade"]], [[167.96, 366.06666666666666, 844.1066666666667, 1438.4266666666667], ["window"]], [[1292.0, 275.62666666666667, 1649.4533333333334, 2032.7466666666667], ["window"]], [[51.68, 2799.3333333333335, 1533.1733333333334, 3927.68], ["window"]], [[1920.7733333333333, 404.82666666666665, 3363.5066666666667, 1838.9466666666667], ["window"]]], "width": 3448, "height": 5168, "tags": []}