{"rects": [[[861.3333333333334, 1434.12, 2639.9866666666667, 3501.32], ["window", "shop"]]], "width": 3448, "height": 5168, "tags": []}