{"rects": [[[0, 0, 5304, 7952], ["facade"]], [[331.33333333333337, 86.14666666666668, 4903.733333333334, 3280.2000000000003], ["window"]], [[291.5733333333333, 4585.653333333334, 5062.7733333333335, 7905.613333333334], ["window"]]], "width": 5304, "height": 7952, "tags": []}