{"rects": [[[1063.7466666666667, 1907.8533333333332, 2450.4933333333333, 3303.213333333333], ["window"]], [[1059.44, 693.3733333333333, 2372.9733333333334, 1795.8799999999999], ["window"]], [[275.62666666666667, 2756.2666666666664, 986.2266666666667, 3742.4933333333333], ["window"]], [[146.42666666666668, 1184.3333333333333, 1029.2933333333333, 2140.4133333333334], ["window"]]], "width": 3448, "height": 5168, "tags": []}