{"rects": [[[77.52, 262.70666666666665, 3277.3733333333334, 4689.96], ["window"]]], "width": 3448, "height": 5168, "tags": []}