{"rects": [[[1210.1733333333334, 1447.04, 1963.84, 3178.32], ["window"]], [[1227.4, 3673.5866666666666, 2084.4266666666667, 5107.706666666667], ["window"]], [[2209.32, 3742.4933333333333, 2807.9466666666667, 5107.706666666667], ["window"]]], "width": 3448, "height": 5168, "tags": []}