{"rects": [[[430.73333333333335, 1451.24, 5023.013333333333, 2882.6], ["window"]], [[2332.5866666666666, 4777.826666666667, 5248.320000000001, 5997.133333333333], ["window"]], [[410.85333333333335, 4579.026666666667, 2153.666666666667, 6056.7733333333335], ["window"]]], "width": 5304, "height": 7952, "tags": []}