{"rects": [[[1683.1733333333334, 2186.8, 3909.7333333333336, 5612.786666666667], ["window"]]], "width": 5304, "height": 7952, "tags": []}