{"rects": [[[1676.5466666666666, 2160.2933333333335, 4068.7733333333335, 6268.826666666667], ["window"]]], "width": 5304, "height": 7952, "tags": []}