{"rects": [[[616.28, 954.24, 5095.906666666667, 6686.306666666667], ["window"]]], "width": 5304, "height": 7952, "tags": []}