{"rects": [[[0, 0, 3448, 5168], ["facade"]], [[254.09333333333333, 473.73333333333335, 1007.76, 1636.5333333333333], ["window"]], [[1748.5066666666667, 223.94666666666666, 3221.3866666666668, 1365.2133333333334], ["window"]], [[47.373333333333335, 2756.2666666666664, 1744.2, 4190.386666666666], ["window"]]], "width": 3448, "height": 5168, "tags": []}