{"rects": [[[223.94666666666666, 1167.1066666666666, 2377.28, 3230.0], ["window"]], [[198.10666666666665, 3260.1466666666665, 2222.24, 5124.933333333333], ["window"]]], "width": 3448, "height": 5168, "tags": []}