{"rects": [[[391.90666666666664, 546.9466666666667, 3290.2933333333335, 4487.546666666667], ["window"]]], "width": 3448, "height": 5168, "tags": []}