{"rects": [[[1214.48, 1907.8533333333332, 2291.1466666666665, 3238.6133333333332], ["window"]], [[1192.9466666666667, 3445.3333333333335, 2454.8, 4681.346666666666], ["window"]]], "width": 3448, "height": 5168, "tags": []}