{"rects": [[[594.32, 0, 3018.9733333333334, 5163.693333333334], ["window"]]], "width": 3448, "height": 5168, "tags": []}