{"rects": [[[671.84, 353.14666666666665, 1912.16, 1645.1466666666668], ["window"]], [[620.16, 1826.0266666666666, 1886.32, 3096.4933333333333], ["window"]], [[559.8666666666667, 3363.5066666666667, 1912.16, 4789.013333333333], ["window"]], [[1925.08, 1739.8933333333334, 2428.96, 2704.5866666666666], ["window"]], [[1938.0, 3337.6666666666665, 2377.28, 4267.906666666667], ["window"]]], "width": 3448, "height": 5168, "tags": []}