{"rects": [[[288.5466666666667, 852.72, 2747.653333333333, 3755.4133333333334], ["window"]]], "width": 3448, "height": 5168, "tags": []}