{"rects": [[[1219.3066666666666, 2080.7733333333335, 4168.173333333333, 6262.2], ["window"]]], "width": 5304, "height": 7952, "tags": []}