{"rects": [[[1053.64, 192.17333333333335, 4101.906666666667, 7435.12], ["window"]]], "width": 5304, "height": 7952, "tags": []}