{"rects": [[[146.42666666666668, 17.226666666666667, 3156.786666666667, 5107.706666666667], ["facade"]], [[267.0133333333333, 624.4666666666667, 2842.4, 1946.6133333333332], ["window"]], [[172.26666666666665, 3251.5333333333333, 3010.36, 4939.746666666667], ["window"]]], "width": 3448, "height": 5168, "tags": []}