{"rects": [[[258.44, 1411.48, 4486.253333333333, 5950.746666666667], ["window"]]], "width": 5304, "height": 7952, "tags": []}