{"rects": [[[981.92, 185.18666666666667, 2351.44, 1546.0933333333332], ["window"]], [[861.3333333333334, 2011.2133333333334, 2187.786666666667, 3156.786666666667], ["window"]], [[934.5466666666666, 4082.72, 2084.4266666666667, 4896.68], ["window"]]], "width": 3448, "height": 5168, "tags": []}