{"rects": [[[377.72, 1994.6266666666668, 4386.8533333333335, 6262.2], ["window"]]], "width": 5304, "height": 7952, "tags": []}