{"rects": [[[1184.3333333333333, 1726.9733333333334, 2149.0266666666666, 3238.6133333333332], ["window"]], [[1356.6, 111.97333333333333, 2118.88, 1279.08], ["window"]], [[77.52, 624.4666666666667, 551.2533333333333, 1266.16], ["window"]]], "width": 3448, "height": 5168, "tags": []}