{"rects": [[[795.2, 1106.6533333333334, 4506.133333333333, 6898.360000000001], ["window"]]], "width": 5304, "height": 7952, "tags": []}