{"rects": [[[994.0, 53.013333333333335, 4419.986666666667, 7872.4800000000005], ["window"]]], "width": 5304, "height": 7952, "tags": []}