{"rects": [[[1055.1333333333334, 4.306666666666667, 2368.6666666666665, 1024.9866666666667], ["window"]], [[1042.2133333333334, 1068.0533333333333, 1688.2133333333334, 2011.2133333333334], ["window"]], [[1714.0533333333333, 1089.5866666666666, 2295.4533333333334, 1920.7733333333333], ["window"]], [[740.7466666666667, 1968.1466666666668, 2372.9733333333334, 3130.9466666666667], ["window"]], [[745.0533333333333, 3268.7599999999998, 2217.9333333333334, 3738.1866666666665], ["window"]], [[2360.0533333333333, 3298.9066666666668, 3448, 3738.1866666666665], ["window"]]], "width": 3448, "height": 5168, "tags": []}