{"rects": [[[0, 0, 3448, 5168], ["facade"]], [[47.373333333333335, 47.373333333333335, 3341.9733333333334, 2153.3333333333335], ["window"]], [[21.53333333333333, 2816.56, 3410.88, 4702.88], ["window"]]], "width": 3448, "height": 5168, "tags": []}