{"rects": [[[1632.2266666666667, 1873.4, 2523.7066666666665, 2915.6133333333332], ["window"]], [[801.04, 3845.8533333333335, 2639.9866666666667, 5137.8533333333335], ["window"]], [[788.12, 486.6533333333333, 1645.1466666666668, 1653.76], ["window"]]], "width": 3448, "height": 5168, "tags": []}