{"rects": [[[826.88, 869.9466666666667, 2889.7733333333335, 3514.24], ["window"]]], "width": 3448, "height": 5168, "tags": []}