{"rects": [[[0, 0, 3448, 5168], ["facade"]], [[637.3866666666667, 284.24, 2704.5866666666666, 2205.0133333333333], ["window"]], [[422.05333333333334, 2678.7466666666664, 2868.24, 4496.16], ["window"]]], "width": 3448, "height": 5168, "tags": []}