{"rects": [[[344.5333333333333, 1352.2933333333333, 3285.9866666666667, 4155.933333333333], ["window"]]], "width": 3448, "height": 5168, "tags": []}