{"rects": [[[792.4266666666666, 1653.76, 2398.8133333333335, 3281.68], ["window"]]], "width": 3448, "height": 5168, "tags": []}