{"rects": [[[900.0933333333334, 960.3866666666667, 3148.173333333333, 3367.8133333333335], ["window"]]], "width": 3448, "height": 5168, "tags": []}