{"rects": [[[854.84, 768.6933333333334, 4572.400000000001, 7315.84], ["window"]]], "width": 5304, "height": 7952, "tags": []}