{"rects": [[[516.8, 1718.36, 1128.3466666666666, 3372.12], ["window"]], [[1154.1866666666667, 1537.48, 2161.9466666666667, 3570.2266666666665], ["window"]]], "width": 3448, "height": 5168, "tags": []}