{"rects": [[[680.4533333333334, 766.5866666666667, 2743.346666666667, 3970.7466666666664], ["window"]]], "width": 3448, "height": 5168, "tags": []}