{"rects": [[[378.9866666666667, 323.0, 2898.3866666666668, 3794.173333333333], ["window"]]], "width": 3448, "height": 5168, "tags": []}