{"rects": [[[68.90666666666667, 30.14666666666667, 3397.96, 1438.4266666666667], ["window"]], [[60.29333333333334, 1451.3466666666666, 3423.8, 3591.7599999999998], ["window"]]], "width": 3448, "height": 5168, "tags": []}