{"rects": [[[564.1733333333333, 17.226666666666667, 3397.96, 3630.52], ["window"]], [[490.96, 3647.7466666666664, 3389.346666666667, 5142.16], ["window"]]], "width": 3448, "height": 5168, "tags": []}