{"rects": [[[0, 0, 3448, 5168], ["facade"]], [[331.61333333333334, 211.02666666666667, 1571.9333333333334, 1339.3733333333332], ["window"]], [[788.12, 1851.8666666666666, 2997.44, 3888.92], ["window"]]], "width": 3448, "height": 5168, "tags": []}