{"rects": [[[301.46666666666664, 844.1066666666667, 3419.4933333333333, 4698.573333333334], ["window"]]], "width": 3448, "height": 5168, "tags": []}