{"rects": [[[331.61333333333334, 77.52, 3062.04, 2097.346666666667], ["window"]], [[318.6933333333333, 2924.2266666666665, 3066.346666666667, 5142.16], ["window"]]], "width": 3448, "height": 5168, "tags": []}