{"rects": [[[1158.4933333333333, 1653.76, 2045.6666666666667, 3733.88], ["window"]], [[2179.173333333333, 1360.9066666666668, 3204.16, 3673.5866666666666], ["window"]]], "width": 3448, "height": 5168, "tags": []}