{"rects": [[[0, 0, 3448, 5168], ["facade"]], [[999.1466666666666, 318.6933333333333, 2308.3733333333334, 943.16], ["window"]], [[964.6933333333334, 1472.8799999999999, 2269.6133333333332, 2799.3333333333335], ["window"]], [[2670.133333333333, 796.7333333333333, 3092.1866666666665, 2385.8933333333334], ["window"]]], "width": 3448, "height": 5168, "tags": []}