{"rects": [[[202.41333333333333, 68.90666666666667, 2950.0666666666666, 2334.213333333333], ["window"]], [[107.66666666666667, 2463.4133333333334, 3156.786666666667, 4840.693333333334], ["window"]]], "width": 3448, "height": 5168, "tags": []}