{"rects": [[[251.81333333333333, 1225.9333333333334, 5029.64, 6136.293333333334], ["window"]]], "width": 5304, "height": 7952, "tags": []}