{"rects": [[[822.5733333333334, 1326.4533333333334, 2420.346666666667, 3789.866666666667], ["window"]]], "width": 3448, "height": 5168, "tags": []}