{"rects": [[[719.2133333333334, 12.92, 3333.36, 2136.1066666666666], ["window"]], [[529.72, 2174.866666666667, 3156.786666666667, 4573.68], ["window"]]], "width": 3448, "height": 5168, "tags": []}