{"rects": [[[0, 0, 3448, 5168], ["facade"]], [[94.74666666666667, 25.84, 2566.7733333333335, 2071.5066666666667], ["window"]], [[30.14666666666667, 2851.0133333333333, 2553.8533333333335, 5163.693333333334], ["window"]]], "width": 3448, "height": 5168, "tags": []}