{"rects": [[[124.89333333333333, 25.84, 2523.7066666666665, 1950.92], ["window"]], [[90.44, 2024.1333333333332, 2411.733333333333, 4298.053333333333], ["window"]]], "width": 3448, "height": 5168, "tags": []}