{"rects": [[[396.2133333333333, 508.18666666666667, 3432.4133333333334, 4323.893333333333], ["window"]]], "width": 3448, "height": 5168, "tags": []}