{"rects": [[[999.1466666666666, 1670.9866666666667, 2463.4133333333334, 3708.04], ["window"]]], "width": 3448, "height": 5168, "tags": []}