{"rects": [[[0, 0, 3448, 5168], ["facade"]], [[1175.72, 1425.5066666666667, 1528.8666666666666, 2209.32], ["window"]], [[1154.1866666666667, 3143.866666666667, 1494.4133333333334, 3949.213333333333], ["window"]], [[2105.96, 1253.24, 2416.04, 1886.32], ["window"]]], "width": 3448, "height": 5168, "tags": []}