{"rects": [[[3233.8133333333335, 722.3066666666667, 4638.666666666667, 4512.76], ["window"]], [[3273.5733333333333, 4870.6, 4029.0133333333333, 7872.4800000000005], ["window"]]], "width": 5304, "height": 7952, "tags": []}