{"rects": [[[146.42666666666668, 1386.7466666666667, 3087.88, 4056.88], ["window"]]], "width": 3448, "height": 5168, "tags": []}