{"rects": [[[460.81333333333333, 47.373333333333335, 3191.24, 4875.1466666666665], ["window"]]], "width": 3448, "height": 5168, "tags": []}