{"rects": [[[0, 1184.3333333333333, 3445.3333333333335, 3867.3866666666668], ["window"]]], "width": 3448, "height": 5168, "tags": []}