{"rects": [[[1068.0533333333333, 3092.1866666666665, 2286.84, 4534.92], ["window"]], [[1197.2533333333333, 585.7066666666667, 2291.1466666666665, 1877.7066666666667], ["window"]]], "width": 3448, "height": 5168, "tags": []}