{"rects": [[[1175.72, 1765.7333333333333, 2196.4, 3888.92], ["window"]], [[2217.9333333333334, 1744.2, 3161.0933333333332, 3764.0266666666666], ["window"]]], "width": 3448, "height": 5168, "tags": []}