{"rects": [[[60.29333333333334, 1012.0666666666666, 3389.346666666667, 3832.9333333333334], ["window"]]], "width": 3448, "height": 5168, "tags": []}