{"rects": [[[1438.4266666666667, 211.02666666666667, 2028.44, 1124.04], ["window"]], [[1494.4133333333334, 2213.6266666666666, 2192.0933333333332, 3824.32], ["window"]], [[1330.76, 4186.08, 2196.4, 4892.373333333333], ["window"]]], "width": 3448, "height": 5168, "tags": []}