{"rects": [[[400.52, 1098.2, 2937.1466666666665, 4298.053333333333], ["window"]]], "width": 3448, "height": 5168, "tags": []}