{"rects": [[[145.78666666666666, 112.65333333333334, 5274.826666666667, 6938.12], ["window"]]], "width": 5304, "height": 7952, "tags": []}