{"rects": [[[1128.3466666666666, 1933.6933333333334, 2213.6266666666666, 3441.0266666666666], ["window"]], [[2377.28, 2011.2133333333334, 3389.346666666667, 2704.5866666666666], ["window"]], [[0, 1955.2266666666667, 732.1333333333333, 3540.08], ["window"]], [[1119.7333333333333, 693.3733333333333, 1933.6933333333334, 1309.2266666666667], ["window"]], [[1136.96, 150.73333333333332, 1757.12, 516.8], ["window"]]], "width": 3448, "height": 5168, "tags": []}