{"rects": [[[81.82666666666667, 2028.44, 921.6266666666667, 3712.346666666667], ["window"]], [[1210.1733333333334, 2248.08, 2278.2266666666665, 3139.56], ["window"]], [[1210.1733333333334, 4082.72, 2351.44, 5163.693333333334], ["window"]]], "width": 3448, "height": 5168, "tags": []}