{"rects": [[[542.64, 1300.6133333333332, 2756.2666666666664, 3027.5866666666666], ["window"]], [[525.4133333333333, 3397.96, 2786.4133333333334, 5116.32], ["window"]], [[663.2266666666667, 8.613333333333333, 3031.8933333333334, 1003.4533333333334], ["window"]]], "width": 3448, "height": 5168, "tags": []}