{"rects": [[[641.6933333333334, 99.05333333333333, 2833.786666666667, 5163.693333333334], ["window"]]], "width": 3448, "height": 5168, "tags": []}