{"rects": [[[611.5466666666666, 1688.2133333333334, 2902.693333333333, 3432.4133333333334], ["window"]]], "width": 3448, "height": 5168, "tags": []}