{"rects": [[[1270.4666666666667, 2075.8133333333335, 2058.5866666666666, 3057.733333333333], ["window"]], [[2278.2266666666665, 1770.04, 2747.653333333333, 2691.6666666666665], ["window"]], [[2144.72, 693.3733333333333, 2730.4266666666667, 1606.3866666666668], ["window"]], [[2919.92, 2385.8933333333334, 3419.4933333333333, 3156.786666666667], ["window"]], [[1227.4, 3979.36, 2183.48, 4961.28], ["window"]], [[129.2, 4026.733333333333, 1205.8666666666666, 5146.466666666666], ["window"]]], "width": 3448, "height": 5168, "tags": []}