{"rects": [[[443.58666666666664, 676.1466666666666, 2980.213333333333, 4491.8533333333335], ["window"]]], "width": 3448, "height": 5168, "tags": []}