{"rects": [[[1012.0666666666666, 2166.253333333333, 1550.4, 3113.72], ["window"]], [[1752.8133333333333, 3191.24, 2536.6266666666666, 3927.68], ["window"]], [[1089.5866666666666, 1102.5066666666667, 1731.28, 1882.0133333333333], ["window"]], [[1765.7333333333333, 869.9466666666667, 2553.8533333333335, 1752.8133333333333], ["window"]]], "width": 3448, "height": 5168, "tags": []}