{"rects": [[[318.6933333333333, 714.9066666666666, 1774.3466666666666, 4745.946666666667], ["window"]], [[1795.8799999999999, 861.3333333333334, 3070.653333333333, 4646.893333333333], ["window"]]], "width": 3448, "height": 5168, "tags": []}