{"rects": [[[267.0133333333333, 516.8, 3006.0533333333333, 4366.96], ["window"]]], "width": 3448, "height": 5168, "tags": []}