{"rects": [[[245.18666666666667, 2325.96, 5049.52, 5891.106666666667], ["window"]]], "width": 5304, "height": 7952, "tags": []}