{"rects": [[[25.84, 499.5733333333333, 3393.653333333333, 3126.64], ["window"]], [[34.45333333333333, 3169.7066666666665, 3389.346666666667, 5060.333333333333], ["window"]]], "width": 3448, "height": 5168, "tags": []}