{"rects": [[[857.0266666666666, 1360.9066666666668, 2329.9066666666668, 4048.2666666666664], ["window"]]], "width": 3448, "height": 5168, "tags": []}