{"rects": [[[439.28, 447.8933333333333, 3354.8933333333334, 4104.253333333333], ["window"]]], "width": 3448, "height": 5168, "tags": []}