{"rects": [[[0, 0, 3448, 5168], ["facade"]], [[116.28, 189.49333333333334, 602.9333333333333, 2114.5733333333333], ["window"]], [[766.5866666666667, 206.72, 3350.5866666666666, 749.36], ["window"]], [[2179.173333333333, 1503.0266666666666, 3415.1866666666665, 3143.866666666667], ["window"]]], "width": 3448, "height": 5168, "tags": []}