{"rects": [[[723.52, 770.8933333333333, 2519.4, 4491.8533333333335], ["window"]]], "width": 3448, "height": 5168, "tags": []}