{"rects": [[[868.0933333333334, 2743.44, 4115.16, 5327.84], ["window"]], [[1106.6533333333334, 5798.333333333334, 4267.573333333334, 7673.68], ["window"]]], "width": 5304, "height": 7952, "tags": []}