{"rects": [[[0, 0, 3448, 5168], ["facade"]], [[133.50666666666666, 1201.56, 813.96, 1860.48], ["window"]], [[21.53333333333333, 90.44, 1050.8266666666666, 650.3066666666666], ["window"]], [[1391.0533333333333, 1481.4933333333333, 2351.44, 2097.346666666667], ["window"]], [[1343.68, 3230.0, 2067.2, 4978.506666666666], ["window"]], [[2730.4266666666667, 2635.68, 3294.6, 4733.026666666667], ["window"]]], "width": 3448, "height": 5168, "tags": []}