{"rects": [[[0, 0, 5304, 7952], ["facade"]], [[39.760000000000005, 26.506666666666668, 4989.88, 3054.8933333333334], ["window"]], [[33.13333333333333, 3876.6000000000004, 5254.946666666667, 7945.373333333334], ["window"]]], "width": 5304, "height": 7952, "tags": []}