{"rects": [[[249.78666666666666, 1593.4666666666667, 2691.6666666666665, 3987.9733333333334], ["window"]]], "width": 3448, "height": 5168, "tags": []}