{"rects": [[[1055.1333333333334, 335.92, 2205.0133333333333, 1787.2666666666667], ["window"]], [[1063.7466666666667, 3294.6, 2739.04, 4948.36], ["window"]]], "width": 3448, "height": 5168, "tags": []}