{"rects": [[[844.1066666666667, 1236.0133333333333, 2316.9866666666667, 3626.213333333333], ["window"]]], "width": 3448, "height": 5168, "tags": []}