{"rects": [[[706.2933333333333, 2157.64, 1666.68, 2962.9866666666667], ["window"]], [[1976.76, 2321.2933333333335, 2683.0533333333333, 2924.2266666666665], ["window"]], [[727.8266666666667, 3738.1866666666665, 1524.56, 4379.88], ["window"]], [[1946.6133333333332, 3781.253333333333, 2743.346666666667, 4401.413333333333], ["window"]], [[2011.2133333333334, 3023.28, 2695.9733333333334, 3600.3733333333334], ["window"]]], "width": 3448, "height": 5168, "tags": []}