{"rects": [[[463.8666666666667, 159.04000000000002, 4817.586666666667, 6374.8533333333335], ["window"]]], "width": 5304, "height": 7952, "tags": []}