{"rects": [[[1167.1066666666666, 4.306666666666667, 1838.9466666666667, 3320.44], ["window"]], [[1847.56, 3484.0933333333332, 2502.173333333333, 5112.013333333333], ["window"]]], "width": 3448, "height": 5168, "tags": []}