{"rects": [[[103.36, 1210.1733333333334, 2708.8933333333334, 4143.013333333333], ["window"]]], "width": 3448, "height": 5168, "tags": []}