{"rects": [[[1330.76, 1537.48, 2665.826666666667, 3527.16], ["window"]], [[452.2, 1683.9066666666668, 1309.2266666666667, 3212.7733333333335], ["window"]]], "width": 3448, "height": 5168, "tags": []}