{"rects": [[[12.92, 2015.52, 1498.72, 4099.946666666667], ["window"]], [[1503.0266666666666, 2002.6, 3402.2666666666664, 3931.9866666666667], ["window"]]], "width": 3448, "height": 5168, "tags": []}