{"rects": [[[163.65333333333334, 68.90666666666667, 3354.8933333333334, 3105.1066666666666], ["window"]], [[155.04, 3118.0266666666666, 3397.96, 5163.693333333334], ["window"]]], "width": 3448, "height": 5168, "tags": []}