{"rects": [[[874.72, 2206.6800000000003, 4207.933333333333, 6626.666666666667], ["window"]]], "width": 5304, "height": 7952, "tags": []}