{"rects": [[[1317.84, 1735.5866666666666, 2196.4, 3406.5733333333333], ["window"]], [[2308.3733333333334, 1795.8799999999999, 3105.1066666666666, 3191.24], ["window"]]], "width": 3448, "height": 5168, "tags": []}