{"rects": [[[1085.28, 30.14666666666667, 3448, 1778.6533333333334], ["window"]], [[861.3333333333334, 1770.04, 3406.5733333333333, 3428.1066666666666], ["window"]], [[891.48, 3449.64, 3428.1066666666666, 5163.693333333334], ["window"]]], "width": 3448, "height": 5168, "tags": []}