{"rects": [[[1326.4533333333334, 1834.64, 2506.48, 3320.44], ["window"]], [[292.85333333333335, 3139.56, 1304.92, 4612.44], ["window"]]], "width": 3448, "height": 5168, "tags": []}