{"rects": [[[1296.3066666666666, 1459.96, 1795.8799999999999, 3587.4533333333334], ["window"]], [[340.2266666666667, 3445.3333333333335, 857.0266666666666, 5112.013333333333], ["window"]], [[1300.6133333333332, 60.29333333333334, 2217.9333333333334, 1412.5866666666666], ["window"]]], "width": 3448, "height": 5168, "tags": []}