{"rects": [[[669.2933333333334, 960.8666666666667, 4333.84, 5089.280000000001], ["window"]], [[337.96000000000004, 4221.1866666666665, 4386.8533333333335, 7945.373333333334], ["window"]]], "width": 5304, "height": 7952, "tags": []}