{"rects": [[[53.013333333333335, 1603.6533333333334, 5261.573333333334, 5042.893333333333], ["window"]]], "width": 5304, "height": 7952, "tags": []}