{"rects": [[[413.44, 1365.2133333333334, 2644.2933333333335, 3927.68], ["window"]]], "width": 3448, "height": 5168, "tags": []}