{"rects": [[[0, 0, 3448, 5168], ["facade"]], [[469.4266666666667, 1158.4933333333333, 1236.0133333333333, 1791.5733333333333], ["window"]], [[486.6533333333333, 2200.7066666666665, 2351.44, 2820.866666666667], ["window"]], [[2351.44, 439.28, 2764.88, 1567.6266666666666], ["window"]], [[1559.0133333333333, 3290.2933333333335, 2381.5866666666666, 4513.386666666666], ["window"]]], "width": 3448, "height": 5168, "tags": []}