{"rects": [[[1524.1333333333334, 6.626666666666667, 3830.2133333333336, 2915.7333333333336], ["window"]], [[1510.88, 3644.666666666667, 3896.48, 4658.546666666667], ["window"]], [[1504.2533333333333, 5042.893333333333, 3876.6000000000004, 7865.8533333333335], ["window"]]], "width": 5304, "height": 7952, "tags": []}