{"rects": [[[669.2933333333334, 960.8666666666667, 4333.84, 5089.280000000001], ["window"]]], "width": 5304, "height": 7952, "tags": []}