{"rects": [[[1188.64, 525.4133333333333, 1666.68, 1266.16], ["window"]], [[1162.8, 2704.5866666666666, 1636.5333333333333, 3492.7066666666665], ["window"]], [[1666.68, 3497.0133333333333, 2549.5466666666666, 4931.133333333333], ["window"]]], "width": 3448, "height": 5168, "tags": []}