{"rects": [[[107.66666666666667, 495.26666666666665, 3376.4266666666667, 5034.493333333333], ["window"]]], "width": 3448, "height": 5168, "tags": []}