{"rects": [[[73.21333333333334, 64.6, 3393.653333333333, 4879.453333333333], ["window"]]], "width": 3448, "height": 5168, "tags": []}