{"rects": [[[611.5466666666666, 1012.0666666666666, 2777.8, 4552.1466666666665], ["window"]]], "width": 3448, "height": 5168, "tags": []}