{"rects": [[[1326.4533333333334, 2019.8266666666666, 2347.133333333333, 3320.44], ["window"]], [[482.3466666666667, 2093.04, 1244.6266666666666, 2756.2666666666664], ["window"]], [[1115.4266666666667, 111.97333333333333, 2196.4, 1645.1466666666668], ["window"]], [[2282.5333333333333, 288.5466666666667, 3156.786666666667, 1429.8133333333333], ["window"]]], "width": 3448, "height": 5168, "tags": []}