{"rects": [[[499.5733333333333, 732.1333333333333, 2885.4666666666667, 4078.4133333333334], ["window"]]], "width": 3448, "height": 5168, "tags": []}