{"rects": [[[564.1733333333333, 792.4266666666666, 2041.36, 4151.626666666667], ["window"]], [[2084.4266666666667, 590.0133333333333, 3018.9733333333334, 4431.56], ["window"]]], "width": 3448, "height": 5168, "tags": []}