{"rects": [[[377.72, 523.5066666666667, 2677.1733333333336, 7355.6], ["window"]], [[2928.9866666666667, 1153.04, 4791.08, 7024.266666666667], ["window"]]], "width": 5304, "height": 7952, "tags": []}