{"rects": [[[245.18666666666667, 1345.2133333333334, 5201.933333333333, 5665.8], ["window"]]], "width": 5304, "height": 7952, "tags": []}