{"rects": [[[426.36, 770.8933333333333, 3178.32, 4401.413333333333], ["window"]]], "width": 3448, "height": 5168, "tags": []}