{"rects": [[[0, 0, 3448, 5168], ["facade"]], [[697.68, 1167.1066666666666, 1205.8666666666666, 2071.5066666666667], ["window"]], [[706.2933333333333, 2252.3866666666668, 1132.6533333333334, 3044.8133333333335], ["window"]], [[1395.36, 908.7066666666667, 2291.1466666666665, 1959.5333333333333], ["window"]], [[1343.68, 3023.28, 2394.5066666666667, 4190.386666666666], ["window"]]], "width": 3448, "height": 5168, "tags": []}