{"rects": [[[292.85333333333335, 422.05333333333334, 3341.9733333333334, 4013.8133333333335], ["window"]]], "width": 3448, "height": 5168, "tags": []}