{"rects": [[[21.53333333333333, 1292.0, 3376.4266666666667, 3673.5866666666666], ["window"]]], "width": 3448, "height": 5168, "tags": []}