{"rects": [[[0, 0, 3448, 5168], ["facade"]], [[314.38666666666666, 30.14666666666667, 977.6133333333333, 2230.8533333333335], ["window"]], [[1347.9866666666667, 81.82666666666667, 3419.4933333333333, 917.32], ["window"]], [[1205.8666666666666, 1231.7066666666667, 3329.0533333333333, 2773.4933333333333], ["window"]]], "width": 3448, "height": 5168, "tags": []}