{"rects": [[[21.53333333333333, 12.92, 2437.5733333333333, 2217.9333333333334], ["window"]], [[2230.8533333333335, 2093.04, 3445.3333333333335, 3992.28], ["window"]]], "width": 3448, "height": 5168, "tags": []}