{"rects": [[[649.4133333333334, 1663.2933333333333, 4154.92, 5652.546666666667], ["window"]]], "width": 5304, "height": 7952, "tags": []}