{"rects": [[[1378.1333333333332, 1942.3066666666666, 2235.16, 3152.48], ["window"]], [[1347.9866666666667, 34.45333333333333, 2127.4933333333333, 917.32], ["window"]], [[2381.5866666666666, 241.17333333333335, 2872.5466666666666, 908.7066666666667], ["window"]], [[2437.5733333333333, 2235.16, 2984.52, 3070.653333333333], ["window"]]], "width": 3448, "height": 5168, "tags": []}