{"rects": [[[311.4533333333333, 337.96000000000004, 5069.400000000001, 7819.466666666667], ["window"]]], "width": 5304, "height": 7952, "tags": []}