{"rects": [[[0, 0, 3448, 5168], ["facade"]], [[1059.44, 34.45333333333333, 3001.7466666666664, 2299.7599999999998], ["window"]], [[1042.2133333333334, 2614.1466666666665, 3415.1866666666665, 4556.453333333333], ["window"]]], "width": 3448, "height": 5168, "tags": []}