{"rects": [[[241.17333333333335, 607.24, 3324.7466666666664, 3074.96], ["window"]], [[228.25333333333333, 3126.64, 3367.8133333333335, 5133.546666666667], ["window"]]], "width": 3448, "height": 5168, "tags": []}