{"rects": [[[662.6666666666667, 1636.7866666666666, 4996.506666666667, 5692.306666666667], ["window"]]], "width": 5304, "height": 7952, "tags": []}