{"rects": [[[516.8, 590.0133333333333, 2734.733333333333, 3901.84], ["window"]]], "width": 3448, "height": 5168, "tags": []}