{"rects": [[[917.32, 1369.52, 2553.8533333333335, 3699.4266666666667], ["window"]]], "width": 3448, "height": 5168, "tags": []}