{"rects": [[[598.6266666666667, 1378.1333333333332, 2687.36, 4069.8], ["window"]]], "width": 3448, "height": 5168, "tags": []}