{"rects": [[[1020.5066666666667, 974.12, 4466.373333333334, 7024.266666666667], ["window"]]], "width": 5304, "height": 7952, "tags": []}