{"rects": [[[663.2266666666667, 30.14666666666667, 3419.4933333333333, 1709.7466666666667], ["window"]], [[503.88, 3049.12, 3419.4933333333333, 4819.16], ["window"]]], "width": 3448, "height": 5168, "tags": []}