{"rects": [[[163.65333333333334, 1205.8666666666666, 3234.306666666667, 4259.293333333333], ["window"]]], "width": 3448, "height": 5168, "tags": []}