{"rects": [[[0, 0, 3448, 5168], ["facade"]], [[361.76, 512.4933333333333, 1610.6933333333334, 2450.4933333333333], ["window"]], [[2726.12, 2278.2266666666665, 3195.5466666666666, 4401.413333333333], ["window"]], [[925.9333333333333, 3505.6266666666666, 1559.0133333333333, 4892.373333333333], ["window"]]], "width": 3448, "height": 5168, "tags": []}