{"rects": [[[1167.1066666666666, 1787.2666666666667, 1968.1466666666668, 3130.9466666666667], ["window"]], [[2347.133333333333, 2049.9733333333334, 3105.1066666666666, 3191.24], ["window"]], [[1339.3733333333332, 3212.7733333333335, 2149.0266666666666, 4082.72], ["window"]], [[12.92, 706.2933333333333, 430.6666666666667, 1589.16], ["window"]], [[8.613333333333333, 1645.1466666666668, 396.2133333333333, 2433.266666666667], ["window"]], [[17.226666666666667, 17.226666666666667, 473.73333333333335, 611.5466666666666], ["window"]], [[0, 3393.653333333333, 422.05333333333334, 4272.213333333333], ["window"]]], "width": 3448, "height": 5168, "tags": []}