{"rects": [[[0, 0, 3448, 5168], ["facade"]], [[693.3733333333333, 1227.4, 1438.4266666666667, 2739.04], ["window"]], [[2058.5866666666666, 1993.9866666666667, 2704.5866666666666, 3458.253333333333], ["window"]], [[1442.7333333333333, 3260.1466666666665, 2123.1866666666665, 4875.1466666666665], ["window"]]], "width": 3448, "height": 5168, "tags": []}