{"rects": [[[0, 0, 3448, 5168], ["facade"]], [[43.06666666666666, 38.76, 2820.866666666667, 2463.4133333333334], ["window"]], [[34.45333333333333, 2558.16, 3178.32, 5142.16], ["window"]]], "width": 3448, "height": 5168, "tags": []}