{"rects": [[[353.14666666666665, 176.57333333333332, 3376.4266666666667, 3139.56], ["window"]], [[310.08, 3169.7066666666665, 3402.2666666666664, 5146.466666666666], ["window"]]], "width": 3448, "height": 5168, "tags": []}