{"rects": [[[0, 0, 3448, 5168], ["facade"]], [[335.92, 12.92, 2743.346666666667, 2351.44], ["window"]], [[891.48, 2463.4133333333334, 3324.7466666666664, 5155.08], ["window"]]], "width": 3448, "height": 5168, "tags": []}