{"rects": [[[960.3866666666667, 495.26666666666665, 2372.9733333333334, 4892.373333333333], ["window"]]], "width": 3448, "height": 5168, "tags": []}