{"rects": [[[378.9866666666667, 245.48, 2282.5333333333333, 1670.9866666666667], ["window"]], [[331.61333333333334, 3501.32, 2338.52, 4466.013333333333], ["window"]]], "width": 3448, "height": 5168, "tags": []}