{"rects": [[[0, 0, 3448, 5168], ["facade"]], [[73.21333333333334, 38.76, 534.0266666666666, 1438.4266666666667], ["window"]], [[1033.6, 279.93333333333334, 1653.76, 2360.0533333333333], ["window"]], [[219.64, 2687.36, 1274.7733333333333, 3979.36], ["window"]], [[2282.5333333333333, 51.68, 3014.6666666666665, 3174.0133333333333], ["window"]]], "width": 3448, "height": 5168, "tags": []}