{"rects": [[[0, 0, 3448, 5168], ["facade"]], [[400.52, 47.373333333333335, 1154.1866666666667, 1567.6266666666666], ["window"]], [[1158.4933333333333, 490.96, 1821.72, 1903.5466666666666], ["window"]], [[297.16, 2484.9466666666667, 1778.6533333333334, 4233.453333333333], ["window"]], [[2476.3333333333335, 3350.5866666666666, 3100.8, 4733.026666666667], ["window"]], [[2411.733333333333, 1128.3466666666666, 3040.5066666666667, 2622.7599999999998], ["window"]]], "width": 3448, "height": 5168, "tags": []}