{"rects": [[[1102.5066666666667, 1490.1066666666666, 2441.88, 3277.3733333333334], ["window"]]], "width": 3448, "height": 5168, "tags": []}