{"rects": [[[969.0, 546.9466666666667, 2588.306666666667, 4099.946666666667], ["window"]]], "width": 3448, "height": 5168, "tags": []}