{"rects": [[[865.64, 1296.3066666666666, 2756.2666666666664, 3820.0133333333333], ["window"]]], "width": 3448, "height": 5168, "tags": []}