{"rects": [[[0, 0, 5304, 7952], ["facade"]], [[1272.3200000000002, 795.2, 3777.2000000000003, 3631.4133333333334], ["window"]], [[1126.5333333333333, 3704.306666666667, 3916.36, 6984.506666666667], ["window"]]], "width": 5304, "height": 7952, "tags": []}