{"rects": [[[318.6933333333333, 757.9733333333334, 3281.68, 4599.5199999999995], ["window"]]], "width": 3448, "height": 5168, "tags": []}