{"rects": [[[534.0266666666666, 1882.0133333333333, 2743.346666666667, 3733.88], ["window"]]], "width": 3448, "height": 5168, "tags": []}