{"rects": [[[0, 0, 5304, 7952], ["facade"]], [[1451.24, 2067.52, 2021.1333333333334, 3015.1333333333337], ["window"]], [[2087.4, 3644.666666666667, 2650.666666666667, 4327.213333333333], ["window"]], [[4313.96, 755.44, 5049.52, 1709.68], ["facade"]], [[4519.386666666667, 2942.2400000000002, 5268.2, 3830.2133333333336], ["facade"]], [[1484.3733333333334, 5261.573333333334, 2100.653333333333, 6176.053333333333], ["facade"]], [[2259.6933333333336, 5851.346666666667, 2610.9066666666668, 6699.56], ["facade"]], [[3134.4133333333334, 5307.96, 3545.266666666667, 6341.72], ["facade"]]], "width": 5304, "height": 7952, "tags": []}