{"rects": [[[17.226666666666667, 594.32, 3018.9733333333334, 3001.7466666666664], ["window"]], [[4.306666666666667, 3001.7466666666664, 3230.0, 5163.693333333334], ["window"]]], "width": 3448, "height": 5168, "tags": []}