{"rects": [[[26.506666666666668, 2431.9866666666667, 5268.2, 4857.346666666667], ["window"]]], "width": 5304, "height": 7952, "tags": []}