{"rects": [[[1050.8266666666666, 1447.04, 2325.6, 3341.9733333333334], ["window"]]], "width": 3448, "height": 5168, "tags": []}