{"rects": [[[569.8933333333333, 1325.3333333333335, 5221.8133333333335, 6984.506666666667], ["window"]]], "width": 5304, "height": 7952, "tags": []}