{"rects": [[[977.6133333333333, 8.613333333333333, 3367.8133333333335, 2192.0933333333332], ["window"]], [[977.6133333333333, 3036.2, 3432.4133333333334, 5163.693333333334], ["window"]]], "width": 3448, "height": 5168, "tags": []}