{"rects": [[[0, 0, 3448, 5168], ["facade"]], [[1391.0533333333333, 34.45333333333333, 3346.28, 2243.7733333333335], ["window"]], [[47.373333333333335, 2273.92, 2304.0666666666666, 5155.08], ["window"]]], "width": 3448, "height": 5168, "tags": []}