{"rects": [[[0, 0, 3448, 5168], ["facade"]], [[202.41333333333333, 120.58666666666667, 792.4266666666666, 2364.36], ["window"]], [[1037.9066666666668, 55.986666666666665, 3333.36, 1068.0533333333333], ["window"]], [[1003.4533333333334, 1701.1333333333332, 2622.7599999999998, 3402.2666666666664], ["window"]], [[103.36, 3820.0133333333333, 3441.0266666666666, 5012.96], ["window"]]], "width": 3448, "height": 5168, "tags": []}