{"rects": [[[590.0133333333333, 47.373333333333335, 3156.786666666667, 1989.68], ["window"]], [[447.8933333333333, 3100.8, 3251.5333333333333, 5060.333333333333], ["window"]]], "width": 3448, "height": 5168, "tags": []}