{"rects": [[[278.32, 26.506666666666668, 5129.04, 3651.2933333333335], ["window"]], [[212.05333333333334, 3691.0533333333333, 5221.8133333333335, 7872.4800000000005], ["window"]]], "width": 5304, "height": 7952, "tags": []}