{"rects": [[[0, 0, 3448, 5168], ["facade"]], [[146.42666666666668, 99.05333333333333, 3389.346666666667, 1606.3866666666668], ["window"]], [[193.8, 3522.8533333333335, 3337.6666666666665, 5099.093333333333], ["window"]]], "width": 3448, "height": 5168, "tags": []}