{"rects": [[[499.5733333333333, 60.29333333333334, 1287.6933333333334, 602.9333333333333], ["window"]], [[344.5333333333333, 3716.653333333333, 1352.2933333333333, 4625.36], ["window"]], [[1770.04, 2321.2933333333335, 2764.88, 3617.6], ["window"]], [[1972.4533333333334, 4349.733333333334, 2902.693333333333, 5030.1866666666665], ["window"]]], "width": 3448, "height": 5168, "tags": []}