{"rects": [[[908.7066666666667, 1726.9733333333334, 2222.24, 3471.173333333333], ["window"]]], "width": 3448, "height": 5168, "tags": []}