{"rects": [[[370.37333333333333, 73.21333333333334, 3053.4266666666667, 3742.4933333333333], ["window"]]], "width": 3448, "height": 5168, "tags": []}