{"rects": [[[745.0533333333333, 1425.5066666666667, 2795.0266666666666, 3776.9466666666667], ["window"]]], "width": 3448, "height": 5168, "tags": []}