{"rects": [[[176.57333333333332, 1369.52, 2958.68, 4130.093333333333], ["window"]]], "width": 3448, "height": 5168, "tags": []}