{"rects": [[[809.6533333333333, 1343.68, 2334.213333333333, 3699.4266666666667], ["window"]], [[2540.9333333333334, 1472.8799999999999, 3161.0933333333332, 3281.68], ["window"]]], "width": 3448, "height": 5168, "tags": []}