{"rects": [[[1063.7466666666667, 413.44, 3320.44, 2446.1866666666665], ["window"]], [[1033.6, 2691.6666666666665, 3268.7599999999998, 4922.5199999999995], ["window"]]], "width": 3448, "height": 5168, "tags": []}