{"rects": [[[745.0533333333333, 310.08, 3161.0933333333332, 4896.68], ["window"]]], "width": 3448, "height": 5168, "tags": []}