{"rects": [[[529.72, 1274.7733333333333, 2032.7466666666667, 3255.84], ["window"]], [[2071.5066666666667, 2355.7466666666664, 2484.9466666666667, 3518.5466666666666], ["window"]], [[456.50666666666666, 3298.9066666666668, 2019.8266666666666, 4913.906666666667], ["window"]], [[2071.5066666666667, 766.5866666666667, 2446.1866666666665, 1765.7333333333333], ["window"]]], "width": 3448, "height": 5168, "tags": []}