{"rects": [[[0, 0, 3448, 5168], ["facade"]], [[241.17333333333335, 90.44, 999.1466666666666, 2140.4133333333334], ["window"]], [[1335.0666666666666, 155.04, 3161.0933333333332, 1089.5866666666666], ["window"]], [[1279.08, 1201.56, 3230.0, 1933.6933333333334], ["window"]], [[676.1466666666666, 2743.346666666667, 2769.1866666666665, 5047.413333333333], ["window"]]], "width": 3448, "height": 5168, "tags": []}