{"rects": [[[469.4266666666667, 1076.6666666666667, 2695.9733333333334, 4776.093333333333], ["window"]]], "width": 3448, "height": 5168, "tags": []}