{"rects": [[[357.4533333333333, 1425.5066666666667, 3161.0933333333332, 3992.28], ["window"]]], "width": 3448, "height": 5168, "tags": []}