{"rects": [[[490.96, 1326.4533333333334, 3423.8, 3832.9333333333334], ["window"]]], "width": 3448, "height": 5168, "tags": []}