{"rects": [[[927.7333333333333, 656.0400000000001, 4526.013333333333, 7706.8133333333335], ["window"]]], "width": 5304, "height": 7952, "tags": []}