{"rects": [[[17.226666666666667, 64.6, 2502.173333333333, 2217.9333333333334], ["window"]], [[30.14666666666667, 2790.72, 2614.1466666666665, 5150.7733333333335], ["window"]]], "width": 3448, "height": 5168, "tags": []}