{"rects": [[[81.82666666666667, 646.0, 2799.3333333333335, 4939.746666666667], ["window", "shop"]]], "width": 3448, "height": 5168, "tags": []}