{"rects": [[[0, 0, 3448, 5168], ["facade"]], [[646.0, 572.7866666666666, 3113.72, 2717.5066666666667], ["window"]], [[590.0133333333333, 2734.733333333333, 3143.866666666667, 5133.546666666667], ["window"]]], "width": 3448, "height": 5168, "tags": []}