{"rects": [[[404.82666666666665, 1128.3466666666666, 3113.72, 3441.0266666666666], ["window", "shop"]]], "width": 3448, "height": 5168, "tags": []}