{"rects": [[[0, 0, 5304, 7952], ["facade"]], [[583.1466666666666, 1948.24, 5288.08, 5950.746666666667], ["window"]]], "width": 5304, "height": 7952, "tags": []}