{"rects": [[[163.65333333333334, 318.6933333333333, 3307.52, 2799.3333333333335], ["window"]], [[150.73333333333332, 2846.7066666666665, 3320.44, 4875.1466666666665], ["window"]]], "width": 3448, "height": 5168, "tags": []}