{"rects": [[[364.4666666666667, 1113.28, 4910.360000000001, 6911.613333333334], ["window"]]], "width": 5304, "height": 7952, "tags": []}