{"rects": [[[0, 0, 5304, 7952], ["facade"]], [[66.26666666666667, 1027.1333333333334, 3048.266666666667, 4115.16], ["window"]], [[1769.3200000000002, 4837.466666666667, 5195.306666666667, 7865.8533333333335], ["window"]]], "width": 5304, "height": 7952, "tags": []}