{"rects": [[[0, 0, 3448, 5168], ["facade"]], [[1438.4266666666667, 2325.6, 2928.5333333333333, 3970.7466666666664], ["window"]], [[301.46666666666664, 64.6, 1912.16, 1739.8933333333334], ["window"]]], "width": 3448, "height": 5168, "tags": []}