{"rects": [[[891.48, 913.0133333333333, 2885.4666666666667, 3419.4933333333333], ["window"]], [[146.42666666666668, 999.1466666666666, 852.72, 3092.1866666666665], ["window"]]], "width": 3448, "height": 5168, "tags": []}