{"rects": [[[636.1600000000001, 689.1733333333334, 4612.16, 7044.1466666666665], ["window"]]], "width": 5304, "height": 7952, "tags": []}