{"rects": [[[297.16, 2334.213333333333, 1248.9333333333334, 3397.96], ["window"]], [[1244.6266666666666, 3105.1066666666666, 2131.8, 4121.48], ["window"]], [[2140.4133333333334, 4031.04, 3255.84, 5051.72], ["window"]], [[2144.72, 1653.76, 3320.44, 2739.04], ["window"]]], "width": 3448, "height": 5168, "tags": []}