{"rects": [[[900.0933333333334, 534.0266666666666, 3428.1066666666666, 2183.48], ["window"]], [[826.88, 2937.1466666666665, 3448, 4991.426666666666], ["window"]]], "width": 3448, "height": 5168, "tags": []}