{"rects": [[[258.4, 370.37333333333333, 3204.16, 2971.6], ["window"]], [[103.36, 3014.6666666666665, 3397.96, 5155.08], ["window"]]], "width": 3448, "height": 5168, "tags": []}