{"rects": [[[521.1066666666667, 1563.32, 2532.32, 3393.653333333333], ["window"]], [[1403.9733333333334, 3944.9066666666668, 3079.2666666666664, 5107.706666666667], ["window"]]], "width": 3448, "height": 5168, "tags": []}