{"rects": [[[0, 0, 3448, 5168], ["facade"]], [[232.56, 1171.4133333333334, 1253.24, 2265.306666666667], ["window"]], [[1244.6266666666666, 21.53333333333333, 2282.5333333333333, 964.6933333333334], ["window"]], [[223.94666666666666, 2377.28, 1205.8666666666666, 3320.44], ["window"]], [[1223.0933333333332, 3441.0266666666666, 2304.0666666666666, 4388.493333333333], ["window"]]], "width": 3448, "height": 5168, "tags": []}