{"rects": [[[585.7066666666667, 938.8533333333334, 3096.4933333333333, 3966.44], ["window"]]], "width": 3448, "height": 5168, "tags": []}