{"rects": [[[556.64, 523.5066666666667, 4380.2266666666665, 6659.8], ["window"]]], "width": 5304, "height": 7952, "tags": []}