{"rects": [[[861.3333333333334, 1016.3733333333333, 2915.6133333333332, 4009.5066666666667], ["window"]]], "width": 3448, "height": 5168, "tags": []}