{"rects": [[[364.4666666666667, 2074.1466666666665, 2677.1733333333336, 5579.653333333334], ["window"]], [[2716.9333333333334, 2451.866666666667, 4943.493333333334, 5645.92], ["window"]]], "width": 5304, "height": 7952, "tags": []}