{"rects": [[[1003.4533333333334, 1696.8266666666666, 2528.0133333333333, 3436.72], ["window"]]], "width": 3448, "height": 5168, "tags": []}