{"rects": [[[323.0, 193.8, 3096.4933333333333, 1972.4533333333334], ["window"]], [[327.3066666666667, 1981.0666666666666, 3057.733333333333, 3298.9066666666668], ["window"]]], "width": 3448, "height": 5168, "tags": []}