{"rects": [[[106.02666666666667, 1636.7866666666666, 5248.320000000001, 5235.066666666667], ["window"]]], "width": 5304, "height": 7952, "tags": []}