{"rects": [[[483.74666666666667, 556.64, 5241.693333333334, 4082.0266666666666], ["window"]], [[324.7066666666667, 4373.6, 5268.2, 7680.306666666667], ["window"]]], "width": 5304, "height": 7952, "tags": []}