{"rects": [[[1283.3866666666668, 2183.48, 2054.28, 3105.1066666666666], ["window"]], [[2222.24, 2364.36, 2889.7733333333335, 2820.866666666667], ["window"]]], "width": 3448, "height": 5168, "tags": []}