{"rects": [[[559.8666666666667, 1063.7466666666667, 3074.96, 5112.013333333333], ["window"]]], "width": 3448, "height": 5168, "tags": []}