{"rects": [[[1765.7333333333333, 969.0, 3006.0533333333333, 4319.586666666667], ["window"]], [[279.93333333333334, 1124.04, 1718.36, 4349.733333333334], ["window"]]], "width": 3448, "height": 5168, "tags": []}