{"rects": [[[120.58666666666667, 155.04, 3341.9733333333334, 3208.4666666666667], ["window"]], [[64.6, 3251.5333333333333, 3397.96, 5155.08], ["window"]]], "width": 3448, "height": 5168, "tags": []}