{"rects": [[[0, 0, 3448, 5168], ["facade"]], [[572.7866666666666, 34.45333333333333, 2803.64, 2463.4133333333334], ["window"]], [[551.2533333333333, 2592.6133333333332, 2812.253333333333, 5081.866666666667], ["window"]]], "width": 3448, "height": 5168, "tags": []}