{"rects": [[[77.52, 869.9466666666667, 3152.48, 4276.5199999999995], ["window"]]], "width": 3448, "height": 5168, "tags": []}