{"rects": [[[857.0266666666666, 1012.0666666666666, 2428.96, 3970.7466666666664], ["window"]]], "width": 3448, "height": 5168, "tags": []}