{"rects": [[[0, 0, 5304, 7952], ["facade"]], [[2471.746666666667, 3406.106666666667, 3187.4266666666667, 4857.346666666667], ["window"]], [[3830.2133333333336, 3498.88, 4638.666666666667, 4791.08], ["window"]], [[1000.6266666666667, 5937.493333333334, 3240.44, 7064.026666666667], ["window"]], [[3684.4266666666667, 1570.52, 5049.52, 2325.96], ["window"]]], "width": 5304, "height": 7952, "tags": []}