{"rects": [[[0, 0, 3448, 5168], ["facade"]], [[137.81333333333333, 43.06666666666666, 2390.2, 2329.9066666666668], ["window"]], [[1012.0666666666666, 2704.5866666666666, 3303.213333333333, 4922.5199999999995], ["window"]]], "width": 3448, "height": 5168, "tags": []}