{"rects": [[[107.66666666666667, 1296.3066666666666, 3294.6, 3367.8133333333335], ["window"]]], "width": 3448, "height": 5168, "tags": []}