{"rects": [[[861.4666666666667, 2306.08, 3830.2133333333336, 7044.1466666666665], ["window"]]], "width": 5304, "height": 7952, "tags": []}