{"rects": [[[1136.96, 2041.36, 2080.12, 3036.2], ["window"]], [[2123.1866666666665, 2329.9066666666668, 2790.72, 3118.0266666666666], ["window"]], [[1236.0133333333333, 3105.1066666666666, 2084.4266666666667, 3867.3866666666668], ["window"]], [[1244.6266666666666, 4177.466666666666, 1679.6, 4810.546666666667], ["window"]]], "width": 3448, "height": 5168, "tags": []}