{"rects": [[[1231.7066666666667, 555.56, 1761.4266666666667, 1248.9333333333334], ["window"]], [[1537.48, 1942.3066666666666, 2024.1333333333332, 3070.653333333333], ["window"]], [[1201.56, 3540.08, 1782.96, 4043.96], ["window"]], [[2657.213333333333, 340.2266666666667, 3083.5733333333333, 990.5333333333333], ["window"]], [[2670.133333333333, 8.613333333333333, 3122.3333333333335, 292.85333333333335], ["window"]]], "width": 3448, "height": 5168, "tags": []}