{"rects": [[[960.3866666666667, 426.36, 2385.8933333333334, 4216.2266666666665], ["window"]]], "width": 3448, "height": 5168, "tags": []}