{"rects": [[[563.2666666666667, 596.4, 5188.68, 7706.8133333333335], ["window"]]], "width": 5304, "height": 7952, "tags": []}