{"rects": [[[1457.8666666666668, 669.2933333333334, 3505.5066666666667, 7945.373333333334], ["window"]]], "width": 5304, "height": 7952, "tags": []}