{"rects": [[[1033.6, 1920.7733333333333, 1696.8266666666666, 2566.7733333333335], ["window"]], [[1688.2133333333334, 2657.213333333333, 2385.8933333333334, 3255.84], ["window"]], [[1722.6666666666667, 1890.6266666666666, 2360.0533333333333, 2463.4133333333334], ["window"]], [[1192.9466666666667, 2674.44, 1602.08, 3234.306666666667], ["window"]], [[538.3333333333334, 1537.48, 956.08, 2015.52], ["window"]], [[137.81333333333333, 1546.0933333333332, 378.9866666666667, 1942.3066666666666], ["window"]], [[417.74666666666667, 2622.7599999999998, 590.0133333333333, 3044.8133333333335], ["window"]], [[400.52, 934.5466666666666, 602.9333333333333, 1395.36], ["window"]], [[2045.6666666666667, 745.0533333333333, 2403.12, 1154.1866666666667], ["window"]], [[1670.9866666666667, 357.4533333333333, 2015.52, 663.2266666666667], ["window"]], [[2786.4133333333334, 766.5866666666667, 3139.56, 1033.6], ["window"]]], "width": 3448, "height": 5168, "tags": []}