{"rects": [[[404.2266666666667, 1265.6933333333334, 4671.8, 6209.1866666666665], ["window"]]], "width": 5304, "height": 7952, "tags": []}