{"rects": [[[39.760000000000005, 2531.3866666666668, 5221.8133333333335, 4413.360000000001], ["window"]]], "width": 5304, "height": 7952, "tags": []}