{"rects": [[[284.24, 60.29333333333334, 3324.7466666666664, 1972.4533333333334], ["window"]], [[219.64, 3281.68, 3337.6666666666665, 5099.093333333333], ["window"]]], "width": 3448, "height": 5168, "tags": []}