{"rects": [[[1205.8666666666666, 1688.2133333333334, 2179.173333333333, 2256.693333333333], ["window"]], [[1365.2133333333334, 2812.253333333333, 2226.5466666666666, 3432.4133333333334], ["window"]], [[434.97333333333336, 2734.733333333333, 1180.0266666666666, 3268.7599999999998], ["window"]], [[1373.8266666666666, 3466.866666666667, 2187.786666666667, 4009.5066666666667], ["window"]]], "width": 3448, "height": 5168, "tags": []}