{"rects": [[[4.306666666666667, 17.226666666666667, 3441.0266666666666, 2144.72], ["window"]], [[0, 2217.9333333333334, 3441.0266666666666, 4659.8133333333335], ["window"]]], "width": 3448, "height": 5168, "tags": []}