{"rects": [[[607.24, 1313.5333333333333, 2670.133333333333, 4043.96], ["window"]]], "width": 3448, "height": 5168, "tags": []}