{"rects": [[[1279.08, 581.4, 2889.7733333333335, 2183.48], ["window"]], [[1167.1066666666666, 3096.4933333333333, 1899.24, 4612.44], ["window"]], [[1938.0, 3118.0266666666666, 2932.84, 4526.306666666666], ["window"]]], "width": 3448, "height": 5168, "tags": []}