{"rects": [[[1068.0533333333333, 198.10666666666665, 2609.84, 4974.2], ["facade"]], [[1602.08, 943.16, 2006.9066666666668, 1447.04], ["window"]], [[1593.4666666666667, 2454.8, 2075.8133333333335, 3057.733333333333], ["window"]]], "width": 3448, "height": 5168, "tags": []}