{"rects": [[[0, 0, 3448, 5168], ["facade"]], [[120.58666666666667, 641.6933333333334, 1003.4533333333334, 1619.3066666666666], ["window"]], [[2424.653333333333, 646.0, 3367.8133333333335, 1735.5866666666666], ["window"]], [[2377.28, 1774.3466666666666, 3367.8133333333335, 2743.346666666667], ["window"]], [[90.44, 2411.733333333333, 757.9733333333334, 3664.9733333333334], ["window"]], [[1205.8666666666666, 2067.2, 2187.786666666667, 3143.866666666667], ["window"]]], "width": 3448, "height": 5168, "tags": []}