{"rects": [[[38.76, 1227.4, 2614.1466666666665, 3105.1066666666666], ["window"]], [[51.68, 3148.173333333333, 2588.306666666667, 5146.466666666666], ["window"]]], "width": 3448, "height": 5168, "tags": []}