{"rects": [[[0, 0, 3448, 5168], ["facade"]], [[137.81333333333333, 2911.306666666667, 2377.28, 5133.546666666667], ["window"]], [[30.14666666666667, 633.08, 1778.6533333333334, 2790.72], ["window"]]], "width": 3448, "height": 5168, "tags": []}