{"rects": [[[4.306666666666667, 146.42666666666668, 3247.2266666666665, 1860.48], ["window"]], [[8.613333333333333, 2833.786666666667, 3415.1866666666665, 4672.733333333334], ["window"]]], "width": 3448, "height": 5168, "tags": []}