{"rects": [[[331.33333333333337, 1232.56, 5155.546666666667, 6427.866666666667], ["window"]]], "width": 5304, "height": 7952, "tags": []}