{"rects": [[[249.78666666666666, 1231.7066666666667, 3432.4133333333334, 4224.84], ["window"]]], "width": 3448, "height": 5168, "tags": []}