{"rects": [[[934.5466666666666, 1184.3333333333333, 2566.7733333333335, 4121.48], ["window"]]], "width": 3448, "height": 5168, "tags": []}