{"rects": [[[47.373333333333335, 1128.3466666666666, 3316.133333333333, 5004.346666666666], ["window"]]], "width": 3448, "height": 5168, "tags": []}