{"rects": [[[667.5333333333333, 697.68, 1662.3733333333332, 5008.653333333334], ["window", "shop"]], [[1584.8533333333332, 223.94666666666666, 2747.653333333333, 4944.053333333333], ["window", "shop"]]], "width": 3448, "height": 5168, "tags": []}