{"rects": [[[8.613333333333333, 1024.9866666666667, 2235.16, 2919.92], ["window"]], [[12.92, 3053.4266666666667, 2217.9333333333334, 5137.8533333333335], ["window"]]], "width": 3448, "height": 5168, "tags": []}