{"rects": [[[152.41333333333333, 1192.8, 5102.533333333334, 6169.426666666667], ["window"]]], "width": 5304, "height": 7952, "tags": []}