{"rects": [[[749.36, 1180.0266666666666, 2691.6666666666665, 3983.6666666666665], ["window"]]], "width": 3448, "height": 5168, "tags": []}