{"rects": [[[835.4933333333333, 1899.24, 2381.5866666666666, 3527.16], ["window"]]], "width": 3448, "height": 5168, "tags": []}