{"rects": [[[387.6, 1511.64, 3130.9466666666667, 3518.5466666666666], ["window"]], [[417.74666666666667, 12.92, 1615.0, 796.7333333333333], ["window"]], [[1963.84, 4168.8533333333335, 3341.9733333333334, 5137.8533333333335], ["window"]]], "width": 3448, "height": 5168, "tags": []}