{"rects": [[[801.04, 1184.3333333333333, 2571.08, 4091.3333333333335], ["window"]]], "width": 3448, "height": 5168, "tags": []}