{"rects": [[[603.0266666666666, 1789.2, 3697.6800000000003, 6679.68], ["window"]]], "width": 5304, "height": 7952, "tags": []}