{"rects": [[[551.2533333333333, 1365.2133333333334, 2932.84, 3841.5466666666666], ["window"]]], "width": 3448, "height": 5168, "tags": []}