{"rects": [[[596.4, 245.18666666666667, 4353.72, 3644.666666666667], ["window"]], [[390.97333333333336, 4009.1333333333337, 4711.56, 7441.746666666667], ["window"]]], "width": 5304, "height": 7952, "tags": []}