{"rects": [[[1050.8266666666666, 1162.8, 2743.346666666667, 5030.1866666666665], ["window"]]], "width": 3448, "height": 5168, "tags": []}