{"rects": [[[176.57333333333332, 572.7866666666666, 3359.2, 4638.28], ["window"]]], "width": 3448, "height": 5168, "tags": []}