{"rects": [[[0, 0, 3448, 5168], ["facade"]], [[94.74666666666667, 111.97333333333333, 2747.653333333333, 2769.1866666666665], ["window"]], [[723.52, 2902.693333333333, 3410.88, 5137.8533333333335], ["window"]]], "width": 3448, "height": 5168, "tags": []}