{"rects": [[[193.8, 1162.8, 2743.346666666667, 4155.933333333333], ["window"]]], "width": 3448, "height": 5168, "tags": []}