{"rects": [[[697.68, 38.76, 3212.7733333333335, 2975.9066666666668], ["window"]], [[658.92, 2997.44, 3428.1066666666666, 5163.693333333334], ["window"]]], "width": 3448, "height": 5168, "tags": []}