{"rects": [[[813.96, 17.226666666666667, 3316.133333333333, 3221.3866666666668], ["window"]]], "width": 3448, "height": 5168, "tags": []}