{"rects": [[[960.3866666666667, 835.4933333333333, 2187.786666666667, 4789.013333333333], ["window"]]], "width": 3448, "height": 5168, "tags": []}