{"rects": [[[689.0666666666666, 1055.1333333333334, 2639.9866666666667, 3970.7466666666664], ["window"]]], "width": 3448, "height": 5168, "tags": []}