{"rects": [[[387.6, 17.226666666666667, 2881.16, 5155.08], ["facade"]], [[904.4, 1830.3333333333333, 1119.7333333333333, 2308.3733333333334], ["window"]], [[529.72, 1317.84, 813.96, 1813.1066666666666], ["window"]], [[1347.9866666666667, 1210.1733333333334, 1765.7333333333333, 1735.5866666666666], ["window"]], [[1520.2533333333333, 2351.44, 1735.5866666666666, 3884.6133333333332], ["window"]], [[443.58666666666664, 4082.72, 749.36, 5047.413333333333], ["window"]]], "width": 3448, "height": 5168, "tags": []}