{"rects": [[[1000.6266666666667, 377.72, 4691.68, 7183.306666666667], ["window"]]], "width": 5304, "height": 7952, "tags": []}