{"rects": [[[211.02666666666667, 1679.6, 3126.64, 4035.346666666667], ["window"]]], "width": 3448, "height": 5168, "tags": []}