{"rects": [[[81.82666666666667, 684.76, 1696.8266666666666, 1890.6266666666666], ["window"]], [[1666.68, 1821.72, 3247.2266666666665, 2907.0], ["window"]], [[90.44, 1925.08, 1670.9866666666667, 2975.9066666666668], ["window"]]], "width": 3448, "height": 5168, "tags": []}