{"rects": [[[951.7733333333333, 1089.5866666666666, 2420.346666666667, 3824.32], ["window"]]], "width": 3448, "height": 5168, "tags": []}