{"rects": [[[0, 0, 3448, 5168], ["facade"]], [[796.7333333333333, 25.84, 3359.2, 2062.8933333333334], ["window"]], [[38.76, 2825.173333333333, 3393.653333333333, 5163.693333333334], ["window"]]], "width": 3448, "height": 5168, "tags": []}