{"rects": [[[1111.12, 1903.5466666666666, 2097.346666666667, 3255.84], ["window"]], [[12.92, 1955.2266666666667, 732.1333333333333, 3247.2266666666665], ["window"]]], "width": 3448, "height": 5168, "tags": []}