{"rects": [[[757.9733333333334, 1938.0, 1477.1866666666667, 3113.72], ["window"]], [[1421.2, 3350.5866666666666, 1989.68, 4405.72], ["window"]], [[1373.8266666666666, 4715.8, 2006.9066666666668, 5163.693333333334], ["window"]], [[1959.5333333333333, 1696.8266666666666, 2743.346666666667, 2273.92], ["window"]], [[1963.84, 478.04, 2515.0933333333332, 1511.64], ["window"]]], "width": 3448, "height": 5168, "tags": []}