{"rects": [[[262.70666666666665, 667.5333333333333, 2937.1466666666665, 3639.133333333333], ["window"]]], "width": 3448, "height": 5168, "tags": []}