{"rects": [[[0, 581.4, 2678.7466666666664, 4384.1866666666665], ["window"]]], "width": 3448, "height": 5168, "tags": []}