{"rects": [[[1106.8133333333333, 2062.8933333333334, 2497.866666666667, 3285.9866666666667], ["window"]], [[809.6533333333333, 3617.6, 2644.2933333333335, 5068.946666666667], ["window"]]], "width": 3448, "height": 5168, "tags": []}