{"rects": [[[0, 0, 3448, 5168], ["facade"]], [[478.04, 107.66666666666667, 3178.32, 2019.8266666666666], ["window"]], [[417.74666666666667, 2876.8533333333335, 3251.5333333333333, 4789.013333333333], ["window"]]], "width": 3448, "height": 5168, "tags": []}