{"rects": [[[1270.4666666666667, 12.92, 2217.9333333333334, 5150.7733333333335], ["facade"]], [[1326.4533333333334, 499.5733333333333, 2187.786666666667, 2549.5466666666666], ["window"]], [[1309.2266666666667, 2687.36, 1907.8533333333332, 4659.8133333333335], ["window"]], [[2648.6, 1675.2933333333333, 3359.2, 3113.72], ["window"]]], "width": 3448, "height": 5168, "tags": []}