{"rects": [[[1356.6, 1722.6666666666667, 2377.28, 3367.8133333333335], ["window"]]], "width": 3448, "height": 5168, "tags": []}