{"rects": [[[908.7066666666667, 542.64, 2846.7066666666665, 4298.053333333333], ["window"]]], "width": 3448, "height": 5168, "tags": []}