{"rects": [[[0, 0, 3448, 5168], ["facade"]], [[1373.8266666666666, 146.42666666666668, 1718.36, 826.88], ["window"]], [[1804.4933333333333, 1274.7733333333333, 2170.56, 2049.9733333333334], ["window"]], [[2588.306666666667, 900.0933333333334, 3397.96, 1602.08], ["window"]], [[8.613333333333333, 486.6533333333333, 1016.3733333333333, 1261.8533333333332], ["window"]], [[1326.4533333333334, 3449.64, 1662.3733333333332, 4229.1466666666665], ["window"]], [[2644.2933333333335, 3066.346666666667, 3303.213333333333, 3832.9333333333334], ["window"]]], "width": 3448, "height": 5168, "tags": []}