{"rects": [[[409.1333333333333, 254.09333333333333, 2971.6, 1830.3333333333333], ["window"]], [[456.50666666666666, 1903.5466666666666, 2971.6, 3174.0133333333333], ["window"]]], "width": 3448, "height": 5168, "tags": []}