{"rects": [[[60.29333333333334, 310.08, 2286.84, 2248.08], ["window"]], [[116.28, 2484.9466666666667, 3118.0266666666666, 4293.746666666667], ["window"]]], "width": 3448, "height": 5168, "tags": []}