{"rects": [[[1068.0533333333333, 1498.72, 2372.9733333333334, 3553.0], ["window"]]], "width": 3448, "height": 5168, "tags": []}