{"rects": [[[0, 0, 3448, 5168], ["facade"]], [[602.9333333333333, 21.53333333333333, 3074.96, 2609.84], ["window"]], [[516.8, 2652.9066666666668, 3100.8, 5142.16], ["window"]]], "width": 3448, "height": 5168, "tags": []}