{"rects": [[[378.9866666666667, 999.1466666666666, 3014.6666666666665, 4560.76], ["window"]]], "width": 3448, "height": 5168, "tags": []}