{"rects": [[[636.1600000000001, 656.0400000000001, 4539.266666666666, 7315.84], ["window"]]], "width": 5304, "height": 7952, "tags": []}