{"rects": [[[0, 0, 3448, 5168], ["facade"]], [[396.2133333333333, 602.9333333333333, 2868.24, 2248.08], ["window"]], [[344.5333333333333, 3273.0666666666666, 2885.4666666666667, 4845.0], ["window"]]], "width": 3448, "height": 5168, "tags": []}