{"rects": [[[904.4, 1627.92, 2523.7066666666665, 3871.693333333333], ["window"]]], "width": 3448, "height": 5168, "tags": []}