{"rects": [[[1227.4, 1981.0666666666666, 2114.5733333333333, 3109.4133333333334], ["window"]], [[1403.9733333333334, 3380.733333333333, 2049.9733333333334, 4250.68], ["window"]], [[1395.36, 176.57333333333332, 2149.0266666666666, 1033.6], ["window"]]], "width": 3448, "height": 5168, "tags": []}