{"rects": [[[0, 0, 5304, 7952], ["facade"]], [[795.2, 119.28, 4168.173333333333, 3054.8933333333334], ["window"]], [[629.5333333333333, 3956.1200000000003, 4850.72, 7468.253333333334], ["window"]]], "width": 5304, "height": 7952, "tags": []}