{"rects": [[[245.48, 2226.5466666666666, 1731.28, 3880.306666666667], ["window"]], [[1882.0133333333333, 3139.56, 3191.24, 4715.8], ["window"]]], "width": 3448, "height": 5168, "tags": []}