{"rects": [[[1206.0533333333333, 218.68, 3518.76, 7713.4400000000005], ["window"]]], "width": 5304, "height": 7952, "tags": []}