{"rects": [[[628.7733333333333, 1106.8133333333333, 2308.3733333333334, 3583.1466666666665], ["window"]]], "width": 3448, "height": 5168, "tags": []}