{"rects": [[[159.34666666666666, 55.986666666666665, 3428.1066666666666, 5133.546666666667], ["facade"]], [[2032.7466666666667, 1283.3866666666668, 2618.4533333333334, 2403.12], ["window"]], [[2674.44, 3092.1866666666665, 3290.2933333333335, 3703.733333333333], []], [[977.6133333333333, 503.88, 2058.5866666666666, 1141.2666666666667], ["window"]], [[1309.2266666666667, 2273.92, 1864.7866666666666, 3397.96], ["window"]], [[305.7733333333333, 3845.8533333333335, 2179.173333333333, 4707.1866666666665], ["window"]]], "width": 3448, "height": 5168, "tags": []}