{"rects": [[[30.14666666666667, 1477.1866666666667, 1662.3733333333332, 4160.24], ["window"]], [[1666.68, 1485.8, 3432.4133333333334, 4125.786666666667], ["window"]]], "width": 3448, "height": 5168, "tags": []}