{"rects": [[[882.8666666666667, 2252.3866666666668, 2338.52, 3208.4666666666667], ["window"]], [[1490.1066666666666, 1240.32, 2368.6666666666665, 2187.786666666667], ["window"]], [[1494.4133333333334, 107.66666666666667, 2278.2266666666665, 986.2266666666667], ["window"]], [[2286.84, 180.88, 2618.4533333333334, 977.6133333333333], ["window"]], [[3023.28, 882.8666666666667, 3436.72, 1757.12], ["window"]]], "width": 3448, "height": 5168, "tags": []}