{"rects": [[[1158.4933333333333, 1472.8799999999999, 2261.0, 3156.786666666667], ["window"]], [[1106.8133333333333, 3221.3866666666668, 2230.8533333333335, 4754.56], ["window"]]], "width": 3448, "height": 5168, "tags": []}