{"rects": [[[0, 0, 5304, 7952], ["facade"]], [[192.17333333333335, 92.77333333333334, 887.9733333333334, 2147.04], ["window"]], [[1597.0266666666666, 371.09333333333336, 4943.493333333334, 1013.88], ["window"]], [[1365.0933333333335, 2286.2000000000003, 4373.6, 5559.7733333333335], ["window"]]], "width": 5304, "height": 7952, "tags": []}