{"rects": [[[1339.3733333333332, 1886.32, 2312.68, 2967.2933333333335], ["window"]], [[1300.6133333333332, 3432.4133333333334, 2321.2933333333335, 4354.04], ["window"]], [[180.88, 1356.6, 1197.2533333333333, 3169.7066666666665], ["window"]]], "width": 3448, "height": 5168, "tags": []}