{"rects": [[[727.8266666666667, 1571.9333333333334, 2945.7599999999998, 4491.8533333333335], ["window"]]], "width": 3448, "height": 5168, "tags": []}