{"rects": [[[92.77333333333334, 901.2266666666667, 4671.8, 6354.973333333333], ["window"]]], "width": 5304, "height": 7952, "tags": []}