{"rects": [[[1544.0133333333333, 6215.8133333333335, 3372.9733333333334, 7421.866666666667], ["window"]], [[1616.9066666666668, 3326.5866666666666, 3353.0933333333332, 4499.506666666667], ["window"]], [[1921.7333333333333, 1756.0666666666668, 3293.4533333333334, 2856.0933333333332], ["window"]]], "width": 5304, "height": 7952, "tags": []}