{"rects": [[[0, 0, 5304, 7952], ["facade"]], [[53.013333333333335, 516.88, 3578.4, 3538.6400000000003], ["window"]], [[1742.8133333333335, 3631.4133333333334, 5175.426666666667, 6904.986666666667], ["window"]]], "width": 5304, "height": 7952, "tags": []}