{"rects": [[[265.06666666666666, 2186.8, 4764.573333333334, 6182.68], ["window"]]], "width": 5304, "height": 7952, "tags": []}