{"rects": [[[236.86666666666667, 1744.2, 3096.4933333333333, 3785.56], ["window"]]], "width": 3448, "height": 5168, "tags": []}