{"rects": [[[934.36, 2438.6133333333332, 4393.4800000000005, 5539.893333333333], ["window"]], [[881.3466666666667, 5791.706666666667, 4506.133333333333, 7945.373333333334], ["window"]]], "width": 5304, "height": 7952, "tags": []}