{"rects": [[[508.18666666666667, 21.53333333333333, 3251.5333333333333, 5150.7733333333335], ["facade"]], [[555.56, 409.1333333333333, 2657.213333333333, 2433.266666666667], ["window"]], [[542.64, 2437.5733333333333, 3208.4666666666667, 4478.933333333333], ["window"]]], "width": 3448, "height": 5168, "tags": []}