{"rects": [[[0, 0, 5304, 7952], ["facade"]], [[669.2933333333334, 4419.986666666667, 3697.6800000000003, 7773.08], ["window"]]], "width": 5304, "height": 7952, "tags": []}