{"rects": [[[0, 0, 3448, 5168], ["facade"]], [[64.6, 275.62666666666667, 1386.7466666666667, 1330.76], ["window"]], [[1826.0266666666666, 249.78666666666666, 2730.4266666666667, 2118.88], ["window"]], [[861.3333333333334, 2265.306666666667, 2368.6666666666665, 2868.24], ["window"]], [[447.8933333333333, 3169.7066666666665, 960.3866666666667, 5116.32], ["window"]], [[1149.8799999999999, 3118.0266666666666, 2773.4933333333333, 4715.8], ["window"]]], "width": 3448, "height": 5168, "tags": []}