{"rects": [[[1201.56, 465.12, 2609.84, 1296.3066666666666], ["window"]], [[1171.4133333333334, 1968.1466666666668, 2639.9866666666667, 2928.5333333333333], ["window"]], [[2239.4666666666667, 3354.8933333333334, 3441.0266666666666, 4715.8], ["window"]], [[219.64, 3122.3333333333335, 1546.0933333333332, 4405.72], ["window"]]], "width": 3448, "height": 5168, "tags": []}