{"rects": [[[0, 0, 3448, 5168], ["facade"]], [[60.29333333333334, 193.8, 572.7866666666666, 2876.8533333333335], ["window"]], [[809.6533333333333, 133.50666666666666, 3380.733333333333, 1085.28], ["window"]], [[732.1333333333333, 1425.5066666666667, 3333.36, 3617.6], ["window"]]], "width": 3448, "height": 5168, "tags": []}