{"rects": [[[796.7333333333333, 1623.6133333333332, 2622.7599999999998, 3544.3866666666668], ["window"]]], "width": 3448, "height": 5168, "tags": []}