{"rects": [[[697.68, 1330.76, 1550.4, 3445.3333333333335], ["window"]], [[1606.3866666666668, 1714.0533333333333, 2329.9066666666668, 3488.4], ["window"]]], "width": 3448, "height": 5168, "tags": []}