{"rects": [[[973.3066666666666, 1804.4933333333333, 3186.9333333333334, 4405.72], ["window"]]], "width": 3448, "height": 5168, "tags": []}