{"rects": [[[0, 0, 3448, 5168], ["facade"]], [[930.24, 2988.826666666667, 1632.2266666666667, 4022.4266666666667], ["window"]], [[1640.84, 3561.6133333333332, 2205.0133333333333, 4526.306666666666], ["window"]], [[1589.16, 1955.2266666666667, 2118.88, 2855.32], ["window"]], [[999.1466666666666, 861.3333333333334, 1675.2933333333333, 1770.04], ["window"]], [[2390.2, 2024.1333333333332, 3152.48, 3083.5733333333333], ["window"]]], "width": 3448, "height": 5168, "tags": []}