{"rects": [[[2213.6266666666666, 1326.4533333333334, 3448, 3755.4133333333334], ["window"]], [[447.8933333333333, 193.8, 2183.48, 2433.266666666667], ["window"]]], "width": 3448, "height": 5168, "tags": []}