{"rects": [[[813.96, 1408.28, 2454.8, 2941.4533333333334], ["window"]], [[813.96, 3497.0133333333333, 2540.9333333333334, 5116.32], ["window"]]], "width": 3448, "height": 5168, "tags": []}