{"rects": [[[478.04, 917.32, 3441.0266666666666, 4061.1866666666665], ["window"]]], "width": 3448, "height": 5168, "tags": []}