{"rects": [[[710.6, 1149.8799999999999, 3251.5333333333333, 3191.24], ["window"]], [[667.5333333333333, 3234.306666666667, 3298.9066666666668, 4763.173333333333], ["window"]]], "width": 3448, "height": 5168, "tags": []}