{"rects": [[[311.4533333333333, 145.78666666666666, 3830.2133333333336, 6706.1866666666665], ["window"]]], "width": 5304, "height": 7952, "tags": []}