{"rects": [[[1335.0666666666666, 142.12, 3436.72, 2200.7066666666665], ["window"]], [[1279.08, 2868.24, 3410.88, 4677.04], ["window"]]], "width": 3448, "height": 5168, "tags": []}