{"rects": [[[353.14666666666665, 831.1866666666666, 2799.3333333333335, 3867.3866666666668], ["window"]]], "width": 3448, "height": 5168, "tags": []}