{"rects": [[[275.62666666666667, 353.14666666666665, 3126.64, 4504.7733333333335], ["window"]]], "width": 3448, "height": 5168, "tags": []}