{"rects": [[[0, 0, 3448, 5168], ["facade"]], [[628.7733333333333, 852.72, 3445.3333333333335, 2368.6666666666665], ["window"]], [[637.3866666666667, 2807.9466666666667, 3448, 4328.2], ["window"]]], "width": 3448, "height": 5168, "tags": []}