{"rects": [[[267.0133333333333, 792.4266666666666, 1231.7066666666667, 2252.3866666666668], ["window"]], [[1257.5466666666666, 219.64, 2424.653333333333, 1877.7066666666667], ["window"]], [[1132.6533333333334, 2898.3866666666668, 3242.92, 4896.68], ["window"]]], "width": 3448, "height": 5168, "tags": []}