{"rects": [[[38.76, 12.92, 2704.5866666666666, 2058.5866666666666], ["window"]], [[51.68, 2131.8, 2678.7466666666664, 4147.32], ["window"]]], "width": 3448, "height": 5168, "tags": []}