{"rects": [[[331.61333333333334, 3419.4933333333333, 2687.36, 5129.24], ["window"]], [[215.33333333333334, 1541.7866666666666, 2846.7066666666665, 3367.8133333333335], ["window"]]], "width": 3448, "height": 5168, "tags": []}