{"rects": [[[1076.6666666666667, 1481.4933333333333, 2515.0933333333332, 3656.36], ["window"]]], "width": 3448, "height": 5168, "tags": []}