{"rects": [[[163.65333333333334, 1253.24, 3354.8933333333334, 4263.6], ["window"]]], "width": 3448, "height": 5168, "tags": []}