{"rects": [[[8.613333333333333, 1778.6533333333334, 2648.6, 3888.92], ["window"]]], "width": 3448, "height": 5168, "tags": []}