{"rects": [[[1322.1466666666668, 3828.6266666666666, 1993.9866666666667, 4926.826666666667], ["window"]], [[1231.7066666666667, 1132.6533333333334, 1993.9866666666667, 2230.8533333333335], ["window"]]], "width": 3448, "height": 5168, "tags": []}