{"rects": [[[538.3333333333334, 1735.5866666666666, 2265.306666666667, 3759.72], ["window"]], [[2278.2266666666665, 1068.0533333333333, 3448, 2838.0933333333332], ["window"]]], "width": 3448, "height": 5168, "tags": []}