{"rects": [[[0, 499.5733333333333, 3406.5733333333333, 2170.56], ["window"]], [[8.613333333333333, 2881.16, 3419.4933333333333, 4509.08], ["window"]]], "width": 3448, "height": 5168, "tags": []}