{"rects": [[[1106.6533333333334, 1179.5466666666666, 4214.56, 7647.173333333334], ["window"]]], "width": 5304, "height": 7952, "tags": []}