{"rects": [[[656.0400000000001, 1736.1866666666667, 4453.12, 6560.400000000001], ["window"]]], "width": 5304, "height": 7952, "tags": []}