{"rects": [[[667.5333333333333, 387.6, 2988.826666666667, 4974.2], ["window"]]], "width": 3448, "height": 5168, "tags": []}