{"rects": [[[404.82666666666665, 2855.32, 3221.3866666666668, 4603.826666666667], ["window"]], [[447.8933333333333, 1223.0933333333332, 3148.173333333333, 2825.173333333333], ["window"]]], "width": 3448, "height": 5168, "tags": []}