{"rects": [[[81.82666666666667, 990.5333333333333, 3255.84, 3600.3733333333334], ["window"]]], "width": 3448, "height": 5168, "tags": []}