{"rects": [[[26.506666666666668, 2670.5466666666666, 5215.1866666666665, 5042.893333333333], ["window"]]], "width": 5304, "height": 7952, "tags": []}