{"rects": [[[0, 0, 3448, 5168], ["facade"]], [[413.44, 2248.08, 2812.253333333333, 4444.48], ["window"]], [[559.8666666666667, 137.81333333333333, 2782.1066666666666, 2037.0533333333333], ["window"]]], "width": 3448, "height": 5168, "tags": []}