{"rects": [[[0, 0, 3448, 5168], ["facade"]], [[198.10666666666665, 236.86666666666667, 3298.9066666666668, 1856.1733333333334], ["window"]], [[94.74666666666667, 2954.3733333333334, 3341.9733333333334, 5051.72], ["window"]]], "width": 3448, "height": 5168, "tags": []}