{"rects": [[[1029.2933333333333, 366.06666666666666, 2872.5466666666666, 4552.1466666666665], ["window"]]], "width": 3448, "height": 5168, "tags": []}