{"rects": [[[413.44, 460.81333333333333, 3251.5333333333333, 2907.0], ["window"]], [[361.76, 2971.6, 3337.6666666666665, 5129.24], ["window"]]], "width": 3448, "height": 5168, "tags": []}