{"rects": [[[801.04, 2876.8533333333335, 2532.32, 5137.8533333333335], ["window"]], [[38.76, 12.92, 2428.96, 2230.8533333333335], ["window"]]], "width": 3448, "height": 5168, "tags": []}