{"rects": [[[450.61333333333334, 1027.1333333333334, 5089.280000000001, 6394.733333333334], ["window"]]], "width": 5304, "height": 7952, "tags": []}