{"rects": [[[150.73333333333332, 1154.1866666666667, 3324.7466666666664, 2644.2933333333335], ["window"]], [[198.10666666666665, 2674.44, 3393.653333333333, 4461.706666666667], ["window"]]], "width": 3448, "height": 5168, "tags": []}