{"rects": [[[167.96, 857.0266666666666, 3027.5866666666666, 3957.826666666667], ["window"]]], "width": 3448, "height": 5168, "tags": []}