{"rects": [[[68.90666666666667, 1602.08, 3380.733333333333, 4302.36], ["window"]]], "width": 3448, "height": 5168, "tags": []}