{"rects": [[[723.52, 1894.9333333333334, 2678.7466666666664, 3006.0533333333333], ["window"]], [[602.9333333333333, 3053.4266666666667, 2601.2266666666665, 4220.533333333334], ["window"]], [[865.64, 762.28, 2584.0, 1679.6], ["window"]]], "width": 3448, "height": 5168, "tags": []}