{"rects": [[[1192.9466666666667, 4022.4266666666667, 2161.9466666666667, 5038.8], ["window"]], [[2571.08, 2713.2, 3251.5333333333333, 3600.3733333333334], ["window"]], [[1180.0266666666666, 172.26666666666665, 3221.3866666666668, 1826.0266666666666], ["window"]], [[1154.1866666666667, 2024.1333333333332, 2028.44, 3079.2666666666664], ["window"]], [[2627.0666666666666, 3669.28, 3346.28, 4560.76], ["window"]]], "width": 3448, "height": 5168, "tags": []}