{"rects": [[[0, 0, 3448, 5168], ["facade"]], [[572.7866666666666, 964.6933333333334, 1912.16, 2691.6666666666665], ["window"]], [[1089.5866666666666, 3074.96, 2747.653333333333, 4931.133333333333], ["window"]]], "width": 3448, "height": 5168, "tags": []}