{"rects": [[[0, 0, 3448, 5168], ["facade"]], [[55.986666666666665, 1696.8266666666666, 1020.68, 2484.9466666666667], ["window"]], [[2545.24, 572.7866666666666, 3448, 1270.4666666666667], ["window"]], [[973.3066666666666, 2648.6, 2601.2266666666665, 3497.0133333333333], ["window"]], [[2562.4666666666667, 1589.16, 3212.7733333333335, 2329.9066666666668], ["window"]], [[129.2, 869.9466666666667, 1658.0666666666666, 1451.3466666666666], ["window"]]], "width": 3448, "height": 5168, "tags": []}