{"rects": [[[0, 12.92, 3441.0266666666666, 2049.9733333333334], ["window"]], [[17.226666666666667, 2045.6666666666667, 3423.8, 4569.373333333333], ["window"]]], "width": 3448, "height": 5168, "tags": []}