{"rects": [[[1072.36, 990.5333333333333, 2480.64, 3647.7466666666664], ["window"]]], "width": 3448, "height": 5168, "tags": []}