{"rects": [[[0, 0, 3448, 5168], ["facade"]], [[176.57333333333332, 12.92, 2708.8933333333334, 2286.84], ["window"]], [[1012.0666666666666, 2472.0266666666666, 3333.36, 5073.253333333333], ["window"]]], "width": 3448, "height": 5168, "tags": []}