{"rects": [[[662.6666666666667, 2133.786666666667, 4307.333333333334, 7057.400000000001], ["window"]]], "width": 5304, "height": 7952, "tags": []}