{"rects": [[[969.0, 1201.56, 2192.0933333333332, 3626.213333333333], ["window"]]], "width": 3448, "height": 5168, "tags": []}