{"rects": [[[1223.0933333333332, 2080.12, 2041.36, 3152.48], ["window"]], [[2915.6133333333332, 1528.8666666666666, 3448, 2174.866666666667], ["window"]], [[2889.7733333333335, 279.93333333333334, 3423.8, 986.2266666666667], ["window"]]], "width": 3448, "height": 5168, "tags": []}