{"rects": [[[594.32, 331.61333333333334, 3092.1866666666665, 4905.293333333333], ["window"]]], "width": 3448, "height": 5168, "tags": []}