{"rects": [[[0, 0, 3448, 5168], ["facade"]], [[340.2266666666667, 443.58666666666664, 1718.36, 1744.2], ["window"]], [[1653.76, 4009.5066666666667, 2683.0533333333333, 5107.706666666667], ["window"]]], "width": 3448, "height": 5168, "tags": []}