{"rects": [[[377.72, 1206.0533333333333, 4499.506666666667, 5997.133333333333], ["window"]]], "width": 5304, "height": 7952, "tags": []}