{"rects": [[[1279.08, 1731.28, 2140.4133333333334, 2885.4666666666667], ["window"]], [[538.3333333333334, 1808.8, 925.9333333333333, 2863.9333333333334], ["window"]], [[1223.0933333333332, 3217.08, 2105.96, 4388.493333333333], ["window"]], [[2131.8, 3596.0666666666666, 3118.0266666666666, 4590.906666666667], ["window"]]], "width": 3448, "height": 5168, "tags": []}