{"rects": [[[1089.5866666666666, 1795.8799999999999, 2360.0533333333333, 3600.3733333333334], ["window"]], [[1089.5866666666666, 150.73333333333332, 2489.253333333333, 1481.4933333333333], ["window"]]], "width": 3448, "height": 5168, "tags": []}