{"rects": [[[390.97333333333336, 1199.4266666666667, 4433.24, 6321.84], ["window"]]], "width": 5304, "height": 7952, "tags": []}