{"rects": [[[301.46666666666664, 2265.306666666667, 3044.8133333333335, 4982.8133333333335], ["window"]], [[503.88, 21.53333333333333, 3402.2666666666664, 2179.173333333333], ["window"]]], "width": 3448, "height": 5168, "tags": []}