{"rects": [[[404.82666666666665, 1102.5066666666667, 2915.6133333333332, 3996.5866666666666], ["window"]]], "width": 3448, "height": 5168, "tags": []}