{"rects": [[[443.58666666666664, 490.96, 2911.306666666667, 2114.5733333333333], ["window"]], [[357.4533333333333, 2807.9466666666667, 2958.68, 4737.333333333333], ["window"]]], "width": 3448, "height": 5168, "tags": []}