{"rects": [[[654.6133333333333, 895.7866666666666, 3001.7466666666664, 4074.1066666666666], ["window"]]], "width": 3448, "height": 5168, "tags": []}