{"rects": [[[0, 0, 3448, 5168], ["facade"]], [[1266.16, 73.21333333333334, 2717.5066666666667, 1386.7466666666667], ["window"]], [[1283.3866666666668, 2764.88, 2799.3333333333335, 4573.68], ["window"]]], "width": 3448, "height": 5168, "tags": []}