{"rects": [[[1378.1333333333332, 2209.32, 1925.08, 2911.306666666667], ["window"]], [[2062.8933333333334, 3509.9333333333334, 2760.5733333333333, 4117.173333333333], ["window"]], [[1024.9866666666667, 4392.8, 1929.3866666666668, 5133.546666666667], ["window"]]], "width": 3448, "height": 5168, "tags": []}