{"rects": [[[546.9466666666667, 848.4133333333333, 2846.7066666666665, 3027.5866666666666], ["window"]]], "width": 3448, "height": 5168, "tags": []}