{"rects": [[[607.24, 1171.4133333333334, 3307.52, 4461.706666666667], ["window"]]], "width": 3448, "height": 5168, "tags": []}