{"rects": [[[512.4933333333333, 1093.8933333333334, 3036.2, 4220.533333333334], ["window"]]], "width": 3448, "height": 5168, "tags": []}