{"rects": [[[422.05333333333334, 318.6933333333333, 3393.653333333333, 3074.96], ["window"]], [[417.74666666666667, 3105.1066666666666, 3402.2666666666664, 5142.16], ["window"]]], "width": 3448, "height": 5168, "tags": []}