{"rects": [[[0, 0, 3448, 5168], ["facade"]], [[189.49333333333334, 68.90666666666667, 921.6266666666667, 1606.3866666666668], []], [[1072.36, 60.29333333333334, 2489.253333333333, 1335.0666666666666], ["window"]], [[1063.7466666666667, 1524.56, 1472.8799999999999, 3656.36], ["window"]], [[361.76, 3738.1866666666665, 2256.693333333333, 4633.973333333333], ["window"]]], "width": 3448, "height": 5168, "tags": []}