{"rects": [[[21.53333333333333, 38.76, 3428.1066666666666, 1843.2533333333333], ["window"]], [[17.226666666666667, 1877.7066666666667, 3432.4133333333334, 4956.973333333333], ["window"]]], "width": 3448, "height": 5168, "tags": []}