{"rects": [[[236.86666666666667, 727.8266666666667, 3242.92, 3944.9066666666668], ["window"]]], "width": 3448, "height": 5168, "tags": []}