{"rects": [[[486.6533333333333, 1167.1066666666666, 3057.733333333333, 4328.2], ["window"]]], "width": 3448, "height": 5168, "tags": []}