{"rects": [[[189.49333333333334, 1080.9733333333334, 3049.12, 5068.946666666667], ["window", "shop"]]], "width": 3448, "height": 5168, "tags": []}