{"rects": [[[901.2266666666667, 1093.4, 4446.493333333334, 6348.346666666667], ["window"]]], "width": 5304, "height": 7952, "tags": []}