{"rects": [[[854.84, 304.82666666666665, 4612.16, 6871.8533333333335], ["window"]]], "width": 5304, "height": 7952, "tags": []}