{"rects": [[[133.50666666666666, 680.4533333333334, 3448, 2962.9866666666667], ["window"]], [[73.21333333333334, 2988.826666666667, 3441.0266666666666, 4845.0], ["window"]]], "width": 3448, "height": 5168, "tags": []}