{"rects": [[[47.373333333333335, 1537.48, 1253.24, 2174.866666666667], ["window"]], [[301.46666666666664, 30.14666666666667, 1503.0266666666666, 1205.8666666666666], ["window"]], [[1748.5066666666667, 1640.84, 3186.9333333333334, 3230.0], ["window"]]], "width": 3448, "height": 5168, "tags": []}