{"rects": [[[878.56, 1076.6666666666667, 2325.6, 3820.0133333333333], ["window"]]], "width": 3448, "height": 5168, "tags": []}