{"rects": [[[960.8666666666667, 13.253333333333334, 4466.373333333334, 3054.8933333333334], ["window"]], [[874.72, 3061.52, 4552.52, 7905.613333333334], ["window"]]], "width": 5304, "height": 7952, "tags": []}