{"rects": [[[641.6933333333334, 1528.8666666666666, 2739.04, 3449.64], ["window"]], [[607.24, 3634.826666666667, 2713.2, 4939.746666666667], ["window"]]], "width": 3448, "height": 5168, "tags": []}