{"rects": [[[0, 0, 3448, 5168], ["facade"]], [[25.84, 25.84, 2166.253333333333, 2153.3333333333335], ["window"]], [[779.5066666666667, 2166.253333333333, 3281.68, 4776.093333333333], ["window"]]], "width": 3448, "height": 5168, "tags": []}