{"rects": [[[0, 0, 3448, 5168], ["facade"]], [[590.0133333333333, 34.45333333333333, 2773.4933333333333, 2067.2], ["window"]], [[198.10666666666665, 2902.693333333333, 3178.32, 5120.626666666667], ["window"]]], "width": 3448, "height": 5168, "tags": []}