{"rects": [[[142.12, 986.2266666666667, 3148.173333333333, 4039.653333333333], ["window"]]], "width": 3448, "height": 5168, "tags": []}