{"rects": [[[0, 0, 5304, 7952], ["facade"]], [[172.29333333333335, 371.09333333333336, 3459.1200000000003, 2491.6266666666666], ["window"]], [[1285.5733333333335, 3664.5466666666666, 4764.573333333334, 6765.826666666667], ["window"]]], "width": 5304, "height": 7952, "tags": []}