{"rects": [[[0, 0, 3448, 5168], ["facade"]], [[172.26666666666665, 150.73333333333332, 572.7866666666666, 1666.68], ["window"]], [[956.08, 245.48, 2635.68, 861.3333333333334], ["window"]], [[1158.4933333333333, 1300.6133333333332, 3087.88, 3436.72], ["window"]]], "width": 3448, "height": 5168, "tags": []}