{"rects": [[[1490.1066666666666, 2196.4, 2579.693333333333, 3385.04], ["window"]], [[1485.8, 3479.786666666667, 2467.72, 4500.466666666666], ["window"]], [[1145.5733333333333, 4160.24, 1442.7333333333333, 4913.906666666667], ["window"]], [[818.2666666666667, 2118.88, 1266.16, 2743.346666666667], ["window"]]], "width": 3448, "height": 5168, "tags": []}