{"rects": [[[895.7866666666666, 12.92, 3436.72, 1916.4666666666667], ["window"]], [[857.0266666666666, 1912.16, 2928.5333333333333, 3755.4133333333334], ["window"]], [[865.64, 3772.64, 2928.5333333333333, 5103.4], ["window"]]], "width": 3448, "height": 5168, "tags": []}