{"rects": [[[0, 0, 3448, 5168], ["facade"]], [[667.5333333333333, 12.92, 2592.6133333333332, 2015.52], ["window"]], [[594.32, 2011.2133333333334, 2807.9466666666667, 5163.693333333334], ["window"]]], "width": 3448, "height": 5168, "tags": []}