{"rects": [[[318.6933333333333, 43.06666666666666, 2958.68, 2114.5733333333333], ["window"]], [[202.41333333333333, 2803.64, 3281.68, 5000.04], ["window"]]], "width": 3448, "height": 5168, "tags": []}