{"rects": [[[1317.84, 439.28, 2058.5866666666666, 1481.4933333333333], ["window"]], [[1399.6666666666667, 1972.4533333333334, 2149.0266666666666, 3208.4666666666667], ["window"]], [[1494.4133333333334, 4143.013333333333, 2024.1333333333332, 5163.693333333334], ["window"]]], "width": 3448, "height": 5168, "tags": []}