{"rects": [[[384.3466666666667, 1398.2266666666667, 5056.1466666666665, 5725.4400000000005], ["window"]]], "width": 5304, "height": 7952, "tags": []}