{"rects": [[[1287.6933333333334, 1162.8, 2187.786666666667, 3436.72], ["window"]]], "width": 3448, "height": 5168, "tags": []}