{"rects": [[[934.36, 3346.4666666666667, 4817.586666666667, 4029.0133333333333], ["window"]], [[967.4933333333333, 4062.146666666667, 4824.213333333333, 5374.2266666666665], ["window"]], [[649.4133333333334, 1186.1733333333334, 3074.7733333333335, 2948.866666666667], ["window"]]], "width": 5304, "height": 7952, "tags": []}