{"rects": [[[555.56, 1546.0933333333332, 3234.306666666667, 3854.4666666666667], ["window"]]], "width": 3448, "height": 5168, "tags": []}