{"rects": [[[0, 0, 3448, 5168], ["facade"]], [[288.5466666666667, 68.90666666666667, 2592.6133333333332, 2372.9733333333334], ["window"]], [[1240.32, 2678.7466666666664, 3436.72, 4849.306666666666], ["window"]]], "width": 3448, "height": 5168, "tags": []}