{"rects": [[[377.72, 1457.8666666666668, 5142.293333333334, 5897.733333333334], ["window"]], [[503.62666666666667, 6427.866666666667, 2173.5466666666666, 7653.8], ["window"]], [[2902.48, 6639.92, 4426.613333333334, 7819.466666666667], ["window"]]], "width": 5304, "height": 7952, "tags": []}