{"rects": [[[0, 1451.3466666666666, 1597.7733333333333, 4194.693333333334], ["window"]], [[1597.7733333333333, 1391.0533333333333, 3432.4133333333334, 4147.32], ["window"]]], "width": 3448, "height": 5168, "tags": []}