{"rects": [[[413.44, 1024.9866666666667, 3329.0533333333333, 3987.9733333333334], ["window"]]], "width": 3448, "height": 5168, "tags": []}