{"rects": [[[132.53333333333333, 1994.6266666666668, 5122.413333333334, 6785.706666666667], ["window"]]], "width": 5304, "height": 7952, "tags": []}