{"rects": [[[460.81333333333333, 86.13333333333333, 2902.693333333333, 5090.48], ["window"]]], "width": 3448, "height": 5168, "tags": []}