{"rects": [[[0, 0, 3448, 5168], ["facade"]], [[34.45333333333333, 51.68, 2153.3333333333335, 1688.2133333333334], ["window"]], [[1485.8, 2045.6666666666667, 3436.72, 4310.973333333333], ["window"]]], "width": 3448, "height": 5168, "tags": []}