{"rects": [[[0, 0, 3448, 5168], ["facade"]], [[159.34666666666666, 64.6, 1709.7466666666667, 882.8666666666667], ["window"]], [[1511.64, 2635.68, 2506.48, 3445.3333333333335], ["window"]], [[1330.76, 3639.133333333333, 2342.826666666667, 5021.573333333334], ["window"]]], "width": 3448, "height": 5168, "tags": []}