{"rects": [[[497.0, 1365.0933333333335, 4645.293333333333, 6480.88], ["window"]]], "width": 5304, "height": 7952, "tags": []}