{"rects": [[[596.4, 1597.0266666666666, 4453.12, 7945.373333333334], ["window"]]], "width": 5304, "height": 7952, "tags": []}