{"rects": [[[314.38666666666666, 374.68, 2631.3733333333334, 3923.3733333333334], ["window"]]], "width": 3448, "height": 5168, "tags": []}