{"rects": [[[538.3333333333334, 94.74666666666667, 2958.68, 1468.5733333333333], ["window"]], [[1472.8799999999999, 3225.693333333333, 3285.9866666666667, 5150.7733333333335], ["window"]], [[499.5733333333333, 1856.1733333333334, 3143.866666666667, 3212.7733333333335], ["window"]]], "width": 3448, "height": 5168, "tags": []}