{"rects": [[[2690.4266666666667, 1901.8533333333335, 3671.1733333333336, 3346.4666666666667], ["window"]], [[2697.0533333333333, 3823.586666666667, 3797.08, 5937.493333333334], ["window"]], [[960.8666666666667, 4459.746666666667, 1597.0266666666666, 5500.133333333333], ["window"]], [[4082.0266666666666, 1345.2133333333334, 4863.973333333333, 4068.7733333333335], ["window"]]], "width": 5304, "height": 7952, "tags": []}