{"rects": [[[857.0266666666666, 198.10666666666665, 3062.04, 4845.0], ["window"]]], "width": 3448, "height": 5168, "tags": []}