{"rects": [[[0, 0, 3448, 5168], ["facade"]], [[275.62666666666667, 34.45333333333333, 3406.5733333333333, 1554.7066666666667], ["window"]], [[133.50666666666666, 2024.1333333333332, 3448, 3746.8], ["window"]]], "width": 3448, "height": 5168, "tags": []}