{"rects": [[[981.92, 1709.7466666666667, 2463.4133333333334, 4013.8133333333335], ["window"]]], "width": 3448, "height": 5168, "tags": []}