{"rects": [[[0, 0, 3448, 5168], ["facade"]], [[241.17333333333335, 646.0, 2889.7733333333335, 1554.7066666666667], ["window"]], [[482.3466666666667, 1782.96, 2820.866666666667, 2863.9333333333334], ["window"]]], "width": 3448, "height": 5168, "tags": []}