{"rects": [[[1158.4933333333333, 1442.7333333333333, 2437.5733333333333, 3815.7066666666665], ["window"]]], "width": 3448, "height": 5168, "tags": []}