{"rects": [[[1429.8133333333333, 2054.28, 1946.6133333333332, 3083.5733333333333], ["window"]], [[2954.3733333333334, 1834.64, 3385.04, 2795.0266666666666], ["window"]]], "width": 3448, "height": 5168, "tags": []}