{"rects": [[[499.5733333333333, 206.72, 1632.2266666666667, 1425.5066666666667], ["window"]], [[430.6666666666667, 3389.346666666667, 1653.76, 4896.68], ["window"]]], "width": 3448, "height": 5168, "tags": []}