{"rects": [[[0, 0, 3448, 5168], ["facade"]], [[590.0133333333333, 2347.133333333333, 1507.3333333333333, 3876.0], ["window"]], [[1993.9866666666667, 3337.6666666666665, 2459.1066666666666, 4638.28], ["window"]], [[1808.8, 478.04, 2295.4533333333334, 2553.8533333333335], ["window"]]], "width": 3448, "height": 5168, "tags": []}