{"rects": [[[0, 0, 3448, 5168], ["facade"]], [[305.7733333333333, 185.18666666666667, 1339.3733333333332, 2291.1466666666665], ["window"]], [[1847.56, 25.84, 3406.5733333333333, 701.9866666666667], ["window"]], [[47.373333333333335, 2519.4, 3423.8, 3966.44], ["window"]]], "width": 3448, "height": 5168, "tags": []}