{"rects": [[[868.0933333333334, 450.61333333333334, 4300.706666666667, 7474.88], ["window"]]], "width": 5304, "height": 7952, "tags": []}