{"rects": [[[21.53333333333333, 1339.3733333333332, 2652.9066666666668, 3600.3733333333334], ["window"]]], "width": 3448, "height": 5168, "tags": []}