{"rects": [[[366.06666666666666, 202.41333333333333, 3105.1066666666666, 4177.466666666666], ["window"]]], "width": 3448, "height": 5168, "tags": []}