{"rects": [[[663.2266666666667, 163.65333333333334, 2833.786666666667, 4728.72], ["window"]]], "width": 3448, "height": 5168, "tags": []}