{"rects": [[[21.53333333333333, 146.42666666666668, 3260.1466666666665, 2067.2], ["window"]], [[525.4133333333333, 2192.0933333333332, 3448, 4780.4], ["window"]]], "width": 3448, "height": 5168, "tags": []}