{"rects": [[[417.74666666666667, 1253.24, 2962.9866666666667, 4526.306666666666], ["window"]]], "width": 3448, "height": 5168, "tags": []}