{"rects": [[[0, 0, 3448, 5168], ["facade"]], [[163.65333333333334, 60.29333333333334, 1968.1466666666668, 1403.9733333333334], ["window"]], [[1434.12, 2088.733333333333, 3311.826666666667, 3781.253333333333], ["window"]]], "width": 3448, "height": 5168, "tags": []}