{"rects": [[[900.0933333333334, 525.4133333333333, 2622.7599999999998, 4862.2266666666665], ["window"]]], "width": 3448, "height": 5168, "tags": []}