{"rects": [[[30.14666666666667, 1037.9066666666668, 3324.7466666666664, 3587.4533333333334], ["window", "shop"]]], "width": 3448, "height": 5168, "tags": []}