{"rects": [[[576.52, 2186.8, 4751.320000000001, 6348.346666666667], ["window"]]], "width": 5304, "height": 7952, "tags": []}