{"rects": [[[874.2533333333333, 1223.0933333333332, 2609.84, 3690.8133333333335], ["window"]]], "width": 3448, "height": 5168, "tags": []}