{"rects": [[[0, 0, 5304, 7952], ["facade"]], [[1093.4, 371.09333333333336, 4506.133333333333, 3717.56], ["window"]], [[868.0933333333334, 5360.973333333333, 4850.72, 7932.12], ["window"]]], "width": 5304, "height": 7952, "tags": []}