{"rects": [[[693.3733333333333, 1391.0533333333333, 3014.6666666666665, 3975.0533333333333], ["window"]]], "width": 3448, "height": 5168, "tags": []}