{"rects": [[[72.89333333333333, 616.28, 5261.573333333334, 4645.293333333333], ["window"]]], "width": 5304, "height": 7952, "tags": []}