{"rects": [[[0, 0, 5304, 7952], ["facade"]], [[437.36, 3929.6133333333337, 2133.786666666667, 5413.986666666667], ["window"]], [[3644.666666666667, 3558.52, 4923.613333333334, 4810.96], ["window"]], [[2100.653333333333, 5824.84, 3797.08, 7401.986666666667], ["window"]], [[689.1733333333334, 2133.786666666667, 2193.4266666666667, 3419.36], ["window"]]], "width": 5304, "height": 7952, "tags": []}