{"rects": [[[714.9066666666666, 1313.5333333333333, 2902.693333333333, 4099.946666666667], ["window"]]], "width": 3448, "height": 5168, "tags": []}