{"rects": [[[822.5733333333334, 0, 2385.8933333333334, 5116.32], ["facade"]], [[1016.3733333333333, 129.2, 2256.693333333333, 529.72], ["window"]], [[973.3066666666666, 693.3733333333333, 1236.0133333333333, 2019.8266666666666], ["window"]], [[1993.9866666666667, 930.24, 2278.2266666666665, 2558.16], ["window"]], [[913.0133333333333, 2704.5866666666666, 2261.0, 4164.546666666667], ["window"]]], "width": 3448, "height": 5168, "tags": []}