{"rects": [[[938.8533333333334, 969.0, 2454.8, 3738.1866666666665], ["window"]]], "width": 3448, "height": 5168, "tags": []}