{"rects": [[[620.16, 1145.5733333333333, 2932.84, 3634.826666666667], ["window"]]], "width": 3448, "height": 5168, "tags": []}