{"rects": [[[732.1333333333333, 1373.8266666666666, 2739.04, 3647.7466666666664], ["window"]]], "width": 3448, "height": 5168, "tags": []}