{"rects": [[[30.14666666666667, 12.92, 2084.4266666666667, 1701.1333333333332], ["window"]], [[43.06666666666666, 1739.8933333333334, 2075.8133333333335, 3815.7066666666665], ["window"]]], "width": 3448, "height": 5168, "tags": []}