{"rects": [[[1274.7733333333333, 1403.9733333333334, 2502.173333333333, 3557.306666666667], ["window"]]], "width": 3448, "height": 5168, "tags": []}