{"rects": [[[1318.7066666666667, 2564.52, 3922.9866666666667, 5573.026666666667], ["window"]]], "width": 5304, "height": 7952, "tags": []}