{"rects": [[[265.06666666666666, 927.7333333333333, 5155.546666666667, 6653.173333333333], ["window"]]], "width": 5304, "height": 7952, "tags": []}