{"rects": [[[680.4533333333334, 1055.1333333333334, 2786.4133333333334, 4190.386666666666], ["window"]]], "width": 3448, "height": 5168, "tags": []}