{"rects": [[[680.4533333333334, 1253.24, 3436.72, 3182.6266666666666], ["window"]], [[607.24, 3191.24, 3234.306666666667, 5163.693333333334], ["window"]]], "width": 3448, "height": 5168, "tags": []}