{"rects": [[[904.4, 3092.1866666666665, 2506.48, 4345.426666666666], ["window"]], [[732.1333333333333, 1886.32, 2614.1466666666665, 3027.5866666666666], ["window"]], [[869.9466666666667, 443.58666666666664, 2558.16, 1791.5733333333333], ["window"]]], "width": 3448, "height": 5168, "tags": []}