{"rects": [[[178.92000000000002, 2571.146666666667, 4963.373333333334, 5964.0], ["window"]], [[3313.3333333333335, 530.1333333333333, 4850.72, 2352.4666666666667], ["window"]]], "width": 5304, "height": 7952, "tags": []}