{"rects": [[[669.2933333333334, 1066.8933333333334, 4903.733333333334, 6878.4800000000005], ["window"]]], "width": 5304, "height": 7952, "tags": []}