{"rects": [[[1046.52, 1287.6933333333334, 2549.5466666666666, 3363.5066666666667], ["window"]]], "width": 3448, "height": 5168, "tags": []}