{"rects": [[[99.4, 954.24, 4883.8533333333335, 2465.12], ["window"]], [[79.52000000000001, 2756.6933333333336, 5148.92, 4473.0], ["window"]], [[13.253333333333334, 4784.453333333334, 5294.706666666667, 6845.346666666667], ["window"]]], "width": 5304, "height": 7952, "tags": []}