{"rects": [[[228.25333333333333, 969.0, 3208.4666666666667, 4031.04], ["window"]]], "width": 3448, "height": 5168, "tags": []}