{"rects": [[[0, 0, 3448, 5168], ["facade"]], [[43.06666666666666, 47.373333333333335, 1894.9333333333334, 1718.36], ["window"]], [[1834.64, 2898.3866666666668, 3428.1066666666666, 5034.493333333333], ["window"]]], "width": 3448, "height": 5168, "tags": []}