{"rects": [[[0, 0, 3448, 5168], ["facade"]], [[581.4, 508.18666666666667, 2605.5333333333333, 2299.7599999999998], ["window"]], [[447.8933333333333, 2894.08, 2631.3733333333334, 4870.84], ["window"]]], "width": 3448, "height": 5168, "tags": []}