{"rects": [[[167.96, 34.45333333333333, 2777.8, 2863.9333333333334], ["window"]], [[176.57333333333332, 2902.693333333333, 3040.5066666666667, 5008.653333333334], ["window"]]], "width": 3448, "height": 5168, "tags": []}