{"rects": [[[583.1466666666666, 483.74666666666667, 3677.8, 6699.56], ["window", "shop"]]], "width": 5304, "height": 7952, "tags": []}