{"rects": [[[0, 0, 5304, 7952], ["facade"]], [[1358.4666666666667, 13.253333333333334, 4015.76, 3445.866666666667], ["window"]], [[1239.1866666666667, 4267.573333333334, 4075.4, 6679.68], ["window"]]], "width": 5304, "height": 7952, "tags": []}