{"rects": [[[0, 0, 3448, 5168], ["facade"]], [[163.65333333333334, 185.18666666666667, 977.6133333333333, 1050.8266666666666], ["window"]], [[1399.6666666666667, 1223.0933333333332, 2760.5733333333333, 2657.213333333333], ["window"]]], "width": 3448, "height": 5168, "tags": []}