{"rects": [[[21.53333333333333, 17.226666666666667, 3441.0266666666666, 1752.8133333333333], ["window"]], [[404.82666666666665, 1778.6533333333334, 3070.653333333333, 4689.96], ["window"]]], "width": 3448, "height": 5168, "tags": []}