{"rects": [[[90.44, 1416.8933333333334, 3281.68, 3324.7466666666664], ["window"]]], "width": 3448, "height": 5168, "tags": []}