{"rects": [[[112.65333333333334, 2001.2533333333333, 5175.426666666667, 6487.506666666667], ["window"]]], "width": 5304, "height": 7952, "tags": []}