{"rects": [[[51.68, 869.9466666666667, 3298.9066666666668, 5142.16], ["facade"]], [[142.12, 1012.0666666666666, 3264.4533333333334, 2394.5066666666667], ["window"]], [[94.74666666666667, 3690.8133333333335, 3251.5333333333333, 5094.786666666667], ["window"]]], "width": 3448, "height": 5168, "tags": []}