{"rects": [[[202.41333333333333, 155.04, 2540.9333333333334, 2041.36], ["window"]], [[111.97333333333333, 3337.6666666666665, 2988.826666666667, 5116.32], ["window"]]], "width": 3448, "height": 5168, "tags": []}