{"rects": [[[1403.9733333333334, 2037.0533333333333, 2329.9066666666668, 3225.693333333333], ["window"]], [[1416.8933333333334, 766.5866666666667, 2222.24, 1636.5333333333333], ["window"]], [[1292.0, 3449.64, 2347.133333333333, 4371.266666666666], ["window"]]], "width": 3448, "height": 5168, "tags": []}