{"rects": [[[508.18666666666667, 1115.4266666666667, 1869.0933333333332, 4181.7733333333335], ["window"]], [[1920.7733333333333, 1317.84, 2528.0133333333333, 4323.893333333333], ["window"]]], "width": 3448, "height": 5168, "tags": []}