{"rects": [[[0, 0, 3448, 5168], ["facade"]], [[94.74666666666667, 21.53333333333333, 404.82666666666665, 1391.0533333333333], ["window"]], [[826.88, 163.65333333333334, 1683.9066666666668, 1132.6533333333334], ["window"]], [[839.8, 1464.2666666666667, 1993.9866666666667, 2528.0133333333333], ["window"]], [[788.12, 2842.4, 2717.5066666666667, 4978.506666666666], ["window"]]], "width": 3448, "height": 5168, "tags": []}