{"rects": [[[271.32, 1218.7866666666666, 3285.9866666666667, 3548.693333333333], ["window"]]], "width": 3448, "height": 5168, "tags": []}