{"rects": [[[473.73333333333335, 124.89333333333333, 2226.5466666666666, 1296.3066666666666], ["window"]], [[938.8533333333334, 1330.76, 2713.2, 2472.0266666666666], ["window"]], [[572.7866666666666, 2536.6266666666666, 2398.8133333333335, 3837.24], ["window"]]], "width": 3448, "height": 5168, "tags": []}