{"rects": [[[1171.4133333333334, 0, 3410.88, 1864.7866666666666], ["window"]], [[1154.1866666666667, 3109.4133333333334, 3448, 5163.693333333334], ["window"]]], "width": 3448, "height": 5168, "tags": []}