{"rects": [[[231.93333333333334, 1895.2266666666667, 4353.72, 4930.24], ["window"]], [[265.06666666666666, 5056.1466666666665, 4519.386666666667, 7892.360000000001], ["window"]]], "width": 5304, "height": 7952, "tags": []}