{"rects": [[[0, 0, 3448, 5168], ["facade"]], [[615.8533333333334, 499.5733333333333, 3406.5733333333333, 2041.36], ["window"]], [[508.18666666666667, 2958.68, 3423.8, 4672.733333333334], ["window"]]], "width": 3448, "height": 5168, "tags": []}