{"rects": [[[17.226666666666667, 38.76, 1438.4266666666667, 1993.9866666666667], ["window"]], [[1455.6533333333334, 133.50666666666666, 3436.72, 2123.1866666666665], ["window"]], [[1253.24, 2131.8, 3448, 4074.1066666666666], ["window"]]], "width": 3448, "height": 5168, "tags": []}