{"rects": [[[667.5333333333333, 534.0266666666666, 3044.8133333333335, 4078.4133333333334], ["window"]]], "width": 3448, "height": 5168, "tags": []}