{"rects": [[[0, 0, 3448, 5168], ["facade"]], [[482.3466666666667, 103.36, 2721.8133333333335, 2312.68], ["window"]], [[1042.2133333333334, 2665.826666666667, 3316.133333333333, 5077.56], ["window"]]], "width": 3448, "height": 5168, "tags": []}