{"rects": [[[107.66666666666667, 757.9733333333334, 3428.1066666666666, 4078.4133333333334], ["window"]]], "width": 3448, "height": 5168, "tags": []}