{"rects": [[[607.24, 473.73333333333335, 2609.84, 2075.8133333333335], ["window"]], [[559.8666666666667, 2114.5733333333333, 2846.7066666666665, 4246.373333333333], ["window"]]], "width": 3448, "height": 5168, "tags": []}