{"rects": [[[495.26666666666665, 934.5466666666666, 2756.2666666666664, 3656.36], ["window"]]], "width": 3448, "height": 5168, "tags": []}