{"rects": [[[521.1066666666667, 956.08, 3001.7466666666664, 4031.04], ["window"]]], "width": 3448, "height": 5168, "tags": []}