{"rects": [[[1145.5733333333333, 1287.6933333333334, 2377.28, 3531.4666666666667], ["window"]], [[2416.04, 1851.8666666666666, 3432.4133333333334, 3992.28], ["window"]]], "width": 3448, "height": 5168, "tags": []}