{"rects": [[[409.1333333333333, 1416.8933333333334, 2924.2266666666665, 3630.52], ["window"]]], "width": 3448, "height": 5168, "tags": []}