{"rects": [[[0, 0, 3448, 5168], ["facade"]], [[254.09333333333333, 3987.9733333333334, 1838.9466666666667, 4780.4], ["window"]], [[839.8, 2183.48, 1993.9866666666667, 3018.9733333333334], ["window"]]], "width": 3448, "height": 5168, "tags": []}