{"rects": [[[0, 0, 3448, 5168], ["facade"]], [[564.1733333333333, 129.2, 2988.826666666667, 2549.5466666666666], ["window"]], [[486.6533333333333, 2609.84, 3083.5733333333333, 4918.213333333333], ["window"]]], "width": 3448, "height": 5168, "tags": []}