{"rects": [[[844.1066666666667, 1184.3333333333333, 1464.2666666666667, 3764.0266666666666], ["window"]], [[1494.4133333333334, 1080.9733333333334, 1946.6133333333332, 3746.8], ["window"]], [[1976.76, 999.1466666666666, 2553.8533333333335, 3906.1466666666665], ["window"]]], "width": 3448, "height": 5168, "tags": []}