{"rects": [[[723.52, 155.04, 2605.5333333333333, 667.5333333333333], ["window"]], [[1472.8799999999999, 809.6533333333333, 2609.84, 1322.1466666666668], ["window"]], [[835.4933333333333, 2067.2, 1373.8266666666666, 2639.9866666666667], ["window"]], [[2067.2, 2588.306666666667, 2601.2266666666665, 3824.32], ["window"]]], "width": 3448, "height": 5168, "tags": []}