{"rects": [[[366.06666666666666, 1042.2133333333334, 2687.36, 3901.84], ["window"]]], "width": 3448, "height": 5168, "tags": []}