{"rects": [[[47.373333333333335, 1873.4, 2446.1866666666665, 3522.8533333333335], ["window"]]], "width": 3448, "height": 5168, "tags": []}