{"rects": [[[73.21333333333334, 12.92, 3389.346666666667, 5000.04], ["window"]]], "width": 3448, "height": 5168, "tags": []}