{"rects": [[[456.50666666666666, 47.373333333333335, 1856.1733333333334, 1171.4133333333334], ["window"]], [[1929.3866666666668, 1662.3733333333332, 2691.6666666666665, 2683.0533333333333], ["window"]], [[473.73333333333335, 3888.92, 2807.9466666666667, 5155.08], ["window"]]], "width": 3448, "height": 5168, "tags": []}