{"rects": [[[219.64, 973.3066666666666, 3419.4933333333333, 4194.693333333334], ["window"]]], "width": 3448, "height": 5168, "tags": []}