{"rects": [[[1309.2266666666667, 0, 2252.3866666666668, 981.92], ["window"]], [[1223.0933333333332, 1072.36, 2286.84, 1959.5333333333333], ["window"]], [[1167.1066666666666, 2149.0266666666666, 2312.68, 3178.32], ["window"]], [[1136.96, 3385.04, 2269.6133333333332, 4517.693333333334], ["window"]]], "width": 3448, "height": 5168, "tags": []}