{"rects": [[[1404.8533333333335, 1789.2, 3989.2533333333336, 5427.24], ["window"]]], "width": 5304, "height": 7952, "tags": []}