{"rects": [[[1119.7333333333333, 404.82666666666665, 2532.32, 4410.026666666667], ["window"]]], "width": 3448, "height": 5168, "tags": []}