{"rects": [[[34.45333333333333, 964.6933333333334, 3062.04, 4211.92], ["window"]]], "width": 3448, "height": 5168, "tags": []}