{"rects": [[[460.81333333333333, 529.72, 3290.2933333333335, 4870.84], ["window"]]], "width": 3448, "height": 5168, "tags": []}