{"rects": [[[0, 0, 5304, 7952], ["facade"]], [[26.506666666666668, 603.0266666666666, 3671.1733333333336, 6553.7733333333335], ["window"]]], "width": 5304, "height": 7952, "tags": []}