{"rects": [[[1154.1866666666667, 1365.2133333333334, 2299.7599999999998, 3820.0133333333333], ["window"]]], "width": 3448, "height": 5168, "tags": []}