{"rects": [[[0, 0, 3448, 5168], ["facade"]], [[594.32, 1416.8933333333334, 1640.84, 1791.5733333333333], ["window"]], [[1300.6133333333332, 1938.0, 1632.2266666666667, 2730.4266666666667], ["window"]], [[564.1733333333333, 3419.4933333333333, 1253.24, 3807.0933333333332], ["window"]], [[1300.6133333333332, 3359.2, 1662.3733333333332, 4095.64], ["window"]]], "width": 3448, "height": 5168, "tags": []}