{"rects": [[[835.4933333333333, 521.1066666666667, 3367.8133333333335, 4534.92], ["window"]]], "width": 3448, "height": 5168, "tags": []}