{"rects": [[[1762.6933333333334, 6.626666666666667, 3121.1600000000003, 2253.0666666666666], ["window"]], [[2060.8933333333334, 4579.026666666667, 3260.32, 6878.4800000000005], ["window"]]], "width": 5304, "height": 7952, "tags": []}