{"rects": [[[775.32, 576.52, 5274.826666666667, 7216.4400000000005], ["window"]]], "width": 5304, "height": 7952, "tags": []}