{"rects": [[[609.6533333333333, 1669.92, 4751.320000000001, 6878.4800000000005], ["window"]]], "width": 5304, "height": 7952, "tags": []}