{"rects": [[[46.38666666666667, 238.56, 5254.946666666667, 7640.546666666667], ["window"]]], "width": 5304, "height": 7952, "tags": []}