{"rects": [[[396.2133333333333, 1739.8933333333334, 1593.4666666666667, 3699.4266666666667], ["window"]], [[1912.16, 1412.5866666666666, 2851.0133333333333, 3329.0533333333333], ["window"]], [[551.2533333333333, 51.68, 1498.72, 1619.3066666666666], ["window"]]], "width": 3448, "height": 5168, "tags": []}