{"rects": [[[463.8666666666667, 868.0933333333334, 4439.866666666667, 7547.7733333333335], ["window", "shop"]]], "width": 5304, "height": 7952, "tags": []}