{"rects": [[[490.96, 1244.6266666666666, 2213.6266666666666, 3221.3866666666668], ["window"]], [[434.97333333333336, 3354.8933333333334, 3441.0266666666666, 5056.026666666667], ["window"]]], "width": 3448, "height": 5168, "tags": []}