{"rects": [[[1197.2533333333333, 1352.2933333333333, 2549.5466666666666, 3578.84], ["window"]]], "width": 3448, "height": 5168, "tags": []}