{"rects": [[[1663.2933333333333, 1689.8, 3922.9866666666667, 5374.2266666666665], ["window"]]], "width": 5304, "height": 7952, "tags": []}