{"rects": [[[1115.4266666666667, 1968.1466666666668, 2269.6133333333332, 3126.64], ["window"]], [[2372.9733333333334, 2312.68, 3376.4266666666667, 3544.3866666666668], ["window"]]], "width": 3448, "height": 5168, "tags": []}