{"rects": [[[357.4533333333333, 1124.04, 2730.4266666666667, 3850.16], ["window"]]], "width": 3448, "height": 5168, "tags": []}