{"rects": [[[159.34666666666666, 1059.44, 3290.2933333333335, 4112.866666666667], ["window"]]], "width": 3448, "height": 5168, "tags": []}