{"rects": [[[0, 0, 3448, 5168], ["facade"]], [[129.2, 3578.84, 353.14666666666665, 4358.346666666666], ["window"]], [[107.66666666666667, 155.04, 2049.9733333333334, 1899.24], ["window"]], [[990.5333333333333, 2838.0933333333332, 2782.1066666666666, 4767.48], ["window"]]], "width": 3448, "height": 5168, "tags": []}