{"rects": [[[1098.2, 1477.1866666666667, 2601.2266666666665, 3906.1466666666665], ["window"]]], "width": 3448, "height": 5168, "tags": []}