{"rects": [[[396.2133333333333, 801.04, 2454.8, 4621.053333333333], ["window"]]], "width": 3448, "height": 5168, "tags": []}