{"rects": [[[695.8000000000001, 278.32, 4605.533333333334, 7766.453333333334], ["window"]]], "width": 5304, "height": 7952, "tags": []}