{"rects": [[[249.78666666666666, 1016.3733333333333, 3311.826666666667, 4091.3333333333335], ["window"]]], "width": 3448, "height": 5168, "tags": []}