{"rects": [[[12.92, 1180.0266666666666, 1003.4533333333334, 4974.2], ["window"]], [[1029.2933333333333, 981.92, 2403.12, 4724.413333333333], ["window"]]], "width": 3448, "height": 5168, "tags": []}