{"rects": [[[318.6933333333333, 1068.0533333333333, 2993.133333333333, 4018.12], ["window"]]], "width": 3448, "height": 5168, "tags": []}