{"rects": [[[288.5466666666667, 452.2, 3057.733333333333, 2174.866666666667], ["window"]], [[137.81333333333333, 2230.8533333333335, 3118.0266666666666, 4961.28], ["window"]]], "width": 3448, "height": 5168, "tags": []}