{"rects": [[[0, 0, 3448, 5168], ["facade"]], [[404.82666666666665, 60.29333333333334, 676.1466666666666, 1210.1733333333334], ["window"]], [[865.64, 378.9866666666667, 1408.28, 1632.2266666666667], ["window"]], [[1399.6666666666667, 1675.2933333333333, 2200.7066666666665, 3152.48], ["window"]], [[2799.3333333333335, 305.7733333333333, 3130.9466666666667, 1804.4933333333333], ["window"]], [[2230.8533333333335, 3453.9466666666667, 2782.1066666666666, 5124.933333333333], ["window"]]], "width": 3448, "height": 5168, "tags": []}