{"rects": [[[0, 0, 5304, 7952], ["facade"]], [[1153.04, 159.04000000000002, 4135.04, 2776.5733333333333], ["window"]], [[768.6933333333334, 4101.906666666667, 4565.7733333333335, 7103.786666666667], ["window"]]], "width": 5304, "height": 7952, "tags": []}