{"rects": [[[0, 0, 3448, 5168], ["facade"]], [[176.57333333333332, 146.42666666666668, 1063.7466666666667, 2437.5733333333333], ["window"]], [[1429.8133333333333, 546.9466666666667, 3204.16, 1709.7466666666667], ["window"]], [[839.8, 2674.44, 3113.72, 4931.133333333333], ["window"]]], "width": 3448, "height": 5168, "tags": []}