{"rects": [[[654.6133333333333, 1214.48, 1761.4266666666667, 5000.04], ["window"]], [[1813.1066666666666, 633.08, 2924.2266666666665, 4358.346666666666], ["window"]], [[288.5466666666667, 344.5333333333333, 749.36, 869.9466666666667], ["window"]], [[185.18666666666667, 1963.84, 590.0133333333333, 2372.9733333333334], ["window"]]], "width": 3448, "height": 5168, "tags": []}