{"rects": [[[198.8, 1312.0800000000002, 5254.946666666667, 5380.8533333333335], ["window"]]], "width": 5304, "height": 7952, "tags": []}