{"rects": [[[589.7733333333333, 2272.9466666666667, 5195.306666666667, 6958.0], ["window"]]], "width": 5304, "height": 7952, "tags": []}