{"rects": [[[628.7733333333333, 1365.2133333333334, 2713.2, 3053.4266666666667], ["window"]], [[456.50666666666666, 3169.7066666666665, 3006.0533333333333, 4870.84], ["window"]]], "width": 3448, "height": 5168, "tags": []}