{"rects": [[[439.28, 732.1333333333333, 1111.12, 2213.6266666666666], ["window"]], [[1347.9866666666667, 1662.3733333333332, 1787.2666666666667, 2833.786666666667], ["window"]], [[2166.253333333333, 2605.5333333333333, 2394.5066666666667, 3445.3333333333335], ["window"]]], "width": 3448, "height": 5168, "tags": []}