{"rects": [[[0, 232.56, 1959.5333333333333, 1425.5066666666667], ["window"]], [[1080.9733333333334, 2037.0533333333333, 3436.72, 3191.24], ["window"]]], "width": 3448, "height": 5168, "tags": []}