{"rects": [[[1742.8133333333335, 1186.1733333333334, 3591.6533333333336, 7289.333333333334], ["window"]]], "width": 5304, "height": 7952, "tags": []}