{"rects": [[[1175.72, 1619.3066666666666, 2407.4266666666667, 3604.68], ["window"]]], "width": 3448, "height": 5168, "tags": []}