{"rects": [[[0, 0, 3448, 5168], ["facade"]], [[1283.3866666666668, 275.62666666666667, 3174.0133333333333, 986.2266666666667], ["window"]], [[1296.3066666666666, 1627.92, 3079.2666666666664, 3466.866666666667], ["window"]], [[327.3066666666667, 284.24, 1055.1333333333334, 2609.84], ["window"]]], "width": 3448, "height": 5168, "tags": []}