{"rects": [[[245.48, 202.41333333333333, 3320.44, 4926.826666666667], ["window"]]], "width": 3448, "height": 5168, "tags": []}