{"rects": [[[0, 0, 3448, 5168], ["facade"]], [[835.4933333333333, 167.96, 2360.0533333333333, 1933.6933333333334], ["window"]], [[852.72, 2329.9066666666668, 2420.346666666667, 4349.733333333334], ["window"]]], "width": 3448, "height": 5168, "tags": []}