{"rects": [[[607.24, 1059.44, 2670.133333333333, 3583.1466666666665], ["window"]]], "width": 3448, "height": 5168, "tags": []}