{"rects": [[[8.613333333333333, 1813.1066666666666, 1063.7466666666667, 3333.36], ["window"]], [[1111.12, 1774.3466666666666, 2545.24, 3514.24], ["window"]]], "width": 3448, "height": 5168, "tags": []}