{"rects": [[[671.84, 396.2133333333333, 2988.826666666667, 2123.1866666666665], ["window"]], [[598.6266666666667, 2140.4133333333334, 3307.52, 4254.986666666667], ["window"]]], "width": 3448, "height": 5168, "tags": []}