{"rects": [[[841.5866666666667, 2094.0266666666666, 4280.826666666667, 5095.906666666667], ["window"]], [[1563.8933333333334, 5148.92, 3869.9733333333334, 6805.586666666667], ["window"]]], "width": 5304, "height": 7952, "tags": []}