{"rects": [[[391.90666666666664, 310.08, 3255.84, 2799.3333333333335], ["window"]], [[236.86666666666667, 2863.9333333333334, 3294.6, 4982.8133333333335], ["window"]]], "width": 3448, "height": 5168, "tags": []}