{"rects": [[[0, 0, 3448, 5168], ["facade"]], [[25.84, 34.45333333333333, 2179.173333333333, 1907.8533333333332], ["window"]], [[1218.7866666666666, 2803.64, 3419.4933333333333, 4836.386666666666], ["window"]]], "width": 3448, "height": 5168, "tags": []}