{"rects": [[[145.78666666666666, 1683.1733333333334, 5102.533333333334, 5599.533333333334], ["window"]]], "width": 5304, "height": 7952, "tags": []}