{"rects": [[[310.08, 1653.76, 3268.7599999999998, 4065.4933333333333], ["window"]], [[99.05333333333333, 51.68, 1976.76, 1571.9333333333334], ["window"]]], "width": 3448, "height": 5168, "tags": []}