{"rects": [[[0, 0, 5304, 7952], ["facade"]], [[490.37333333333333, 165.66666666666669, 1855.4666666666667, 2193.4266666666667], ["window"]], [[3035.0133333333333, 781.9466666666667, 4068.7733333333335, 4221.1866666666665], ["window"]], [[238.56, 4426.613333333334, 5016.386666666667, 7302.586666666667], ["window"]]], "width": 5304, "height": 7952, "tags": []}