{"rects": [[[34.45333333333333, 245.48, 2764.88, 1800.1866666666667], ["window"]], [[38.76, 1821.72, 2777.8, 3225.693333333333], ["window"]], [[47.373333333333335, 3217.08, 2799.3333333333335, 5107.706666666667], ["window"]]], "width": 3448, "height": 5168, "tags": []}