{"rects": [[[714.9066666666666, 25.84, 3428.1066666666666, 2071.5066666666667], ["window"]], [[676.1466666666666, 2101.653333333333, 3247.2266666666665, 4573.68], ["window"]]], "width": 3448, "height": 5168, "tags": []}