{"rects": [[[258.4, 228.25333333333333, 3036.2, 3996.5866666666666], ["window"]]], "width": 3448, "height": 5168, "tags": []}