{"rects": [[[529.72, 1623.6133333333332, 2433.266666666667, 4569.373333333333], ["window"]]], "width": 3448, "height": 5168, "tags": []}