{"rects": [[[1098.2, 1920.7733333333333, 3212.7733333333335, 4267.906666666667], ["window"]]], "width": 3448, "height": 5168, "tags": []}