{"rects": [[[12.92, 848.4133333333333, 3376.4266666666667, 4513.386666666666], ["window"]]], "width": 3448, "height": 5168, "tags": []}