{"rects": [[[38.76, 680.4533333333334, 3419.4933333333333, 4233.453333333333], ["window"]]], "width": 3448, "height": 5168, "tags": []}