{"rects": [[[167.96, 1503.0266666666666, 3122.3333333333335, 3608.9866666666667], ["window"]]], "width": 3448, "height": 5168, "tags": []}