{"rects": [[[697.68, 1098.2, 1231.7066666666667, 1920.7733333333333], ["window"]], [[723.52, 2493.56, 1261.8533333333332, 3264.4533333333334], ["window"]], [[1520.2533333333333, 844.1066666666667, 1890.6266666666666, 1627.92], ["window"]], [[1968.1466666666668, 3018.9733333333334, 2984.52, 4431.56], ["window"]], [[1989.68, 228.25333333333333, 2739.04, 1451.3466666666666], ["window"]], [[413.44, 3820.0133333333333, 1378.1333333333332, 5047.413333333333], ["window"]], [[1955.2266666666667, 1632.2266666666667, 2863.9333333333334, 2872.5466666666666], ["window"]]], "width": 3448, "height": 5168, "tags": []}