{"rects": [[[1335.0666666666666, 676.1466666666666, 3376.4266666666667, 2958.68], ["window"]], [[1218.7866666666666, 2984.52, 3410.88, 4707.1866666666665], ["window"]]], "width": 3448, "height": 5168, "tags": []}