{"rects": [[[1484.3733333333334, 1225.9333333333334, 3068.146666666667, 6785.706666666667], ["window"]], [[3227.186666666667, 914.48, 5076.026666666667, 6798.96], ["window"]]], "width": 5304, "height": 7952, "tags": []}