{"rects": [[[611.5466666666666, 1210.1733333333334, 2799.3333333333335, 4108.56], ["window"]]], "width": 3448, "height": 5168, "tags": []}