{"rects": [[[245.18666666666667, 1510.88, 5288.08, 6189.306666666667], ["window"]]], "width": 5304, "height": 7952, "tags": []}