{"rects": [[[241.61142857142855, 170.02285714285713, 1974.6514285714284, 2347.5085714285715], ["window"]], [[2001.4971428571428, 125.27999999999999, 4164.068571428571, 2171.52], ["window"]]], "width": 4176, "height": 2784, "tags": []}