{"rects": [[[575.6914285714286, 447.4285714285714, 2678.605714285714, 2627.8971428571426], ["window"]]], "width": 4176, "height": 2784, "tags": []}