{"rects": [[[991.1999999999999, 184.79999999999998, 4463.2, 3175.2], ["window"]], [[739.1999999999999, 3292.7999999999997, 3785.6, 6714.4], ["window"]]], "width": 4480, "height": 6720, "tags": []}