{"rects": [[[220.73142857142855, 83.52, 3603.2914285714282, 2771.0742857142855], ["window", "shop"]]], "width": 4176, "height": 2784, "tags": []}