{"rects": [[[1332.8, 11.2, 3914.3999999999996, 3791.2], ["window"]], [[1237.6, 3886.3999999999996, 3947.9999999999995, 6641.599999999999], ["window"]]], "width": 4480, "height": 6720, "tags": []}