{"rects": [[[2251.2, 960.0, 4612.8, 4480], ["window"]], [[4723.2, 643.1999999999999, 6681.599999999999, 4300.8], ["window"]]], "width": 6720, "height": 4480, "tags": []}