{"rects": [[[14.399999999999999, 72.0, 2803.2, 3806.3999999999996], ["window"]], [[2860.7999999999997, 62.4, 6110.4, 3715.2], ["window"]]], "width": 6720, "height": 4480, "tags": []}