{"rects": [[[251.99999999999997, 537.5999999999999, 4384.799999999999, 6680.799999999999], ["window"]]], "width": 4480, "height": 6720, "tags": []}