{"rects": [[[769.5771428571428, 167.04, 3492.925714285714, 2690.5371428571425], ["window"]]], "width": 4176, "height": 2784, "tags": []}