{"rects": [[[853.0971428571428, 173.00571428571428, 3009.702857142857, 2759.142857142857], ["window"]]], "width": 4176, "height": 2784, "tags": []}