{"rects": [[[998.4, 724.8, 4185.599999999999, 4449.599999999999], ["window"]], [[4243.2, 734.4, 6700.8, 4459.2], ["window"]]], "width": 6720, "height": 4480, "tags": []}