{"rects": [[[33.599999999999994, 16.799999999999997, 4071.2, 2973.6], ["window"]], [[56.0, 2973.6, 4412.799999999999, 6120.799999999999], ["window"]]], "width": 4480, "height": 6720, "tags": []}