{"rects": [[[1333.3371428571427, 8.948571428571428, 3934.388571428571, 2783.005714285714], ["window"]]], "width": 4176, "height": 2784, "tags": []}