{"rects": [[[38.4, 398.4, 4881.599999999999, 4425.599999999999], ["window"]], [[4920.0, 432.0, 6700.8, 3974.3999999999996], ["window"]]], "width": 6720, "height": 4480, "tags": []}