{"rects": [[[8.948571428571428, 208.79999999999998, 1929.9085714285713, 2765.1085714285714], ["window"]], [[1941.84, 125.27999999999999, 3698.742857142857, 2759.142857142857], ["window"]]], "width": 4176, "height": 2784, "tags": []}