{"rects": [[[134.39999999999998, 16.799999999999997, 4440.799999999999, 2133.6], ["window"]], [[123.19999999999999, 2156.0, 3399.2, 6092.799999999999], ["window"]]], "width": 4480, "height": 6720, "tags": []}