{"rects": [[[0, 238.6285714285714, 2800.902857142857, 2627.8971428571426], ["window"]]], "width": 4176, "height": 2784, "tags": []}