{"rects": [[[256.5257142857143, 32.81142857142857, 2451.908571428571, 2302.7657142857142], ["window"]], [[2457.8742857142856, 44.74285714285714, 4149.154285714286, 2475.7714285714283], ["window"]]], "width": 4176, "height": 2784, "tags": []}