{"rects": [[[1515.2914285714285, 2.9828571428571427, 4128.274285714286, 978.3771428571428], ["window"]], [[1357.1999999999998, 1014.1714285714285, 2914.2514285714283, 2386.285714285714], ["window"]], [[2932.1485714285714, 1020.1371428571427, 4152.137142857143, 2481.7371428571428], ["window"]]], "width": 4176, "height": 2784, "tags": []}