{"rects": [[[465.59999999999997, 504.0, 3196.7999999999997, 4209.599999999999], ["window"]], [[3374.4, 62.4, 6523.2, 3969.6], ["window"]]], "width": 6720, "height": 4480, "tags": []}