{"rects": [[[20.88, 596.5714285714286, 2201.348571428571, 2765.1085714285714], ["window"]], [[2225.2114285714283, 581.6571428571428, 4167.051428571428, 2784], ["window"]]], "width": 4176, "height": 2784, "tags": []}