{"rects": [[[101.41714285714285, 235.64571428571426, 3296.0571428571425, 2621.9314285714286], ["window"]]], "width": 4176, "height": 2784, "tags": []}