{"rects": [[[1915.1999999999998, 9.6, 5179.2, 2510.4], ["window"]], [[691.1999999999999, 2544.0, 5270.4, 4480], ["window"]]], "width": 6720, "height": 4480, "tags": []}