{"rects": [[[1103.6571428571428, 343.0285714285714, 3546.6171428571424, 2784], ["window"]]], "width": 4176, "height": 2784, "tags": []}