{"rects": [[[100.8, 22.4, 4284.0, 2480.7999999999997], ["window"]], [[112.0, 2609.6, 4205.599999999999, 6104.0], ["window"]]], "width": 4480, "height": 6720, "tags": []}