{"rects": [[[56.67428571428571, 247.57714285714283, 1923.942857142857, 2744.2285714285713], ["window"]], [[1938.8571428571427, 241.61142857142855, 4170.034285714285, 2610.0], ["window"]]], "width": 4176, "height": 2784, "tags": []}