{"rects": [[[2.9828571428571427, 8.948571428571428, 2067.12, 2784], ["window", "shop"]], [[2085.0171428571425, 11.93142857142857, 3307.988571428571, 2765.1085714285714], ["door", "shop"]]], "width": 4176, "height": 2784, "tags": []}