{"rects": [[[438.47999999999996, 83.52, 3567.4971428571425, 2687.5542857142855], ["window"]]], "width": 4176, "height": 2784, "tags": []}