{"rects": [[[975.3942857142856, 131.24571428571429, 2833.7142857142853, 2744.2285714285713], ["window"]]], "width": 4176, "height": 2784, "tags": []}