{"rects": [[[1454.3999999999999, 163.2, 5865.599999999999, 2616.0], ["window"]]], "width": 6720, "height": 4480, "tags": []}