{"rects": [[[196.0, 39.199999999999996, 4306.4, 2923.2], ["window"]], [[179.2, 3052.0, 4368.0, 6501.599999999999], ["window"]]], "width": 4480, "height": 6720, "tags": []}