{"rects": [[[644.2971428571428, 420.5828571428571, 3397.4742857142855, 2463.8399999999997], ["window"]]], "width": 4176, "height": 2784, "tags": []}