{"rects": [[[134.39999999999998, 621.5999999999999, 2475.2, 6703.2], ["window"]]], "width": 4480, "height": 6720, "tags": []}