{"rects": [[[1198.3999999999999, 324.79999999999995, 4480, 4267.2], ["window"]], [[1086.3999999999999, 4328.799999999999, 4452.0, 6703.2], ["window"]]], "width": 4480, "height": 6720, "tags": []}