{"rects": [[[1288.0, 212.79999999999998, 4480, 3595.2], ["window"]], [[1327.1999999999998, 3975.9999999999995, 4480, 6070.4], ["window"]]], "width": 4480, "height": 6720, "tags": []}