{"rects": [[[44.8, 0, 4211.2, 2329.6], ["window"]], [[50.4, 2368.7999999999997, 4295.2, 4306.4], ["window"]], [[56.0, 4328.799999999999, 4474.4, 6641.599999999999], ["window"]]], "width": 4480, "height": 6720, "tags": []}