{"rects": [[[1112.6057142857142, 244.5942857142857, 3803.142857142857, 2657.7257142857143], ["window"]]], "width": 4176, "height": 2784, "tags": []}