{"rects": [[[8.948571428571428, 5.965714285714285, 3710.6742857142854, 1151.3828571428571], ["window"]], [[23.86285714285714, 1157.3485714285714, 3677.8628571428567, 2702.468571428571], ["window"]]], "width": 4176, "height": 2784, "tags": []}