{"rects": [[[954.5142857142856, 26.845714285714283, 3877.7142857142853, 2448.925714285714], ["window"]]], "width": 4176, "height": 2784, "tags": []}