{"rects": [[[781.5085714285714, 8.948571428571428, 2777.04, 2055.1885714285713], ["window"]]], "width": 4176, "height": 2784, "tags": []}