{"rects": [[[700.9714285714285, 17.897142857142857, 2958.9942857142855, 2732.2971428571427], ["window"]]], "width": 4176, "height": 2784, "tags": []}