{"rects": [[[0, 572.7085714285714, 1437.7371428571428, 2738.262857142857], ["window"]], [[1488.445714285714, 572.7085714285714, 3331.851428571428, 2723.348571428571], ["window"]]], "width": 4176, "height": 2784, "tags": []}