{"rects": [[[17.897142857142857, 232.66285714285712, 2314.697142857143, 2774.0571428571425], ["window"]], [[2353.4742857142855, 161.0742857142857, 4164.068571428571, 2783.005714285714], ["window"]]], "width": 4176, "height": 2784, "tags": []}