{"rects": [[[907.1999999999999, 229.6, 4345.599999999999, 5784.799999999999], ["window"]]], "width": 4480, "height": 6720, "tags": []}