{"rects": [[[1099.2, 273.59999999999997, 5121.599999999999, 4440.0], ["window"]]], "width": 6720, "height": 4480, "tags": []}