{"rects": [[[5.965714285714285, 80.53714285714285, 3475.028571428571, 2574.2057142857143], ["window"]]], "width": 4176, "height": 2784, "tags": []}