{"rects": [[[429.53142857142853, 2.9828571428571427, 3400.4571428571426, 2517.5314285714285], ["window"]]], "width": 4176, "height": 2784, "tags": []}