{"rects": [[[29.828571428571426, 390.7542857142857, 2398.217142857143, 2705.4514285714286], ["window"]], [[2419.097142857143, 396.71999999999997, 4170.034285714285, 2693.52], ["window"]]], "width": 4176, "height": 2784, "tags": []}