{"rects": [[[1536.0, 489.59999999999997, 5553.599999999999, 4320.0], ["window"]]], "width": 6720, "height": 4480, "tags": []}