{"rects": [[[632.8, 28.0, 3729.6, 3365.6], ["window"]], [[621.5999999999999, 3494.3999999999996, 4048.7999999999997, 6669.599999999999], ["window"]]], "width": 4480, "height": 6720, "tags": []}