{"rects": [[[39.199999999999996, 16.799999999999997, 4468.799999999999, 3483.2], ["window"]]], "width": 4480, "height": 6720, "tags": []}