{"rects": [[[608.5028571428571, 14.914285714285713, 3528.72, 2463.8399999999997], ["window"]]], "width": 4176, "height": 2784, "tags": []}