{"rects": [[[951.9999999999999, 1114.3999999999999, 4340.0, 6563.2], ["window"]]], "width": 4480, "height": 6720, "tags": []}