{"rects": [[[41.76, 450.41142857142853, 3513.805714285714, 2765.1085714285714], ["window"]]], "width": 4176, "height": 2784, "tags": []}