{"rects": [[[582.4, 795.1999999999999, 4233.599999999999, 6641.599999999999], ["window"]]], "width": 4480, "height": 6720, "tags": []}