{"rects": [[[1646.3999999999999, 316.8, 6249.599999999999, 4281.599999999999], ["window", "shop"]]], "width": 6720, "height": 4480, "tags": []}