{"rects": [[[806.4, 3192.0, 3914.3999999999996, 6714.4], ["window"]], [[716.8, 0, 4121.599999999999, 3152.7999999999997], ["window"]]], "width": 4480, "height": 6720, "tags": []}