{"rects": [[[548.8, 498.4, 4463.2, 3348.7999999999997], ["window"]], [[1215.1999999999998, 3522.3999999999996, 4138.4, 6300.0], ["door"]]], "width": 4480, "height": 6720, "tags": []}