{"rects": [[[89.6, 3270.3999999999996, 4121.599999999999, 6714.4], ["window"]], [[313.59999999999997, 117.6, 4037.6, 3197.6], ["window"]]], "width": 4480, "height": 6720, "tags": []}