{"rects": [[[56.67428571428571, 435.4971428571428, 1691.28, 2708.4342857142856], ["window"]], [[1718.1257142857141, 519.0171428571429, 4137.222857142857, 2711.4171428571426], ["window"]]], "width": 4176, "height": 2784, "tags": []}