{"rects": [[[5.965714285714285, 14.914285714285713, 2117.828571428571, 1959.7371428571428], ["window", "shop"]], [[2141.6914285714283, 5.965714285714285, 4173.017142857143, 1932.8914285714284], ["window", "shop"]]], "width": 4176, "height": 2784, "tags": []}