{"rects": [[[1046.3999999999999, 196.79999999999998, 6004.8, 4118.4], ["window"]]], "width": 6720, "height": 4480, "tags": []}