{"rects": [[[1651.2, 57.599999999999994, 4641.599999999999, 4406.4], ["window"]]], "width": 6720, "height": 4480, "tags": []}