{"rects": [[[38.4, 24.0, 2577.6, 4377.599999999999], ["window"]], [[2596.7999999999997, 33.6, 5236.8, 4368.0], ["window"]]], "width": 6720, "height": 4480, "tags": []}