{"rects": [[[1217.0057142857142, 47.72571428571428, 3779.2799999999997, 2714.3999999999996], ["window"]]], "width": 4176, "height": 2784, "tags": []}