{"rects": [[[33.599999999999994, 1422.3999999999999, 4261.599999999999, 6680.799999999999], ["window"]]], "width": 4480, "height": 6720, "tags": []}