{"rects": [[[526.4, 1400.0, 4082.3999999999996, 6120.799999999999], ["window"]]], "width": 4480, "height": 6720, "tags": []}