{"rects": [[[29.828571428571426, 17.897142857142857, 1816.56, 2753.177142857143], ["window"]], [[2431.0285714285715, 5.965714285714285, 3943.3371428571427, 2732.2971428571427], ["window"]]], "width": 4176, "height": 2784, "tags": []}