{"rects": [[[1996.8, 48.0, 5539.2, 2131.2], ["window"]], [[1987.1999999999998, 2198.4, 5774.4, 4425.599999999999], ["window"]]], "width": 6720, "height": 4480, "tags": []}