{"rects": [[[571.1999999999999, 565.5999999999999, 4015.2, 5224.799999999999], ["window"]]], "width": 4480, "height": 6720, "tags": []}