{"rects": [[[8.948571428571428, 909.7714285714285, 2526.48, 2762.125714285714], ["window"]], [[2538.4114285714286, 29.828571428571426, 3925.4399999999996, 2711.4171428571426], ["window"]]], "width": 4176, "height": 2784, "tags": []}