{"rects": [[[408.79999999999995, 2279.2, 3466.3999999999996, 6652.799999999999], ["window"]]], "width": 4480, "height": 6720, "tags": []}