{"rects": [[[548.8457142857143, 140.1942857142857, 2935.1314285714284, 1986.582857142857], ["window"]], [[2941.0971428571424, 116.33142857142856, 4044.7542857142853, 2159.5885714285714], ["window"]]], "width": 4176, "height": 2784, "tags": []}