{"rects": [[[847.1314285714285, 372.85714285714283, 2967.942857142857, 2296.7999999999997], ["window", "shop"]]], "width": 4176, "height": 2784, "tags": []}