{"rects": [[[244.5942857142857, 912.7542857142856, 2863.542857142857, 2529.462857142857], ["window"]]], "width": 4176, "height": 2784, "tags": []}