{"rects": [[[605.52, 8.948571428571428, 3725.588571428571, 2601.0514285714285], ["window"]]], "width": 4176, "height": 2784, "tags": []}