{"rects": [[[26.845714285714283, 450.41142857142853, 2183.4514285714286, 2759.142857142857], ["window", "shop"]], [[2234.16, 62.63999999999999, 4173.017142857143, 2765.1085714285714], ["window", "shop"]]], "width": 4176, "height": 2784, "tags": []}