{"rects": [[[1103.1999999999998, 2161.6, 4468.799999999999, 5908.0], ["window"]]], "width": 4480, "height": 6720, "tags": []}