{"rects": [[[19.2, 24.0, 4233.599999999999, 4372.8], ["window"]], [[4262.4, 43.199999999999996, 6662.4, 4459.2], ["window"]]], "width": 6720, "height": 4480, "tags": []}