{"rects": [[[19.2, 864.0, 3936.0, 3806.3999999999996], ["window", "shop"]], [[3988.7999999999997, 1056.0, 6686.4, 3825.6], ["window", "shop"]]], "width": 6720, "height": 4480, "tags": []}