{"rects": [[[254.39999999999998, 720.0, 3321.6, 4300.8], ["window"]], [[3532.7999999999997, 619.1999999999999, 6542.4, 4382.4], ["window"]]], "width": 6720, "height": 4480, "tags": []}