{"rects": [[[510.0685714285714, 465.32571428571424, 3105.1542857142854, 2705.4514285714286], ["window"]]], "width": 4176, "height": 2784, "tags": []}