{"rects": [[[840.0, 1562.3999999999999, 4351.2, 6445.599999999999], ["window"]]], "width": 4480, "height": 6720, "tags": []}