{"rects": [[[378.8228571428571, 283.37142857142857, 3636.102857142857, 2589.12], ["window"]]], "width": 4176, "height": 2784, "tags": []}