{"rects": [[[1915.1999999999998, 777.6, 4785.599999999999, 3326.4], ["window"]]], "width": 6720, "height": 4480, "tags": []}