{"rects": [[[1142.3999999999999, 393.59999999999997, 5515.2, 4372.8], ["window"]]], "width": 6720, "height": 4480, "tags": []}