{"rects": [[[647.28, 158.09142857142857, 2672.64, 2780.022857142857], ["window"]]], "width": 4176, "height": 2784, "tags": []}