{"rects": [[[464.79999999999995, 235.2, 4183.2, 3488.7999999999997], ["window"]], [[268.79999999999995, 3606.3999999999996, 4412.799999999999, 6714.4], ["window"]]], "width": 4480, "height": 6720, "tags": []}