{"rects": [[[2332.7999999999997, 1180.8, 4646.4, 3931.2], ["window"]], [[331.2, 139.2, 2284.7999999999997, 2400.0], ["window"]], [[153.6, 2438.4, 2289.6, 4480], ["window"]]], "width": 6720, "height": 4480, "tags": []}