{"rects": [[[727.8171428571428, 471.2914285714285, 3982.1142857142854, 2621.9314285714286], ["window"]]], "width": 4176, "height": 2784, "tags": []}