{"rects": [[[750.4, 16.799999999999997, 4188.8, 3208.7999999999997], ["window"]], [[739.1999999999999, 3320.7999999999997, 4328.799999999999, 6311.2], ["window"]]], "width": 4480, "height": 6720, "tags": []}