{"rects": [[[868.0114285714285, 8.948571428571428, 3200.605714285714, 2681.5885714285714], ["window"]]], "width": 4176, "height": 2784, "tags": []}