{"rects": [[[1017.1542857142856, 26.845714285714283, 3779.2799999999997, 2562.2742857142857], ["window"]]], "width": 4176, "height": 2784, "tags": []}