{"rects": [[[47.72571428571428, 471.2914285714285, 1592.8457142857142, 2762.125714285714], ["window"]], [[1625.6571428571428, 375.84, 4161.085714285714, 2765.1085714285714], ["window"]]], "width": 4176, "height": 2784, "tags": []}