{"rects": [[[19.2, 1214.3999999999999, 6657.599999999999, 4339.2], ["window"]]], "width": 6720, "height": 4480, "tags": []}