{"rects": [[[1008.2057142857142, 557.7942857142857, 2702.468571428571, 2759.142857142857], ["window"]]], "width": 4176, "height": 2784, "tags": []}