{"rects": [[[106.39999999999999, 481.59999999999997, 3494.3999999999996, 5902.4], ["window"]]], "width": 4480, "height": 6720, "tags": []}