{"rects": [[[336.0, 1797.6, 3432.7999999999997, 6512.799999999999], ["window"]]], "width": 4480, "height": 6720, "tags": []}