{"rects": [[[1080.8, 2738.3999999999996, 4149.599999999999, 6529.599999999999], ["window"]]], "width": 4480, "height": 6720, "tags": []}