{"rects": [[[921.702857142857, 402.68571428571425, 3063.3942857142856, 2784], ["window"]]], "width": 4176, "height": 2784, "tags": []}