{"rects": [[[1124.5371428571427, 307.2342857142857, 3821.04, 2601.0514285714285], ["window"]]], "width": 4176, "height": 2784, "tags": []}