{"rects": [[[274.42285714285714, 107.38285714285713, 3510.8228571428567, 1574.9485714285713], ["window"]], [[271.44, 1619.6914285714286, 3531.702857142857, 2765.1085714285714], ["window"]]], "width": 4176, "height": 2784, "tags": []}