{"rects": [[[0, 0, 4480, 6720], ["facade"]], [[1959.9999999999998, 1540.0, 4384.799999999999, 4289.599999999999], ["window"]]], "width": 4480, "height": 6720, "tags": []}