{"rects": [[[1097.6, 711.1999999999999, 4267.2, 3931.2], ["window"]], [[1013.5999999999999, 3964.7999999999997, 4312.0, 6675.2], ["window"]]], "width": 4480, "height": 6720, "tags": []}