{"rects": [[[930.6514285714285, 8.948571428571428, 4173.017142857143, 2717.382857142857], ["window"]]], "width": 4176, "height": 2784, "tags": []}