{"rects": [[[212.79999999999998, 2228.7999999999997, 3992.7999999999997, 6092.799999999999], ["window"]]], "width": 4480, "height": 6720, "tags": []}