{"rects": [[[957.5999999999999, 431.2, 4065.6, 4328.799999999999], ["window"]]], "width": 4480, "height": 6720, "tags": []}