{"rects": [[[683.0742857142857, 83.52, 3355.7142857142853, 2723.348571428571], ["window"]]], "width": 4176, "height": 2784, "tags": []}