{"rects": [[[23.86285714285714, 536.9142857142857, 1873.2342857142855, 2586.137142857143], ["window"]], [[1906.0457142857142, 536.9142857142857, 4038.7885714285712, 2618.948571428571], ["window"]]], "width": 4176, "height": 2784, "tags": []}