{"rects": [[[397.59999999999997, 828.8, 4031.9999999999995, 6624.799999999999], ["window"]]], "width": 4480, "height": 6720, "tags": []}