{"rects": [[[26.845714285714283, 2.9828571428571427, 3478.0114285714285, 2654.742857142857], ["window"]]], "width": 4176, "height": 2784, "tags": []}