{"rects": [[[978.3771428571428, 429.53142857142853, 3585.3942857142856, 2720.365714285714], ["window"]]], "width": 4176, "height": 2784, "tags": []}