{"rects": [[[115.19999999999999, 100.8, 3892.7999999999997, 4348.8], ["window"]], [[4200.0, 657.6, 6556.8, 4372.8], ["window"]]], "width": 6720, "height": 4480, "tags": []}