{"rects": [[[2260.7999999999997, 787.1999999999999, 5289.599999999999, 4070.3999999999996], ["window"]]], "width": 6720, "height": 4480, "tags": []}