{"rects": [[[468.3085714285714, 184.93714285714285, 2997.7714285714283, 2368.388571428571], ["window"]]], "width": 4176, "height": 2784, "tags": []}