{"rects": [[[1080.8, 979.9999999999999, 3466.3999999999996, 5381.599999999999], ["window"]]], "width": 4480, "height": 6720, "tags": []}