{"rects": [[[757.6457142857142, 0, 2881.4399999999996, 2702.468571428571], ["window"]]], "width": 4176, "height": 2784, "tags": []}