{"rects": [[[620.4342857142857, 8.948571428571428, 3376.5942857142854, 2774.0571428571425], ["window"]]], "width": 4176, "height": 2784, "tags": []}