{"rects": [[[414.4, 50.4, 4015.2, 3164.0], ["window"]], [[453.59999999999997, 3236.7999999999997, 4104.8, 6277.599999999999], ["window"]]], "width": 4480, "height": 6720, "tags": []}