{"rects": [[[448.0, 61.599999999999994, 4480, 2693.6], ["window"]], [[464.79999999999995, 2699.2, 4480, 5992.0], ["window", "shop"]]], "width": 4480, "height": 6720, "tags": []}