{"rects": [[[431.2, 145.6, 3556.0, 3276.0], ["window"]], [[453.59999999999997, 3281.6, 3740.7999999999997, 6708.799999999999], ["window"]]], "width": 4480, "height": 6720, "tags": []}