{"rects": [[[14.914285714285713, 17.897142857142857, 1521.2571428571428, 2010.445714285714], ["window"]], [[1554.0685714285714, 26.845714285714283, 3287.1085714285714, 2275.9199999999996], ["window"]]], "width": 4176, "height": 2784, "tags": []}