{"rects": [[[1076.8114285714285, 879.9428571428571, 3430.285714285714, 2726.331428571428], ["window"]]], "width": 4176, "height": 2784, "tags": []}