{"rects": [[[811.1999999999999, 945.5999999999999, 4483.2, 3158.4], ["window"]], [[859.1999999999999, 3163.2, 4656.0, 4473.599999999999], ["window"]]], "width": 6720, "height": 4480, "tags": []}