{"rects": [[[11.2, 873.5999999999999, 4440.799999999999, 6384.0], ["window"]]], "width": 4480, "height": 6720, "tags": []}