{"rects": [[[38.4, 86.39999999999999, 3988.7999999999997, 4276.8], ["window"]], [[4036.7999999999997, 72.0, 6681.599999999999, 4411.2], ["window"]]], "width": 6720, "height": 4480, "tags": []}