{"rects": [[[0, 0, 6720, 4480], ["facade"]], [[1296.0, 2044.8, 4920.0, 3998.3999999999996], ["window"]], [[1617.6, 134.4, 4051.2, 2006.3999999999999], ["window"]]], "width": 6720, "height": 4480, "tags": []}