{"rects": [[[19.2, 1291.2, 2179.2, 3700.7999999999997], ["window"]], [[2179.2, 1310.3999999999999, 4876.8, 3897.6], ["window"]]], "width": 6720, "height": 4480, "tags": []}