{"rects": [[[1273.6799999999998, 8.948571428571428, 3958.2514285714283, 2747.2114285714283], ["window"]]], "width": 4176, "height": 2784, "tags": []}