{"rects": [[[656.2285714285714, 5.965714285714285, 3636.102857142857, 2744.2285714285713], ["window"]]], "width": 4176, "height": 2784, "tags": []}