{"rects": [[[33.599999999999994, 2492.0, 3942.3999999999996, 5712.0], ["window"]]], "width": 4480, "height": 6720, "tags": []}