{"rects": [[[742.7314285714285, 110.36571428571428, 4170.034285714285, 2684.5714285714284], ["window"]]], "width": 4176, "height": 2784, "tags": []}