{"rects": [[[1588.8, 369.59999999999997, 4732.8, 2448.0], ["window"]], [[1675.2, 2548.7999999999997, 4848.0, 4406.4], ["window"]]], "width": 6720, "height": 4480, "tags": []}