{"rects": [[[14.914285714285713, 29.828571428571426, 2258.022857142857, 2636.845714285714], ["window"]], [[2269.9542857142856, 26.845714285714283, 4146.171428571428, 2636.845714285714], ["window"]]], "width": 4176, "height": 2784, "tags": []}