{"rects": [[[369.59999999999997, 459.2, 4356.799999999999, 3550.3999999999996], ["window"]], [[341.59999999999997, 3623.2, 4412.799999999999, 6473.599999999999], ["window"]]], "width": 4480, "height": 6720, "tags": []}