{"rects": [[[453.59999999999997, 1853.6, 3611.9999999999995, 6462.4], ["window"]]], "width": 4480, "height": 6720, "tags": []}