{"rects": [[[11.93142857142857, 59.65714285714285, 2281.885714285714, 2774.0571428571425], ["window"]], [[2293.8171428571427, 68.60571428571428, 4164.068571428571, 2777.04], ["window"]]], "width": 4176, "height": 2784, "tags": []}