{"rects": [[[900.8228571428571, 909.7714285714285, 3409.405714285714, 2401.2], ["window"]]], "width": 4176, "height": 2784, "tags": []}