{"rects": [[[262.49142857142857, 205.81714285714284, 2565.2571428571428, 2162.5714285714284], ["window", "shop"]]], "width": 4176, "height": 2784, "tags": []}