{"rects": [[[425.59999999999997, 1002.4, 3852.7999999999997, 6708.799999999999], ["window"]]], "width": 4480, "height": 6720, "tags": []}