{"rects": [[[817.3028571428571, 399.7028571428571, 2908.285714285714, 2299.782857142857], ["window"]], [[2920.217142857143, 360.92571428571426, 4173.017142857143, 2365.405714285714], ["window"]]], "width": 4176, "height": 2784, "tags": []}