{"rects": [[[257.59999999999997, 2469.6, 4054.3999999999996, 6283.2], ["window"]]], "width": 4480, "height": 6720, "tags": []}