{"rects": [[[35.794285714285714, 65.62285714285714, 3236.3999999999996, 2666.6742857142854], ["window"]]], "width": 4176, "height": 2784, "tags": []}