{"rects": [[[442.4, 1847.9999999999998, 3320.7999999999997, 6221.599999999999], ["window"]]], "width": 4480, "height": 6720, "tags": []}