{"rects": [[[838.1828571428571, 125.27999999999999, 3179.7257142857143, 2726.331428571428], ["window"]]], "width": 4176, "height": 2784, "tags": []}