{"rects": [[[543.1999999999999, 1747.1999999999998, 4345.599999999999, 6636.0], ["window"]]], "width": 4480, "height": 6720, "tags": []}