{"rects": [[[536.9142857142857, 307.2342857142857, 3239.382857142857, 2538.4114285714286], ["window"]]], "width": 4176, "height": 2784, "tags": []}