{"rects": [[[1041.0171428571427, 8.948571428571428, 3659.965714285714, 2768.0914285714284], ["window"]]], "width": 4176, "height": 2784, "tags": []}