{"rects": [[[0, 74.57142857142857, 1336.32, 2031.3257142857142], ["window"]], [[1354.2171428571428, 23.86285714285714, 3361.68, 1178.2285714285713], ["window"]], [[1351.2342857142855, 1211.04, 3275.177142857143, 2771.0742857142855], ["window"]]], "width": 4176, "height": 2784, "tags": []}