{"rects": [[[1300.8, 566.4, 4185.599999999999, 2251.2], ["window"]], [[4310.4, 369.59999999999997, 6652.8, 2404.7999999999997], ["window"]], [[1286.3999999999999, 2284.7999999999997, 4080.0, 4214.4], ["window"]]], "width": 6720, "height": 4480, "tags": []}