{"rects": [[[554.8114285714286, 835.1999999999999, 3901.5771428571425, 2768.0914285714284], ["window"]]], "width": 4176, "height": 2784, "tags": []}