{"rects": [[[882.9257142857142, 131.24571428571429, 3812.0914285714284, 2696.502857142857], ["window"]]], "width": 4176, "height": 2784, "tags": []}