{"rects": [[[23.86285714285714, 131.24571428571429, 2049.222857142857, 2777.04], ["window"]], [[2070.102857142857, 125.27999999999999, 4170.034285714285, 2708.4342857142856], ["window"]]], "width": 4176, "height": 2784, "tags": []}