{"rects": [[[2255.04, 1222.9714285714285, 3239.382857142857, 2422.08], ["window"]], [[829.2342857142856, 363.9085714285714, 1637.5885714285714, 1363.165714285714], ["window"]]], "width": 4176, "height": 2784, "tags": []}