{"rects": [[[212.79999999999998, 1999.1999999999998, 2945.6, 6456.799999999999], ["window", "shop"]]], "width": 4480, "height": 6720, "tags": []}