{"rects": [[[960.4799999999999, 235.64571428571426, 3731.5542857142855, 2702.468571428571], ["window"]]], "width": 4176, "height": 2784, "tags": []}