{"rects": [[[14.914285714285713, 14.914285714285713, 1685.3142857142857, 2660.7085714285713], ["window"]], [[2278.902857142857, 8.948571428571428, 4170.034285714285, 2717.382857142857], ["window"]]], "width": 4176, "height": 2784, "tags": []}