{"rects": [[[19.2, 988.8, 2788.7999999999997, 4387.2], ["window"]], [[2913.6, 988.8, 5601.599999999999, 4281.599999999999], ["window"]]], "width": 6720, "height": 4480, "tags": []}