{"rects": [[[596.5714285714286, 116.33142857142856, 4116.342857142857, 2777.04], ["window"]]], "width": 4176, "height": 2784, "tags": []}