{"rects": [[[1142.3999999999999, 1099.2, 3859.2, 3974.3999999999996], ["window"]], [[4334.4, 1041.6, 6676.8, 3801.6], ["window"]]], "width": 6720, "height": 4480, "tags": []}