{"rects": [[[140.1942857142857, 8.948571428571428, 3445.2, 2604.0342857142855], ["window"]]], "width": 4176, "height": 2784, "tags": []}