{"rects": [[[2361.6, 840.0, 4833.599999999999, 4305.599999999999], ["window"]]], "width": 6720, "height": 4480, "tags": []}