{"rects": [[[17.897142857142857, 581.6571428571428, 2818.7999999999997, 2666.6742857142854], ["window"]], [[2833.7142857142853, 593.5885714285714, 4146.171428571428, 2687.5542857142855], ["window"]]], "width": 4176, "height": 2784, "tags": []}