{"rects": [[[644.0, 957.5999999999999, 3399.2, 6540.799999999999], ["window"]]], "width": 4480, "height": 6720, "tags": []}