{"rects": [[[162.39999999999998, 257.59999999999997, 3807.9999999999995, 6714.4], ["window"]]], "width": 4480, "height": 6720, "tags": []}