{"rects": [[[341.59999999999997, 918.4, 4306.4, 5784.799999999999], ["window"]]], "width": 4480, "height": 6720, "tags": []}