{"rects": [[[906.7885714285713, 190.90285714285713, 3114.102857142857, 2481.7371428571428], ["window"]]], "width": 4176, "height": 2784, "tags": []}