{"rects": [[[604.8, 5.6, 3919.9999999999995, 6669.599999999999], ["window", "shop"]]], "width": 4480, "height": 6720, "tags": []}