{"rects": [[[1192.8, 1422.3999999999999, 4418.4, 6260.799999999999], ["window"]]], "width": 4480, "height": 6720, "tags": []}