{"rects": [[[32.81142857142857, 205.81714285714284, 2198.365714285714, 2672.64], ["window"]], [[2222.2285714285713, 199.85142857142856, 4125.291428571429, 2720.365714285714], ["window"]]], "width": 4176, "height": 2784, "tags": []}