{"rects": [[[137.21142857142857, 838.1828571428571, 3806.125714285714, 2445.942857142857], ["window"]]], "width": 4176, "height": 2784, "tags": []}