{"rects": [[[8.948571428571428, 178.97142857142856, 1461.6, 2768.0914285714284], ["window"]], [[1467.5657142857142, 187.92, 3698.742857142857, 2780.022857142857], ["window"]]], "width": 4176, "height": 2784, "tags": []}