{"rects": [[[761.5999999999999, 11.2, 4183.2, 2889.6], ["window"]], [[700.0, 2951.2, 4317.599999999999, 6350.4], ["window"]]], "width": 4480, "height": 6720, "tags": []}