{"rects": [[[3528.0, 244.79999999999998, 6216.0, 4267.2], ["window"]], [[120.0, 331.2, 3446.4, 4281.599999999999], ["window"]]], "width": 6720, "height": 4480, "tags": []}