{"rects": [[[33.599999999999994, 3220.0, 3096.7999999999997, 6714.4], ["window"]], [[1713.6, 16.799999999999997, 4480, 3152.7999999999997], ["window"]]], "width": 4480, "height": 6720, "tags": []}