{"rects": [[[128.79999999999998, 2413.6, 4412.799999999999, 5818.4], ["window"]]], "width": 4480, "height": 6720, "tags": []}