{"rects": [[[24.0, 153.6, 3772.7999999999997, 4262.4], ["window"]], [[3854.3999999999996, 393.59999999999997, 6715.2, 4190.4], ["window"]]], "width": 6720, "height": 4480, "tags": []}