{"rects": [[[106.39999999999999, 22.4, 4356.799999999999, 6714.4], ["door"]]], "width": 4480, "height": 6720, "tags": []}