{"rects": [[[856.8, 795.1999999999999, 4272.8, 6624.799999999999], ["window"]]], "width": 4480, "height": 6720, "tags": []}