{"rects": [[[712.9028571428571, 196.8685714285714, 3624.1714285714284, 2678.605714285714], ["window"]]], "width": 4176, "height": 2784, "tags": []}