{"rects": [[[28.0, 2200.7999999999997, 3220.0, 6708.799999999999], ["window"]]], "width": 4480, "height": 6720, "tags": []}