{"rects": [[[1862.3999999999999, 110.39999999999999, 5856.0, 3096.0], ["window"]]], "width": 6720, "height": 4480, "tags": []}