{"rects": [[[1193.142857142857, 38.777142857142856, 3725.588571428571, 2714.3999999999996], ["window"]]], "width": 4176, "height": 2784, "tags": []}