{"rects": [[[1694.3999999999999, 110.39999999999999, 5726.4, 4449.599999999999], ["window"]]], "width": 6720, "height": 4480, "tags": []}