{"rects": [[[1136.8, 95.19999999999999, 4480, 2671.2], ["window"]], [[979.9999999999999, 2788.7999999999997, 4463.2, 4894.4], ["window"]], [[750.4, 4916.799999999999, 4457.599999999999, 6714.4], ["window"]]], "width": 4480, "height": 6720, "tags": []}