{"rects": [[[453.59999999999997, 2760.7999999999997, 4390.4, 6053.599999999999], ["window"]], [[425.59999999999997, 22.4, 4390.4, 2643.2], ["window"]]], "width": 4480, "height": 6720, "tags": []}