{"rects": [[[8.948571428571428, 20.88, 1968.685714285714, 2332.5942857142854], ["window"]], [[1977.6342857142856, 23.86285714285714, 4110.377142857143, 2350.4914285714285], ["window"]]], "width": 4176, "height": 2784, "tags": []}