{"rects": [[[0, 0, 6720, 4480], ["facade"]], [[62.4, 667.1999999999999, 2366.4, 3316.7999999999997], ["window"]], [[2390.4, 1843.1999999999998, 4891.2, 4440.0], ["window"]]], "width": 6720, "height": 4480, "tags": []}