{"rects": [[[3912.0, 441.59999999999997, 6028.8, 4348.8], ["window"]], [[1099.2, 1478.3999999999999, 3806.3999999999996, 4358.4], ["window"]]], "width": 6720, "height": 4480, "tags": []}