{"rects": [[[627.1999999999999, 184.79999999999998, 4144.0, 6686.4], ["window"]]], "width": 4480, "height": 6720, "tags": []}