{"rects": [[[647.28, 8.948571428571428, 3973.165714285714, 2750.1942857142853], ["window"]]], "width": 4176, "height": 2784, "tags": []}