{"rects": [[[14.399999999999999, 1099.2, 3868.7999999999997, 4430.4], ["window"]], [[3902.3999999999996, 1084.8, 6672.0, 4392.0], ["window"]]], "width": 6720, "height": 4480, "tags": []}