{"rects": [[[462.3428571428571, 277.4057142857143, 2305.7485714285713, 2639.828571428571], ["window"]], [[2401.2, 253.54285714285712, 4173.017142857143, 2583.1542857142854], ["window"]]], "width": 4176, "height": 2784, "tags": []}