{"rects": [[[475.99999999999994, 1327.1999999999998, 4037.6, 6115.2], ["window"]]], "width": 4480, "height": 6720, "tags": []}