{"rects": [[[522.0, 14.914285714285713, 3683.828571428571, 2759.142857142857], ["window"]]], "width": 4176, "height": 2784, "tags": []}