{"rects": [[[14.399999999999999, 1060.8, 2524.7999999999997, 4195.2], ["window"]], [[2640.0, 883.1999999999999, 5534.4, 4262.4], ["window"]]], "width": 6720, "height": 4480, "tags": []}