{"rects": [[[5.965714285714285, 346.01142857142855, 1834.4571428571428, 2750.1942857142853], ["window"]], [[1855.3371428571427, 393.7371428571428, 3832.9714285714285, 2741.2457142857143], ["window"]]], "width": 4176, "height": 2784, "tags": []}