{"rects": [[[0, 523.1999999999999, 2985.6, 4310.4], ["window"]], [[3009.6, 480.0, 5515.2, 4305.599999999999], ["window"]]], "width": 6720, "height": 4480, "tags": []}