{"rects": [[[845.5999999999999, 78.39999999999999, 4289.599999999999, 6680.799999999999], ["window"]]], "width": 4480, "height": 6720, "tags": []}