{"rects": [[[718.8685714285714, 301.2685714285714, 2827.7485714285713, 2762.125714285714], ["window"]], [[2827.7485714285713, 319.1657142857143, 4152.137142857143, 2720.365714285714], ["window"]]], "width": 4176, "height": 2784, "tags": []}