{"rects": [[[1358.3999999999999, 163.2, 5649.599999999999, 4281.599999999999], ["window"]]], "width": 6720, "height": 4480, "tags": []}