{"rects": [[[468.3085714285714, 44.74285714285714, 3916.4914285714285, 2699.485714285714], ["window"]]], "width": 4176, "height": 2784, "tags": []}