{"rects": [[[5.965714285714285, 513.0514285714286, 2302.7657142857142, 2642.811428571428], ["window"]], [[2332.5942857142854, 474.27428571428567, 4140.205714285714, 2738.262857142857], ["window"]]], "width": 4176, "height": 2784, "tags": []}