{"rects": [[[501.11999999999995, 17.897142857142857, 3958.2514285714283, 2445.942857142857], ["window"]]], "width": 4176, "height": 2784, "tags": []}