{"rects": [[[33.6, 993.5999999999999, 2649.6, 4348.8], ["window"]], [[2692.7999999999997, 408.0, 6259.2, 3758.3999999999996], ["window"]]], "width": 6720, "height": 4480, "tags": []}