{"rects": [[[1703.2114285714285, 217.7485714285714, 4170.034285714285, 2780.022857142857], ["window"]], [[11.93142857142857, 184.93714285714285, 1670.3999999999999, 2669.657142857143], ["window"]]], "width": 4176, "height": 2784, "tags": []}