{"rects": [[[464.79999999999995, 509.59999999999997, 4289.599999999999, 6669.599999999999], ["window"]]], "width": 4480, "height": 6720, "tags": []}