{"rects": [[[627.1999999999999, 1584.8, 3438.3999999999996, 4054.3999999999996], ["window"]], [[554.4, 4093.6, 3600.7999999999997, 6652.799999999999], ["window"]]], "width": 4480, "height": 6720, "tags": []}