{"rects": [[[33.6, 681.6, 2692.7999999999997, 4372.8], ["window"]], [[2788.7999999999997, 681.6, 6259.2, 4137.599999999999], ["window"]]], "width": 6720, "height": 4480, "tags": []}