{"rects": [[[3244.7999999999997, 24.0, 6340.8, 4454.4], ["window"]], [[499.2, 451.2, 3192.0, 4401.599999999999], ["window"]]], "width": 6720, "height": 4480, "tags": []}