{"rects": [[[590.6057142857143, 29.828571428571426, 3722.605714285714, 2618.948571428571], ["window"]]], "width": 4176, "height": 2784, "tags": []}