{"rects": [[[8.948571428571428, 2.9828571428571427, 2204.331428571428, 2741.2457142857143], ["window"]], [[2216.262857142857, 23.86285714285714, 4155.12, 2753.177142857143], ["window"]]], "width": 4176, "height": 2784, "tags": []}