{"rects": [[[0, 680.0914285714285, 1682.3314285714284, 2633.862857142857], ["window", "shop"]], [[1706.1942857142856, 8.948571428571428, 3806.125714285714, 2648.7771428571427], ["window", "shop"]]], "width": 4176, "height": 2784, "tags": []}