{"rects": [[[62.4, 436.8, 3201.6, 4161.599999999999], ["window"]], [[3283.2, 388.8, 6417.599999999999, 4142.4], ["window"]]], "width": 6720, "height": 4480, "tags": []}