{"rects": [[[112.0, 72.8, 3903.2, 2620.7999999999997], ["window"]], [[140.0, 2654.3999999999996, 3875.2, 6031.2], ["window"]]], "width": 4480, "height": 6720, "tags": []}