{"rects": [[[61.599999999999994, 1120.0, 3936.7999999999997, 6232.799999999999], ["window"]]], "width": 4480, "height": 6720, "tags": []}