{"rects": [[[513.0514285714286, 1252.8, 2762.125714285714, 2729.3142857142857], ["window", "shop"]], [[504.1028571428571, 2.9828571428571427, 2666.6742857142854, 1234.902857142857], ["window", "shop"]]], "width": 4176, "height": 2784, "tags": []}