{"rects": [[[32.81142857142857, 423.56571428571425, 1691.28, 2699.485714285714], ["window"]], [[1724.0914285714284, 417.59999999999997, 3865.7828571428568, 2738.262857142857], ["window"]]], "width": 4176, "height": 2784, "tags": []}