{"rects": [[[537.5999999999999, 341.59999999999997, 3578.3999999999996, 4323.2], ["window"]], [[543.1999999999999, 4345.599999999999, 3807.9999999999995, 6714.4], ["window"]]], "width": 4480, "height": 6720, "tags": []}