{"rects": [[[26.845714285714283, 149.14285714285714, 3442.217142857143, 2759.142857142857], ["window"]]], "width": 4176, "height": 2784, "tags": []}