{"rects": [[[285.59999999999997, 1220.8, 3690.3999999999996, 5661.599999999999], ["window"]]], "width": 4480, "height": 6720, "tags": []}