{"rects": [[[1130.502857142857, 444.44571428571425, 3722.605714285714, 2696.502857142857], ["window"]]], "width": 4176, "height": 2784, "tags": []}