{"rects": [[[106.39999999999999, 84.0, 4463.2, 3819.2], ["window"]], [[117.6, 3891.9999999999995, 4440.799999999999, 6675.2], ["window"]]], "width": 4480, "height": 6720, "tags": []}