{"rects": [[[750.4, 862.4, 3298.3999999999996, 5056.799999999999], ["window"]]], "width": 4480, "height": 6720, "tags": []}