{"rects": [[[1814.3999999999999, 115.19999999999999, 5616.0, 4444.8], ["window", "shop"]]], "width": 6720, "height": 4480, "tags": []}