{"rects": [[[868.0, 879.1999999999999, 4373.599999999999, 3276.0], ["window"]], [[862.4, 3315.2, 4468.799999999999, 5980.799999999999], ["window"]]], "width": 4480, "height": 6720, "tags": []}