{"rects": [[[235.2, 2105.6, 3550.3999999999996, 5476.799999999999], ["window"]]], "width": 4480, "height": 6720, "tags": []}