{"rects": [[[14.914285714285713, 26.845714285714283, 2037.2914285714285, 2774.0571428571425], ["window"]], [[2073.085714285714, 32.81142857142857, 4140.205714285714, 2756.16], ["window"]]], "width": 4176, "height": 2784, "tags": []}