{"rects": [[[11.93142857142857, 0, 2299.782857142857, 2612.982857142857], ["window"]]], "width": 4176, "height": 2784, "tags": []}