{"rects": [[[117.6, 599.1999999999999, 4345.599999999999, 6608.0], ["shop", "door"]]], "width": 4480, "height": 6720, "tags": []}