{"rects": [[[1527.222857142857, 41.76, 4107.394285714286, 2702.468571428571], ["window"]]], "width": 4176, "height": 2784, "tags": []}