{"rects": [[[723.84, 1343.28, 2738.7599999999998, 4172.5199999999995], ["window"]]], "width": 2784, "height": 4176, "tags": []}