{"rects": [[[1747.2, 4.8, 4977.599999999999, 4425.599999999999], ["window"]]], "width": 6720, "height": 4480, "tags": []}