{"rects": [[[515.1999999999999, 28.0, 3522.3999999999996, 3091.2], ["window"]], [[509.59999999999997, 3124.7999999999997, 3707.2, 6714.4], ["window"]]], "width": 4480, "height": 6720, "tags": []}