{"rects": [[[11.93142857142857, 8.948571428571428, 2639.828571428571, 2735.2799999999997], ["window"]], [[2654.742857142857, 32.81142857142857, 4170.034285714285, 2756.16], ["window"]]], "width": 4176, "height": 2784, "tags": []}