{"rects": [[[134.39999999999998, 812.0, 4317.599999999999, 2900.7999999999997], ["window"]], [[67.19999999999999, 2917.6, 4435.2, 5504.799999999999], ["window"]]], "width": 4480, "height": 6720, "tags": []}