{"rects": [[[1838.3999999999999, 993.5999999999999, 4108.8, 4334.4], ["window"]], [[4190.4, 960.0, 6652.8, 4372.8], ["window"]]], "width": 6720, "height": 4480, "tags": []}