{"rects": [[[251.99999999999997, 2049.6, 4362.4, 5896.799999999999], ["window"]]], "width": 4480, "height": 6720, "tags": []}