{"rects": [[[626.4, 140.1942857142857, 3469.062857142857, 2780.022857142857], ["window", "shop"]]], "width": 4176, "height": 2784, "tags": []}