{"rects": [[[358.4, 2234.3999999999996, 4043.2, 6512.799999999999], ["window"]]], "width": 4480, "height": 6720, "tags": []}