{"rects": [[[117.6, 1209.6, 3936.7999999999997, 3914.3999999999996], ["window"]]], "width": 4480, "height": 6720, "tags": []}