{"rects": [[[621.5999999999999, 3001.6, 4480, 6652.799999999999], ["window"]]], "width": 4480, "height": 6720, "tags": []}