{"rects": [[[1983.6, 26.845714285714283, 4035.805714285714, 2484.72], ["window", "shop"]]], "width": 4176, "height": 2784, "tags": []}