{"rects": [[[8.948571428571428, 17.897142857142857, 4134.24, 2007.462857142857], ["window"]]], "width": 4176, "height": 2784, "tags": []}