{"rects": [[[8.948571428571428, 0, 2436.9942857142855, 2108.8799999999997], ["window"]], [[2448.925714285714, 2.9828571428571427, 4173.017142857143, 2287.851428571428], ["window"]]], "width": 4176, "height": 2784, "tags": []}