{"rects": [[[156.79999999999998, 2010.3999999999999, 4194.4, 6210.4], ["window"]]], "width": 4480, "height": 6720, "tags": []}