{"rects": [[[67.19999999999999, 425.59999999999997, 4446.4, 2805.6], ["window"]], [[50.4, 2816.7999999999997, 4480, 5734.4], ["window"]]], "width": 4480, "height": 6720, "tags": []}