{"rects": [[[216.0, 993.5999999999999, 3499.2, 4252.8], ["window"]], [[3854.3999999999996, 777.6, 6648.0, 4281.599999999999], ["window"]]], "width": 6720, "height": 4480, "tags": []}