{"rects": [[[599.5542857142857, 384.7885714285714, 3117.085714285714, 2633.862857142857], ["window"]]], "width": 4176, "height": 2784, "tags": []}