{"rects": [[[436.79999999999995, 1959.9999999999998, 4300.799999999999, 6328.0], ["window", "shop"]]], "width": 4480, "height": 6720, "tags": []}