{"rects": [[[4.8, 369.59999999999997, 2596.7999999999997, 4440.0], ["window"]], [[2611.2, 379.2, 6595.2, 4406.4], ["window"]]], "width": 6720, "height": 4480, "tags": []}