{"rects": [[[823.2685714285714, 435.4971428571428, 3880.697142857143, 2562.2742857142857], ["window"]]], "width": 4176, "height": 2784, "tags": []}