{"rects": [[[513.0514285714286, 331.09714285714284, 3146.9142857142856, 2705.4514285714286], ["window"]]], "width": 4176, "height": 2784, "tags": []}