{"rects": [[[84.0, 134.39999999999998, 4031.9999999999995, 6714.4], ["window"]]], "width": 4480, "height": 6720, "tags": []}