{"rects": [[[26.845714285714283, 322.1485714285714, 3006.72, 2747.2114285714283], ["window"]]], "width": 4176, "height": 2784, "tags": []}