{"rects": [[[352.79999999999995, 616.0, 2828.0, 3225.6], ["window"]], [[28.0, 3281.6, 3130.3999999999996, 6143.2], ["window"]]], "width": 4480, "height": 6720, "tags": []}