{"rects": [[[0, 0, 4480, 6720], ["facade"]], [[28.0, 2116.7999999999997, 2968.0, 3919.9999999999995], ["window"]], [[1036.0, 4306.4, 3606.3999999999996, 6568.799999999999], ["window"]]], "width": 4480, "height": 6720, "tags": []}