{"rects": [[[2385.6, 196.79999999999998, 5040.0, 2361.6], ["window"]], [[1377.6, 2472.0, 3912.0, 4473.599999999999], ["window"]]], "width": 6720, "height": 4480, "tags": []}