{"rects": [[[1300.8, 619.1999999999999, 4243.2, 3628.7999999999997], ["window"]]], "width": 6720, "height": 4480, "tags": []}