{"rects": [[[20.88, 480.23999999999995, 1622.6742857142856, 2774.0571428571425], ["window"]], [[1646.5371428571427, 483.2228571428571, 3767.348571428571, 2711.4171428571426], ["window"]]], "width": 4176, "height": 2784, "tags": []}