{"rects": [[[35.794285714285714, 175.98857142857142, 3352.7314285714283, 2514.5485714285714], ["window"]]], "width": 4176, "height": 2784, "tags": []}