{"rects": [[[0, 0, 4480, 6720], ["facade"]], [[33.599999999999994, 2284.7999999999997, 2766.3999999999996, 6703.2], ["window"]]], "width": 4480, "height": 6720, "tags": []}