{"rects": [[[372.85714285714283, 0, 3352.7314285714283, 2753.177142857143], ["window"]]], "width": 4176, "height": 2784, "tags": []}