{"rects": [[[230.39999999999998, 508.79999999999995, 4008.0, 3604.7999999999997], ["window"]], [[4084.7999999999997, 480.0, 6700.8, 3715.2], ["window"]]], "width": 6720, "height": 4480, "tags": []}