{"rects": [[[190.39999999999998, 2732.7999999999997, 4345.599999999999, 6059.2], ["window"]], [[28.0, 16.799999999999997, 4362.4, 2604.0], ["window"]]], "width": 4480, "height": 6720, "tags": []}