{"rects": [[[694.4, 11.2, 4272.8, 3673.6], ["window"]], [[756.0, 3740.7999999999997, 4200.0, 6624.799999999999], ["window"]]], "width": 4480, "height": 6720, "tags": []}