{"rects": [[[106.39999999999999, 28.0, 3214.3999999999996, 2800.0], ["window"]], [[117.6, 2878.3999999999996, 3740.7999999999997, 6120.799999999999], ["window"]]], "width": 4480, "height": 6720, "tags": []}