{"rects": [[[993.5999999999999, 163.2, 3816.0, 4478.4], ["window"]], [[3892.7999999999997, 139.2, 6681.599999999999, 4480], ["window"]]], "width": 6720, "height": 4480, "tags": []}