{"rects": [[[39.199999999999996, 0, 4205.599999999999, 1803.1999999999998], ["window"]], [[0, 1881.6, 3584.0, 3589.6], ["window"]], [[5.6, 3595.2, 3645.6, 5919.2], ["window"]]], "width": 4480, "height": 6720, "tags": []}