{"rects": [[[438.47999999999996, 868.0114285714285, 2213.2799999999997, 2386.285714285714], ["window"]]], "width": 4176, "height": 2784, "tags": []}