{"rects": [[[1886.3999999999999, 254.39999999999998, 5280.0, 3820.7999999999997], ["window"]]], "width": 6720, "height": 4480, "tags": []}