{"rects": [[[666.4, 2105.6, 2620.7999999999997, 6316.799999999999], ["window"]]], "width": 4480, "height": 6720, "tags": []}