{"rects": [[[196.79999999999998, 1142.3999999999999, 2697.6, 4051.2], ["window"]], [[2726.4, 1334.3999999999999, 6345.599999999999, 4022.3999999999996], ["window"]]], "width": 6720, "height": 4480, "tags": []}