{"rects": [[[319.1657142857143, 17.897142857142857, 3892.6285714285714, 2347.5085714285715], ["window"]]], "width": 4176, "height": 2784, "tags": []}