{"rects": [[[1876.2171428571428, 5.965714285714285, 4167.051428571428, 2750.1942857142853], ["window"]], [[0, 41.76, 1873.2342857142855, 2735.2799999999997], ["window"]]], "width": 4176, "height": 2784, "tags": []}