{"rects": [[[0, 2.9828571428571427, 2088.0, 2750.1942857142853], ["window"]], [[2088.0, 35.794285714285714, 4167.051428571428, 2711.4171428571426], ["window"]]], "width": 4176, "height": 2784, "tags": []}