{"rects": [[[683.1999999999999, 33.599999999999994, 4160.8, 6613.599999999999], ["window"]]], "width": 4480, "height": 6720, "tags": []}