{"rects": [[[1392.0, 1108.8, 4833.599999999999, 4118.4], ["window"]], [[4872.0, 1660.8, 6715.2, 3916.7999999999997], ["window"]]], "width": 6720, "height": 4480, "tags": []}