{"rects": [[[33.599999999999994, 1764.0, 3970.3999999999996, 6272.0], ["window"]]], "width": 4480, "height": 6720, "tags": []}