{"rects": [[[140.0, 364.0, 4474.4, 3096.7999999999997], ["window"]], [[123.19999999999999, 3130.3999999999996, 4440.799999999999, 5331.2], ["window"]]], "width": 4480, "height": 6720, "tags": []}