{"rects": [[[453.59999999999997, 694.4, 4362.4, 6484.799999999999], ["window"]]], "width": 4480, "height": 6720, "tags": []}