{"rects": [[[1070.3999999999999, 1248.0, 5352.0, 4425.599999999999], ["window"]]], "width": 6720, "height": 4480, "tags": []}