{"rects": [[[554.8114285714286, 29.828571428571426, 2410.1485714285714, 2774.0571428571425], ["window"]]], "width": 4176, "height": 2784, "tags": []}