{"rects": [[[352.79999999999995, 268.79999999999995, 3108.0, 6714.4], ["door"]]], "width": 4480, "height": 6720, "tags": []}