{"rects": [[[52.8, 1147.2, 2500.7999999999997, 4310.4], ["window"]], [[2520.0, 1152.0, 5865.599999999999, 4056.0], ["window"]]], "width": 6720, "height": 4480, "tags": []}