{"rects": [[[665.1771428571428, 23.86285714285714, 4086.5142857142855, 2601.0514285714285], ["window"]]], "width": 4176, "height": 2784, "tags": []}