{"rects": [[[588.0, 1819.9999999999998, 3096.7999999999997, 6294.4], ["window"]]], "width": 4480, "height": 6720, "tags": []}