{"rects": [[[414.6171428571428, 253.54285714285712, 3475.028571428571, 2717.382857142857], ["window"]]], "width": 4176, "height": 2784, "tags": []}