{"rects": [[[250.55999999999997, 68.60571428571428, 3132.0, 2592.102857142857], ["window"]]], "width": 4176, "height": 2784, "tags": []}