{"rects": [[[751.68, 193.88571428571427, 2320.662857142857, 2481.7371428571428], ["window"]], [[2323.6457142857143, 202.8342857142857, 3991.062857142857, 2472.7885714285712], ["window"]]], "width": 4176, "height": 2784, "tags": []}