{"rects": [[[1049.9657142857143, 489.1885714285714, 3624.1714285714284, 2153.622857142857], ["window"]]], "width": 4176, "height": 2784, "tags": []}