{"rects": [[[1184.1942857142856, 187.92, 3555.565714285714, 2774.0571428571425], ["window"]]], "width": 4176, "height": 2784, "tags": []}