{"rects": [[[17.897142857142857, 423.56571428571425, 2093.965714285714, 2753.177142857143], ["window"]], [[2105.8971428571426, 441.4628571428571, 4116.342857142857, 2771.0742857142855], ["window"]]], "width": 4176, "height": 2784, "tags": []}