{"rects": [[[0, 384.7885714285714, 2153.622857142857, 2624.9142857142856], ["window"]], [[2177.485714285714, 247.57714285714283, 4164.068571428571, 2610.0], ["window"]]], "width": 4176, "height": 2784, "tags": []}