{"rects": [[[677.5999999999999, 1355.1999999999998, 4362.4, 6540.799999999999], ["window"]]], "width": 4480, "height": 6720, "tags": []}