{"rects": [[[414.6171428571428, 14.914285714285713, 3355.7142857142853, 2299.782857142857], ["window"]]], "width": 4176, "height": 2784, "tags": []}