{"rects": [[[396.71999999999997, 10.44, 2780.52, 2369.88], ["window"]], [[403.68, 2394.24, 2770.08, 4172.5199999999995], ["window"]]], "width": 2784, "height": 4176, "tags": []}