{"rects": [[[929.5999999999999, 22.4, 3410.3999999999996, 3192.0], ["window"]], [[940.8, 3253.6, 3628.7999999999997, 6658.4], ["window"]]], "width": 4480, "height": 6720, "tags": []}