{"rects": [[[532.0, 263.2, 4390.4, 3572.7999999999997], ["window"]], [[537.5999999999999, 3623.2, 4446.4, 6501.599999999999], ["window"]]], "width": 4480, "height": 6720, "tags": []}