{"rects": [[[576.8, 5.6, 3813.6, 3018.3999999999996], ["window"]], [[436.79999999999995, 3124.7999999999997, 3757.6, 6260.799999999999], ["window"]]], "width": 4480, "height": 6720, "tags": []}