{"rects": [[[626.4, 77.55428571428571, 3841.9199999999996, 2784], ["window"]]], "width": 4176, "height": 2784, "tags": []}