{"rects": [[[5.965714285714285, 38.777142857142856, 1792.6971428571428, 2332.5942857142854], ["window"]], [[1804.6285714285714, 41.76, 4119.325714285714, 2392.2514285714283], ["window"]]], "width": 4176, "height": 2784, "tags": []}