{"rects": [[[224.0, 364.0, 3740.7999999999997, 6512.799999999999], ["window"]]], "width": 4480, "height": 6720, "tags": []}