{"rects": [[[386.4, 336.0, 4328.799999999999, 5437.599999999999], ["window"]]], "width": 4480, "height": 6720, "tags": []}