{"rects": [[[2404.7999999999997, 604.8, 4425.599999999999, 3825.6], ["window"]]], "width": 6720, "height": 4480, "tags": []}