{"rects": [[[2956.7999999999997, 369.59999999999997, 5318.4, 3868.7999999999997], ["window"]], [[14.399999999999999, 456.0, 2923.2, 3667.2], ["window"]]], "width": 6720, "height": 4480, "tags": []}