{"rects": [[[324.79999999999995, 1220.8, 3488.7999999999997, 6288.799999999999], ["window"]]], "width": 4480, "height": 6720, "tags": []}