{"rects": [[[471.2914285714285, 2.9828571428571427, 3785.245714285714, 2777.04], ["window"]]], "width": 4176, "height": 2784, "tags": []}