{"rects": [[[8.948571428571428, 277.4057142857143, 2660.7085714285713, 2735.2799999999997], ["window"]], [[2675.622857142857, 196.8685714285714, 4137.222857142857, 2726.331428571428], ["window"]]], "width": 4176, "height": 2784, "tags": []}