{"rects": [[[927.6685714285713, 173.00571428571428, 3844.902857142857, 2365.405714285714], ["window"]]], "width": 4176, "height": 2784, "tags": []}