{"rects": [[[226.69714285714284, 23.86285714285714, 3979.1314285714284, 2448.925714285714], ["window"]]], "width": 4176, "height": 2784, "tags": []}