{"rects": [[[623.4171428571428, 363.9085714285714, 3316.9371428571426, 2669.657142857143], ["window"]]], "width": 4176, "height": 2784, "tags": []}