{"rects": [[[456.3771428571428, 363.9085714285714, 3967.2, 2723.348571428571], ["window"]]], "width": 4176, "height": 2784, "tags": []}