{"rects": [[[302.4, 1030.3999999999999, 4093.6, 6596.799999999999], ["window", "shop"]]], "width": 4480, "height": 6720, "tags": []}