{"rects": [[[1017.5999999999999, 139.2, 6225.599999999999, 2025.6], ["window"]], [[1032.0, 2044.8, 6340.8, 4113.599999999999], ["window"]]], "width": 6720, "height": 4480, "tags": []}