{"rects": [[[608.5028571428571, 420.5828571428571, 3182.7085714285713, 2723.348571428571], ["window"]]], "width": 4176, "height": 2784, "tags": []}