{"rects": [[[35.794285714285714, 190.90285714285713, 2935.1314285714284, 2768.0914285714284], ["window"]]], "width": 4176, "height": 2784, "tags": []}