{"rects": [[[1752.0, 1060.8, 4123.2, 3988.7999999999997], ["door"]], [[4132.8, 1070.3999999999999, 6398.4, 4089.6], ["window"]]], "width": 6720, "height": 4480, "tags": []}