{"rects": [[[16.799999999999997, 33.599999999999994, 4256.0, 2178.3999999999996], ["window"]], [[33.599999999999994, 2189.6, 4340.0, 4720.799999999999], ["window"]], [[28.0, 4754.4, 4323.2, 6703.2], ["window"]]], "width": 4480, "height": 6720, "tags": []}