{"rects": [[[1271.1999999999998, 464.79999999999995, 4384.799999999999, 6624.799999999999], ["window"]]], "width": 4480, "height": 6720, "tags": []}