{"rects": [[[28.799999999999997, 748.8, 6590.4, 4473.599999999999], ["window"]]], "width": 6720, "height": 4480, "tags": []}