{"rects": [[[1281.6, 830.4, 4056.0, 3614.4], ["window"]], [[4089.6, 662.4, 6705.599999999999, 3532.7999999999997], ["window"]]], "width": 6720, "height": 4480, "tags": []}