{"rects": [[[229.67999999999998, 340.04571428571427, 3310.9714285714285, 2711.4171428571426], ["window"]]], "width": 4176, "height": 2784, "tags": []}