{"rects": [[[38.777142857142856, 447.4285714285714, 2046.2399999999998, 2550.342857142857], ["window"]], [[2120.811428571428, 504.1028571428571, 4173.017142857143, 2481.7371428571428], ["window"]]], "width": 4176, "height": 2784, "tags": []}