{"rects": [[[390.7542857142857, 8.948571428571428, 2824.7657142857142, 2684.5714285714284], ["window"]]], "width": 4176, "height": 2784, "tags": []}