{"rects": [[[945.5657142857142, 14.914285714285713, 3925.4399999999996, 2666.6742857142854], ["window"]]], "width": 4176, "height": 2784, "tags": []}