{"rects": [[[134.39999999999998, 1528.8, 3639.9999999999995, 6647.2], ["window"]]], "width": 4480, "height": 6720, "tags": []}