{"rects": [[[8.948571428571428, 14.914285714285713, 1929.9085714285713, 2765.1085714285714], ["window"]], [[1992.5485714285712, 638.3314285714285, 3970.182857142857, 2765.1085714285714], ["window"]]], "width": 4176, "height": 2784, "tags": []}