{"rects": [[[593.5999999999999, 291.2, 4306.4, 3723.9999999999995], ["window"]], [[610.4, 3852.7999999999997, 4424.0, 6585.599999999999], ["window"]]], "width": 4480, "height": 6720, "tags": []}