{"rects": [[[1459.2, 892.8, 4972.8, 4411.2], ["window"]], [[5030.4, 883.1999999999999, 6710.4, 4084.7999999999997], ["window"]]], "width": 6720, "height": 4480, "tags": []}