{"rects": [[[772.56, 53.69142857142857, 2863.542857142857, 2672.64], ["window"]]], "width": 4176, "height": 2784, "tags": []}