{"rects": [[[313.2, 32.81142857142857, 1783.7485714285713, 2705.4514285714286], ["window"]], [[1795.6799999999998, 35.794285714285714, 3782.262857142857, 2741.2457142857143], ["window"]]], "width": 4176, "height": 2784, "tags": []}