{"rects": [[[859.1999999999999, 38.4, 6129.599999999999, 4480], ["window"]]], "width": 6720, "height": 4480, "tags": []}