{"rects": [[[328.1142857142857, 647.28, 1831.4742857142855, 2750.1942857142853], ["window"]], [[1840.422857142857, 903.8057142857142, 3955.2685714285712, 2759.142857142857], ["window"]]], "width": 4176, "height": 2784, "tags": []}