{"rects": [[[89.6, 44.8, 4328.799999999999, 3063.2], ["window"]], [[39.199999999999996, 3175.2, 4457.599999999999, 6652.799999999999], ["window"]]], "width": 4480, "height": 6720, "tags": []}