{"rects": [[[425.59999999999997, 397.59999999999997, 4020.7999999999997, 6025.599999999999], ["window"]]], "width": 4480, "height": 6720, "tags": []}