{"rects": [[[915.7371428571428, 841.1657142857142, 2690.5371428571425, 2777.04], ["window"]]], "width": 4176, "height": 2784, "tags": []}