{"rects": [[[137.21142857142857, 104.39999999999999, 2374.3542857142857, 2699.485714285714], ["window"]], [[2410.1485714285714, 107.38285714285713, 4167.051428571428, 2738.262857142857], ["window"]]], "width": 4176, "height": 2784, "tags": []}