{"rects": [[[348.9942857142857, 608.5028571428571, 3472.045714285714, 2784], ["window", "shop"]]], "width": 4176, "height": 2784, "tags": []}