{"rects": [[[240.79999999999998, 123.19999999999999, 4480, 5919.2], ["window"]]], "width": 4480, "height": 6720, "tags": []}