{"rects": [[[1026.1028571428571, 0, 3266.2285714285713, 2735.2799999999997], ["window"]]], "width": 4176, "height": 2784, "tags": []}