{"rects": [[[35.794285714285714, 29.828571428571426, 1989.5657142857142, 2615.965714285714], ["window"]], [[2013.4285714285713, 71.58857142857143, 3809.108571428571, 2642.811428571428], ["window"]]], "width": 4176, "height": 2784, "tags": []}