{"rects": [[[17.897142857142857, 548.8457142857143, 2314.697142857143, 2747.2114285714283], ["window"]], [[2362.422857142857, 551.8285714285714, 4167.051428571428, 2771.0742857142855], ["window"]]], "width": 4176, "height": 2784, "tags": []}