{"rects": [[[17.897142857142857, 411.6342857142857, 1458.6171428571427, 2759.142857142857], ["window"]], [[1473.5314285714285, 423.56571428571425, 3874.7314285714283, 2720.365714285714], ["window"]]], "width": 4176, "height": 2784, "tags": []}