{"rects": [[[1036.8, 518.4, 5755.2, 2265.6], ["window"]], [[984.0, 2299.2, 6081.599999999999, 4209.599999999999], ["window"]]], "width": 6720, "height": 4480, "tags": []}