{"rects": [[[2.9828571428571427, 596.5714285714286, 2296.7999999999997, 2586.137142857143], ["window"]]], "width": 4176, "height": 2784, "tags": []}