{"rects": [[[259.50857142857143, 653.2457142857143, 4077.565714285714, 2759.142857142857], ["window"]]], "width": 4176, "height": 2784, "tags": []}