{"rects": [[[33.6, 700.8, 3734.3999999999996, 4454.4], ["window"]], [[3830.3999999999996, 576.0, 6696.0, 4454.4], ["window"]]], "width": 6720, "height": 4480, "tags": []}