{"rects": [[[5.965714285714285, 23.86285714285714, 2320.662857142857, 2571.222857142857], ["window"]], [[2329.6114285714284, 29.828571428571426, 4167.051428571428, 2726.331428571428], ["window"]]], "width": 4176, "height": 2784, "tags": []}