{"rects": [[[354.96, 700.9714285714285, 1679.3485714285714, 2565.2571428571428], ["window"]], [[1694.262857142857, 709.92, 3221.485714285714, 2589.12], ["window"]]], "width": 4176, "height": 2784, "tags": []}