{"rects": [[[820.2857142857142, 304.25142857142856, 3060.4114285714286, 2666.6742857142854], ["window"]]], "width": 4176, "height": 2784, "tags": []}