{"rects": [[[0, 459.35999999999996, 1953.7714285714285, 2738.262857142857], ["window"]], [[1965.702857142857, 468.3085714285714, 4092.4799999999996, 2711.4171428571426], ["window"]]], "width": 4176, "height": 2784, "tags": []}