{"rects": [[[0, 331.09714285714284, 1595.8285714285714, 2407.1657142857143], ["window"]], [[1604.7771428571427, 217.7485714285714, 4167.051428571428, 2123.7942857142857], ["window"]]], "width": 4176, "height": 2784, "tags": []}