{"rects": [[[2510.4, 739.1999999999999, 4636.8, 4060.7999999999997], ["window"]]], "width": 6720, "height": 4480, "tags": []}