{"rects": [[[1800.0, 542.4, 4152.0, 3124.7999999999997], ["window"]], [[1334.3999999999999, 3177.6, 3609.6, 4480], ["window"]]], "width": 6720, "height": 4480, "tags": []}