{"rects": [[[1321.405714285714, 95.45142857142856, 2839.68, 2774.0571428571425], ["window"]]], "width": 4176, "height": 2784, "tags": []}