{"rects": [[[951.9999999999999, 2027.1999999999998, 4087.9999999999995, 5941.599999999999], ["window"]]], "width": 4480, "height": 6720, "tags": []}