{"rects": [[[963.1999999999999, 44.8, 4003.9999999999995, 3203.2], ["window"]], [[940.8, 3315.2, 4200.0, 6288.799999999999], ["window"]]], "width": 4480, "height": 6720, "tags": []}