{"rects": [[[789.5999999999999, 1506.3999999999999, 3852.7999999999997, 5532.799999999999], ["window"]]], "width": 4480, "height": 6720, "tags": []}