{"rects": [[[161.0742857142857, 217.7485714285714, 1756.902857142857, 2777.04], ["window"]], [[1765.8514285714284, 205.81714285714284, 3829.988571428571, 2735.2799999999997], ["window"]]], "width": 4176, "height": 2784, "tags": []}