{"rects": [[[789.5999999999999, 677.5999999999999, 4418.4, 6484.799999999999], ["window"]]], "width": 4480, "height": 6720, "tags": []}