{"rects": [[[927.6685714285713, 23.86285714285714, 3582.411428571428, 1959.7371428571428], ["window"]]], "width": 4176, "height": 2784, "tags": []}