{"rects": [[[832.2171428571428, 1014.1714285714285, 2550.342857142857, 2759.142857142857], ["window"]], [[2559.2914285714282, 1005.222857142857, 3970.182857142857, 2735.2799999999997], ["window"]]], "width": 4176, "height": 2784, "tags": []}