{"rects": [[[2088.7999999999997, 1506.3999999999999, 4480, 6417.599999999999], ["window"]]], "width": 4480, "height": 6720, "tags": []}