{"rects": [[[5.965714285714285, 411.6342857142857, 2568.24, 2784], ["window"]], [[2586.137142857143, 411.6342857142857, 4173.017142857143, 2720.365714285714], ["window"]]], "width": 4176, "height": 2784, "tags": []}