{"rects": [[[0, 11.93142857142857, 3191.657142857143, 2657.7257142857143], ["window"]]], "width": 4176, "height": 2784, "tags": []}