{"rects": [[[181.9542857142857, 689.04, 2771.0742857142855, 2711.4171428571426], ["window"]]], "width": 4176, "height": 2784, "tags": []}