{"rects": [[[1204.8, 148.79999999999998, 5260.8, 4257.599999999999], ["window"]]], "width": 6720, "height": 4480, "tags": []}