{"rects": [[[456.3771428571428, 363.9085714285714, 3618.205714285714, 2618.948571428571], ["window"]]], "width": 4176, "height": 2784, "tags": []}