{"rects": [[[621.5999999999999, 1360.8, 4093.6, 6585.599999999999], ["window"]]], "width": 4480, "height": 6720, "tags": []}