{"rects": [[[33.6, 264.0, 3628.7999999999997, 4065.6], ["window"]], [[3648.0, 264.0, 6000.0, 3926.3999999999996], ["window"]]], "width": 6720, "height": 4480, "tags": []}