{"rects": [[[1595.8285714285714, 56.67428571428571, 4074.582857142857, 2747.2114285714283], ["window"]], [[2.9828571428571427, 20.88, 1568.982857142857, 2741.2457142857143], ["window"]]], "width": 4176, "height": 2784, "tags": []}