{"rects": [[[11.93142857142857, 256.5257142857143, 1861.302857142857, 2699.485714285714], ["window"]], [[1888.1485714285714, 256.5257142857143, 3883.68, 2651.7599999999998], ["window"]]], "width": 4176, "height": 2784, "tags": []}