{"rects": [[[1231.9199999999998, 5.965714285714285, 3221.485714285714, 2705.4514285714286], ["window"]]], "width": 4176, "height": 2784, "tags": []}