{"rects": [[[83.52, 119.3142857142857, 2365.405714285714, 2386.285714285714], ["window", "shop"]]], "width": 4176, "height": 2784, "tags": []}