{"rects": [[[19.2, 1147.2, 3374.4, 4396.8], ["window"]], [[3470.4, 921.5999999999999, 6585.599999999999, 4339.2], ["window"]]], "width": 6720, "height": 4480, "tags": []}