{"rects": [[[1886.3999999999999, 758.4, 4929.599999999999, 4017.6], ["window"]]], "width": 6720, "height": 4480, "tags": []}