{"rects": [[[742.7314285714285, 77.55428571428571, 3054.445714285714, 1995.5314285714285], ["window"]]], "width": 4176, "height": 2784, "tags": []}