{"rects": [[[50.4, 28.0, 4429.599999999999, 2671.2], ["window"]], [[22.4, 2721.6, 3236.7999999999997, 6288.799999999999], ["window"]]], "width": 4480, "height": 6720, "tags": []}