{"rects": [[[32.81142857142857, 89.48571428571428, 3299.04, 2624.9142857142856], ["window"]]], "width": 4176, "height": 2784, "tags": []}