{"rects": [[[1161.6, 307.2, 5697.599999999999, 4353.599999999999], ["window"]]], "width": 6720, "height": 4480, "tags": []}