{"rects": [[[11.93142857142857, 265.4742857142857, 2192.3999999999996, 2717.382857142857], ["window"]], [[2222.2285714285713, 265.4742857142857, 3639.085714285714, 2684.5714285714284], ["window"]]], "width": 4176, "height": 2784, "tags": []}