{"rects": [[[10.44, 6.96, 2265.48, 2216.7599999999998], ["window"]], [[27.84, 2216.7599999999998, 2220.24, 4172.5199999999995], ["window"]]], "width": 2784, "height": 4176, "tags": []}