{"rects": [[[709.92, 131.24571428571429, 3364.662857142857, 2541.3942857142856], ["window"]]], "width": 4176, "height": 2784, "tags": []}