{"rects": [[[396.71999999999997, 170.02285714285713, 4035.805714285714, 2201.348571428571], ["window"]]], "width": 4176, "height": 2784, "tags": []}