{"rects": [[[793.4399999999999, 229.67999999999998, 4143.188571428571, 2341.542857142857], ["window"]]], "width": 4176, "height": 2784, "tags": []}