{"rects": [[[43.199999999999996, 1608.0, 4497.599999999999, 3993.6], ["window"]], [[4550.4, 168.0, 6705.599999999999, 4296.0], ["window"]]], "width": 6720, "height": 4480, "tags": []}