{"rects": [[[392.0, 251.99999999999997, 4160.8, 3718.3999999999996], ["window"]], [[1254.3999999999999, 3763.2, 4194.4, 6406.4], ["window"]]], "width": 4480, "height": 6720, "tags": []}