{"rects": [[[1909.0285714285712, 11.93142857142857, 4137.222857142857, 2784], ["window", "shop"]], [[0, 20.88, 1903.062857142857, 2784], ["shop", "door"]]], "width": 4176, "height": 2784, "tags": []}