{"rects": [[[1401.942857142857, 444.44571428571425, 4047.7371428571428, 2708.4342857142856], ["window"]]], "width": 4176, "height": 2784, "tags": []}