{"rects": [[[173.6, 352.79999999999995, 3774.3999999999996, 3578.3999999999996], ["window"]]], "width": 4480, "height": 6720, "tags": []}