{"rects": [[[128.79999999999998, 16.799999999999997, 4351.2, 2738.3999999999996], ["window"]], [[84.0, 2788.7999999999997, 4216.8, 6423.2], ["window"]]], "width": 4480, "height": 6720, "tags": []}