{"rects": [[[1422.3999999999999, 1618.3999999999999, 3841.6, 6535.2], ["window"]]], "width": 4480, "height": 6720, "tags": []}