{"rects": [[[168.0, 207.2, 3516.7999999999997, 2889.6], ["window"]], [[190.39999999999998, 2951.2, 4104.8, 6714.4], ["window"]]], "width": 4480, "height": 6720, "tags": []}