{"rects": [[[17.897142857142857, 5.965714285714285, 1616.7085714285713, 2186.4342857142856], ["window"]], [[1640.5714285714284, 5.965714285714285, 3764.365714285714, 2347.5085714285715], ["window"]]], "width": 4176, "height": 2784, "tags": []}