{"rects": [[[812.9828571428571, 406.49142857142857, 3631.062857142857, 3169.851428571428], ["window"]]], "width": 5472, "height": 3648, "tags": []}