{"rects": [[[1422.72, 0, 4061.005714285714, 2661.7371428571428], ["window", "shop"]]], "width": 5472, "height": 3648, "tags": []}