{"rects": [[[711.36, 15.634285714285713, 4025.828571428571, 3513.805714285714], ["window", "shop"]]], "width": 5472, "height": 3648, "tags": []}