{"rects": [[[273.59999999999997, 85.98857142857142, 5061.599999999999, 3513.805714285714], ["window"]]], "width": 5472, "height": 3648, "tags": []}