{"rects": [[[355.68, 304.8685714285714, 4272.068571428571, 3326.1942857142853], ["window", "shop"]]], "width": 5472, "height": 3648, "tags": []}