{"rects": [[[922.4228571428571, 207.1542857142857, 4530.034285714285, 3541.165714285714], ["window"]]], "width": 5472, "height": 3648, "tags": []}