{"rects": [[[1103.52, 237.11999999999998, 3328.7999999999997, 4715.04], ["window"]]], "width": 3648, "height": 5472, "tags": []}