{"rects": [[[2223.9771428571426, 70.35428571428571, 4846.628571428571, 3353.5542857142855], ["window", "shop"]]], "width": 5472, "height": 3648, "tags": []}