{"rects": [[[828.6171428571428, 35.177142857142854, 4651.2, 3611.52], ["window"]]], "width": 5472, "height": 3648, "tags": []}