{"rects": [[[1199.9314285714286, 62.537142857142854, 4322.88, 3560.7085714285713], ["window"]]], "width": 5472, "height": 3648, "tags": []}