{"rects": [[[168.06857142857143, 78.17142857142856, 2587.4742857142855, 3552.8914285714286], ["window"]], [[2610.925714285714, 70.35428571428571, 5128.045714285714, 3548.982857142857], ["window"]]], "width": 5472, "height": 3648, "tags": []}