{"rects": [[[592.8, 164.16, 3606.9599999999996, 5289.599999999999], ["window"]]], "width": 3648, "height": 5472, "tags": []}