{"rects": [[[1199.9314285714286, 46.902857142857144, 4819.268571428571, 3619.3371428571427], ["window", "shop"]]], "width": 5472, "height": 3648, "tags": []}