{"rects": [[[351.11999999999995, 269.03999999999996, 3643.4399999999996, 2444.16], ["window"]], [[282.71999999999997, 2462.3999999999996, 3647.9999999999995, 5120.879999999999], ["window"]]], "width": 3648, "height": 5472, "tags": []}