{"rects": [[[535.4742857142857, 347.86285714285714, 5034.24, 3189.3942857142856], ["window", "shop"]]], "width": 5472, "height": 3648, "tags": []}