{"rects": [[[145.92, 123.11999999999999, 2877.3599999999997, 4788.0], ["window", "shop"]]], "width": 3648, "height": 5472, "tags": []}