{"rects": [[[715.2685714285714, 277.50857142857143, 5022.5142857142855, 2861.0742857142855], ["window"]]], "width": 5472, "height": 3648, "tags": []}