{"rects": [[[457.30285714285714, 488.57142857142856, 4913.074285714286, 3251.9314285714286], ["window"]]], "width": 5472, "height": 3648, "tags": []}