{"rects": [[[809.0742857142857, 46.902857142857144, 4623.84, 3529.4399999999996], ["window"]]], "width": 5472, "height": 3648, "tags": []}