{"rects": [[[200.64, 273.59999999999997, 3538.5599999999995, 5430.959999999999], ["window"]]], "width": 3648, "height": 5472, "tags": []}