{"rects": [[[1239.0171428571427, 328.32, 4240.8, 3568.525714285714], ["window"]]], "width": 5472, "height": 3648, "tags": []}