{"rects": [[[1602.5142857142857, 179.7942857142857, 4893.5314285714285, 3384.822857142857], ["window"]]], "width": 5472, "height": 3648, "tags": []}