{"rects": [[[606.4799999999999, 278.15999999999997, 3602.3999999999996, 5152.799999999999], ["window"]]], "width": 3648, "height": 5472, "tags": []}