{"rects": [[[281.41714285714284, 840.342857142857, 4057.0971428571424, 3537.2571428571428], ["window"]]], "width": 5472, "height": 3648, "tags": []}