{"rects": [[[637.0971428571428, 394.76571428571424, 5362.5599999999995, 3615.428571428571], ["window", "shop"]]], "width": 5472, "height": 3648, "tags": []}