{"rects": [[[478.79999999999995, 1404.4799999999998, 2959.4399999999996, 3447.3599999999997], ["window"]], [[460.55999999999995, 3474.72, 2963.9999999999995, 5453.759999999999], ["window"]]], "width": 3648, "height": 5472, "tags": []}