{"rects": [[[492.47999999999996, 22.799999999999997, 3269.5199999999995, 4915.679999999999], ["window"]]], "width": 3648, "height": 5472, "tags": []}