{"rects": [[[237.11999999999998, 1012.3199999999999, 3497.5199999999995, 4938.48], ["window", "shop"]]], "width": 3648, "height": 5472, "tags": []}