{"rects": [[[504.20571428571424, 89.89714285714285, 5260.937142857142, 3377.005714285714], ["window", "shop"]]], "width": 5472, "height": 3648, "tags": []}