{"rects": [[[355.68, 515.9314285714286, 4373.691428571428, 3396.5485714285714], ["window"]]], "width": 5472, "height": 3648, "tags": []}