{"rects": [[[930.2399999999999, 570.6514285714286, 4229.074285714286, 2907.9771428571426], ["window"]]], "width": 5472, "height": 3648, "tags": []}