{"rects": [[[565.4399999999999, 104.88, 3552.24, 5289.599999999999], ["window"]]], "width": 3648, "height": 5472, "tags": []}