{"rects": [[[828.6171428571428, 277.50857142857143, 4326.788571428571, 3392.64], ["window"]]], "width": 5472, "height": 3648, "tags": []}