{"rects": [[[816.8914285714285, 531.5657142857143, 4729.371428571429, 3005.6914285714283], ["window", "shop"]]], "width": 5472, "height": 3648, "tags": []}