{"rects": [[[922.4228571428571, 359.5885714285714, 4416.685714285714, 3498.1714285714284], ["window"]]], "width": 5472, "height": 3648, "tags": []}