{"rects": [[[828.6171428571428, 531.5657142857143, 4635.565714285714, 3611.52], ["window", "shop"]]], "width": 5472, "height": 3648, "tags": []}