{"rects": [[[1348.4571428571428, 19.54285714285714, 4619.931428571428, 3634.9714285714285], ["window"]]], "width": 5472, "height": 3648, "tags": []}