{"rects": [[[867.702857142857, 226.69714285714284, 3982.8342857142857, 3169.851428571428], ["window"]]], "width": 5472, "height": 3648, "tags": []}