{"rects": [[[205.2, 186.95999999999998, 3296.8799999999997, 4204.32], ["window"]]], "width": 3648, "height": 5472, "tags": []}