{"rects": [[[121.16571428571427, 11.725714285714286, 4311.154285714286, 3513.805714285714], ["window"]]], "width": 5472, "height": 3648, "tags": []}