{"rects": [[[1305.462857142857, 461.21142857142854, 5276.571428571428, 3384.822857142857], ["window"]]], "width": 5472, "height": 3648, "tags": []}