{"rects": [[[884.6399999999999, 136.79999999999998, 2863.68, 4847.28], ["window", "shop"]]], "width": 3648, "height": 5472, "tags": []}