{"rects": [[[487.91999999999996, 364.79999999999995, 3529.4399999999996, 5057.04], ["window"]]], "width": 3648, "height": 5472, "tags": []}