{"rects": [[[836.4342857142857, 199.33714285714285, 4741.097142857143, 3033.0514285714285], ["window"]]], "width": 5472, "height": 3648, "tags": []}