{"rects": [[[211.06285714285713, 285.3257142857143, 5311.748571428571, 3486.445714285714], ["window"]]], "width": 5472, "height": 3648, "tags": []}