{"rects": [[[510.71999999999997, 428.64, 3634.3199999999997, 4487.04], ["window"]]], "width": 3648, "height": 5472, "tags": []}