{"rects": [[[118.55999999999999, 921.1199999999999, 3602.3999999999996, 4655.759999999999], ["window"]]], "width": 3648, "height": 5472, "tags": []}