{"rects": [[[828.6171428571428, 660.5485714285714, 4873.988571428571, 3263.657142857143], ["window"]]], "width": 5472, "height": 3648, "tags": []}