{"rects": [[[695.7257142857143, 281.41714285714284, 4725.462857142857, 3423.908571428571], ["window"]]], "width": 5472, "height": 3648, "tags": []}