{"rects": [[[1469.6228571428571, 156.34285714285713, 4127.451428571429, 3361.371428571428], ["window"]]], "width": 5472, "height": 3648, "tags": []}