{"rects": [[[723.0857142857143, 281.41714285714284, 4514.4, 3623.2457142857143], ["window", "shop"]]], "width": 5472, "height": 3648, "tags": []}