{"rects": [[[379.13142857142856, 50.81142857142857, 4971.702857142857, 3490.3542857142857], ["window"]]], "width": 5472, "height": 3648, "tags": []}