{"rects": [[[379.13142857142856, 328.32, 5194.4914285714285, 3146.3999999999996], ["window", "shop"]]], "width": 5472, "height": 3648, "tags": []}