{"rects": [[[1149.12, 207.1542857142857, 4580.845714285714, 3412.182857142857], ["window", "shop"]]], "width": 5472, "height": 3648, "tags": []}