{"rects": [[[259.91999999999996, 597.3599999999999, 3511.2, 4783.44], ["window"]]], "width": 3648, "height": 5472, "tags": []}