{"rects": [[[519.8399999999999, 343.9542857142857, 4447.954285714285, 3482.5371428571425], ["window", "shop"]]], "width": 5472, "height": 3648, "tags": []}