{"rects": [[[638.4, 246.23999999999998, 3538.5599999999995, 5312.4], ["window"]]], "width": 3648, "height": 5472, "tags": []}