{"rects": [[[183.70285714285714, 50.81142857142857, 4866.171428571428, 3318.3771428571426], ["window", "shop"]]], "width": 5472, "height": 3648, "tags": []}