{"rects": [[[828.6171428571428, 19.54285714285714, 4631.657142857142, 3607.6114285714284], ["window", "shop"]]], "width": 5472, "height": 3648, "tags": []}