{"rects": [[[1231.2, 89.89714285714285, 4354.148571428571, 3509.8971428571426], ["window"]]], "width": 5472, "height": 3648, "tags": []}