{"rects": [[[401.28, 360.23999999999995, 3260.3999999999996, 4354.799999999999], ["window"]]], "width": 3648, "height": 5472, "tags": []}