{"rects": [[[953.6914285714286, 187.61142857142858, 4702.011428571428, 3552.8914285714286], ["window"]]], "width": 5472, "height": 3648, "tags": []}