{"rects": [[[455.99999999999994, 451.43999999999994, 3643.4399999999996, 5120.879999999999], ["window"]]], "width": 3648, "height": 5472, "tags": []}