{"rects": [[[938.0571428571428, 15.634285714285713, 4694.194285714286, 3623.2457142857143], ["window", "shop"]]], "width": 5472, "height": 3648, "tags": []}