{"rects": [[[973.2342857142856, 105.53142857142856, 3763.9542857142856, 3474.72], ["window", "shop"]]], "width": 5472, "height": 3648, "tags": []}