{"rects": [[[320.5028571428571, 89.89714285714285, 3990.6514285714284, 3607.6114285714284], ["window"]]], "width": 5472, "height": 3648, "tags": []}