{"rects": [[[949.7828571428571, 246.23999999999998, 4576.937142857143, 3361.371428571428], ["window"]]], "width": 5472, "height": 3648, "tags": []}