{"rects": [[[1086.5828571428572, 218.88, 3537.2571428571428, 3150.308571428571], ["window", "shop"]]], "width": 5472, "height": 3648, "tags": []}