{"rects": [[[906.7885714285713, 144.61714285714285, 4459.679999999999, 3220.662857142857], ["window"]]], "width": 5472, "height": 3648, "tags": []}