{"rects": [[[496.3885714285714, 15.634285714285713, 4584.754285714285, 3545.0742857142855], ["window"]]], "width": 5472, "height": 3648, "tags": []}