{"rects": [[[351.11999999999995, 337.44, 3287.7599999999998, 5312.4], ["window"]]], "width": 3648, "height": 5472, "tags": []}