{"rects": [[[9.12, 31.919999999999998, 2845.4399999999996, 5389.919999999999], ["window", "shop"]]], "width": 3648, "height": 5472, "tags": []}