{"rects": [[[624.7199999999999, 4.56, 3342.4799999999996, 4997.759999999999], ["window"]]], "width": 3648, "height": 5472, "tags": []}