{"rects": [[[465.11999999999995, 478.79999999999995, 3255.8399999999997, 4993.2], ["window"]]], "width": 3648, "height": 5472, "tags": []}