{"rects": [[[805.1657142857142, 418.21714285714285, 4291.611428571428, 3572.4342857142856], ["window"]]], "width": 5472, "height": 3648, "tags": []}