{"rects": [[[1348.4571428571428, 89.89714285714285, 4260.342857142857, 3513.805714285714], ["window"]]], "width": 5472, "height": 3648, "tags": []}