{"rects": [[[128.98285714285714, 203.24571428571429, 3033.0514285714285, 3193.302857142857], ["window"]], [[3048.6857142857143, 187.61142857142858, 4772.365714285714, 3529.4399999999996], ["window"]]], "width": 5472, "height": 3648, "tags": []}