{"rects": [[[570.6514285714286, 719.1771428571428, 4698.102857142857, 3552.8914285714286], ["window"]]], "width": 5472, "height": 3648, "tags": []}