{"rects": [[[105.53142857142856, 31.268571428571427, 4991.245714285714, 3642.7885714285712], ["window", "shop"]]], "width": 5472, "height": 3648, "tags": []}