{"rects": [[[758.2628571428571, 535.4742857142857, 5468.091428571428, 3079.9542857142856], ["window"]]], "width": 5472, "height": 3648, "tags": []}