{"rects": [[[7.817142857142857, 308.77714285714285, 2712.5485714285714, 3107.3142857142857], ["window"]], [[2786.811428571428, 703.5428571428571, 5456.365714285714, 3150.308571428571], ["window"]]], "width": 5472, "height": 3648, "tags": []}