{"rects": [[[1762.7657142857142, 66.44571428571429, 4537.851428571428, 3322.285714285714], ["window", "shop"]]], "width": 5472, "height": 3648, "tags": []}