{"rects": [[[465.11999999999995, 265.78285714285715, 5268.754285714285, 3462.9942857142855], ["window", "shop"]]], "width": 5472, "height": 3648, "tags": []}