{"rects": [[[0, 0, 3648, 5472], ["facade"]], [[59.279999999999994, 364.79999999999995, 2558.16, 3579.6], ["window"]]], "width": 3648, "height": 5472, "tags": []}