{"rects": [[[660.5485714285714, 414.3085714285714, 4834.902857142857, 3369.1885714285713], ["window"]]], "width": 5472, "height": 3648, "tags": []}