{"rects": [[[269.03999999999996, 506.15999999999997, 3324.24, 5362.5599999999995], ["window"]]], "width": 3648, "height": 5472, "tags": []}