{"rects": [[[998.6399999999999, 401.28, 3497.5199999999995, 4815.36], ["window"]]], "width": 3648, "height": 5472, "tags": []}