{"rects": [[[918.5142857142856, 304.8685714285714, 4412.777142857142, 3568.525714285714], ["window"]]], "width": 5472, "height": 3648, "tags": []}