{"rects": [[[46.902857142857144, 855.9771428571428, 2966.605714285714, 3201.12], ["window", "shop"]]], "width": 5472, "height": 3648, "tags": []}