{"rects": [[[328.32, 78.17142857142856, 4807.5428571428565, 3545.0742857142855], ["window", "shop"]]], "width": 5472, "height": 3648, "tags": []}