{"rects": [[[726.9942857142856, 19.54285714285714, 5116.32, 3474.72], ["window", "shop"]]], "width": 5472, "height": 3648, "tags": []}