{"rects": [[[679.4399999999999, 278.15999999999997, 3068.8799999999997, 4788.0], ["window"]]], "width": 3648, "height": 5472, "tags": []}