{"rects": [[[1016.2285714285714, 285.3257142857143, 5057.691428571428, 3556.7999999999997], ["window", "shop"]]], "width": 5472, "height": 3648, "tags": []}