{"rects": [[[1035.7714285714285, 1543.8857142857141, 5053.782857142857, 3588.0685714285714], ["window"]]], "width": 5472, "height": 3648, "tags": []}