{"rects": [[[1082.6742857142856, 355.68, 4791.908571428571, 3580.2514285714283], ["window", "shop"]]], "width": 5472, "height": 3648, "tags": []}