{"rects": [[[164.16, 363.4971428571428, 2517.12, 3076.045714285714], ["window", "shop"]], [[2528.845714285714, 371.3142857142857, 5260.937142857142, 3079.9542857142856], ["window", "shop"]]], "width": 5472, "height": 3648, "tags": []}