{"rects": [[[965.4171428571428, 367.4057142857143, 4518.308571428571, 3064.3199999999997], ["window"]]], "width": 5472, "height": 3648, "tags": []}