{"rects": [[[527.6571428571428, 117.25714285714285, 4999.062857142857, 3529.4399999999996], ["window"]]], "width": 5472, "height": 3648, "tags": []}