{"rects": [[[66.44571428571429, 39.08571428571428, 5077.234285714286, 3627.1542857142854], ["window", "shop"]]], "width": 5472, "height": 3648, "tags": []}