{"rects": [[[1094.3999999999999, 3.9085714285714284, 4674.651428571428, 3619.3371428571427], ["window"]]], "width": 5472, "height": 3648, "tags": []}