{"rects": [[[1008.4114285714285, 355.68, 4096.182857142857, 3361.371428571428], ["window"]]], "width": 5472, "height": 3648, "tags": []}