{"rects": [[[590.1942857142857, 336.13714285714286, 3830.3999999999996, 3623.2457142857143], ["window", "shop"]]], "width": 5472, "height": 3648, "tags": []}