{"rects": [[[42.99428571428571, 191.51999999999998, 2696.9142857142856, 3466.902857142857], ["window"]], [[2728.182857142857, 175.88571428571427, 5429.005714285714, 3435.6342857142854], ["window"]]], "width": 5472, "height": 3648, "tags": []}