{"rects": [[[519.8399999999999, 483.35999999999996, 3483.8399999999997, 3424.5599999999995], ["window"]]], "width": 3648, "height": 5472, "tags": []}