{"rects": [[[367.4057142857143, 3.9085714285714284, 4893.5314285714285, 3568.525714285714], ["window", "shop"]]], "width": 5472, "height": 3648, "tags": []}