{"rects": [[[875.52, 62.537142857142854, 4522.217142857143, 3603.702857142857], ["window"]]], "width": 5472, "height": 3648, "tags": []}