{"rects": [[[156.34285714285713, 15.634285714285713, 5190.5828571428565, 3505.988571428571], ["window"]]], "width": 5472, "height": 3648, "tags": []}