{"rects": [[[437.76, 424.08, 3561.3599999999997, 5216.639999999999], ["window"]]], "width": 3648, "height": 5472, "tags": []}