{"rects": [[[457.30285714285714, 312.68571428571425, 4358.057142857143, 3447.3599999999997], ["window", "shop"]]], "width": 5472, "height": 3648, "tags": []}