{"rects": [[[848.16, 222.78857142857143, 4143.085714285714, 3521.622857142857], ["window"]]], "width": 5472, "height": 3648, "tags": []}