{"rects": [[[605.8285714285714, 613.6457142857142, 5182.765714285714, 3298.8342857142857], ["window", "shop"]]], "width": 5472, "height": 3648, "tags": []}