{"rects": [[[661.1999999999999, 547.1999999999999, 3648, 5198.4], ["window"]]], "width": 3648, "height": 5472, "tags": []}