{"rects": [[[418.21714285714285, 117.25714285714285, 4983.428571428572, 3478.6285714285714], ["window"]]], "width": 5472, "height": 3648, "tags": []}