{"rects": [[[699.6342857142856, 15.634285714285713, 4604.297142857143, 3631.062857142857], ["window"]]], "width": 5472, "height": 3648, "tags": []}