{"rects": [[[1160.8457142857142, 429.9428571428571, 4776.274285714286, 3490.3542857142857], ["window"]]], "width": 5472, "height": 3648, "tags": []}