{"rects": [[[487.91999999999996, 683.9999999999999, 3474.72, 4742.4], ["window", "shop"]]], "width": 3648, "height": 5472, "tags": []}