{"rects": [[[441.6685714285714, 3.9085714285714284, 4643.382857142857, 3529.4399999999996], ["window"]]], "width": 5472, "height": 3648, "tags": []}