{"rects": [[[148.5257142857143, 101.62285714285714, 4537.851428571428, 3431.7257142857143], ["window"]]], "width": 5472, "height": 3648, "tags": []}