{"rects": [[[39.08571428571428, 805.1657142857142, 2591.382857142857, 3310.56], ["window"]], [[2610.925714285714, 797.3485714285714, 5108.502857142857, 3326.1942857142853], ["window"]]], "width": 5472, "height": 3648, "tags": []}