{"rects": [[[0, 0, 5472, 3648], ["facade"]], [[1704.1371428571429, 457.30285714285714, 5303.931428571428, 3048.6857142857143], ["window"]]], "width": 5472, "height": 3648, "tags": []}