{"rects": [[[1469.6228571428571, 85.98857142857142, 4569.12, 3306.6514285714284], ["window", "shop"]]], "width": 5472, "height": 3648, "tags": []}