{"rects": [[[140.70857142857142, 78.17142857142856, 5131.954285714285, 3431.7257142857143], ["window"]]], "width": 5472, "height": 3648, "tags": []}