{"rects": [[[78.17142857142856, 535.4742857142857, 5343.017142857143, 3486.445714285714], ["window"]]], "width": 5472, "height": 3648, "tags": []}