{"rects": [[[711.36, 117.25714285714285, 4866.171428571428, 3466.902857142857], ["window"]]], "width": 5472, "height": 3648, "tags": []}