{"rects": [[[1043.5885714285714, 93.80571428571429, 4784.091428571428, 3517.7142857142853], ["window", "shop"]]], "width": 5472, "height": 3648, "tags": []}