{"rects": [[[1196.022857142857, 222.78857142857143, 4385.417142857143, 3482.5371428571425], ["window"]]], "width": 5472, "height": 3648, "tags": []}