{"rects": [[[1219.4742857142855, 7.817142857142857, 4866.171428571428, 3631.062857142857], ["window"]]], "width": 5472, "height": 3648, "tags": []}