{"rects": [[[11.725714285714286, 257.9657142857143, 4885.714285714285, 3298.8342857142857], ["window"]]], "width": 5472, "height": 3648, "tags": []}