{"rects": [[[1211.6571428571428, 336.13714285714286, 4268.16, 3529.4399999999996], ["window"]]], "width": 5472, "height": 3648, "tags": []}