{"rects": [[[1203.84, 289.2342857142857, 5249.211428571428, 3615.428571428571], ["window"]]], "width": 5472, "height": 3648, "tags": []}