{"rects": [[[605.8285714285714, 35.177142857142854, 5010.788571428571, 3455.177142857143], ["window", "shop"]]], "width": 5472, "height": 3648, "tags": []}