{"rects": [[[132.23999999999998, 310.08, 3483.8399999999997, 5120.879999999999], ["window"]]], "width": 3648, "height": 5472, "tags": []}