{"rects": [[[965.4171428571428, 11.725714285714286, 4111.817142857142, 3455.177142857143], ["window"]]], "width": 5472, "height": 3648, "tags": []}