{"rects": [[[312.68571428571425, 78.17142857142856, 4588.662857142857, 3509.8971428571426], ["window"]]], "width": 5472, "height": 3648, "tags": []}