{"rects": [[[250.79999999999998, 633.8399999999999, 3410.8799999999997, 4865.5199999999995], ["window"]]], "width": 3648, "height": 5472, "tags": []}