{"rects": [[[535.4742857142857, 128.98285714285714, 4678.5599999999995, 3591.9771428571426], ["window"]]], "width": 5472, "height": 3648, "tags": []}