{"rects": [[[209.76, 77.52, 3570.4799999999996, 5348.879999999999], ["window"]]], "width": 3648, "height": 5472, "tags": []}