{"rects": [[[624.7199999999999, 287.28, 3533.9999999999995, 4687.679999999999], ["window"]]], "width": 3648, "height": 5472, "tags": []}