{"rects": [[[132.23999999999998, 1199.28, 3575.0399999999995, 4487.04], ["window"]]], "width": 3648, "height": 5472, "tags": []}