{"rects": [[[1579.062857142857, 336.13714285714286, 4791.908571428571, 3482.5371428571425], ["window"]]], "width": 5472, "height": 3648, "tags": []}