{"rects": [[[644.9142857142857, 246.23999999999998, 4748.914285714285, 3009.6], ["window"]]], "width": 5472, "height": 3648, "tags": []}