{"rects": [[[1731.4971428571428, 3.9085714285714284, 5386.011428571428, 3615.428571428571], ["window", "shop"]]], "width": 5472, "height": 3648, "tags": []}