{"rects": [[[695.7257142857143, 7.817142857142857, 4119.634285714285, 3607.6114285714284], ["window"]]], "width": 5472, "height": 3648, "tags": []}