{"rects": [[[820.8, 101.62285714285714, 4416.685714285714, 3408.2742857142857], ["window"]]], "width": 5472, "height": 3648, "tags": []}