{"rects": [[[1715.8628571428571, 457.30285714285714, 4807.5428571428565, 3341.828571428571], ["window"]]], "width": 5472, "height": 3648, "tags": []}