{"rects": [[[469.67999999999995, 515.28, 3611.5199999999995, 4938.48], ["window"]]], "width": 3648, "height": 5472, "tags": []}