{"rects": [[[101.62285714285714, 148.5257142857143, 4404.96, 3498.1714285714284], ["window", "shop"]]], "width": 5472, "height": 3648, "tags": []}