{"rects": [[[1156.9371428571428, 394.76571428571424, 4397.142857142857, 3634.9714285714285], ["window", "shop"]]], "width": 5472, "height": 3648, "tags": []}