{"rects": [[[254.05714285714285, 19.54285714285714, 5042.057142857143, 3185.485714285714], ["window", "shop"]]], "width": 5472, "height": 3648, "tags": []}