{"rects": [[[629.28, 42.99428571428571, 4682.4685714285715, 3509.8971428571426], ["window"]]], "width": 5472, "height": 3648, "tags": []}