{"rects": [[[1496.982857142857, 289.2342857142857, 4741.097142857143, 2900.16], ["window"]]], "width": 5472, "height": 3648, "tags": []}