{"rects": [[[930.2399999999999, 11.725714285714286, 4080.548571428571, 3648], ["window", "shop"]]], "width": 5472, "height": 3648, "tags": []}