{"rects": [[[734.8114285714286, 336.13714285714286, 4873.988571428571, 3169.851428571428], ["window"]]], "width": 5472, "height": 3648, "tags": []}