{"rects": [[[218.88, 42.99428571428571, 5229.668571428571, 3615.428571428571], ["door"]]], "width": 5472, "height": 3648, "tags": []}