{"rects": [[[45.599999999999994, 455.99999999999994, 3620.64, 4847.28], ["window"]]], "width": 3648, "height": 5472, "tags": []}