{"rects": [[[769.9885714285714, 39.08571428571428, 3795.222857142857, 3576.342857142857], ["window"]]], "width": 5472, "height": 3648, "tags": []}