{"rects": [[[1586.8799999999999, 261.8742857142857, 3767.862857142857, 3349.645714285714], ["window", "shop"]]], "width": 5472, "height": 3648, "tags": []}