{"rects": [[[996.6857142857142, 148.5257142857143, 4647.291428571429, 3498.1714285714284], ["window"]]], "width": 5472, "height": 3648, "tags": []}