{"rects": [[[97.71428571428571, 62.537142857142854, 4963.885714285714, 3619.3371428571427], ["window", "shop"]]], "width": 5472, "height": 3648, "tags": []}