{"rects": [[[1985.5542857142857, 832.5257142857142, 4225.165714285714, 3134.6742857142854], ["window", "shop"]]], "width": 5472, "height": 3648, "tags": []}