{"rects": [[[392.15999999999997, 41.04, 3237.6, 5289.599999999999], ["window"]]], "width": 3648, "height": 5472, "tags": []}