{"rects": [[[410.4, 234.5142857142857, 4920.891428571428, 3611.52], ["window"]]], "width": 5472, "height": 3648, "tags": []}