{"rects": [[[155.04, 360.23999999999995, 3538.5599999999995, 5307.839999999999], ["window"]]], "width": 3648, "height": 5472, "tags": []}