{"rects": [[[488.57142857142856, 23.451428571428572, 4807.5428571428565, 3623.2457142857143], ["window"]]], "width": 5472, "height": 3648, "tags": []}