{"rects": [[[222.78857142857143, 19.54285714285714, 5010.788571428571, 3416.0914285714284], ["window", "shop"]]], "width": 5472, "height": 3648, "tags": []}