{"rects": [[[726.9942857142856, 27.36, 4291.611428571428, 3380.9142857142856], ["window"]]], "width": 5472, "height": 3648, "tags": []}