{"rects": [[[347.86285714285714, 453.3942857142857, 4627.748571428571, 3326.1942857142853], ["window"]]], "width": 5472, "height": 3648, "tags": []}