{"rects": [[[891.1542857142857, 70.35428571428571, 5085.051428571428, 3517.7142857142853], ["window", "shop"]]], "width": 5472, "height": 3648, "tags": []}