{"rects": [[[1559.52, 7.817142857142857, 4576.937142857143, 3642.7885714285712], ["window", "shop"]]], "width": 5472, "height": 3648, "tags": []}