{"rects": [[[200.64, 752.4, 3606.9599999999996, 4550.879999999999], ["window"]]], "width": 3648, "height": 5472, "tags": []}