{"rects": [[[355.67999999999995, 241.67999999999998, 3547.68, 5412.719999999999], ["window"]]], "width": 3648, "height": 5472, "tags": []}