{"rects": [[[472.9371428571428, 46.902857142857144, 4354.148571428571, 3642.7885714285712], ["window", "shop"]]], "width": 5472, "height": 3648, "tags": []}