{"rects": [[[624.7199999999999, 501.59999999999997, 3173.7599999999998, 5348.879999999999], ["window"]]], "width": 3648, "height": 5472, "tags": []}