{"rects": [[[660.5485714285714, 406.49142857142857, 4764.548571428571, 3588.0685714285714], ["window", "shop"]]], "width": 5472, "height": 3648, "tags": []}