{"rects": [[[255.35999999999999, 579.12, 3319.68, 5102.639999999999], ["window"]]], "width": 3648, "height": 5472, "tags": []}