{"rects": [[[478.79999999999995, 1258.56, 3296.8799999999997, 4801.679999999999], ["window"]]], "width": 3648, "height": 5472, "tags": []}