{"rects": [[[984.9599999999999, 89.89714285714285, 5460.274285714286, 3638.8799999999997], ["window"]]], "width": 5472, "height": 3648, "tags": []}