{"rects": [[[594.1028571428571, 89.89714285714285, 4721.5542857142855, 3533.348571428571], ["window"]]], "width": 5472, "height": 3648, "tags": []}