{"rects": [[[547.1999999999999, 508.1142857142857, 4377.599999999999, 3427.8171428571427], ["window"]]], "width": 5472, "height": 3648, "tags": []}