{"rects": [[[1156.9371428571428, 265.78285714285715, 4709.828571428571, 3572.4342857142856], ["window"]]], "width": 5472, "height": 3648, "tags": []}