{"rects": [[[711.36, 840.342857142857, 3185.485714285714, 3076.045714285714], ["window", "shop"]], [[3193.302857142857, 824.7085714285714, 5190.5828571428565, 3142.4914285714285], ["window", "shop"]]], "width": 5472, "height": 3648, "tags": []}