{"rects": [[[801.2571428571429, 105.53142857142856, 4612.114285714286, 3353.5542857142855], ["window"]]], "width": 5472, "height": 3648, "tags": []}