{"rects": [[[100.32, 1016.8799999999999, 3456.4799999999996, 4427.759999999999], ["window"]]], "width": 3648, "height": 5472, "tags": []}