{"rects": [[[750.4457142857143, 23.451428571428572, 5401.645714285714, 3611.52], ["window"]]], "width": 5472, "height": 3648, "tags": []}