{"rects": [[[637.0971428571428, 652.7314285714285, 2708.64, 2982.24], ["window"]], [[2771.177142857143, 637.0971428571428, 4928.708571428571, 2810.262857142857], ["window"]]], "width": 5472, "height": 3648, "tags": []}