{"rects": [[[1207.7485714285713, 101.62285714285714, 4651.2, 3447.3599999999997], ["window"]]], "width": 5472, "height": 3648, "tags": []}