{"rects": [[[156.34285714285713, 3.9085714285714284, 4428.411428571429, 2376.4114285714286], ["window", "shop"]]], "width": 5472, "height": 3648, "tags": []}