{"rects": [[[242.33142857142855, 31.268571428571427, 5171.04, 3572.4342857142856], ["window"]]], "width": 5472, "height": 3648, "tags": []}