{"rects": [[[1063.1314285714286, 598.0114285714285, 4115.725714285714, 3537.2571428571428], ["window"]]], "width": 5472, "height": 3648, "tags": []}