{"rects": [[[218.88, 58.628571428571426, 3795.222857142857, 3513.805714285714], ["window"]]], "width": 5472, "height": 3648, "tags": []}