{"rects": [[[746.5371428571428, 512.0228571428571, 4725.462857142857, 3470.811428571428], ["window", "shop"]]], "width": 5472, "height": 3648, "tags": []}