{"rects": [[[351.77142857142854, 42.99428571428571, 5088.96, 3615.428571428571], ["window", "shop"]]], "width": 5472, "height": 3648, "tags": []}