{"rects": [[[341.99999999999994, 597.3599999999999, 3533.9999999999995, 4933.919999999999], ["window", "shop"]]], "width": 3648, "height": 5472, "tags": []}