{"rects": [[[676.1828571428571, 35.177142857142854, 4866.171428571428, 3615.428571428571], ["window", "shop"]]], "width": 5472, "height": 3648, "tags": []}