{"rects": [[[442.31999999999994, 387.59999999999997, 2968.56, 5148.24], ["window", "shop"]]], "width": 3648, "height": 5472, "tags": []}