{"rects": [[[1403.1771428571428, 394.76571428571424, 4971.702857142857, 3545.0742857142855], ["window", "shop"]]], "width": 5472, "height": 3648, "tags": []}