{"rects": [[[264.47999999999996, 1035.12, 3565.9199999999996, 4236.24], ["window", "shop"]]], "width": 3648, "height": 5472, "tags": []}