{"rects": [[[914.6057142857143, 144.61714285714285, 4373.691428571428, 3443.4514285714286], ["window"]]], "width": 5472, "height": 3648, "tags": []}