{"rects": [[[1559.52, 109.44, 4893.5314285714285, 3521.622857142857], ["window", "shop"]]], "width": 5472, "height": 3648, "tags": []}