{"rects": [[[101.62285714285714, 140.70857142857142, 5468.091428571428, 3036.96], ["window", "shop"]]], "width": 5472, "height": 3648, "tags": []}