{"rects": [[[1547.7942857142857, 207.1542857142857, 4104.0, 3330.102857142857], ["window"]]], "width": 5472, "height": 3648, "tags": []}