{"rects": [[[820.8, 58.628571428571426, 4604.297142857143, 3634.9714285714285], ["window"]]], "width": 5472, "height": 3648, "tags": []}