{"rects": [[[683.9999999999999, 314.64, 3342.4799999999996, 2745.12], ["window", "shop"]], [[674.88, 2772.4799999999996, 3132.72, 5102.639999999999], ["window", "shop"]]], "width": 3648, "height": 5472, "tags": []}