{"rects": [[[173.27999999999997, 191.51999999999998, 3524.8799999999997, 5216.639999999999], ["window"]]], "width": 3648, "height": 5472, "tags": []}