{"rects": [[[910.6971428571428, 781.7142857142857, 4256.434285714286, 3545.0742857142855], ["window"]]], "width": 5472, "height": 3648, "tags": []}