{"rects": [[[164.16, 629.28, 3036.9599999999996, 5047.919999999999], ["window"]]], "width": 3648, "height": 5472, "tags": []}