{"rects": [[[324.41142857142853, 648.8228571428571, 5163.222857142857, 3224.5714285714284], ["window"]]], "width": 5472, "height": 3648, "tags": []}