{"rects": [[[308.77714285714285, 422.12571428571425, 5131.954285714285, 3068.2285714285713], ["window"]]], "width": 5472, "height": 3648, "tags": []}