{"rects": [[[1872.2057142857143, 250.14857142857142, 4932.617142857142, 3435.6342857142854], ["window", "shop"]]], "width": 5472, "height": 3648, "tags": []}