{"rects": [[[328.32, 902.8799999999999, 3365.2799999999997, 4199.759999999999], ["window"]]], "width": 3648, "height": 5472, "tags": []}