{"rects": [[[132.23999999999998, 848.16, 3383.5199999999995, 4596.48], ["window"]]], "width": 3648, "height": 5472, "tags": []}