{"rects": [[[1262.4685714285713, 168.06857142857143, 4424.502857142857, 2947.062857142857], ["window", "shop"]]], "width": 5472, "height": 3648, "tags": []}