{"rects": [[[723.0857142857143, 42.99428571428571, 4662.925714285714, 3423.908571428571], ["window", "shop"]]], "width": 5472, "height": 3648, "tags": []}