{"rects": [[[510.71999999999997, 27.36, 2954.8799999999997, 2822.64], ["window", "shop"]], [[487.91999999999996, 2854.56, 3014.16, 5184.719999999999], ["window", "shop"]]], "width": 3648, "height": 5472, "tags": []}