{"rects": [[[183.70285714285714, 97.71428571428571, 5468.091428571428, 3169.851428571428], ["window"]]], "width": 5472, "height": 3648, "tags": []}