{"rects": [[[278.15999999999997, 597.3599999999999, 3520.3199999999997, 5070.719999999999], ["window"]]], "width": 3648, "height": 5472, "tags": []}