{"rects": [[[0, 0, 5472, 3648], ["facade"]], [[848.16, 605.8285714285714, 4948.251428571429, 3205.0285714285715], ["window"]]], "width": 5472, "height": 3648, "tags": []}