{"rects": [[[793.4399999999999, 152.4342857142857, 5354.742857142857, 3509.8971428571426], ["window"]]], "width": 5472, "height": 3648, "tags": []}