{"rects": [[[508.1142857142857, 457.30285714285714, 4084.4571428571426, 3541.165714285714], ["window"]]], "width": 5472, "height": 3648, "tags": []}