{"rects": [[[496.3885714285714, 187.61142857142858, 4729.371428571429, 3572.4342857142856], ["window"]]], "width": 5472, "height": 3648, "tags": []}