{"rects": [[[1164.7542857142857, 93.80571428571429, 4252.5257142857145, 3435.6342857142854], ["window"]]], "width": 5472, "height": 3648, "tags": []}