{"rects": [[[168.06857142857143, 246.23999999999998, 5151.4971428571425, 3150.308571428571], ["window", "shop"]]], "width": 5472, "height": 3648, "tags": []}