{"rects": [[[852.0685714285714, 78.17142857142856, 4483.131428571428, 3525.5314285714285], ["window"]]], "width": 5472, "height": 3648, "tags": []}