{"rects": [[[369.35999999999996, 761.52, 3077.9999999999995, 4249.92], ["window"]]], "width": 3648, "height": 5472, "tags": []}