{"rects": [[[734.16, 186.95999999999998, 3520.3199999999997, 5280.48], ["window", "shop"]]], "width": 3648, "height": 5472, "tags": []}