{"rects": [[[1688.502857142857, 285.3257142857143, 3975.0171428571425, 3517.7142857142853], ["window"]]], "width": 5472, "height": 3648, "tags": []}