{"rects": [[[1332.8228571428572, 175.88571428571427, 4631.657142857142, 3634.9714285714285], ["window"]]], "width": 5472, "height": 3648, "tags": []}