{"rects": [[[664.4571428571428, 394.76571428571424, 5217.942857142857, 3642.7885714285712], ["window", "shop"]]], "width": 5472, "height": 3648, "tags": []}