{"rects": [[[27.36, 766.0799999999999, 3561.3599999999997, 4377.599999999999], ["window"]]], "width": 3648, "height": 5472, "tags": []}