{"rects": [[[684.0, 171.97714285714284, 5468.091428571428, 3423.908571428571], ["window", "shop"]]], "width": 5472, "height": 3648, "tags": []}