{"rects": [[[556.3199999999999, 556.3199999999999, 3429.12, 5052.48], ["window", "shop"]]], "width": 3648, "height": 5472, "tags": []}