{"rects": [[[707.4514285714286, 609.7371428571428, 4588.662857142857, 2857.1657142857143], ["window"]]], "width": 5472, "height": 3648, "tags": []}