{"rects": [[[588.2399999999999, 173.27999999999997, 3511.2, 4952.16], ["window"]]], "width": 3648, "height": 5472, "tags": []}