{"rects": [[[182.39999999999998, 113.99999999999999, 3479.2799999999997, 5307.839999999999], ["window"]]], "width": 3648, "height": 5472, "tags": []}