{"rects": [[[586.2857142857142, 805.1657142857142, 4838.811428571428, 3302.742857142857], ["window", "shop"]]], "width": 5472, "height": 3648, "tags": []}