{"rects": [[[590.1942857142857, 105.53142857142856, 4670.742857142857, 3631.062857142857], ["window", "shop"]]], "width": 5472, "height": 3648, "tags": []}