{"rects": [[[750.4457142857143, 105.53142857142856, 3900.7542857142853, 3240.2057142857143], ["window"]]], "width": 5472, "height": 3648, "tags": []}