{"rects": [[[1211.6571428571428, 281.41714285714284, 4225.165714285714, 3470.811428571428], ["window", "shop"]]], "width": 5472, "height": 3648, "tags": []}