{"rects": [[[539.3828571428571, 66.44571428571429, 4780.182857142857, 3607.6114285714284], ["window"]]], "width": 5472, "height": 3648, "tags": []}