{"rects": [[[625.3714285714285, 277.50857142857143, 5042.057142857143, 3259.7485714285713], ["window", "shop"]]], "width": 5472, "height": 3648, "tags": []}