{"rects": [[[484.6628571428571, 23.451428571428572, 4471.405714285714, 3623.2457142857143], ["window", "shop"]]], "width": 5472, "height": 3648, "tags": []}