{"rects": [[[558.9257142857142, 23.451428571428572, 4729.371428571429, 3642.7885714285712], ["window", "shop"]]], "width": 5472, "height": 3648, "tags": []}