{"rects": [[[1496.982857142857, 672.2742857142857, 4428.411428571429, 3529.4399999999996], ["window", "shop"]]], "width": 5472, "height": 3648, "tags": []}