{"rects": [[[938.0571428571428, 211.06285714285713, 4522.217142857143, 3572.4342857142856], ["window"]]], "width": 5472, "height": 3648, "tags": []}