{"rects": [[[1219.4742857142855, 203.24571428571429, 4057.0971428571424, 3576.342857142857], ["window"]]], "width": 5472, "height": 3648, "tags": []}