{"rects": [[[1231.2, 54.72, 3924.2057142857143, 3470.811428571428], ["window", "shop"]]], "width": 5472, "height": 3648, "tags": []}