{"rects": [[[265.78285714285715, 23.451428571428572, 5116.32, 3631.062857142857], ["window"]]], "width": 5472, "height": 3648, "tags": []}