{"rects": [[[145.92, 807.1199999999999, 3597.8399999999997, 4788.0], ["window", "shop"]]], "width": 3648, "height": 5472, "tags": []}