{"rects": [[[105.53142857142856, 551.1085714285714, 4506.5828571428565, 3353.5542857142855], ["window", "shop"]]], "width": 5472, "height": 3648, "tags": []}