{"rects": [[[807.1199999999999, 141.35999999999999, 3255.8399999999997, 5244.0], ["window"]]], "width": 3648, "height": 5472, "tags": []}