{"rects": [[[160.25142857142856, 31.268571428571427, 5135.862857142857, 3443.4514285714286], ["window"]]], "width": 5472, "height": 3648, "tags": []}