{"rects": [[[369.35999999999996, 715.92, 2863.68, 5070.719999999999], ["window"]]], "width": 3648, "height": 5472, "tags": []}