{"rects": [[[519.8399999999999, 911.9999999999999, 3629.7599999999998, 4637.5199999999995], ["window"]]], "width": 3648, "height": 5472, "tags": []}