{"rects": [[[504.20571428571424, 93.80571428571429, 4948.251428571429, 3521.622857142857], ["window"]]], "width": 5472, "height": 3648, "tags": []}