{"rects": [[[1614.24, 109.44, 4479.222857142857, 3564.617142857143], ["window"]]], "width": 5472, "height": 3648, "tags": []}