{"rects": [[[758.2628571428571, 0, 3939.8399999999997, 3634.9714285714285], ["window", "shop"]]], "width": 5472, "height": 3648, "tags": []}