{"rects": [[[579.12, 355.67999999999995, 3538.5599999999995, 5189.28], ["window"]]], "width": 3648, "height": 5472, "tags": []}