{"rects": [[[308.77714285714285, 70.35428571428571, 4193.897142857143, 3482.5371428571425], ["window"]]], "width": 5472, "height": 3648, "tags": []}