{"rects": [[[555.0171428571429, 15.634285714285713, 4393.234285714286, 3631.062857142857], ["window", "shop"]]], "width": 5472, "height": 3648, "tags": []}