{"rects": [[[512.0228571428571, 234.5142857142857, 5139.771428571428, 3412.182857142857], ["window"]]], "width": 5472, "height": 3648, "tags": []}