{"rects": [[[844.2514285714285, 273.59999999999997, 4975.611428571428, 3420.0], ["window"]]], "width": 5472, "height": 3648, "tags": []}