{"rects": [[[1309.3714285714284, 257.9657142857143, 4217.348571428572, 3459.085714285714], ["window"]]], "width": 5472, "height": 3648, "tags": []}