{"rects": [[[957.5999999999999, 50.81142857142857, 4741.097142857143, 3466.902857142857], ["window"]]], "width": 5472, "height": 3648, "tags": []}