{"rects": [[[35.177142857142854, 363.4971428571428, 4107.908571428571, 3341.828571428571], ["window"]]], "width": 5472, "height": 3648, "tags": []}