{"rects": [[[136.79999999999998, 234.5142857142857, 1735.405714285714, 3591.9771428571426], ["window"]], [[1774.4914285714285, 152.4342857142857, 3885.12, 3572.4342857142856], ["window"]]], "width": 5472, "height": 3648, "tags": []}