{"rects": [[[973.2342857142856, 234.5142857142857, 4764.548571428571, 3443.4514285714286], ["window"]]], "width": 5472, "height": 3648, "tags": []}