{"rects": [[[953.6914285714286, 23.451428571428572, 4823.177142857143, 3556.7999999999997], ["window"]]], "width": 5472, "height": 3648, "tags": []}