{"rects": [[[805.1657142857142, 54.72, 4975.611428571428, 3576.342857142857], ["window"]]], "width": 5472, "height": 3648, "tags": []}