{"rects": [[[906.7885714285713, 113.34857142857142, 4334.605714285714, 3103.405714285714], ["window"]]], "width": 5472, "height": 3648, "tags": []}