{"rects": [[[1020.1371428571427, 293.1428571428571, 4416.685714285714, 3537.2571428571428], ["window", "shop"]]], "width": 5472, "height": 3648, "tags": []}