{"rects": [[[145.92, 164.16, 3602.3999999999996, 5330.639999999999], ["window"]]], "width": 3648, "height": 5472, "tags": []}