{"rects": [[[1332.8228571428572, 187.61142857142858, 5038.148571428571, 3470.811428571428], ["window"]]], "width": 5472, "height": 3648, "tags": []}