{"rects": [[[1270.2857142857142, 297.0514285714286, 3881.2114285714283, 3619.3371428571427], ["window"]]], "width": 5472, "height": 3648, "tags": []}