{"rects": [[[875.52, 39.08571428571428, 4412.777142857142, 3095.5885714285714], ["window"]]], "width": 5472, "height": 3648, "tags": []}