{"rects": [[[145.92, 364.79999999999995, 3378.9599999999996, 5335.2], ["window"]]], "width": 3648, "height": 5472, "tags": []}