{"rects": [[[1031.8628571428571, 19.54285714285714, 4010.1942857142853, 3611.52], ["window", "shop"]]], "width": 5472, "height": 3648, "tags": []}