{"rects": [[[555.0171428571429, 128.98285714285714, 5002.971428571428, 3435.6342857142854], ["window"]]], "width": 5472, "height": 3648, "tags": []}