{"rects": [[[687.9085714285713, 480.7542857142857, 5327.382857142857, 3572.4342857142856], ["window", "shop"]]], "width": 5472, "height": 3648, "tags": []}