{"rects": [[[1629.8742857142856, 410.4, 5202.308571428571, 3205.0285714285715], ["window", "shop"]]], "width": 5472, "height": 3648, "tags": []}