{"rects": [[[539.3828571428571, 101.62285714285714, 5214.034285714285, 3322.285714285714], ["window"]]], "width": 5472, "height": 3648, "tags": []}