{"rects": [[[758.2628571428571, 195.42857142857142, 4705.92, 3142.4914285714285], ["window"]]], "width": 5472, "height": 3648, "tags": []}