{"rects": [[[480.7542857142857, 668.3657142857143, 5432.914285714285, 2943.1542857142854], ["window", "shop"]]], "width": 5472, "height": 3648, "tags": []}