{"rects": [[[1007.7599999999999, 478.79999999999995, 3374.3999999999996, 5130.0], ["window"]]], "width": 3648, "height": 5472, "tags": []}