{"rects": [[[734.8114285714286, 289.2342857142857, 4694.194285714286, 3588.0685714285714], ["window"]]], "width": 5472, "height": 3648, "tags": []}