{"rects": [[[918.5142857142856, 222.78857142857143, 4514.4, 3427.8171428571427], ["window"]]], "width": 5472, "height": 3648, "tags": []}