{"rects": [[[35.177142857142854, 82.08, 4678.5599999999995, 3568.525714285714], ["window"]]], "width": 5472, "height": 3648, "tags": []}