{"rects": [[[1364.0914285714284, 156.34285714285713, 4334.605714285714, 3435.6342857142854], ["window"]]], "width": 5472, "height": 3648, "tags": []}