{"rects": [[[441.6685714285714, 222.78857142857143, 5081.142857142857, 3455.177142857143], ["window"]]], "width": 5472, "height": 3648, "tags": []}