{"rects": [[[285.3257142857143, 199.33714285714285, 5468.091428571428, 3646.697142857143], ["window"]]], "width": 5472, "height": 3648, "tags": []}