{"rects": [[[769.9885714285714, 433.8514285714285, 4600.388571428572, 3631.062857142857], ["window", "shop"]]], "width": 5472, "height": 3648, "tags": []}