{"rects": [[[85.98857142857142, 117.25714285714285, 4889.622857142856, 3580.2514285714283], ["window"]]], "width": 5472, "height": 3648, "tags": []}