{"rects": [[[1340.6399999999999, 11.725714285714286, 5057.691428571428, 3400.4571428571426], ["window"]]], "width": 5472, "height": 3648, "tags": []}