{"rects": [[[1094.3999999999999, 242.33142857142855, 4561.302857142857, 3595.885714285714], ["window", "shop"]]], "width": 5472, "height": 3648, "tags": []}