{"rects": [[[785.6228571428571, 35.177142857142854, 3353.5542857142855, 3283.2], ["window"]]], "width": 5472, "height": 3648, "tags": []}