{"rects": [[[697.68, 237.11999999999998, 3324.24, 4906.5599999999995], ["window"]]], "width": 3648, "height": 5472, "tags": []}