{"rects": [[[77.52, 310.08, 3296.8799999999997, 5070.719999999999], ["window"]]], "width": 3648, "height": 5472, "tags": []}