{"rects": [[[346.55999999999995, 779.7599999999999, 3255.8399999999997, 5371.679999999999], ["window"]]], "width": 3648, "height": 5472, "tags": []}