{"rects": [[[922.4228571428571, 39.08571428571428, 4690.285714285714, 3271.4742857142855], ["window", "shop"]]], "width": 5472, "height": 3648, "tags": []}