{"rects": [[[984.9599999999999, 23.451428571428572, 4209.5314285714285, 3423.908571428571], ["window", "shop"]]], "width": 5472, "height": 3648, "tags": []}