{"rects": [[[117.25714285714285, 254.05714285714285, 4350.24, 3232.388571428571], ["window", "shop"]]], "width": 5472, "height": 3648, "tags": []}