{"rects": [[[824.7085714285714, 359.5885714285714, 4471.405714285714, 3384.822857142857], ["window"]]], "width": 5472, "height": 3648, "tags": []}