{"rects": [[[1098.9599999999998, 971.28, 3347.0399999999995, 4528.08], ["window", "shop"]]], "width": 3648, "height": 5472, "tags": []}