{"rects": [[[910.6971428571428, 62.537142857142854, 4670.742857142857, 3443.4514285714286], ["window"]]], "width": 5472, "height": 3648, "tags": []}