{"rects": [[[1110.0342857142857, 183.70285714285714, 4487.04, 3275.382857142857], ["window"]]], "width": 5472, "height": 3648, "tags": []}