{"rects": [[[1027.9542857142856, 504.20571428571424, 4459.679999999999, 3087.7714285714283], ["window"]]], "width": 5472, "height": 3648, "tags": []}