{"rects": [[[883.3371428571428, 7.817142857142857, 5288.297142857143, 3648], ["window"]]], "width": 5472, "height": 3648, "tags": []}