{"rects": [[[469.67999999999995, 551.76, 3597.8399999999997, 4564.5599999999995], ["window"]]], "width": 3648, "height": 5472, "tags": []}