{"rects": [[[629.28, 556.3199999999999, 2767.9199999999996, 4979.5199999999995], ["window", "shop"]]], "width": 3648, "height": 5472, "tags": []}