{"rects": [[[910.6971428571428, 11.725714285714286, 2939.2457142857143, 3521.622857142857], ["window"]], [[2962.697142857143, 31.268571428571427, 4858.354285714286, 3599.7942857142857], ["window"]]], "width": 5472, "height": 3648, "tags": []}