{"rects": [[[1340.6399999999999, 152.4342857142857, 4569.12, 3548.982857142857], ["window"]]], "width": 5472, "height": 3648, "tags": []}