{"rects": [[[1188.2057142857143, 469.0285714285714, 4553.4857142857145, 3271.4742857142855], ["window"]]], "width": 5472, "height": 3648, "tags": []}