{"rects": [[[1453.9885714285713, 281.41714285714284, 4678.5599999999995, 3631.062857142857], ["window"]]], "width": 5472, "height": 3648, "tags": []}