{"rects": [[[0, 0, 5472, 3648], ["facade"]], [[1360.182857142857, 738.7199999999999, 4096.182857142857, 3232.388571428571], ["window"]]], "width": 5472, "height": 3648, "tags": []}