{"rects": [[[543.2914285714286, 859.8857142857142, 2587.4742857142855, 3560.7085714285713], ["window"]], [[2630.468571428571, 684.0, 4823.177142857143, 3634.9714285714285], ["window"]]], "width": 5472, "height": 3648, "tags": []}