{"rects": [[[59.279999999999994, 155.04, 3565.9199999999996, 5380.799999999999], ["window"]]], "width": 3648, "height": 5472, "tags": []}