{"rects": [[[1168.662857142857, 15.634285714285713, 4987.337142857143, 3396.5485714285714], ["window", "shop"]]], "width": 5472, "height": 3648, "tags": []}