{"rects": [[[1008.4114285714285, 58.628571428571426, 4455.771428571428, 3330.102857142857], ["window"]]], "width": 5472, "height": 3648, "tags": []}