{"rects": [[[906.7885714285713, 58.628571428571426, 4760.639999999999, 3576.342857142857], ["window"]]], "width": 5472, "height": 3648, "tags": []}