{"rects": [[[1321.097142857143, 66.44571428571429, 4236.891428571428, 3580.2514285714283], ["window"]]], "width": 5472, "height": 3648, "tags": []}