{"rects": [[[1219.4742857142855, 97.71428571428571, 4506.5828571428565, 3263.657142857143], ["window"]]], "width": 5472, "height": 3648, "tags": []}