{"rects": [[[1156.9371428571428, 3.9085714285714284, 4772.365714285714, 3580.2514285714283], ["window", "shop"]]], "width": 5472, "height": 3648, "tags": []}