{"rects": [[[1606.422857142857, 168.06857142857143, 4268.16, 3486.445714285714], ["window", "shop"]]], "width": 5472, "height": 3648, "tags": []}