{"rects": [[[941.9657142857143, 609.7371428571428, 4033.645714285714, 3279.2914285714282], ["window"]]], "width": 5472, "height": 3648, "tags": []}