{"rects": [[[214.97142857142856, 238.42285714285714, 4436.228571428571, 3490.3542857142857], ["window"]]], "width": 5472, "height": 3648, "tags": []}