{"rects": [[[27.36, 132.89142857142858, 3580.2514285714283, 3412.182857142857], ["window"]]], "width": 5472, "height": 3648, "tags": []}