{"rects": [[[1074.857142857143, 207.1542857142857, 3849.942857142857, 3591.9771428571426], ["window"]]], "width": 5472, "height": 3648, "tags": []}