{"rects": [[[656.64, 250.14857142857142, 2720.365714285714, 3255.8399999999997], ["window"]], [[2743.8171428571427, 375.22285714285715, 4811.451428571429, 3251.9314285714286], ["window"]]], "width": 5472, "height": 3648, "tags": []}