{"rects": [[[1289.8285714285714, 15.634285714285713, 4862.262857142857, 3611.52], ["window", "shop"]]], "width": 5472, "height": 3648, "tags": []}