{"rects": [[[359.5885714285714, 257.9657142857143, 5081.142857142857, 3435.6342857142854], ["window"]]], "width": 5472, "height": 3648, "tags": []}