{"rects": [[[1270.2857142857142, 66.44571428571429, 4510.4914285714285, 3584.16], ["window"]]], "width": 5472, "height": 3648, "tags": []}