{"rects": [[[160.25142857142856, 93.80571428571429, 5163.222857142857, 3228.48], ["window", "shop"]]], "width": 5472, "height": 3648, "tags": []}