{"rects": [[[1325.0057142857142, 144.61714285714285, 4072.7314285714283, 3466.902857142857], ["window"]]], "width": 5472, "height": 3648, "tags": []}