{"rects": [[[586.2857142857142, 257.9657142857143, 4713.737142857142, 3361.371428571428], ["window"]]], "width": 5472, "height": 3648, "tags": []}