{"rects": [[[1090.4914285714285, 601.92, 4487.04, 3517.7142857142853], ["window"]]], "width": 5472, "height": 3648, "tags": []}