{"rects": [[[883.3371428571428, 148.5257142857143, 4889.622857142856, 3595.885714285714], ["window", "shop"]]], "width": 5472, "height": 3648, "tags": []}