{"rects": [[[887.2457142857143, 242.33142857142855, 4901.348571428571, 3240.2057142857143], ["window"]]], "width": 5472, "height": 3648, "tags": []}