{"rects": [[[1004.5028571428571, 0, 4275.977142857143, 3509.8971428571426], ["window"]]], "width": 5472, "height": 3648, "tags": []}