{"rects": [[[461.21142857142854, 171.97714285714284, 4518.308571428571, 3474.72], ["window"]]], "width": 5472, "height": 3648, "tags": []}