{"rects": [[[729.5999999999999, 1317.84, 3264.9599999999996, 4938.48], ["window"]]], "width": 3648, "height": 5472, "tags": []}