{"rects": [[[164.16, 840.342857142857, 4029.7371428571428, 3193.302857142857], ["window", "shop"]]], "width": 5472, "height": 3648, "tags": []}