{"rects": [[[429.9428571428571, 465.11999999999995, 5436.822857142857, 3193.302857142857], ["window"]]], "width": 5472, "height": 3648, "tags": []}