{"rects": [[[1305.462857142857, 203.24571428571429, 4909.165714285714, 3306.6514285714284], ["window"]]], "width": 5472, "height": 3648, "tags": []}