{"rects": [[[308.77714285714285, 285.3257142857143, 5085.051428571428, 3251.9314285714286], ["window"]]], "width": 5472, "height": 3648, "tags": []}