{"rects": [[[1085.28, 63.839999999999996, 3634.3199999999997, 5006.879999999999], ["shop", "window"]]], "width": 3648, "height": 5472, "tags": []}