{"rects": [[[961.5085714285714, 97.71428571428571, 4659.017142857143, 3572.4342857142856], ["window", "shop"]]], "width": 5472, "height": 3648, "tags": []}