{"rects": [[[828.6171428571428, 85.98857142857142, 4588.662857142857, 3447.3599999999997], ["window"]]], "width": 5472, "height": 3648, "tags": []}