{"rects": [[[418.21714285714285, 359.5885714285714, 5456.365714285714, 3396.5485714285714], ["window"]]], "width": 5472, "height": 3648, "tags": []}