{"rects": [[[492.47999999999996, 351.11999999999995, 3333.3599999999997, 4254.48], ["window"]]], "width": 3648, "height": 5472, "tags": []}