{"rects": [[[465.11999999999995, 168.06857142857143, 4811.451428571429, 3533.348571428571], ["window", "shop"]]], "width": 5472, "height": 3648, "tags": []}