{"rects": [[[394.76571428571424, 136.79999999999998, 5151.4971428571425, 3525.5314285714285], ["window"]]], "width": 5472, "height": 3648, "tags": []}