{"rects": [[[227.99999999999997, 264.47999999999996, 3629.7599999999998, 4605.599999999999], ["window"]]], "width": 3648, "height": 5472, "tags": []}