{"rects": [[[1500.8914285714286, 27.36, 4182.171428571428, 3615.428571428571], ["window"]]], "width": 5472, "height": 3648, "tags": []}