{"rects": [[[1614.24, 164.16, 4721.5542857142855, 3408.2742857142857], ["window", "shop"]]], "width": 5472, "height": 3648, "tags": []}