{"rects": [[[437.76, 273.59999999999997, 5272.662857142856, 3584.16], ["window", "shop"]]], "width": 5472, "height": 3648, "tags": []}