{"rects": [[[15.634285714285713, 906.7885714285713, 5049.874285714285, 3072.137142857143], ["window", "shop"]]], "width": 5472, "height": 3648, "tags": []}