{"rects": [[[86.63999999999999, 857.28, 3027.8399999999997, 3533.9999999999995], ["window"]], [[77.52, 3565.9199999999996, 3091.68, 5207.5199999999995], ["window"]]], "width": 3648, "height": 5472, "tags": []}