{"rects": [[[1555.6114285714284, 293.1428571428571, 4338.5142857142855, 3076.045714285714], ["window"]]], "width": 5472, "height": 3648, "tags": []}