{"rects": [[[1461.8057142857142, 476.8457142857143, 4135.268571428571, 3611.52], ["window", "shop"]]], "width": 5472, "height": 3648, "tags": []}