{"rects": [[[85.98857142857142, 684.0, 5276.571428571428, 3048.6857142857143], ["window", "shop"]]], "width": 5472, "height": 3648, "tags": []}