{"rects": [[[422.12571428571425, 62.537142857142854, 5343.017142857143, 3439.542857142857], ["window", "shop"]]], "width": 5472, "height": 3648, "tags": []}