{"rects": [[[2309.965714285714, 394.76571428571424, 4963.885714285714, 3384.822857142857], ["window", "shop"]]], "width": 5472, "height": 3648, "tags": []}