{"rects": [[[78.17142857142856, 35.177142857142854, 5331.291428571429, 3349.645714285714], ["window"]]], "width": 5472, "height": 3648, "tags": []}