{"rects": [[[214.32, 633.8399999999999, 3369.8399999999997, 5321.5199999999995], ["window"]]], "width": 3648, "height": 5472, "tags": []}