{"rects": [[[1090.4914285714285, 117.25714285714285, 4291.611428571428, 3521.622857142857], ["window"]]], "width": 5472, "height": 3648, "tags": []}