{"rects": [[[758.2628571428571, 723.0857142857143, 4991.245714285714, 3263.657142857143], ["window"]]], "width": 5472, "height": 3648, "tags": []}