{"rects": [[[136.79999999999998, 82.08, 3529.4399999999996, 4222.5599999999995], ["window"]]], "width": 3648, "height": 5472, "tags": []}