{"rects": [[[762.1714285714286, 207.1542857142857, 5210.125714285714, 3466.902857142857], ["window"]]], "width": 5472, "height": 3648, "tags": []}