{"rects": [[[386.9485714285714, 3.9085714285714284, 4780.182857142857, 3646.697142857143], ["window"]]], "width": 5472, "height": 3648, "tags": []}