{"rects": [[[844.2514285714285, 15.634285714285713, 5327.382857142857, 3599.7942857142857], ["window"]]], "width": 5472, "height": 3648, "tags": []}