{"rects": [[[734.8114285714286, 35.177142857142854, 4795.817142857142, 3607.6114285714284], ["window"]]], "width": 5472, "height": 3648, "tags": []}