{"rects": [[[31.919999999999998, 269.03999999999996, 2302.7999999999997, 4172.4], ["window"]]], "width": 3648, "height": 5472, "tags": []}