{"rects": [[[328.32, 300.96, 3638.8799999999997, 4272.719999999999], ["window"]]], "width": 3648, "height": 5472, "tags": []}