{"rects": [[[118.55999999999999, 428.64, 3547.68, 5412.719999999999], ["window", "shop"]]], "width": 3648, "height": 5472, "tags": []}