{"rects": [[[121.16571428571427, 164.16, 2790.72, 3318.3771428571426], ["window", "shop"]], [[2810.262857142857, 168.06857142857143, 5452.457142857143, 3361.371428571428], ["window", "shop"]]], "width": 5472, "height": 3648, "tags": []}