{"rects": [[[656.64, 105.53142857142856, 4459.679999999999, 3494.262857142857], ["window"]]], "width": 5472, "height": 3648, "tags": []}