{"rects": [[[105.53142857142856, 23.451428571428572, 5202.308571428571, 3560.7085714285713], ["window"]]], "width": 5472, "height": 3648, "tags": []}