{"rects": [[[637.0971428571428, 242.33142857142855, 4018.0114285714285, 3607.6114285714284], ["window"]]], "width": 5472, "height": 3648, "tags": []}