{"rects": [[[297.0514285714286, 54.72, 3584.16, 3607.6114285714284], ["window"]]], "width": 5472, "height": 3648, "tags": []}