{"rects": [[[992.7771428571428, 211.06285714285713, 5182.765714285714, 3568.525714285714], ["window"]]], "width": 5472, "height": 3648, "tags": []}