{"rects": [[[676.1828571428571, 465.11999999999995, 4475.314285714286, 3537.2571428571428], ["window"]]], "width": 5472, "height": 3648, "tags": []}