{"rects": [[[996.6857142857142, 402.5828571428571, 4666.834285714285, 3380.9142857142856], ["window"]]], "width": 5472, "height": 3648, "tags": []}