{"rects": [[[852.0685714285714, 144.61714285714285, 4823.177142857143, 3634.9714285714285], ["window", "shop"]]], "width": 5472, "height": 3648, "tags": []}