{"rects": [[[620.16, 478.79999999999995, 3383.5199999999995, 5376.24], ["door", "shop"]]], "width": 3648, "height": 5472, "tags": []}