{"rects": [[[801.2571428571429, 144.61714285714285, 4592.571428571428, 3447.3599999999997], ["window", "shop"]]], "width": 5472, "height": 3648, "tags": []}