{"rects": [[[0, 0, 5472, 3648], ["facade"]], [[1629.8742857142856, 23.451428571428572, 5018.605714285714, 1751.04], ["window"]], [[1606.422857142857, 1786.2171428571428, 5018.605714285714, 3627.1542857142854], ["window"]]], "width": 5472, "height": 3648, "tags": []}