{"rects": [[[1203.84, 304.8685714285714, 4072.7314285714283, 3603.702857142857], ["window", "shop"]]], "width": 5472, "height": 3648, "tags": []}