{"rects": [[[476.8457142857143, 316.5942857142857, 3732.6857142857143, 3548.982857142857], ["window"]]], "width": 5472, "height": 3648, "tags": []}