{"rects": [[[316.5942857142857, 351.77142857142854, 5002.971428571428, 2888.4342857142856], ["window", "shop"]]], "width": 5472, "height": 3648, "tags": []}