{"rects": [[[1039.6799999999998, 191.51999999999998, 4643.382857142857, 3298.8342857142857], ["window"]]], "width": 5472, "height": 3648, "tags": []}