{"rects": [[[1430.5371428571427, 328.32, 4397.142857142857, 3470.811428571428], ["window"]]], "width": 5472, "height": 3648, "tags": []}