{"rects": [[[1000.5942857142857, 199.33714285714285, 4440.137142857143, 3556.7999999999997], ["window", "shop"]]], "width": 5472, "height": 3648, "tags": []}