{"rects": [[[680.0914285714285, 101.62285714285714, 4569.12, 3431.7257142857143], ["window"]]], "width": 5472, "height": 3648, "tags": []}