{"rects": [[[418.21714285714285, 105.53142857142856, 4272.068571428571, 3627.1542857142854], ["window", "shop"]]], "width": 5472, "height": 3648, "tags": []}