{"rects": [[[31.268571428571427, 3.9085714285714284, 3431.7257142857143, 3513.805714285714], ["window"]]], "width": 5472, "height": 3648, "tags": []}