{"rects": [[[199.33714285714285, 289.2342857142857, 5296.114285714286, 3595.885714285714], ["window"]]], "width": 5472, "height": 3648, "tags": []}