{"rects": [[[15.634285714285713, 707.4514285714286, 1719.7714285714285, 3591.9771428571426], ["window"]], [[1762.7657142857142, 160.25142857142856, 3705.325714285714, 3302.742857142857], ["window"]]], "width": 5472, "height": 3648, "tags": []}