{"rects": [[[125.07428571428571, 15.634285714285713, 4952.16, 3599.7942857142857], ["window", "shop"]]], "width": 5472, "height": 3648, "tags": []}