{"rects": [[[898.9714285714285, 46.902857142857144, 3842.125714285714, 3619.3371428571427], ["window", "shop"]]], "width": 5472, "height": 3648, "tags": []}