{"rects": [[[510.71999999999997, 647.52, 3529.4399999999996, 4788.0], ["window"]]], "width": 3648, "height": 5472, "tags": []}