{"rects": [[[250.14857142857142, 27.36, 5276.571428571428, 3310.56], ["window"]]], "width": 5472, "height": 3648, "tags": []}