{"rects": [[[23.451428571428572, 269.69142857142856, 1840.9371428571428, 3420.0], ["window"]], [[1864.3885714285714, 1360.182857142857, 3756.137142857143, 3572.4342857142856], ["window"]], [[3767.862857142857, 46.902857142857144, 5202.308571428571, 3591.9771428571426], ["window"]]], "width": 5472, "height": 3648, "tags": []}