{"rects": [[[977.1428571428571, 265.78285714285715, 5401.645714285714, 3423.908571428571], ["window"]]], "width": 5472, "height": 3648, "tags": []}