{"rects": [[[364.79999999999995, 1263.12, 3228.4799999999996, 5385.36], ["window", "shop"]]], "width": 3648, "height": 5472, "tags": []}