{"rects": [[[282.71999999999997, 136.79999999999998, 3483.8399999999997, 4605.599999999999], ["window"]]], "width": 3648, "height": 5472, "tags": []}