{"rects": [[[132.23999999999998, 656.64, 3593.2799999999997, 5262.24], ["window"]]], "width": 3648, "height": 5472, "tags": []}