{"rects": [[[895.0628571428571, 85.98857142857142, 4514.4, 3365.2799999999997], ["window"]]], "width": 5472, "height": 3648, "tags": []}