{"rects": [[[386.9485714285714, 105.53142857142856, 3799.1314285714284, 3337.9199999999996], ["window"]]], "width": 5472, "height": 3648, "tags": []}