{"rects": [[[50.81142857142857, 312.68571428571425, 5030.331428571429, 3588.0685714285714], ["window"]]], "width": 5472, "height": 3648, "tags": []}