{"rects": [[[629.28, 19.54285714285714, 5358.651428571428, 3642.7885714285712], ["window", "shop"]]], "width": 5472, "height": 3648, "tags": []}