{"rects": [[[457.30285714285714, 70.35428571428571, 4905.257142857143, 3482.5371428571425], ["window"]]], "width": 5472, "height": 3648, "tags": []}