{"rects": [[[824.7085714285714, 222.78857142857143, 4080.548571428571, 3404.365714285714], ["window", "shop"]]], "width": 5472, "height": 3648, "tags": []}