{"rects": [[[23.451428571428572, 35.177142857142854, 2716.4571428571426, 3607.6114285714284], ["window"]], [[2739.908571428571, 46.902857142857144, 5088.96, 3611.52], ["window"]]], "width": 5472, "height": 3648, "tags": []}