{"rects": [[[598.0114285714285, 375.22285714285715, 4913.074285714286, 3447.3599999999997], ["window"]]], "width": 5472, "height": 3648, "tags": []}