{"rects": [[[633.1885714285714, 97.71428571428571, 4209.5314285714285, 3275.382857142857], ["window"]]], "width": 5472, "height": 3648, "tags": []}