{"rects": [[[1266.3771428571429, 277.50857142857143, 4674.651428571428, 3349.645714285714], ["window", "shop"]]], "width": 5472, "height": 3648, "tags": []}