{"rects": [[[734.16, 9.12, 3465.6, 5467.44], ["facade"]], [[1021.4399999999999, 921.1199999999999, 3278.64, 3597.8399999999997], ["window"]]], "width": 3648, "height": 5472, "tags": []}