{"rects": [[[711.36, 78.17142857142856, 4776.274285714286, 3521.622857142857], ["window"]]], "width": 5472, "height": 3648, "tags": []}