{"rects": [[[1438.3542857142857, 113.34857142857142, 4639.4742857142855, 3353.5542857142855], ["window", "shop"]]], "width": 5472, "height": 3648, "tags": []}