{"rects": [[[0, 0, 5472, 3648], ["facade"]], [[402.5828571428571, 433.8514285714285, 4479.222857142857, 3638.8799999999997], ["window"]]], "width": 5472, "height": 3648, "tags": []}