{"rects": [[[230.60571428571427, 136.79999999999998, 4920.891428571428, 3439.542857142857], ["window"]]], "width": 5472, "height": 3648, "tags": []}