{"rects": [[[1047.4971428571428, 140.70857142857142, 4479.222857142857, 3474.72], ["window"]]], "width": 5472, "height": 3648, "tags": []}