{"rects": [[[992.7771428571428, 598.0114285714285, 4924.8, 3595.885714285714], ["window"]]], "width": 5472, "height": 3648, "tags": []}