{"rects": [[[207.1542857142857, 117.25714285714285, 5030.331428571429, 3591.9771428571426], ["window"]]], "width": 5472, "height": 3648, "tags": []}