{"rects": [[[1168.662857142857, 257.9657142857143, 4725.462857142857, 3431.7257142857143], ["window"]]], "width": 5472, "height": 3648, "tags": []}