{"rects": [[[895.0628571428571, 312.68571428571425, 4361.965714285714, 3478.6285714285714], ["window"]]], "width": 5472, "height": 3648, "tags": []}