{"rects": [[[22.799999999999997, 756.9599999999999, 1463.7599999999998, 4049.2799999999997], ["window"]], [[1523.04, 889.1999999999999, 3584.16, 5467.44], ["window"]]], "width": 3648, "height": 5472, "tags": []}