{"rects": [[[1090.4914285714285, 347.86285714285714, 4236.891428571428, 3603.702857142857], ["window"]]], "width": 5472, "height": 3648, "tags": []}