{"rects": [[[297.0514285714286, 35.177142857142854, 5131.954285714285, 3193.302857142857], ["window"]]], "width": 5472, "height": 3648, "tags": []}