{"rects": [[[1094.3999999999999, 183.70285714285714, 3889.028571428571, 3591.9771428571426], ["window"]]], "width": 5472, "height": 3648, "tags": []}