{"rects": [[[1121.76, 15.634285714285713, 4393.234285714286, 3380.9142857142856], ["window"]]], "width": 5472, "height": 3648, "tags": []}