{"rects": [[[1024.0457142857142, 78.17142857142856, 4412.777142857142, 3212.845714285714], ["window"]]], "width": 5472, "height": 3648, "tags": []}