{"rects": [[[652.7314285714285, 35.177142857142854, 4745.005714285714, 3545.0742857142855], ["window"]]], "width": 5472, "height": 3648, "tags": []}