{"rects": [[[483.35999999999996, 109.44, 3055.2, 5316.959999999999], ["window"]]], "width": 3648, "height": 5472, "tags": []}