{"rects": [[[492.47999999999996, 512.0228571428571, 4920.891428571428, 3435.6342857142854], ["window"]]], "width": 5472, "height": 3648, "tags": []}