{"rects": [[[100.32, 642.9599999999999, 3502.08, 5120.879999999999], ["window", "shop"]]], "width": 3648, "height": 5472, "tags": []}