{"rects": [[[781.7142857142857, 27.36, 4662.925714285714, 3580.2514285714283], ["window"]]], "width": 5472, "height": 3648, "tags": []}