{"rects": [[[805.1657142857142, 328.32, 5131.954285714285, 3400.4571428571426], ["window", "shop"]]], "width": 5472, "height": 3648, "tags": []}