{"rects": [[[369.35999999999996, 414.96, 3492.9599999999996, 4865.5199999999995], ["window", "shop"]]], "width": 3648, "height": 5472, "tags": []}