{"rects": [[[54.72, 364.79999999999995, 3629.7599999999998, 4933.919999999999], ["window"]]], "width": 3648, "height": 5472, "tags": []}