{"rects": [[[801.2571428571429, 304.8685714285714, 5468.091428571428, 3302.742857142857], ["window", "shop"]]], "width": 5472, "height": 3648, "tags": []}