{"rects": [[[250.79999999999998, 487.91999999999996, 3483.8399999999997, 4984.08], ["window"]]], "width": 3648, "height": 5472, "tags": []}