{"rects": [[[551.1085714285714, 211.06285714285713, 5210.125714285714, 3623.2457142857143], ["window", "shop"]]], "width": 5472, "height": 3648, "tags": []}