{"rects": [[[1156.9371428571428, 367.4057142857143, 4490.948571428571, 3158.125714285714], ["window"]]], "width": 5472, "height": 3648, "tags": []}