{"rects": [[[1387.542857142857, 66.44571428571429, 4690.285714285714, 3537.2571428571428], ["window"]]], "width": 5472, "height": 3648, "tags": []}