{"rects": [[[906.7885714285713, 27.36, 4553.4857142857145, 3279.2914285714282], ["window"]]], "width": 5472, "height": 3648, "tags": []}