{"rects": [[[1246.8342857142857, 164.16, 4084.4571428571426, 3447.3599999999997], ["window"]]], "width": 5472, "height": 3648, "tags": []}