{"rects": [[[784.3199999999999, 396.71999999999997, 3461.0399999999995, 4751.5199999999995], ["window"]]], "width": 3648, "height": 5472, "tags": []}