{"rects": [[[1246.8342857142857, 42.99428571428571, 4487.04, 3408.2742857142857], ["window"]]], "width": 5472, "height": 3648, "tags": []}