{"rects": [[[182.39999999999998, 259.91999999999996, 3579.6, 5467.44], ["window", "shop"]]], "width": 3648, "height": 5472, "tags": []}