{"rects": [[[1266.3771428571429, 27.36, 4100.091428571428, 3595.885714285714], ["window"]]], "width": 5472, "height": 3648, "tags": []}