{"rects": [[[898.9714285714285, 105.53142857142856, 2708.64, 3529.4399999999996], ["window"]], [[2728.182857142857, 82.08, 4537.851428571428, 3548.982857142857], ["window"]]], "width": 5472, "height": 3648, "tags": []}