{"rects": [[[941.9657142857143, 437.76, 5057.691428571428, 3185.485714285714], ["window"]]], "width": 5472, "height": 3648, "tags": []}