{"rects": [[[105.53142857142856, 558.9257142857142, 4733.28, 3400.4571428571426], ["window", "shop"]]], "width": 5472, "height": 3648, "tags": []}