{"rects": [[[1063.1314285714286, 570.6514285714286, 4776.274285714286, 3158.125714285714], ["window", "shop"]]], "width": 5472, "height": 3648, "tags": []}