{"rects": [[[547.1999999999999, 89.89714285714285, 5104.594285714285, 2876.7085714285713], ["window", "shop"]]], "width": 5472, "height": 3648, "tags": []}