{"rects": [[[0, 0, 3648, 5472], ["facade"]], [[957.5999999999999, 1431.84, 3492.9599999999996, 4509.839999999999], ["window"]]], "width": 3648, "height": 5472, "tags": []}