{"rects": [[[738.7199999999999, 168.06857142857143, 4350.24, 3498.1714285714284], ["window", "shop"]]], "width": 5472, "height": 3648, "tags": []}