{"rects": [[[95.75999999999999, 556.3199999999999, 3616.0799999999995, 4491.599999999999], ["window"]]], "width": 3648, "height": 5472, "tags": []}