{"rects": [[[512.0228571428571, 472.9371428571428, 4745.005714285714, 3623.2457142857143], ["window"]]], "width": 5472, "height": 3648, "tags": []}