{"rects": [[[293.1428571428571, 1020.1371428571427, 4971.702857142857, 3408.2742857142857], ["window"]]], "width": 5472, "height": 3648, "tags": []}