{"rects": [[[852.0685714285714, 93.80571428571429, 4698.102857142857, 3525.5314285714285], ["window"]]], "width": 5472, "height": 3648, "tags": []}