{"rects": [[[1559.52, 195.42857142857142, 4702.011428571428, 3552.8914285714286], ["window", "shop"]]], "width": 5472, "height": 3648, "tags": []}