{"rects": [[[773.8971428571429, 93.80571428571429, 4522.217142857143, 3631.062857142857], ["window"]]], "width": 5472, "height": 3648, "tags": []}