{"rects": [[[1344.5485714285714, 316.5942857142857, 4264.251428571429, 3533.348571428571], ["window"]]], "width": 5472, "height": 3648, "tags": []}