{"rects": [[[957.5999999999999, 355.68, 4146.994285714285, 3486.445714285714], ["window"]]], "width": 5472, "height": 3648, "tags": []}