{"rects": [[[265.78285714285715, 386.9485714285714, 2845.44, 3646.697142857143], ["window"]], [[2880.617142857143, 269.69142857142856, 5202.308571428571, 3588.0685714285714], ["window"]]], "width": 5472, "height": 3648, "tags": []}