{"rects": [[[871.6114285714285, 78.17142857142856, 4588.662857142857, 3552.8914285714286], ["window"]]], "width": 5472, "height": 3648, "tags": []}