{"rects": [[[136.79999999999998, 638.4, 3378.9599999999996, 4769.759999999999], ["window"]]], "width": 3648, "height": 5472, "tags": []}