{"rects": [[[1313.28, 171.97714285714284, 4279.885714285714, 3443.4514285714286], ["window"]]], "width": 5472, "height": 3648, "tags": []}