{"rects": [[[807.1199999999999, 9.12, 3597.8399999999997, 5303.28], ["window"]]], "width": 3648, "height": 5472, "tags": []}