{"rects": [[[889.1999999999999, 752.4, 3264.9599999999996, 4432.32], ["window"]]], "width": 3648, "height": 5472, "tags": []}