{"rects": [[[469.0285714285714, 383.03999999999996, 4616.022857142857, 3486.445714285714], ["window"]]], "width": 5472, "height": 3648, "tags": []}