{"rects": [[[971.28, 72.96, 2795.2799999999997, 2676.72], ["window"]], [[1030.56, 2982.24, 2886.4799999999996, 5171.04], ["window"]]], "width": 3648, "height": 5472, "tags": []}