{"rects": [[[371.3142857142857, 664.4571428571428, 5045.965714285714, 2693.005714285714], ["window", "shop"]]], "width": 5472, "height": 3648, "tags": []}