{"rects": [[[173.27999999999997, 506.15999999999997, 3237.6, 4883.759999999999], ["window"]]], "width": 3648, "height": 5472, "tags": []}