{"rects": [[[1413.6, 9.12, 3593.2799999999997, 5234.879999999999], ["window", "shop"]]], "width": 3648, "height": 5472, "tags": []}