{"rects": [[[535.4742857142857, 19.54285714285714, 5155.405714285714, 3627.1542857142854], ["window"]]], "width": 5472, "height": 3648, "tags": []}