{"rects": [[[173.27999999999997, 346.55999999999995, 3506.64, 4532.639999999999], ["window"]]], "width": 3648, "height": 5472, "tags": []}