{"rects": [[[1227.2914285714285, 187.61142857142858, 5116.32, 3423.908571428571], ["window"]]], "width": 5472, "height": 3648, "tags": []}