{"rects": [[[277.50857142857143, 97.71428571428571, 5346.925714285714, 3595.885714285714], ["window"]]], "width": 5472, "height": 3648, "tags": []}