{"rects": [[[246.23999999999998, 437.76, 5128.045714285714, 3111.222857142857], ["window", "shop"]]], "width": 5472, "height": 3648, "tags": []}