{"rects": [[[738.7199999999999, 605.8285714285714, 4999.062857142857, 3505.988571428571], ["window"]]], "width": 5472, "height": 3648, "tags": []}