{"rects": [[[1430.5371428571427, 320.5028571428571, 4635.565714285714, 3552.8914285714286], ["window"]]], "width": 5472, "height": 3648, "tags": []}