{"rects": [[[1649.4171428571428, 132.89142857142858, 3939.8399999999997, 3509.8971428571426], ["window"]]], "width": 5472, "height": 3648, "tags": []}