{"rects": [[[625.3714285714285, 273.59999999999997, 4189.988571428571, 3623.2457142857143], ["window"]]], "width": 5472, "height": 3648, "tags": []}