{"rects": [[[59.279999999999994, 478.79999999999995, 3141.8399999999997, 4902.0], ["window"]]], "width": 3648, "height": 5472, "tags": []}