{"rects": [[[461.21142857142854, 82.08, 2767.2685714285712, 3533.348571428571], ["window"]]], "width": 5472, "height": 3648, "tags": []}