{"rects": [[[182.39999999999998, 455.99999999999994, 3533.9999999999995, 5216.639999999999], ["window"]]], "width": 3648, "height": 5472, "tags": []}