{"rects": [[[586.2857142857142, 23.451428571428572, 4416.685714285714, 3623.2457142857143], ["window"]]], "width": 5472, "height": 3648, "tags": []}