{"rects": [[[938.0571428571428, 62.537142857142854, 4600.388571428572, 3533.348571428571], ["window"]]], "width": 5472, "height": 3648, "tags": []}