{"rects": [[[566.7428571428571, 27.36, 4913.074285714286, 3576.342857142857], ["window"]]], "width": 5472, "height": 3648, "tags": []}