{"rects": [[[883.3371428571428, 222.78857142857143, 4354.148571428571, 3556.7999999999997], ["window"]]], "width": 5472, "height": 3648, "tags": []}