{"rects": [[[574.56, 50.81142857142857, 4217.348571428572, 3267.565714285714], ["window"]]], "width": 5472, "height": 3648, "tags": []}