{"rects": [[[1567.3371428571427, 58.628571428571426, 4197.805714285714, 3529.4399999999996], ["window"]]], "width": 5472, "height": 3648, "tags": []}