{"rects": [[[234.5142857142857, 226.69714285714284, 5311.748571428571, 3470.811428571428], ["window"]]], "width": 5472, "height": 3648, "tags": []}