{"rects": [[[1391.4514285714286, 7.817142857142857, 4897.44, 3580.2514285714283], ["window"]]], "width": 5472, "height": 3648, "tags": []}