{"rects": [[[680.0914285714285, 15.634285714285713, 4885.714285714285, 3416.0914285714284], ["window", "shop"]]], "width": 5472, "height": 3648, "tags": []}