{"rects": [[[232.55999999999997, 383.03999999999996, 3515.7599999999998, 5380.799999999999], ["window"]]], "width": 3648, "height": 5472, "tags": []}