{"rects": [[[758.2628571428571, 128.98285714285714, 4455.771428571428, 3474.72], ["window"]]], "width": 5472, "height": 3648, "tags": []}