{"rects": [[[824.7085714285714, 273.59999999999997, 5116.32, 3494.262857142857], ["window"]]], "width": 5472, "height": 3648, "tags": []}