{"rects": [[[1254.6514285714286, 31.268571428571427, 5429.005714285714, 3648], ["window"]]], "width": 5472, "height": 3648, "tags": []}