{"rects": [[[656.64, 234.5142857142857, 4045.371428571428, 3377.005714285714], ["window"]]], "width": 5472, "height": 3648, "tags": []}