{"rects": [[[998.6399999999999, 383.03999999999996, 3597.8399999999997, 5449.2], ["window", "shop"]]], "width": 3648, "height": 5472, "tags": []}