{"rects": [[[582.3771428571429, 113.34857142857142, 5358.651428571428, 3521.622857142857], ["window", "shop"]]], "width": 5472, "height": 3648, "tags": []}