{"rects": [[[1817.4857142857143, 11.725714285714286, 4424.502857142857, 3408.2742857142857], ["window"]]], "width": 5472, "height": 3648, "tags": []}