{"rects": [[[117.25714285714285, 89.89714285714285, 4428.411428571429, 3525.5314285714285], ["window", "shop"]]], "width": 5472, "height": 3648, "tags": []}