{"rects": [[[926.3314285714285, 246.23999999999998, 4514.4, 3326.1942857142853], ["window", "shop"]]], "width": 5472, "height": 3648, "tags": []}