{"rects": [[[1340.6399999999999, 62.537142857142854, 4420.594285714285, 3435.6342857142854], ["window"]]], "width": 5472, "height": 3648, "tags": []}