{"rects": [[[543.2914285714286, 230.60571428571427, 2892.342857142857, 3302.742857142857], ["window", "shop"]], [[2915.7942857142857, 234.5142857142857, 4760.639999999999, 3470.811428571428], ["window", "shop"]]], "width": 5472, "height": 3648, "tags": []}