{"rects": [[[175.88571428571427, 19.54285714285714, 5296.114285714286, 2814.1714285714284], ["window"]]], "width": 5472, "height": 3648, "tags": []}