{"rects": [[[414.3085714285714, 19.54285714285714, 4737.188571428571, 3638.8799999999997], ["window", "shop"]]], "width": 5472, "height": 3648, "tags": []}