{"rects": [[[1051.4057142857143, 504.20571428571424, 4295.5199999999995, 2997.8742857142856], ["window", "shop"]]], "width": 5472, "height": 3648, "tags": []}