{"rects": [[[95.75999999999999, 442.31999999999994, 3419.9999999999995, 4788.0], ["window"]]], "width": 3648, "height": 5472, "tags": []}