{"rects": [[[1282.0114285714285, 168.06857142857143, 4487.04, 3486.445714285714], ["window"]]], "width": 5472, "height": 3648, "tags": []}