{"rects": [[[132.89142857142858, 89.89714285714285, 5315.657142857142, 3490.3542857142857], ["window"]]], "width": 5472, "height": 3648, "tags": []}