{"rects": [[[487.91999999999996, 18.24, 3077.9999999999995, 4692.24], ["window"]]], "width": 3648, "height": 5472, "tags": []}