{"rects": [[[446.87999999999994, 369.35999999999996, 3301.4399999999996, 4459.679999999999], ["window"]]], "width": 3648, "height": 5472, "tags": []}