{"rects": [[[461.21142857142854, 42.99428571428571, 4881.805714285714, 3552.8914285714286], ["window"]]], "width": 5472, "height": 3648, "tags": []}