{"rects": [[[644.9142857142857, 35.177142857142854, 4760.639999999999, 3591.9771428571426], ["window", "shop"]]], "width": 5472, "height": 3648, "tags": []}