{"rects": [[[304.8685714285714, 684.0, 5245.302857142857, 3201.12], ["window"]]], "width": 5472, "height": 3648, "tags": []}