{"rects": [[[320.5028571428571, 128.98285714285714, 5370.377142857143, 3509.8971428571426], ["window"]]], "width": 5472, "height": 3648, "tags": []}