{"rects": [[[558.9257142857142, 19.54285714285714, 4522.217142857143, 3548.982857142857], ["window"]]], "width": 5472, "height": 3648, "tags": []}