{"rects": [[[62.537142857142854, 89.89714285714285, 5120.228571428571, 3427.8171428571427], ["window", "shop"]]], "width": 5472, "height": 3648, "tags": []}