{"rects": [[[789.5314285714285, 31.268571428571427, 4944.342857142857, 3556.7999999999997], ["window"]]], "width": 5472, "height": 3648, "tags": []}