{"rects": [[[1094.3999999999999, 501.59999999999997, 3406.3199999999997, 5006.879999999999], ["window"]]], "width": 3648, "height": 5472, "tags": []}