{"rects": [[[337.44, 127.67999999999999, 3561.3599999999997, 5430.959999999999], ["window"]]], "width": 3648, "height": 5472, "tags": []}