{"rects": [[[150.48, 259.91999999999996, 3419.9999999999995, 2772.4799999999996], ["window"]], [[63.839999999999996, 2936.64, 3593.2799999999997, 5303.28], ["window"]]], "width": 3648, "height": 5472, "tags": []}