{"rects": [[[1188.2057142857143, 62.537142857142854, 4788.0, 3494.262857142857], ["window", "shop"]]], "width": 5472, "height": 3648, "tags": []}