{"rects": [[[351.11999999999995, 1098.9599999999998, 3292.3199999999997, 4769.759999999999], ["window", "shop"]]], "width": 3648, "height": 5472, "tags": []}