{"rects": [[[1055.3142857142857, 39.08571428571428, 5014.697142857142, 3599.7942857142857], ["window"]]], "width": 5472, "height": 3648, "tags": []}