{"rects": [[[879.4285714285713, 35.177142857142854, 5163.222857142857, 3505.988571428571], ["window"]]], "width": 5472, "height": 3648, "tags": []}