{"rects": [[[0, 0, 5472, 3648], ["facade"]], [[175.88571428571427, 406.49142857142857, 2376.4114285714286, 3431.7257142857143], ["window"]], [[2638.285714285714, 1391.4514285714286, 5139.771428571428, 3552.8914285714286], ["window"]]], "width": 5472, "height": 3648, "tags": []}