{"rects": [[[707.4514285714286, 66.44571428571429, 5073.325714285714, 3615.428571428571], ["window", "shop"]]], "width": 5472, "height": 3648, "tags": []}