{"rects": [[[332.2285714285714, 390.85714285714283, 5241.394285714286, 3373.097142857143], ["window"]]], "width": 5472, "height": 3648, "tags": []}