{"rects": [[[351.11999999999995, 1176.4799999999998, 3497.5199999999995, 4651.2], ["window"]]], "width": 3648, "height": 5472, "tags": []}