{"rects": [[[1055.3142857142857, 480.7542857142857, 5171.04, 3330.102857142857], ["window"]]], "width": 5472, "height": 3648, "tags": []}