{"rects": [[[1035.7714285714285, 74.26285714285714, 4526.125714285714, 3588.0685714285714], ["window", "shop"]]], "width": 5472, "height": 3648, "tags": []}