{"rects": [[[237.11999999999998, 1454.6399999999999, 3575.0399999999995, 5161.919999999999], ["window"]]], "width": 3648, "height": 5472, "tags": []}