{"rects": [[[211.06285714285713, 70.35428571428571, 5229.668571428571, 3568.525714285714], ["window", "shop"]]], "width": 5472, "height": 3648, "tags": []}