{"rects": [[[840.342857142857, 50.81142857142857, 4873.988571428571, 3619.3371428571427], ["window"]]], "width": 5472, "height": 3648, "tags": []}