{"rects": [[[1231.1999999999998, 1153.6799999999998, 3606.9599999999996, 4783.44], ["window"]]], "width": 3648, "height": 5472, "tags": []}