{"rects": [[[291.84, 22.799999999999997, 3588.72, 4833.599999999999], ["window"]]], "width": 3648, "height": 5472, "tags": []}