{"rects": [[[871.6114285714285, 35.177142857142854, 4338.5142857142855, 3584.16], ["window", "shop"]]], "width": 5472, "height": 3648, "tags": []}