{"rects": [[[128.98285714285714, 42.99428571428571, 5401.645714285714, 2861.0742857142855], ["window"]]], "width": 5472, "height": 3648, "tags": []}