{"rects": [[[414.3085714285714, 132.89142857142858, 4334.605714285714, 3302.742857142857], ["window"]]], "width": 5472, "height": 3648, "tags": []}