{"rects": [[[1113.942857142857, 11.725714285714286, 4858.354285714286, 3482.5371428571425], ["window", "shop"]]], "width": 5472, "height": 3648, "tags": []}