{"rects": [[[259.91999999999996, 232.55999999999997, 3533.9999999999995, 4678.5599999999995], ["window"]]], "width": 3648, "height": 5472, "tags": []}