{"rects": [[[496.3885714285714, 214.97142857142856, 4057.0971428571424, 3291.0171428571425], ["window", "shop"]]], "width": 5472, "height": 3648, "tags": []}