{"rects": [[[812.9828571428571, 183.70285714285714, 5069.417142857143, 3001.782857142857], ["window", "shop"]]], "width": 5472, "height": 3648, "tags": []}