{"rects": [[[1194.7199999999998, 633.8399999999999, 3087.12, 4696.799999999999], ["window"]]], "width": 3648, "height": 5472, "tags": []}