{"rects": [[[730.9028571428571, 7.817142857142857, 4115.725714285714, 3634.9714285714285], ["window"]]], "width": 5472, "height": 3648, "tags": []}