{"rects": [[[35.177142857142854, 187.61142857142858, 4913.074285714286, 3580.2514285714283], ["window"]]], "width": 5472, "height": 3648, "tags": []}