{"rects": [[[756.9599999999999, 656.64, 3465.6, 4933.919999999999], ["window", "shop"]]], "width": 3648, "height": 5472, "tags": []}