{"rects": [[[1528.2514285714285, 66.44571428571429, 4467.4971428571425, 3603.702857142857], ["window", "shop"]]], "width": 5472, "height": 3648, "tags": []}