{"rects": [[[875.52, 255.35999999999999, 2831.7599999999998, 4801.679999999999], ["window"]]], "width": 3648, "height": 5472, "tags": []}