{"rects": [[[22.799999999999997, 41.04, 2503.4399999999996, 5239.44], ["window"]]], "width": 3648, "height": 5472, "tags": []}