{"rects": [[[109.44, 441.6685714285714, 4858.354285714286, 3033.0514285714285], ["window", "shop"]]], "width": 5472, "height": 3648, "tags": []}