{"rects": [[[769.9885714285714, 74.26285714285714, 4959.977142857143, 3459.085714285714], ["window"]]], "width": 5472, "height": 3648, "tags": []}