{"rects": [[[234.5142857142857, 484.6628571428571, 5339.108571428571, 3595.885714285714], ["window", "shop"]]], "width": 5472, "height": 3648, "tags": []}