{"rects": [[[173.27999999999997, 86.63999999999999, 3465.6, 5280.48], ["window"]]], "width": 3648, "height": 5472, "tags": []}