{"rects": [[[304.8685714285714, 203.24571428571429, 5249.211428571428, 3607.6114285714284], ["window", "shop"]]], "width": 5472, "height": 3648, "tags": []}