{"rects": [[[1668.9599999999998, 11.725714285714286, 5362.5599999999995, 3505.988571428571], ["window", "shop"]]], "width": 5472, "height": 3648, "tags": []}