{"rects": [[[31.919999999999998, 45.599999999999994, 3634.3199999999997, 4354.799999999999], ["window", "shop"]]], "width": 3648, "height": 5472, "tags": []}