{"rects": [[[506.15999999999997, 332.88, 3187.4399999999996, 4851.839999999999], ["window", "shop"]]], "width": 3648, "height": 5472, "tags": []}