{"rects": [[[1090.4914285714285, 254.05714285714285, 3001.782857142857, 2986.1485714285714], ["window"]], [[3021.325714285714, 242.33142857142855, 4678.5599999999995, 2927.52], ["window"]]], "width": 5472, "height": 3648, "tags": []}