{"rects": [[[738.7199999999999, 203.24571428571429, 4334.605714285714, 3408.2742857142857], ["window"]]], "width": 5472, "height": 3648, "tags": []}