{"rects": [[[259.91999999999996, 414.96, 3278.64, 5184.719999999999], ["window"]]], "width": 3648, "height": 5472, "tags": []}