{"rects": [[[54.72, 606.4799999999999, 3255.8399999999997, 4961.28], ["window"]]], "width": 3648, "height": 5472, "tags": []}