{"rects": [[[7.817142857142857, 132.89142857142858, 2001.1885714285713, 3556.7999999999997], ["window"]], [[2075.4514285714286, 312.68571428571425, 5331.291428571429, 3486.445714285714], ["window"]]], "width": 5472, "height": 3648, "tags": []}