{"rects": [[[95.75999999999999, 109.44, 3620.64, 5207.5199999999995], ["window", "shop"]]], "width": 3648, "height": 5472, "tags": []}