{"rects": [[[750.4457142857143, 171.97714285714284, 4705.92, 3470.811428571428], ["window"]]], "width": 5472, "height": 3648, "tags": []}