{"rects": [[[227.99999999999997, 118.55999999999999, 3620.64, 5339.759999999999], ["window", "shop"]]], "width": 3648, "height": 5472, "tags": []}