{"rects": [[[816.8914285714285, 320.5028571428571, 5139.771428571428, 3623.2457142857143], ["window", "shop"]]], "width": 5472, "height": 3648, "tags": []}