{"rects": [[[1680.685714285714, 551.1085714285714, 5155.405714285714, 3642.7885714285712], ["window", "shop"]]], "width": 5472, "height": 3648, "tags": []}