{"rects": [[[750.4457142857143, 230.60571428571427, 4682.4685714285715, 3404.365714285714], ["window", "shop"]]], "width": 5472, "height": 3648, "tags": []}