{"rects": [[[469.0285714285714, 101.62285714285714, 5151.4971428571425, 3642.7885714285712], ["window", "shop"]]], "width": 5472, "height": 3648, "tags": []}