{"rects": [[[148.5257142857143, 633.1885714285714, 5171.04, 3251.9314285714286], ["window", "shop"]]], "width": 5472, "height": 3648, "tags": []}