{"rects": [[[269.03999999999996, 538.0799999999999, 3333.3599999999997, 4870.08], ["window"]]], "width": 3648, "height": 5472, "tags": []}