{"rects": [[[1219.4742857142855, 207.1542857142857, 4057.0971428571424, 3322.285714285714], ["window"]]], "width": 5472, "height": 3648, "tags": []}