{"rects": [[[510.71999999999997, 132.23999999999998, 3397.2, 5307.839999999999], ["window", "shop"]]], "width": 3648, "height": 5472, "tags": []}