{"rects": [[[1579.062857142857, 19.54285714285714, 5073.325714285714, 3552.8914285714286], ["window"]]], "width": 5472, "height": 3648, "tags": []}