{"rects": [[[31.268571428571427, 304.8685714285714, 2782.902857142857, 3201.12], ["window"]], [[2814.1714285714284, 222.78857142857143, 5303.931428571428, 3189.3942857142856], ["window"]]], "width": 5472, "height": 3648, "tags": []}