{"rects": [[[297.0514285714286, 574.56, 4866.171428571428, 3365.2799999999997], ["window"]]], "width": 5472, "height": 3648, "tags": []}