{"rects": [[[402.5828571428571, 97.71428571428571, 4956.068571428571, 3490.3542857142857], ["window"]]], "width": 5472, "height": 3648, "tags": []}