{"rects": [[[89.89714285714285, 777.8057142857142, 4928.708571428571, 3533.348571428571], ["window", "shop"]]], "width": 5472, "height": 3648, "tags": []}