{"rects": [[[758.2628571428571, 117.25714285714285, 5202.308571428571, 3173.7599999999998], ["window", "shop"]]], "width": 5472, "height": 3648, "tags": []}