{"rects": [[[437.76, 661.1999999999999, 3333.3599999999997, 4797.12], ["window", "shop"]]], "width": 3648, "height": 5472, "tags": []}