{"rects": [[[62.537142857142854, 89.89714285714285, 4971.702857142857, 3576.342857142857], ["window"]]], "width": 5472, "height": 3648, "tags": []}