{"rects": [[[259.91999999999996, 50.16, 3497.5199999999995, 5088.959999999999], ["window", "shop"]]], "width": 3648, "height": 5472, "tags": []}