{"rects": [[[1024.0457142857142, 101.62285714285714, 5370.377142857143, 3212.845714285714], ["window", "shop"]]], "width": 5472, "height": 3648, "tags": []}