{"rects": [[[1219.4742857142855, 7.817142857142857, 3861.6685714285713, 3079.9542857142856], ["window", "shop"]]], "width": 5472, "height": 3648, "tags": []}