{"rects": [[[605.8285714285714, 23.451428571428572, 5214.034285714285, 3584.16], ["window"]]], "width": 5472, "height": 3648, "tags": []}