{"rects": [[[152.4342857142857, 27.36, 5444.639999999999, 3388.7314285714283], ["window", "shop"]]], "width": 5472, "height": 3648, "tags": []}