{"rects": [[[324.41142857142853, 218.88, 4760.639999999999, 3439.542857142857], ["window", "shop"]]], "width": 5472, "height": 3648, "tags": []}