{"rects": [[[644.9142857142857, 101.62285714285714, 5073.325714285714, 3646.697142857143], ["window"]]], "width": 5472, "height": 3648, "tags": []}