{"rects": [[[902.88, 97.71428571428571, 5030.331428571429, 3400.4571428571426], ["window"]]], "width": 5472, "height": 3648, "tags": []}