{"rects": [[[605.8285714285714, 234.5142857142857, 4596.48, 3490.3542857142857], ["window"]]], "width": 5472, "height": 3648, "tags": []}