{"rects": [[[300.96, 839.04, 3565.9199999999996, 4792.5599999999995], ["window"]]], "width": 3648, "height": 5472, "tags": []}