{"rects": [[[492.47999999999996, 254.05714285714285, 5241.394285714286, 3631.062857142857], ["window"]]], "width": 5472, "height": 3648, "tags": []}