{"rects": [[[136.79999999999998, 641.0057142857142, 5202.308571428571, 3337.9199999999996], ["window", "shop"]]], "width": 5472, "height": 3648, "tags": []}