{"rects": [[[961.5085714285714, 285.3257142857143, 4377.599999999999, 3040.868571428571], ["window"]]], "width": 5472, "height": 3648, "tags": []}