{"rects": [[[1070.9485714285713, 58.628571428571426, 2982.24, 3529.4399999999996], ["window"]], [[3001.782857142857, 66.44571428571429, 4651.2, 3638.8799999999997], ["window"]]], "width": 5472, "height": 3648, "tags": []}