{"rects": [[[191.51999999999998, 300.96, 3342.4799999999996, 5307.839999999999], ["window", "shop"]]], "width": 3648, "height": 5472, "tags": []}