{"rects": [[[1067.04, 31.268571428571427, 4291.611428571428, 3603.702857142857], ["window", "shop"]]], "width": 5472, "height": 3648, "tags": []}