{"rects": [[[455.99999999999994, 27.36, 3388.08, 4865.5199999999995], ["window"]]], "width": 3648, "height": 5472, "tags": []}