{"rects": [[[363.4971428571428, 78.17142857142856, 4709.828571428571, 3599.7942857142857], ["window", "shop"]]], "width": 5472, "height": 3648, "tags": []}