{"rects": [[[592.8, 396.71999999999997, 3565.9199999999996, 4956.719999999999], ["window"]]], "width": 3648, "height": 5472, "tags": []}