{"rects": [[[754.3542857142857, 15.634285714285713, 4322.88, 3580.2514285714283], ["window"]]], "width": 5472, "height": 3648, "tags": []}