{"rects": [[[695.7257142857143, 461.21142857142854, 4299.428571428572, 2825.8971428571426], ["window"]]], "width": 5472, "height": 3648, "tags": []}