{"rects": [[[1559.52, 117.25714285714285, 4123.5428571428565, 3072.137142857143], ["window"]]], "width": 5472, "height": 3648, "tags": []}