{"rects": [[[227.99999999999997, 95.75999999999999, 3196.56, 5408.16], ["window"]]], "width": 3648, "height": 5472, "tags": []}