{"rects": [[[281.41714285714284, 590.1942857142857, 4404.96, 3412.182857142857], ["window", "shop"]]], "width": 5472, "height": 3648, "tags": []}