{"rects": [[[128.98285714285714, 183.70285714285714, 4162.628571428571, 3337.9199999999996], ["window"]]], "width": 5472, "height": 3648, "tags": []}