{"rects": [[[1106.1257142857141, 297.0514285714286, 4471.405714285714, 3416.0914285714284], ["window"]]], "width": 5472, "height": 3648, "tags": []}