{"rects": [[[424.08, 661.1999999999999, 3556.7999999999997, 5326.08], ["window", "shop"]]], "width": 3648, "height": 5472, "tags": []}