{"rects": [[[474.23999999999995, 118.55999999999999, 3447.3599999999997, 4915.679999999999], ["window"]]], "width": 3648, "height": 5472, "tags": []}