{"rects": [[[1250.742857142857, 11.725714285714286, 4694.194285714286, 3568.525714285714], ["window", "shop"]]], "width": 5472, "height": 3648, "tags": []}