{"rects": [[[392.15999999999997, 1208.3999999999999, 3483.8399999999997, 5034.24], ["window", "shop"]]], "width": 3648, "height": 5472, "tags": []}