{"rects": [[[469.0285714285714, 54.72, 4616.022857142857, 3548.982857142857], ["window", "shop"]]], "width": 5472, "height": 3648, "tags": []}