{"rects": [[[1199.9314285714286, 23.451428571428572, 5268.754285714285, 3545.0742857142855], ["window"]]], "width": 5472, "height": 3648, "tags": []}