{"rects": [[[938.0571428571428, 23.451428571428572, 4643.382857142857, 3619.3371428571427], ["window"]]], "width": 5472, "height": 3648, "tags": []}