{"rects": [[[715.2685714285714, 465.11999999999995, 2724.2742857142857, 3607.6114285714284], ["window", "shop"]]], "width": 5472, "height": 3648, "tags": []}