{"rects": [[[223.43999999999997, 136.79999999999998, 3419.9999999999995, 4801.679999999999], ["window"]]], "width": 3648, "height": 5472, "tags": []}