{"rects": [[[148.5257142857143, 46.902857142857144, 5155.405714285714, 3603.702857142857], ["window"]]], "width": 5472, "height": 3648, "tags": []}