{"rects": [[[0, 0, 5472, 3648], ["facade"]], [[105.53142857142856, 222.78857142857143, 3533.348571428571, 3036.96], ["window"]]], "width": 5472, "height": 3648, "tags": []}