{"rects": [[[633.1885714285714, 383.03999999999996, 2751.6342857142854, 3599.7942857142857], ["window"]], [[2829.805714285714, 304.8685714285714, 5468.091428571428, 3568.525714285714], ["window"]]], "width": 5472, "height": 3648, "tags": []}