{"rects": [[[474.23999999999995, 880.0799999999999, 3150.9599999999996, 4113.12], ["window"]]], "width": 3648, "height": 5472, "tags": []}