{"rects": [[[973.2342857142856, 598.0114285714285, 4014.102857142857, 3646.697142857143], ["window"]]], "width": 5472, "height": 3648, "tags": []}