{"rects": [[[633.8399999999999, 720.4799999999999, 3365.2799999999997, 5198.4], ["window"]]], "width": 3648, "height": 5472, "tags": []}