{"rects": [[[410.4, 31.268571428571427, 5417.28, 3615.428571428571], ["window"]]], "width": 5472, "height": 3648, "tags": []}