{"rects": [[[449.48571428571427, 734.8114285714286, 4307.245714285714, 3115.1314285714284], ["window", "shop"]]], "width": 5472, "height": 3648, "tags": []}