{"rects": [[[199.33714285714285, 101.62285714285714, 5241.394285714286, 3377.005714285714], ["window"]]], "width": 5472, "height": 3648, "tags": []}