{"rects": [[[824.7085714285714, 19.54285714285714, 4104.0, 3646.697142857143], ["window", "shop"]]], "width": 5472, "height": 3648, "tags": []}