{"rects": [[[601.92, 187.61142857142858, 5022.5142857142855, 3638.8799999999997], ["window", "shop"]]], "width": 5472, "height": 3648, "tags": []}