{"rects": [[[85.98857142857142, 39.08571428571428, 4721.5542857142855, 3365.2799999999997], ["window", "shop"]]], "width": 5472, "height": 3648, "tags": []}