{"rects": [[[583.68, 378.47999999999996, 3561.3599999999997, 4920.24], ["window"]]], "width": 3648, "height": 5472, "tags": []}