{"rects": [[[474.23999999999995, 27.36, 3274.08, 3027.8399999999997], ["window", "shop"]], [[465.11999999999995, 3059.7599999999998, 3347.0399999999995, 5458.32], ["window", "shop"]]], "width": 3648, "height": 5472, "tags": []}