{"rects": [[[214.97142857142856, 58.628571428571426, 5292.205714285714, 3529.4399999999996], ["window"]]], "width": 5472, "height": 3648, "tags": []}