{"rects": [[[1246.8342857142857, 42.99428571428571, 4084.4571428571426, 3568.525714285714], ["window"]]], "width": 5472, "height": 3648, "tags": []}