{"rects": [[[941.9657142857143, 27.36, 4076.64, 3466.902857142857], ["window"]]], "width": 5472, "height": 3648, "tags": []}