{"rects": [[[1571.2457142857143, 31.268571428571427, 3990.6514285714284, 3552.8914285714286], ["window"]]], "width": 5472, "height": 3648, "tags": []}