{"rects": [[[222.78857142857143, 351.77142857142854, 4830.994285714285, 3306.6514285714284], ["window"]]], "width": 5472, "height": 3648, "tags": []}