{"rects": [[[898.9714285714285, 85.98857142857142, 4440.137142857143, 3498.1714285714284], ["window"]]], "width": 5472, "height": 3648, "tags": []}