{"rects": [[[254.05714285714285, 332.2285714285714, 4909.165714285714, 2919.702857142857], ["window"]]], "width": 5472, "height": 3648, "tags": []}