{"rects": [[[183.70285714285714, 300.96, 3380.9142857142856, 3513.805714285714], ["window"]], [[3435.6342857142854, 234.5142857142857, 5440.731428571428, 3502.08], ["window"]]], "width": 5472, "height": 3648, "tags": []}