{"rects": [[[1086.5828571428572, 7.817142857142857, 4916.982857142857, 3470.811428571428], ["window"]]], "width": 5472, "height": 3648, "tags": []}