{"rects": [[[86.63999999999999, 679.4399999999999, 3388.08, 4514.4], ["window"]]], "width": 3648, "height": 5472, "tags": []}