{"rects": [[[801.2571428571429, 78.17142857142856, 4451.862857142857, 3431.7257142857143], ["window"]]], "width": 5472, "height": 3648, "tags": []}