{"rects": [[[496.3885714285714, 527.6571428571428, 4631.657142857142, 3377.005714285714], ["window"]]], "width": 5472, "height": 3648, "tags": []}