{"rects": [[[644.9142857142857, 7.817142857142857, 4303.337142857143, 3599.7942857142857], ["window"]]], "width": 5472, "height": 3648, "tags": []}