{"rects": [[[446.87999999999994, 547.1999999999999, 3520.3199999999997, 4838.16], ["window"]]], "width": 3648, "height": 5472, "tags": []}