{"rects": [[[566.7428571428571, 85.98857142857142, 5022.5142857142855, 3474.72], ["window"]]], "width": 5472, "height": 3648, "tags": []}