{"rects": [[[601.92, 19.54285714285714, 4737.188571428571, 3588.0685714285714], ["window"]]], "width": 5472, "height": 3648, "tags": []}