{"rects": [[[308.77714285714285, 85.98857142857142, 4666.834285714285, 3607.6114285714284], ["window"]]], "width": 5472, "height": 3648, "tags": []}