{"rects": [[[144.61714285714285, 312.68571428571425, 5300.022857142857, 3404.365714285714], ["window"]]], "width": 5472, "height": 3648, "tags": []}