{"rects": [[[1176.48, 171.97714285714284, 4881.805714285714, 2771.177142857143], ["window", "shop"]]], "width": 5472, "height": 3648, "tags": []}