{"rects": [[[336.13714285714286, 633.1885714285714, 5053.782857142857, 3048.6857142857143], ["window", "shop"]]], "width": 5472, "height": 3648, "tags": []}