{"rects": [[[191.51999999999998, 173.27999999999997, 3347.0399999999995, 5107.2], ["window"]]], "width": 3648, "height": 5472, "tags": []}