{"rects": [[[977.1428571428571, 50.81142857142857, 4748.914285714285, 3482.5371428571425], ["window"]]], "width": 5472, "height": 3648, "tags": []}