{"rects": [[[895.0628571428571, 621.4628571428572, 5229.668571428571, 3119.04], ["window", "shop"]]], "width": 5472, "height": 3648, "tags": []}