{"rects": [[[773.8971428571429, 89.89714285714285, 4662.925714285714, 3119.04], ["window", "shop"]]], "width": 5472, "height": 3648, "tags": []}