{"rects": [[[981.0514285714286, 23.451428571428572, 3791.3142857142857, 3572.4342857142856], ["window"]]], "width": 5472, "height": 3648, "tags": []}