{"rects": [[[59.279999999999994, 77.52, 3547.68, 5061.599999999999], ["window"]]], "width": 3648, "height": 5472, "tags": []}