{"rects": [[[1184.2971428571427, 308.77714285714285, 4186.08, 3263.657142857143], ["window"]]], "width": 5472, "height": 3648, "tags": []}