{"rects": [[[566.7428571428571, 648.8228571428571, 4788.0, 3568.525714285714], ["window", "shop"]]], "width": 5472, "height": 3648, "tags": []}