{"rects": [[[629.28, 484.6628571428571, 4561.302857142857, 3474.72], ["window"]]], "width": 5472, "height": 3648, "tags": []}