{"rects": [[[3908.5714285714284, 3548.982857142857, 3908.5714285714284, 3548.982857142857], ["window"]], [[1645.5085714285713, 50.81142857142857, 3885.12, 3021.325714285714], ["window", "shop"]]], "width": 5472, "height": 3648, "tags": []}