{"rects": [[[644.9142857142857, 128.98285714285714, 4201.714285714285, 3416.0914285714284], ["window"]]], "width": 5472, "height": 3648, "tags": []}