{"rects": [[[383.03999999999996, 54.72, 3369.8399999999997, 5148.24], ["window"]]], "width": 3648, "height": 5472, "tags": []}