{"rects": [[[429.9428571428571, 203.24571428571429, 5057.691428571428, 3185.485714285714], ["window"]]], "width": 5472, "height": 3648, "tags": []}