{"rects": [[[769.9885714285714, 39.08571428571428, 5339.108571428571, 3545.0742857142855], ["window", "shop"]]], "width": 5472, "height": 3648, "tags": []}