{"rects": [[[574.56, 63.839999999999996, 3292.3199999999997, 4145.04], ["window"]]], "width": 3648, "height": 5472, "tags": []}