{"rects": [[[781.7142857142857, 492.47999999999996, 5174.948571428571, 3384.822857142857], ["window", "shop"]]], "width": 5472, "height": 3648, "tags": []}