{"rects": [[[750.4457142857143, 457.30285714285714, 2818.08, 3291.0171428571425], ["window", "shop"]], [[2829.805714285714, 359.5885714285714, 4928.708571428571, 3341.828571428571], ["window", "shop"]]], "width": 5472, "height": 3648, "tags": []}