{"rects": [[[91.19999999999999, 414.96, 3465.6, 5111.759999999999], ["window"]]], "width": 3648, "height": 5472, "tags": []}