{"rects": [[[652.7314285714285, 152.4342857142857, 4436.228571428571, 3439.542857142857], ["window", "shop"]]], "width": 5472, "height": 3648, "tags": []}