{"rects": [[[15.634285714285713, 39.08571428571428, 2837.622857142857, 3435.6342857142854], ["window", "shop"]], [[2884.525714285714, 105.53142857142856, 5460.274285714286, 3638.8799999999997], ["window", "shop"]]], "width": 5472, "height": 3648, "tags": []}