{"rects": [[[1137.3942857142856, 1418.8114285714285, 3556.7999999999997, 3642.7885714285712], ["window"]]], "width": 5472, "height": 3648, "tags": []}