{"rects": [[[746.5371428571428, 187.61142857142858, 4670.742857142857, 3537.2571428571428], ["window", "shop"]]], "width": 5472, "height": 3648, "tags": []}