{"rects": [[[182.39999999999998, 642.9599999999999, 3588.72, 4186.08], ["window"]]], "width": 3648, "height": 5472, "tags": []}