{"rects": [[[159.6, 633.8399999999999, 3620.64, 4678.5599999999995], ["window"]]], "width": 3648, "height": 5472, "tags": []}