{"rects": [[[1145.2114285714285, 125.07428571428571, 3591.9771428571426, 3552.8914285714286], ["window", "shop"]]], "width": 5472, "height": 3648, "tags": []}