{"rects": [[[209.76, 223.43999999999997, 3556.7999999999997, 4897.44], ["window"]]], "width": 3648, "height": 5472, "tags": []}