{"rects": [[[58.628571428571426, 136.79999999999998, 2931.428571428571, 3431.7257142857143], ["window", "shop"]], [[2943.1542857142854, 148.5257142857143, 5401.645714285714, 3509.8971428571426], ["window", "shop"]]], "width": 5472, "height": 3648, "tags": []}