{"rects": [[[483.35999999999996, 414.96, 3246.72, 3989.9999999999995], ["window"]]], "width": 3648, "height": 5472, "tags": []}