{"rects": [[[910.6971428571428, 168.06857142857143, 4463.588571428571, 3599.7942857142857], ["window"]]], "width": 5472, "height": 3648, "tags": []}