{"rects": [[[1113.942857142857, 343.9542857142857, 4795.817142857142, 3591.9771428571426], ["window", "shop"]]], "width": 5472, "height": 3648, "tags": []}