{"rects": [[[36.48, 77.52, 3616.0799999999995, 5225.759999999999], ["window", "shop"]]], "width": 3648, "height": 5472, "tags": []}