{"rects": [[[918.5142857142856, 97.71428571428571, 4928.708571428571, 3193.302857142857], ["window"]]], "width": 5472, "height": 3648, "tags": []}