{"rects": [[[347.86285714285714, 246.23999999999998, 4037.5542857142855, 3545.0742857142855], ["window"]]], "width": 5472, "height": 3648, "tags": []}