{"rects": [[[1282.0114285714285, 11.725714285714286, 4643.382857142857, 3595.885714285714], ["window"]]], "width": 5472, "height": 3648, "tags": []}