{"rects": [[[816.8914285714285, 222.78857142857143, 3677.965714285714, 3404.365714285714], ["window", "shop"]]], "width": 5472, "height": 3648, "tags": []}