{"rects": [[[570.6514285714286, 31.268571428571427, 4127.451428571429, 3634.9714285714285], ["window", "shop"]]], "width": 5472, "height": 3648, "tags": []}