{"rects": [[[637.0971428571428, 684.0, 4487.04, 3599.7942857142857], ["window"]]], "width": 5472, "height": 3648, "tags": []}