{"rects": [[[1352.3657142857141, 211.06285714285713, 4471.405714285714, 3396.5485714285714], ["window"]]], "width": 5472, "height": 3648, "tags": []}