{"rects": [[[824.7085714285714, 62.537142857142854, 4416.685714285714, 3619.3371428571427], ["window"]]], "width": 5472, "height": 3648, "tags": []}