{"rects": [[[1137.3942857142856, 3.9085714285714284, 4213.44, 3631.062857142857], ["window"]]], "width": 5472, "height": 3648, "tags": []}