{"rects": [[[578.4685714285714, 195.42857142857142, 4494.857142857142, 3545.0742857142855], ["window"]]], "width": 5472, "height": 3648, "tags": []}