{"rects": [[[1007.7599999999999, 474.23999999999995, 3374.3999999999996, 4760.639999999999], ["window"]]], "width": 3648, "height": 5472, "tags": []}