{"rects": [[[871.6114285714285, 367.4057142857143, 4444.045714285714, 3220.662857142857], ["window"]]], "width": 5472, "height": 3648, "tags": []}