{"rects": [[[836.4342857142857, 453.3942857142857, 4455.771428571428, 3095.5885714285714], ["window"]]], "width": 5472, "height": 3648, "tags": []}