{"rects": [[[360.23999999999995, 22.799999999999997, 3629.7599999999998, 4760.639999999999], ["window", "shop"]]], "width": 3648, "height": 5472, "tags": []}