{"rects": [[[101.62285714285714, 74.26285714285714, 5429.005714285714, 3494.262857142857], ["window"]]], "width": 5472, "height": 3648, "tags": []}