{"rects": [[[392.15999999999997, 351.11999999999995, 3187.4399999999996, 5316.959999999999], ["window"]]], "width": 3648, "height": 5472, "tags": []}