{"rects": [[[492.47999999999996, 23.451428571428572, 5350.834285714285, 3412.182857142857], ["window"]]], "width": 5472, "height": 3648, "tags": []}