{"rects": [[[1004.5028571428571, 97.71428571428571, 3912.48, 2958.7885714285712], ["window"]]], "width": 5472, "height": 3648, "tags": []}