{"rects": [[[637.0971428571428, 171.97714285714284, 4381.5085714285715, 3648], ["window", "shop"]]], "width": 5472, "height": 3648, "tags": []}