{"rects": [[[1035.7714285714285, 11.725714285714286, 4295.5199999999995, 3431.7257142857143], ["window"]]], "width": 5472, "height": 3648, "tags": []}