{"rects": [[[310.08, 483.35999999999996, 3515.7599999999998, 5330.639999999999], ["window"]]], "width": 3648, "height": 5472, "tags": []}