{"rects": [[[375.22285714285715, 121.16571428571427, 4877.897142857142, 3154.217142857143], ["window"]]], "width": 5472, "height": 3648, "tags": []}