{"rects": [[[519.8399999999999, 227.99999999999997, 3575.0399999999995, 5171.04], ["window"]]], "width": 3648, "height": 5472, "tags": []}