{"rects": [[[1106.1257142857141, 355.68, 4647.291428571429, 3509.8971428571426], ["window", "shop"]]], "width": 5472, "height": 3648, "tags": []}