{"rects": [[[387.59999999999997, 378.47999999999996, 3447.3599999999997, 5034.24], ["window"]]], "width": 3648, "height": 5472, "tags": []}