{"rects": [[[128.98285714285714, 570.6514285714286, 4803.634285714285, 3568.525714285714], ["window", "shop"]]], "width": 5472, "height": 3648, "tags": []}