{"rects": [[[1254.6514285714286, 7.817142857142857, 5217.942857142857, 3255.8399999999997], ["window"]]], "width": 5472, "height": 3648, "tags": []}