{"rects": [[[1399.2685714285712, 7.817142857142857, 4694.194285714286, 3474.72], ["window"]]], "width": 5472, "height": 3648, "tags": []}