{"rects": [[[598.0114285714285, 300.96, 4948.251428571429, 3341.828571428571], ["window"]]], "width": 5472, "height": 3648, "tags": []}