{"rects": [[[1192.1142857142856, 207.1542857142857, 4506.5828571428565, 3619.3371428571427], ["window"]]], "width": 5472, "height": 3648, "tags": []}