{"rects": [[[769.9885714285714, 426.0342857142857, 4924.8, 3318.3771428571426], ["window", "shop"]]], "width": 5472, "height": 3648, "tags": []}