{"rects": [[[988.8685714285714, 496.3885714285714, 4858.354285714286, 3392.64], ["window"]]], "width": 5472, "height": 3648, "tags": []}