{"rects": [[[629.28, 386.9485714285714, 4217.348571428572, 3435.6342857142854], ["window"]]], "width": 5472, "height": 3648, "tags": []}