{"rects": [[[1391.4514285714286, 707.4514285714286, 4076.64, 3474.72], ["window"]]], "width": 5472, "height": 3648, "tags": []}