{"rects": [[[156.34285714285713, 183.70285714285714, 5006.88, 3525.5314285714285], ["window", "shop"]]], "width": 5472, "height": 3648, "tags": []}