{"rects": [[[27.36, 86.63999999999999, 3616.0799999999995, 5266.799999999999], ["window", "shop"]]], "width": 3648, "height": 5472, "tags": []}