{"rects": [[[597.3599999999999, 405.84, 3160.08, 5020.5599999999995], ["window"]]], "width": 3648, "height": 5472, "tags": []}