{"rects": [[[246.23999999999998, 287.28, 3415.4399999999996, 5225.759999999999], ["window"]]], "width": 3648, "height": 5472, "tags": []}