{"rects": [[[347.86285714285714, 54.72, 4467.4971428571425, 3611.52], ["window", "shop"]]], "width": 5472, "height": 3648, "tags": []}