{"rects": [[[1567.3371428571427, 54.72, 4053.1885714285713, 3552.8914285714286], ["window"]]], "width": 5472, "height": 3648, "tags": []}