{"rects": [[[642.9599999999999, 22.799999999999997, 3182.8799999999997, 3702.72], ["window"]]], "width": 3648, "height": 5472, "tags": []}