{"rects": [[[0, 0, 5472, 3648], ["facade"]], [[257.9657142857143, 218.88, 2767.2685714285712, 2771.177142857143], ["window"]]], "width": 5472, "height": 3648, "tags": []}