{"rects": [[[719.1771428571428, 281.41714285714284, 5202.308571428571, 3271.4742857142855], ["window", "shop"]]], "width": 5472, "height": 3648, "tags": []}