{"rects": [[[1453.9885714285713, 74.26285714285714, 4342.422857142857, 3627.1542857142854], ["window", "shop"]]], "width": 5472, "height": 3648, "tags": []}