{"rects": [[[551.1085714285714, 23.451428571428572, 5264.845714285714, 3603.702857142857], ["window", "shop"]]], "width": 5472, "height": 3648, "tags": []}