{"rects": [[[1192.1142857142856, 85.98857142857142, 4084.4571428571426, 2982.24], ["window"]]], "width": 5472, "height": 3648, "tags": []}