{"rects": [[[148.5257142857143, 238.42285714285714, 2700.822857142857, 3459.085714285714], ["window"]], [[2657.828571428571, 242.33142857142855, 4870.08, 3478.6285714285714], ["window"]]], "width": 5472, "height": 3648, "tags": []}