{"rects": [[[906.7885714285713, 285.3257142857143, 4104.0, 2818.08], ["window"]]], "width": 5472, "height": 3648, "tags": []}