{"rects": [[[949.7828571428571, 19.54285714285714, 4944.342857142857, 3580.2514285714283], ["window"]]], "width": 5472, "height": 3648, "tags": []}