{"rects": [[[410.4685714285714, 570.6514285714285, 5696.502857142857, 4164.754285714285], ["window"]]], "width": 7008, "height": 4672, "tags": []}