{"rects": [[[0, 15.017142857142856, 6537.462857142857, 4650.308571428571], ["facade"]]], "width": 7008, "height": 4672, "tags": []}