{"rects": [[[760.8685714285714, 1446.6514285714284, 4820.502857142857, 4184.777142857142], ["window"]]], "width": 7008, "height": 4672, "tags": []}