{"rects": [[[2447.7942857142857, 1031.1771428571428, 5276.022857142857, 3654.1714285714284], ["window"]]], "width": 7008, "height": 4672, "tags": []}