{"rects": [[[1111.2685714285712, 485.5542857142857, 4430.057142857143, 4254.857142857142], ["window"]]], "width": 7008, "height": 4672, "tags": []}