{"rects": [[[1016.16, 705.8057142857142, 4830.5142857142855, 4249.851428571428], ["window"]]], "width": 7008, "height": 4672, "tags": []}