{"rects": [[[1616.8457142857142, 976.1142857142856, 4975.679999999999, 4264.868571428571], ["window"]]], "width": 7008, "height": 4672, "tags": []}