{"rects": [[[1360.72, 2242.56, 3293.7599999999998, 5635.599999999999], ["window"]]], "width": 4672, "height": 7008, "tags": []}