{"rects": [[[750.8571428571428, 465.53142857142853, 5271.017142857142, 4435.062857142857], ["window"]]], "width": 7008, "height": 4672, "tags": []}