{"rects": [[[1351.542857142857, 906.0342857142856, 5361.12, 3393.8742857142856], ["window"]]], "width": 7008, "height": 4672, "tags": []}