{"rects": [[[770.88, 765.8742857142856, 6802.765714285713, 3844.388571428571], ["window"]]], "width": 7008, "height": 4672, "tags": []}