{"rects": [[[80.09142857142857, 886.0114285714285, 5581.371428571428, 4339.954285714285], ["window"]]], "width": 7008, "height": 4672, "tags": []}