{"rects": [[[670.7657142857142, 220.25142857142856, 6667.611428571428, 4034.605714285714], ["window"]]], "width": 7008, "height": 4672, "tags": []}