{"rects": [[[969.4399999999999, 204.4, 3912.7999999999997, 6990.48], ["facade"]]], "width": 4672, "height": 7008, "tags": []}