{"rects": [[[70.08, 1221.3942857142856, 4084.662857142857, 3959.5199999999995], ["window"]]], "width": 7008, "height": 4672, "tags": []}