{"rects": [[[345.3942857142857, 10.01142857142857, 6752.708571428571, 4672], ["window", "shop"]]], "width": 7008, "height": 4672, "tags": []}