{"rects": [[[440.5028571428571, 555.6342857142856, 5601.394285714286, 4199.794285714285], ["window"]]], "width": 7008, "height": 4672, "tags": []}