{"rects": [[[981.1199999999999, 996.1371428571427, 6131.999999999999, 4299.908571428571], ["window"]]], "width": 7008, "height": 4672, "tags": []}