{"rects": [[[1594.32, 595.68, 4058.7999999999997, 6949.599999999999], ["window"]]], "width": 4672, "height": 7008, "tags": []}