{"rects": [[[1066.2171428571428, 830.9485714285713, 4259.862857142857, 3594.102857142857], ["window"]]], "width": 7008, "height": 4672, "tags": []}