{"rects": [[[1166.3314285714284, 1266.4457142857143, 3694.217142857143, 4249.851428571428], ["window"]]], "width": 7008, "height": 4672, "tags": []}