{"rects": [[[415.47428571428566, 540.6171428571428, 4580.228571428571, 4620.274285714286], ["window", "shop"]]], "width": 7008, "height": 4672, "tags": []}