{"rects": [[[297.84, 1319.84, 4432.5599999999995, 5927.599999999999], ["window"]]], "width": 4672, "height": 7008, "tags": []}