{"rects": [[[971.1085714285714, 1236.4114285714286, 4935.634285714285, 4525.165714285714], ["window"]]], "width": 7008, "height": 4672, "tags": []}