{"rects": [[[430.4914285714285, 515.5885714285714, 6972.959999999999, 4400.022857142857], ["window"]]], "width": 7008, "height": 4672, "tags": []}