{"rects": [[[1101.2571428571428, 230.26285714285711, 5110.834285714285, 4555.2], ["window", "shop"]]], "width": 7008, "height": 4672, "tags": []}