{"rects": [[[295.33714285714285, 100.1142857142857, 6267.154285714285, 4405.028571428571], ["window"]]], "width": 7008, "height": 4672, "tags": []}