{"rects": [[[169.35999999999999, 566.48, 4496.8, 6914.5599999999995], ["window"]]], "width": 4672, "height": 7008, "tags": []}