{"rects": [[[1026.1714285714286, 305.3485714285714, 6177.051428571428, 4149.737142857142], ["window"]]], "width": 7008, "height": 4672, "tags": []}