{"rects": [[[615.702857142857, 25.028571428571425, 6547.4742857142855, 4430.057142857143], ["window"]]], "width": 7008, "height": 4672, "tags": []}