{"rects": [[[896.0228571428571, 1056.2057142857143, 6142.011428571428, 4104.685714285714], ["window"]]], "width": 7008, "height": 4672, "tags": []}