{"rects": [[[1286.4685714285713, 375.4285714285714, 6427.337142857143, 4304.914285714285], ["window"]]], "width": 7008, "height": 4672, "tags": []}