{"rects": [[[677.4399999999999, 1594.32, 3912.7999999999997, 5723.2], ["window"]]], "width": 4672, "height": 7008, "tags": []}