{"rects": [[[855.9771428571428, 335.3828571428571, 5115.839999999999, 4314.925714285714], ["window"]]], "width": 7008, "height": 4672, "tags": []}