{"rects": [[[496.4, 75.92, 4467.599999999999, 6873.679999999999], ["window"]]], "width": 4672, "height": 7008, "tags": []}