{"rects": [[[391.28, 216.07999999999998, 4520.16, 6873.679999999999], ["window"]]], "width": 4672, "height": 7008, "tags": []}