{"rects": [[[1236.4114285714286, 225.25714285714284, 5976.822857142856, 4344.96], ["window"]]], "width": 7008, "height": 4672, "tags": []}