{"rects": [[[1917.1885714285713, 981.1199999999999, 4405.028571428571, 3093.5314285714285], ["window"]]], "width": 7008, "height": 4672, "tags": []}