{"rects": [[[1026.1714285714286, 45.051428571428566, 5306.057142857142, 4555.2], ["window"]]], "width": 7008, "height": 4672, "tags": []}