{"rects": [[[385.44, 1526.742857142857, 6767.725714285713, 4590.24], ["window"]]], "width": 7008, "height": 4672, "tags": []}