{"rects": [[[725.8285714285714, 30.034285714285712, 5100.822857142857, 4550.194285714286], ["window", "shop"]]], "width": 7008, "height": 4672, "tags": []}