{"rects": [[[185.21142857142857, 550.6285714285714, 6827.794285714285, 4294.902857142857], ["window"]]], "width": 7008, "height": 4672, "tags": []}