{"rects": [[[1311.4971428571428, 1376.5714285714284, 4960.662857142856, 4189.782857142857], ["window"]]], "width": 7008, "height": 4672, "tags": []}