{"rects": [[[155.17714285714285, 220.25142857142856, 6006.857142857142, 3779.3142857142852], ["window"]]], "width": 7008, "height": 4672, "tags": []}