{"rects": [[[1066.2171428571428, 175.2, 5911.748571428571, 4505.142857142857], ["window"]]], "width": 7008, "height": 4672, "tags": []}