{"rects": [[[186.88, 1968.08, 3112.72, 6657.599999999999], ["window", "shop"]], [[3141.92, 3498.16, 4526.0, 6716.0], ["window", "shop"]], [[3176.96, 2038.1599999999999, 4561.04, 3474.7999999999997], ["window", "shop"]]], "width": 4672, "height": 7008, "tags": []}