{"rects": [[[613.1999999999999, 332.88, 4485.12, 6622.5599999999995], ["window"]]], "width": 4672, "height": 7008, "tags": []}