{"rects": [[[505.5771428571428, 35.04, 6567.4971428571425, 4395.017142857143], ["window"]]], "width": 7008, "height": 4672, "tags": []}