{"rects": [[[865.9885714285714, 1676.9142857142856, 4995.702857142856, 4575.222857142857], ["window"]]], "width": 7008, "height": 4672, "tags": []}