{"rects": [[[70.08, 765.8742857142856, 5145.874285714285, 4505.142857142857], ["window"]]], "width": 7008, "height": 4672, "tags": []}