{"rects": [[[20.02285714285714, 75.08571428571427, 5856.685714285713, 4525.165714285714], ["window"]]], "width": 7008, "height": 4672, "tags": []}