{"rects": [[[245.27999999999997, 1361.5542857142857, 6622.5599999999995, 4650.308571428571], ["window"]]], "width": 7008, "height": 4672, "tags": []}