{"rects": [[[465.53142857142853, 380.4342857142857, 5386.148571428571, 4450.08], ["window"]]], "width": 7008, "height": 4672, "tags": []}