{"rects": [[[740.8457142857143, 70.08, 5115.839999999999, 4480.114285714285], ["window"]]], "width": 7008, "height": 4672, "tags": []}