{"rects": [[[1646.8799999999999, 210.23999999999998, 5115.839999999999, 4505.142857142857], ["window"]]], "width": 7008, "height": 4672, "tags": []}