{"rects": [[[1516.7314285714285, 810.9257142857142, 5411.177142857143, 4279.885714285714], ["window"]]], "width": 7008, "height": 4672, "tags": []}