{"rects": [[[515.5885714285714, 260.29714285714283, 5671.4742857142855, 4294.902857142857], ["window", "shop"]]], "width": 7008, "height": 4672, "tags": []}