{"rects": [[[1031.1771428571428, 825.9428571428571, 3283.7485714285713, 4510.148571428571], ["window"]], [[3423.908571428571, 815.9314285714285, 4920.617142857142, 4425.051428571428], ["window"]]], "width": 7008, "height": 4672, "tags": []}