{"rects": [[[75.08571428571427, 435.4971428571428, 5591.382857142857, 4369.988571428571], ["window", "shop"]]], "width": 7008, "height": 4672, "tags": []}