{"rects": [[[1411.6114285714284, 200.2285714285714, 6101.965714285714, 4670.331428571429], ["window"]]], "width": 7008, "height": 4672, "tags": []}