{"rects": [[[315.35999999999996, 1091.2457142857143, 5706.5142857142855, 4460.091428571428], ["window"]]], "width": 7008, "height": 4672, "tags": []}