{"rects": [[[2322.6514285714284, 1391.5885714285714, 4830.5142857142855, 3388.868571428571], ["window"]]], "width": 7008, "height": 4672, "tags": []}