{"rects": [[[180.20571428571427, 435.4971428571428, 5596.388571428571, 4500.137142857143], ["window"]]], "width": 7008, "height": 4672, "tags": []}