{"rects": [[[395.45142857142855, 40.04571428571428, 6547.4742857142855, 4590.24], ["window"]]], "width": 7008, "height": 4672, "tags": []}