{"rects": [[[1226.3999999999999, 1792.8799999999999, 3591.6, 6476.5599999999995], ["window"]]], "width": 4672, "height": 7008, "tags": []}