{"rects": [[[2968.388571428571, 795.9085714285713, 6952.937142857142, 4405.028571428571], ["window"]], [[40.04571428571428, 1736.982857142857, 2858.262857142857, 4164.754285714285], ["window"]]], "width": 7008, "height": 4672, "tags": []}