{"rects": [[[815.9314285714285, 220.25142857142856, 5190.925714285714, 4535.177142857143], ["window"]]], "width": 7008, "height": 4672, "tags": []}