{"rects": [[[400.4571428571428, 120.13714285714285, 4830.5142857142855, 4595.245714285714], ["window"]]], "width": 7008, "height": 4672, "tags": []}