{"rects": [[[1887.1542857142856, 1236.4114285714286, 5070.788571428571, 4039.6114285714284], ["window"]]], "width": 7008, "height": 4672, "tags": []}