{"rects": [[[951.0857142857142, 1441.6457142857141, 5696.502857142857, 4274.88], ["window"]]], "width": 7008, "height": 4672, "tags": []}