{"rects": [[[290.33142857142855, 450.5142857142857, 5160.891428571428, 4600.251428571428], ["window"]]], "width": 7008, "height": 4672, "tags": []}