{"rects": [[[1646.8799999999999, 1661.8971428571426, 4635.291428571428, 4595.245714285714], ["window"]]], "width": 7008, "height": 4672, "tags": []}