{"rects": [[[1031.1771428571428, 55.06285714285714, 2587.9542857142856, 4605.257142857143], ["door", "shop"]], [[2633.005714285714, 70.08, 6096.959999999999, 3609.12], ["window", "shop"]]], "width": 7008, "height": 4672, "tags": []}