{"rects": [[[1306.4914285714285, 1016.16, 5691.4971428571425, 4259.862857142857], ["window"]]], "width": 7008, "height": 4672, "tags": []}