{"rects": [[[881.0057142857142, 200.2285714285714, 5075.794285714285, 4670.331428571429], ["window", "shop"]]], "width": 7008, "height": 4672, "tags": []}