{"rects": [[[300.3428571428571, 245.27999999999997, 6001.851428571428, 4585.234285714286], ["window"]]], "width": 7008, "height": 4672, "tags": []}