{"rects": [[[305.3485714285714, 435.4971428571428, 5531.314285714286, 4630.285714285714], ["window"]]], "width": 7008, "height": 4672, "tags": []}