{"rects": [[[85.09714285714286, 285.32571428571424, 5681.485714285714, 3799.3371428571427], ["window"]]], "width": 7008, "height": 4672, "tags": []}