{"rects": [[[95.10857142857142, 810.9257142857142, 6957.942857142857, 3849.3942857142856], ["window", "shop"]]], "width": 7008, "height": 4672, "tags": []}