{"rects": [[[150.17142857142855, 1101.2571428571428, 5020.731428571428, 4324.937142857142], ["window"]]], "width": 7008, "height": 4672, "tags": []}