{"rects": [[[200.2285714285714, 20.02285714285714, 4054.628571428571, 4415.04], ["window"]]], "width": 7008, "height": 4672, "tags": []}