{"rects": [[[1721.965714285714, 1446.6514285714284, 4940.639999999999, 3909.462857142857], ["window"]]], "width": 7008, "height": 4672, "tags": []}