{"rects": [[[1591.8171428571427, 80.09142857142857, 6147.017142857142, 4515.154285714285], ["window"]]], "width": 7008, "height": 4672, "tags": []}