{"rects": [[[635.7257142857143, 805.92, 4810.4914285714285, 4149.737142857142], ["window"]]], "width": 7008, "height": 4672, "tags": []}