{"rects": [[[1596.822857142857, 175.2, 4990.697142857142, 4595.245714285714], ["window", "shop"]]], "width": 7008, "height": 4672, "tags": []}