{"rects": [[[864.3199999999999, 2160.7999999999997, 4105.5199999999995, 5425.36], ["window"]]], "width": 4672, "height": 7008, "tags": []}