{"rects": [[[770.88, 650.7428571428571, 3634.1485714285714, 3834.3771428571426], ["window"]]], "width": 7008, "height": 4672, "tags": []}