{"rects": [[[105.11999999999999, 1046.1942857142856, 3574.08, 4104.685714285714], ["window"]], [[3894.445714285714, 1416.6171428571427, 6602.5371428571425, 4164.754285714285], ["window"]]], "width": 7008, "height": 4672, "tags": []}