{"rects": [[[380.4342857142857, 845.9657142857142, 5766.5828571428565, 4475.108571428571], ["window"]]], "width": 7008, "height": 4672, "tags": []}