{"rects": [[[710.8114285714286, 530.6057142857143, 4740.411428571429, 4525.165714285714], ["window"]]], "width": 7008, "height": 4672, "tags": []}