{"rects": [[[450.5142857142857, 545.6228571428571, 6537.462857142857, 4294.902857142857], ["window"]]], "width": 7008, "height": 4672, "tags": []}