{"rects": [[[470.53714285714284, 340.3885714285714, 6602.5371428571425, 4510.148571428571], ["window"]]], "width": 7008, "height": 4672, "tags": []}