{"rects": [[[630.7199999999999, 80.09142857142857, 3854.3999999999996, 4339.954285714285], ["window", "shop"]], [[3894.445714285714, 1286.4685714285713, 4590.24, 4244.845714285714], ["door", "shop"]]], "width": 7008, "height": 4672, "tags": []}