{"rects": [[[95.10857142857142, 205.2342857142857, 4505.142857142857, 4254.857142857142], ["window"]]], "width": 7008, "height": 4672, "tags": []}