{"rects": [[[1491.702857142857, 335.3828571428571, 5751.5657142857135, 4545.188571428571], ["window"]]], "width": 7008, "height": 4672, "tags": []}