{"rects": [[[460.52571428571423, 10.01142857142857, 6782.742857142856, 4655.314285714286], ["window"]]], "width": 7008, "height": 4672, "tags": []}