{"rects": [[[1106.262857142857, 275.3142857142857, 5085.805714285714, 4204.799999999999], ["window"]]], "width": 7008, "height": 4672, "tags": []}