{"rects": [[[35.04, 1867.1314285714284, 3473.965714285714, 3779.3142857142852], ["window"]]], "width": 7008, "height": 4672, "tags": []}