{"rects": [[[537.28, 613.1999999999999, 3328.7999999999997, 6342.24], ["window", "shop"]]], "width": 4672, "height": 7008, "tags": []}