{"rects": [[[620.7085714285714, 875.9999999999999, 6412.32, 4099.679999999999], ["window"]]], "width": 7008, "height": 4672, "tags": []}