{"rects": [[[715.8171428571428, 60.068571428571424, 5516.297142857143, 4615.268571428571], ["window"]]], "width": 7008, "height": 4672, "tags": []}