{"rects": [[[540.6171428571428, 170.1942857142857, 5331.085714285714, 4490.125714285714], ["window"]]], "width": 7008, "height": 4672, "tags": []}