{"rects": [[[590.6742857142857, 70.08, 6162.034285714285, 4605.257142857143], ["window", "shop"]]], "width": 7008, "height": 4672, "tags": []}