{"rects": [[[1571.7942857142857, 10.01142857142857, 5401.165714285714, 4580.228571428571], ["window"]]], "width": 7008, "height": 4672, "tags": []}