{"rects": [[[840.9599999999999, 1121.28, 5266.011428571428, 4460.091428571428], ["window"]]], "width": 7008, "height": 4672, "tags": []}