{"rects": [[[180.20571428571427, 255.29142857142855, 6111.977142857142, 4455.085714285714], ["window"]]], "width": 7008, "height": 4672, "tags": []}