{"rects": [[[1271.4514285714286, 25.028571428571425, 5781.599999999999, 4660.32], ["door", "shop"]]], "width": 7008, "height": 4672, "tags": []}