{"rects": [[[580.6628571428571, 230.26285714285711, 5220.96, 4259.862857142857], ["window"]]], "width": 7008, "height": 4672, "tags": []}