{"rects": [[[1146.3085714285714, 1246.422857142857, 5205.942857142857, 4500.137142857143], ["window"]]], "width": 7008, "height": 4672, "tags": []}