{"rects": [[[715.8171428571428, 996.1371428571427, 5055.771428571428, 3999.565714285714], ["window"]]], "width": 7008, "height": 4672, "tags": []}