{"rects": [[[820.9371428571428, 25.028571428571425, 6111.977142857142, 4585.234285714286], ["door", "shop"]]], "width": 7008, "height": 4672, "tags": []}