{"rects": [[[655.7485714285714, 981.1199999999999, 5426.194285714285, 4545.188571428571], ["window"]]], "width": 7008, "height": 4672, "tags": []}