{"rects": [[[180.20571428571427, 1486.6971428571428, 6962.948571428571, 4284.891428571428], ["window"]]], "width": 7008, "height": 4672, "tags": []}