{"rects": [[[1196.3657142857141, 250.28571428571428, 4550.194285714286, 4515.154285714285], ["window"]]], "width": 7008, "height": 4672, "tags": []}