{"rects": [[[901.0285714285714, 55.06285714285714, 6016.868571428571, 4430.057142857143], ["window"]]], "width": 7008, "height": 4672, "tags": []}