{"rects": [[[40.879999999999995, 613.1999999999999, 4514.32, 6838.639999999999], ["window"]]], "width": 4672, "height": 7008, "tags": []}