{"rects": [[[1106.262857142857, 495.56571428571425, 5606.4, 4510.148571428571], ["window", "shop"]]], "width": 7008, "height": 4672, "tags": []}