{"rects": [[[55.06285714285714, 215.24571428571426, 6932.914285714285, 4565.211428571428], ["window"]]], "width": 7008, "height": 4672, "tags": []}