{"rects": [[[1051.1999999999998, 1251.4285714285713, 4174.765714285714, 4545.188571428571], ["window"]]], "width": 7008, "height": 4672, "tags": []}