{"rects": [[[270.3085714285714, 450.5142857142857, 4259.862857142857, 4239.839999999999], ["window"]]], "width": 7008, "height": 4672, "tags": []}