{"rects": [[[120.13714285714285, 670.7657142857142, 6872.845714285714, 4520.16], ["window"]]], "width": 7008, "height": 4672, "tags": []}