{"rects": [[[80.09142857142857, 1581.8057142857142, 5160.891428571428, 3398.8799999999997], ["window"]]], "width": 7008, "height": 4672, "tags": []}