{"rects": [[[290.33142857142855, 1366.56, 5656.457142857143, 4660.32], ["window"]]], "width": 7008, "height": 4672, "tags": []}