{"rects": [[[575.6571428571428, 280.32, 4109.691428571428, 4590.24], ["window"]]], "width": 7008, "height": 4672, "tags": []}