{"rects": [[[750.8571428571428, 1251.4285714285713, 4214.811428571428, 4079.6571428571424], ["window"]]], "width": 7008, "height": 4672, "tags": []}