{"rects": [[[780.8914285714285, 70.08, 5766.5828571428565, 4645.302857142857], ["window"]]], "width": 7008, "height": 4672, "tags": []}