{"rects": [[[60.068571428571424, 405.4628571428571, 6732.685714285713, 3478.9714285714285], ["window"]]], "width": 7008, "height": 4672, "tags": []}