{"rects": [[[200.2285714285714, 165.1885714285714, 6887.862857142856, 3704.2285714285713], ["window"]]], "width": 7008, "height": 4672, "tags": []}