{"rects": [[[765.8742857142856, 1371.5657142857142, 6337.234285714285, 4064.64], ["window"]]], "width": 7008, "height": 4672, "tags": []}