{"rects": [[[475.5428571428571, 710.8114285714286, 5095.817142857142, 4530.171428571428], ["window"]]], "width": 7008, "height": 4672, "tags": []}