{"rects": [[[730.8342857142857, 810.9257142857142, 4495.131428571428, 4124.708571428571], ["window"]]], "width": 7008, "height": 4672, "tags": []}