{"rects": [[[275.3142857142857, 355.4057142857143, 5456.228571428571, 4585.234285714286], ["window"]]], "width": 7008, "height": 4672, "tags": []}