{"rects": [[[170.1942857142857, 625.7142857142857, 6031.885714285714, 3003.428571428571], ["window"]]], "width": 7008, "height": 4672, "tags": []}