{"rects": [[[870.9942857142856, 1481.6914285714286, 6247.131428571428, 4354.971428571428], ["window"]]], "width": 7008, "height": 4672, "tags": []}