{"rects": [[[475.5428571428571, 40.04571428571428, 5286.034285714285, 4530.171428571428], ["window"]]], "width": 7008, "height": 4672, "tags": []}