{"rects": [[[770.88, 290.33142857142855, 5671.4742857142855, 4672], ["window"]]], "width": 7008, "height": 4672, "tags": []}