{"rects": [[[520.5942857142857, 495.56571428571425, 5426.194285714285, 4319.931428571428], ["window"]]], "width": 7008, "height": 4672, "tags": []}