{"rects": [[[800.0799999999999, 1144.6399999999999, 4566.88, 6873.679999999999], ["window"]]], "width": 4672, "height": 7008, "tags": []}