{"rects": [[[815.9314285714285, 90.10285714285713, 5271.017142857142, 4545.188571428571], ["window"]]], "width": 7008, "height": 4672, "tags": []}