{"rects": [[[795.9085714285713, 645.7371428571428, 5120.845714285714, 4224.822857142857], ["window"]]], "width": 7008, "height": 4672, "tags": []}