{"rects": [[[325.37142857142857, 250.28571428571428, 5776.594285714285, 4475.108571428571], ["window"]]], "width": 7008, "height": 4672, "tags": []}