{"rects": [[[460.52571428571423, 425.48571428571427, 6552.48, 4369.988571428571], ["window"]]], "width": 7008, "height": 4672, "tags": []}