{"rects": [[[951.0857142857142, 30.034285714285712, 6377.28, 4520.16], ["window"]]], "width": 7008, "height": 4672, "tags": []}