{"rects": [[[216.07999999999998, 905.1999999999999, 4163.92, 6891.2], ["window"]]], "width": 4672, "height": 7008, "tags": []}