{"rects": [[[615.702857142857, 15.017142857142856, 5180.914285714285, 4550.194285714286], ["window"]]], "width": 7008, "height": 4672, "tags": []}