{"rects": [[[951.0857142857142, 820.9371428571428, 5676.48, 4079.6571428571424], ["window"]]], "width": 7008, "height": 4672, "tags": []}