{"rects": [[[565.6457142857142, 325.37142857142857, 5256.0, 4580.228571428571], ["window"]]], "width": 7008, "height": 4672, "tags": []}