{"rects": [[[0, 10.01142857142857, 6782.742857142856, 4672], ["facade"]]], "width": 7008, "height": 4672, "tags": []}