{"rects": [[[385.44, 70.08, 5115.839999999999, 4374.994285714285], ["window"]]], "width": 7008, "height": 4672, "tags": []}