{"rects": [[[2242.56, 1226.3999999999999, 5576.365714285714, 4244.845714285714], ["window"]]], "width": 7008, "height": 4672, "tags": []}