{"rects": [[[1726.9714285714285, 1461.6685714285713, 4555.2, 3969.5314285714285], ["window"]]], "width": 7008, "height": 4672, "tags": []}