{"rects": [[[245.27999999999997, 215.24571428571426, 6152.022857142857, 3844.388571428571], ["window"]]], "width": 7008, "height": 4672, "tags": []}