{"rects": [[[1346.5371428571427, 765.8742857142856, 6111.977142857142, 3819.3599999999997], ["window"]]], "width": 7008, "height": 4672, "tags": []}