{"rects": [[[1471.6799999999998, 275.3142857142857, 4710.377142857143, 4615.268571428571], ["window"]]], "width": 7008, "height": 4672, "tags": []}