{"rects": [[[891.0171428571427, 180.20571428571427, 2567.9314285714286, 4415.04], ["door", "shop"]], [[3168.6171428571424, 260.29714285714283, 5851.679999999999, 4635.291428571428], ["window", "shop"]]], "width": 7008, "height": 4672, "tags": []}