{"rects": [[[335.3828571428571, 365.41714285714284, 6617.5542857142855, 4580.228571428571], ["window"]]], "width": 7008, "height": 4672, "tags": []}