{"rects": [[[1972.2514285714285, 1381.5771428571427, 5180.914285714285, 4490.125714285714], ["window", "shop"]]], "width": 7008, "height": 4672, "tags": []}