{"rects": [[[1341.5314285714285, 1046.1942857142856, 6397.302857142857, 3959.5199999999995], ["window"]]], "width": 7008, "height": 4672, "tags": []}