{"rects": [[[730.8342857142857, 640.7314285714285, 3944.502857142857, 4520.16], ["window"]]], "width": 7008, "height": 4672, "tags": []}