{"rects": [[[750.8571428571428, 500.57142857142856, 6157.028571428571, 4410.034285714285], ["window"]]], "width": 7008, "height": 4672, "tags": []}