{"rects": [[[1762.0114285714285, 1086.24, 4535.177142857143, 4535.177142857143], ["window"]], [[5541.325714285714, 2457.805714285714, 6952.937142857142, 4264.868571428571], ["window"]]], "width": 7008, "height": 4672, "tags": []}