{"rects": [[[2282.605714285714, 135.1542857142857, 6197.074285714285, 4124.708571428571], ["window"]]], "width": 7008, "height": 4672, "tags": []}