{"rects": [[[1326.5142857142855, 755.8628571428571, 5951.794285714285, 3809.348571428571], ["window"]]], "width": 7008, "height": 4672, "tags": []}