{"rects": [[[620.7085714285714, 90.10285714285713, 4885.5771428571425, 4369.988571428571], ["window"]]], "width": 7008, "height": 4672, "tags": []}