{"rects": [[[2154.96, 1150.48, 4496.8, 6815.28], ["door", "shop"]], [[321.2, 1448.32, 2143.2799999999997, 4076.3199999999997], ["window", "shop"]]], "width": 4672, "height": 7008, "tags": []}