{"rects": [[[265.30285714285714, 415.47428571428566, 6802.765714285713, 4274.88], ["window"]]], "width": 7008, "height": 4672, "tags": []}