{"rects": [[[655.7485714285714, 470.53714285714284, 5135.862857142857, 4244.845714285714], ["window"]]], "width": 7008, "height": 4672, "tags": []}