{"rects": [[[1171.3371428571427, 520.5942857142857, 5616.411428571429, 4395.017142857143], ["window"]]], "width": 7008, "height": 4672, "tags": []}