{"rects": [[[2022.3085714285712, 956.0914285714285, 5281.028571428571, 4435.062857142857], ["window"]]], "width": 7008, "height": 4672, "tags": []}