{"rects": [[[1096.2514285714285, 1131.2914285714285, 5466.24, 4505.142857142857], ["window"]]], "width": 7008, "height": 4672, "tags": []}