{"rects": [[[170.1942857142857, 80.09142857142857, 5626.422857142857, 4485.12], ["window"]]], "width": 7008, "height": 4672, "tags": []}