{"rects": [[[530.6057142857143, 1446.6514285714284, 4810.4914285714285, 4525.165714285714], ["window"]]], "width": 7008, "height": 4672, "tags": []}