{"rects": [[[1431.6342857142856, 30.034285714285712, 5926.765714285714, 4620.274285714286], ["window"]]], "width": 7008, "height": 4672, "tags": []}