{"rects": [[[130.14857142857142, 440.5028571428571, 6842.811428571428, 4570.217142857143], ["window"]]], "width": 7008, "height": 4672, "tags": []}