{"rects": [[[951.0857142857142, 835.9542857142857, 5366.125714285714, 3924.4799999999996], ["window"]]], "width": 7008, "height": 4672, "tags": []}