{"rects": [[[380.4342857142857, 780.8914285714285, 4159.748571428571, 4269.874285714285], ["window"]]], "width": 7008, "height": 4672, "tags": []}