{"rects": [[[2032.32, 480.5485714285714, 5205.942857142857, 4364.982857142857], ["window"]]], "width": 7008, "height": 4672, "tags": []}