{"rects": [[[170.1942857142857, 550.6285714285714, 5931.771428571428, 4515.154285714285], ["window"]]], "width": 7008, "height": 4672, "tags": []}