{"rects": [[[480.5485714285714, 400.4571428571428, 5441.211428571428, 4585.234285714286], ["window"]]], "width": 7008, "height": 4672, "tags": []}