{"rects": [[[690.7885714285713, 625.7142857142857, 5971.817142857142, 3899.451428571428], ["window"]]], "width": 7008, "height": 4672, "tags": []}