{"rects": [[[1063.1314285714286, 605.6228571428571, 3953.005714285714, 2346.7885714285712], ["window"]]], "width": 4608, "height": 3072, "tags": []}