{"rects": [[[230.26285714285711, 875.9999999999999, 6467.382857142857, 3253.7142857142853], ["window"]]], "width": 7008, "height": 4672, "tags": []}