{"rects": [[[695.7942857142857, 195.22285714285712, 4895.588571428571, 4435.062857142857], ["window"]]], "width": 7008, "height": 4672, "tags": []}