{"rects": [[[335.3828571428571, 270.3085714285714, 6607.5428571428565, 4274.88], ["window"]]], "width": 7008, "height": 4672, "tags": []}