{"rects": [[[1481.6914285714286, 971.1085714285714, 5025.737142857142, 4430.057142857143], ["window"]]], "width": 7008, "height": 4672, "tags": []}