{"rects": [[[1291.4742857142855, 95.10857142857142, 4850.5371428571425, 4600.251428571428], ["window"]]], "width": 7008, "height": 4672, "tags": []}