{"rects": [[[470.53714285714284, 175.2, 6897.874285714285, 4570.217142857143], ["window"]]], "width": 7008, "height": 4672, "tags": []}