{"rects": [[[370.42285714285714, 1842.102857142857, 6337.234285714285, 4159.748571428571], ["window"]]], "width": 7008, "height": 4672, "tags": []}