{"rects": [[[1116.2742857142857, 1351.542857142857, 5841.668571428571, 4299.908571428571], ["window"]]], "width": 7008, "height": 4672, "tags": []}