{"rects": [[[2628.0, 725.8285714285714, 5976.822857142856, 4672], ["window", "shop"]]], "width": 7008, "height": 4672, "tags": []}