{"rects": [[[105.11999999999999, 45.051428571428566, 6147.017142857142, 4625.28], ["window"]]], "width": 7008, "height": 4672, "tags": []}