{"rects": [[[260.29714285714283, 540.6171428571428, 4239.839999999999, 4630.285714285714], ["window"]]], "width": 7008, "height": 4672, "tags": []}