{"rects": [[[710.8114285714286, 25.028571428571425, 6662.6057142857135, 4620.274285714286], ["facade"]]], "width": 7008, "height": 4672, "tags": []}