{"rects": [[[110.12571428571428, 590.6742857142857, 5556.342857142857, 4059.6342857142854], ["window"]]], "width": 7008, "height": 4672, "tags": []}