{"rects": [[[1626.8571428571427, 35.04, 5516.297142857143, 4605.257142857143], ["window"]]], "width": 7008, "height": 4672, "tags": []}