{"rects": [[[780.8914285714285, 25.028571428571425, 5611.405714285714, 4660.32], ["window"]]], "width": 7008, "height": 4672, "tags": []}