{"rects": [[[1326.5142857142855, 130.14857142857142, 5566.354285714286, 4445.074285714285], ["window"]]], "width": 7008, "height": 4672, "tags": []}