{"rects": [[[470.53714285714284, 255.29142857142855, 6702.651428571428, 3609.12], ["window"]]], "width": 7008, "height": 4672, "tags": []}