{"rects": [[[685.7828571428571, 165.1885714285714, 5406.171428571428, 4670.331428571429], ["window"]]], "width": 7008, "height": 4672, "tags": []}