{"rects": [[[610.6971428571428, 911.04, 4555.2, 4585.234285714286], ["window"]]], "width": 7008, "height": 4672, "tags": []}