{"rects": [[[55.06285714285714, 936.0685714285713, 6187.062857142857, 3904.4571428571426], ["window"]]], "width": 7008, "height": 4672, "tags": []}