{"rects": [[[1446.6514285714284, 1256.4342857142856, 4970.674285714285, 4500.137142857143], ["window"]]], "width": 7008, "height": 4672, "tags": []}