{"rects": [[[163.51999999999998, 2195.84, 4479.28, 6873.679999999999], ["window"]]], "width": 4672, "height": 7008, "tags": []}