{"rects": [[[1031.1771428571428, 360.41142857142853, 6272.16, 4550.194285714286], ["window"]]], "width": 7008, "height": 4672, "tags": []}