{"rects": [[[1046.1942857142856, 986.1257142857143, 5526.308571428571, 4049.622857142857], ["window"]]], "width": 7008, "height": 4672, "tags": []}