{"rects": [[[90.10285714285713, 165.1885714285714, 6537.462857142857, 4550.194285714286], ["window"]]], "width": 7008, "height": 4672, "tags": []}