{"rects": [[[976.1142857142856, 95.10857142857142, 6142.011428571428, 4560.205714285714], ["window"]]], "width": 7008, "height": 4672, "tags": []}