{"rects": [[[1907.1771428571428, 260.29714285714283, 5266.011428571428, 4385.005714285714], ["window"]]], "width": 7008, "height": 4672, "tags": []}