{"rects": [[[1026.1714285714286, 25.028571428571425, 6612.5485714285705, 4610.262857142857], ["window"]]], "width": 7008, "height": 4672, "tags": []}