{"rects": [[[765.8742857142856, 25.028571428571425, 5215.954285714285, 4535.177142857143], ["window"]]], "width": 7008, "height": 4672, "tags": []}