{"rects": [[[1516.7314285714285, 45.051428571428566, 5841.668571428571, 4660.32], ["door", "shop"]]], "width": 7008, "height": 4672, "tags": []}