{"rects": [[[95.10857142857142, 745.8514285714285, 6962.948571428571, 3744.2742857142853], ["window"]]], "width": 7008, "height": 4672, "tags": []}