{"rects": [[[921.0514285714285, 285.32571428571424, 3804.3428571428567, 4364.982857142857], ["window"]]], "width": 7008, "height": 4672, "tags": []}