{"rects": [[[1782.0342857142855, 490.55999999999995, 5180.914285714285, 4059.6342857142854], ["window"]]], "width": 7008, "height": 4672, "tags": []}