{"rects": [[[525.5999999999999, 215.24571428571426, 6031.885714285714, 4595.245714285714], ["window"]]], "width": 7008, "height": 4672, "tags": []}