{"rects": [[[350.4, 175.2, 5586.377142857143, 4194.788571428571], ["window"]]], "width": 7008, "height": 4672, "tags": []}