{"rects": [[[1281.462857142857, 1381.5771428571427, 5856.685714285713, 4314.925714285714], ["window"]]], "width": 7008, "height": 4672, "tags": []}