{"rects": [[[1636.8685714285714, 335.3828571428571, 6302.194285714285, 4455.085714285714], ["window"]]], "width": 7008, "height": 4672, "tags": []}