{"rects": [[[380.4342857142857, 5.005714285714285, 6722.674285714285, 4400.022857142857], ["window"]]], "width": 7008, "height": 4672, "tags": []}