{"rects": [[[590.6742857142857, 380.4342857142857, 6582.5142857142855, 4269.874285714285], ["window"]]], "width": 7008, "height": 4672, "tags": []}