{"rects": [[[485.5542857142857, 1151.3142857142857, 5030.742857142856, 3368.845714285714], ["window"]]], "width": 7008, "height": 4672, "tags": []}