{"rects": [[[605.6914285714286, 65.07428571428571, 6167.04, 4485.12], ["window"]]], "width": 7008, "height": 4672, "tags": []}