{"rects": [[[1031.1771428571428, 976.1142857142856, 5020.731428571428, 3724.2514285714283], ["window"]], [[5326.08, 1511.7257142857143, 6692.639999999999, 3313.7828571428568], ["window"]]], "width": 7008, "height": 4672, "tags": []}