{"rects": [[[1071.222857142857, 670.7657142857142, 4765.44, 4374.994285714285], ["window"]]], "width": 7008, "height": 4672, "tags": []}