{"rects": [[[370.42285714285714, 115.13142857142856, 6167.04, 4415.04], ["window"]]], "width": 7008, "height": 4672, "tags": []}