{"rects": [[[823.4399999999999, 1319.84, 4432.5599999999995, 6891.2], ["window"]]], "width": 4672, "height": 7008, "tags": []}