{"rects": [[[1977.2571428571428, 245.27999999999997, 5185.919999999999, 4319.931428571428], ["window"]]], "width": 7008, "height": 4672, "tags": []}