{"rects": [[[2467.8171428571427, 1381.5771428571427, 4049.622857142857, 4364.982857142857], ["door", "shop"]], [[4179.771428571428, 1161.3257142857142, 6061.919999999999, 3824.365714285714], ["shop", "window"]]], "width": 7008, "height": 4672, "tags": []}