{"rects": [[[1166.3314285714284, 680.7771428571428, 5881.714285714285, 3909.462857142857], ["window"]]], "width": 7008, "height": 4672, "tags": []}