{"rects": [[[180.20571428571427, 50.05714285714285, 5806.628571428571, 4550.194285714286], ["window"]]], "width": 7008, "height": 4672, "tags": []}