{"rects": [[[170.1942857142857, 550.6285714285714, 6777.737142857142, 4059.6342857142854], ["window"]]], "width": 7008, "height": 4672, "tags": []}