{"rects": [[[520.5942857142857, 555.6342857142856, 6752.708571428571, 3999.565714285714], ["window"]]], "width": 7008, "height": 4672, "tags": []}