{"rects": [[[1751.9999999999998, 886.0114285714285, 4850.5371428571425, 4465.097142857143], ["window"]]], "width": 7008, "height": 4672, "tags": []}