{"rects": [[[435.4971428571428, 15.017142857142856, 5821.645714285713, 3824.365714285714], ["window"]]], "width": 7008, "height": 4672, "tags": []}