{"rects": [[[180.20571428571427, 170.1942857142857, 6702.651428571428, 3854.3999999999996], ["window"]]], "width": 7008, "height": 4672, "tags": []}