{"rects": [[[470.53714285714284, 1221.3942857142856, 4019.588571428571, 4344.96], ["window"]]], "width": 7008, "height": 4672, "tags": []}