{"rects": [[[1426.6285714285714, 195.22285714285712, 5291.04, 4490.125714285714], ["window"]]], "width": 7008, "height": 4672, "tags": []}