{"rects": [[[1376.5714285714284, 85.09714285714286, 5516.297142857143, 4555.2], ["window"]]], "width": 7008, "height": 4672, "tags": []}