{"rects": [[[370.42285714285714, 155.17714285714285, 5366.125714285714, 4545.188571428571], ["window"]]], "width": 7008, "height": 4672, "tags": []}