{"rects": [[[235.26857142857142, 405.4628571428571, 6111.977142857142, 4104.685714285714], ["window"]]], "width": 7008, "height": 4672, "tags": []}