{"rects": [[[718.3199999999999, 309.52, 4000.4, 6873.679999999999], ["window", "shop"]]], "width": 4672, "height": 7008, "tags": []}