{"rects": [[[759.1999999999999, 829.28, 4210.64, 6295.5199999999995], ["window"]]], "width": 4672, "height": 7008, "tags": []}