{"rects": [[[215.24571428571426, 1251.4285714285713, 7002.994285714285, 4500.137142857143], ["window"]]], "width": 7008, "height": 4672, "tags": []}