{"rects": [[[1401.6, 5.005714285714285, 6482.4, 4560.205714285714], ["window"]]], "width": 7008, "height": 4672, "tags": []}