{"rects": [[[1091.2457142857143, 155.17714285714285, 5225.965714285714, 4480.114285714285], ["window"]]], "width": 7008, "height": 4672, "tags": []}