{"rects": [[[330.3771428571428, 1126.2857142857142, 5596.388571428571, 4460.091428571428], ["window"]]], "width": 7008, "height": 4672, "tags": []}