{"rects": [[[790.9028571428571, 720.8228571428571, 5761.5771428571425, 4314.925714285714], ["window"]]], "width": 7008, "height": 4672, "tags": []}