{"rects": [[[360.41142857142853, 40.04571428571428, 4745.417142857143, 4615.268571428571], ["shop", "door"]]], "width": 7008, "height": 4672, "tags": []}