{"rects": [[[1166.3314285714284, 1096.2514285714285, 5816.639999999999, 4364.982857142857], ["window"]]], "width": 7008, "height": 4672, "tags": []}