{"rects": [[[1056.5485714285714, 1040.0914285714287, 3028.114285714286, 2537.6914285714283], ["window"]]], "width": 4608, "height": 3072, "tags": []}