{"rects": [[[1797.0514285714285, 956.0914285714285, 5726.5371428571425, 3614.125714285714], ["window"]]], "width": 7008, "height": 4672, "tags": []}