{"rects": [[[1862.1257142857141, 1141.302857142857, 5711.5199999999995, 4199.794285714285], ["window"]]], "width": 7008, "height": 4672, "tags": []}