{"rects": [[[130.14857142857142, 495.56571428571425, 6287.177142857143, 4555.2], ["window"]]], "width": 7008, "height": 4672, "tags": []}