{"rects": [[[840.9599999999999, 45.051428571428566, 6527.451428571428, 4565.211428571428], ["window"]]], "width": 7008, "height": 4672, "tags": []}