{"rects": [[[95.10857142857142, 80.09142857142857, 6096.959999999999, 4575.222857142857], ["window"]]], "width": 7008, "height": 4672, "tags": []}