{"rects": [[[891.0171428571427, 926.0571428571428, 5180.914285714285, 4520.16], ["window"]]], "width": 7008, "height": 4672, "tags": []}