{"rects": [[[1144.6399999999999, 1302.32, 4123.04, 6400.639999999999], ["window"]]], "width": 4672, "height": 7008, "tags": []}