{"rects": [[[1031.1771428571428, 760.8685714285714, 5786.6057142857135, 4174.765714285714], ["window"]]], "width": 7008, "height": 4672, "tags": []}