{"rects": [[[1276.4571428571428, 1101.2571428571428, 5356.114285714285, 4064.64], ["window"]]], "width": 7008, "height": 4672, "tags": []}