{"rects": [[[260.29714285714283, 730.8342857142857, 5901.737142857142, 4109.691428571428], ["window"]]], "width": 7008, "height": 4672, "tags": []}