{"rects": [[[820.9371428571428, 1051.1999999999998, 4835.5199999999995, 3999.565714285714], ["window"]]], "width": 7008, "height": 4672, "tags": []}