{"rects": [[[1246.422857142857, 460.52571428571423, 6001.851428571428, 4445.074285714285], ["window"]]], "width": 7008, "height": 4672, "tags": []}