{"rects": [[[535.6114285714285, 25.028571428571425, 5306.057142857142, 4660.32], ["window"]]], "width": 7008, "height": 4672, "tags": []}