{"rects": [[[65.07428571428571, 645.7371428571428, 5691.4971428571425, 4094.6742857142854], ["window"]]], "width": 7008, "height": 4672, "tags": []}