{"rects": [[[1411.6114285714284, 380.4342857142857, 5286.034285714285, 4575.222857142857], ["window"]]], "width": 7008, "height": 4672, "tags": []}