{"rects": [[[956.0914285714285, 605.6914285714286, 5586.377142857143, 4515.154285714285], ["window"]]], "width": 7008, "height": 4672, "tags": []}