{"rects": [[[1927.1999999999998, 1066.2171428571428, 3799.3371428571427, 3749.2799999999997], ["window"]]], "width": 7008, "height": 4672, "tags": []}