{"rects": [[[473.03999999999996, 870.16, 4146.4, 6873.679999999999], ["window", "shop"]]], "width": 4672, "height": 7008, "tags": []}