{"rects": [[[891.0171428571427, 1281.462857142857, 4855.5428571428565, 4359.977142857142], ["window"]]], "width": 7008, "height": 4672, "tags": []}