{"rects": [[[1026.1714285714286, 1141.302857142857, 6172.045714285714, 4344.96], ["window"]]], "width": 7008, "height": 4672, "tags": []}