{"rects": [[[465.53142857142853, 740.8457142857143, 6657.599999999999, 4575.222857142857], ["window"]]], "width": 7008, "height": 4672, "tags": []}