{"rects": [[[906.0342857142856, 135.1542857142857, 6096.959999999999, 4510.148571428571], ["window"]]], "width": 7008, "height": 4672, "tags": []}