{"rects": [[[991.1314285714285, 360.41142857142853, 5050.765714285714, 4535.177142857143], ["window"]]], "width": 7008, "height": 4672, "tags": []}