{"rects": [[[525.5999999999999, 110.12571428571428, 6041.897142857142, 4535.177142857143], ["window"]]], "width": 7008, "height": 4672, "tags": []}