{"rects": [[[790.9028571428571, 170.1942857142857, 4855.5428571428565, 4400.022857142857], ["window"]]], "width": 7008, "height": 4672, "tags": []}