{"rects": [[[210.23999999999998, 1526.742857142857, 5065.782857142857, 3899.451428571428], ["window"]]], "width": 7008, "height": 4672, "tags": []}