{"rects": [[[169.35999999999999, 327.03999999999996, 4461.76, 6254.639999999999], ["window", "shop"]]], "width": 4672, "height": 7008, "tags": []}