{"rects": [[[715.8171428571428, 45.051428571428566, 5536.32, 4650.308571428571], ["window"]]], "width": 7008, "height": 4672, "tags": []}