{"rects": [[[265.30285714285714, 440.5028571428571, 3889.4399999999996, 4445.074285714285], ["window"]]], "width": 7008, "height": 4672, "tags": []}