{"rects": [[[340.3885714285714, 110.12571428571428, 5386.148571428571, 4590.24], ["window"]]], "width": 7008, "height": 4672, "tags": []}