{"rects": [[[465.53142857142853, 1181.3485714285714, 5846.674285714285, 4299.908571428571], ["window"]]], "width": 7008, "height": 4672, "tags": []}