{"rects": [[[921.0514285714285, 75.08571428571427, 5115.839999999999, 4460.091428571428], ["window"]]], "width": 7008, "height": 4672, "tags": []}