{"rects": [[[325.37142857142857, 215.24571428571426, 6772.731428571428, 4545.188571428571], ["window"]]], "width": 7008, "height": 4672, "tags": []}