{"rects": [[[730.8342857142857, 1296.4799999999998, 4094.6742857142854, 4374.994285714285], ["window"]]], "width": 7008, "height": 4672, "tags": []}