{"rects": [[[405.4628571428571, 1166.3314285714284, 6457.371428571428, 4420.045714285714], ["window"]]], "width": 7008, "height": 4672, "tags": []}