{"rects": [[[105.11999999999999, 1226.3999999999999, 6962.948571428571, 4039.6114285714284], ["window"]]], "width": 7008, "height": 4672, "tags": []}