{"rects": [[[946.0799999999999, 963.6, 4467.599999999999, 6768.5599999999995], ["window"]]], "width": 4672, "height": 7008, "tags": []}