{"rects": [[[840.9599999999999, 645.7371428571428, 6967.954285714285, 4510.148571428571], ["window", "shop"]]], "width": 7008, "height": 4672, "tags": []}