{"rects": [[[5.005714285714285, 535.6114285714285, 5281.028571428571, 4672], ["facade"]]], "width": 7008, "height": 4672, "tags": []}