{"rects": [[[705.8057142857142, 865.9885714285714, 6001.851428571428, 4304.914285714285], ["window"]]], "width": 7008, "height": 4672, "tags": []}