{"rects": [[[590.6742857142857, 220.25142857142856, 5326.08, 1767.0171428571427], ["window"]]], "width": 7008, "height": 4672, "tags": []}