{"rects": [[[613.1999999999999, 1384.08, 3650.0, 6984.639999999999], ["window"]]], "width": 4672, "height": 7008, "tags": []}