{"rects": [[[195.22285714285712, 90.10285714285713, 6717.668571428571, 4570.217142857143], ["window"]]], "width": 7008, "height": 4672, "tags": []}