{"rects": [[[375.4285714285714, 825.9428571428571, 6342.24, 4069.645714285714], ["window"]]], "width": 7008, "height": 4672, "tags": []}