{"rects": [[[3203.6571428571424, 670.7657142857142, 5746.5599999999995, 4244.845714285714], ["window"]], [[896.0228571428571, 480.5485714285714, 2948.365714285714, 3979.542857142857], ["window"]]], "width": 7008, "height": 4672, "tags": []}