{"rects": [[[981.1199999999999, 495.56571428571425, 5215.954285714285, 4079.6571428571424], ["window"]]], "width": 7008, "height": 4672, "tags": []}