{"rects": [[[290.33142857142855, 445.5085714285714, 6627.5657142857135, 4304.914285714285], ["window"]]], "width": 7008, "height": 4672, "tags": []}