{"rects": [[[1026.1714285714286, 20.02285714285714, 5876.708571428571, 4510.148571428571], ["window"]]], "width": 7008, "height": 4672, "tags": []}