{"rects": [[[1426.6285714285714, 1211.3828571428571, 5531.314285714286, 4525.165714285714], ["window"]]], "width": 7008, "height": 4672, "tags": []}