{"rects": [[[245.27999999999997, 440.5028571428571, 6522.445714285714, 3759.2914285714282], ["window"]]], "width": 7008, "height": 4672, "tags": []}