{"rects": [[[85.09714285714286, 870.9942857142856, 4995.702857142856, 4390.011428571428], ["window"]]], "width": 7008, "height": 4672, "tags": []}