{"rects": [[[2562.925714285714, 250.28571428571428, 6006.857142857142, 4269.874285714285], ["window", "shop"]]], "width": 7008, "height": 4672, "tags": []}