{"rects": [[[380.4342857142857, 55.06285714285714, 6272.16, 4289.897142857142], ["window"]]], "width": 7008, "height": 4672, "tags": []}