{"rects": [[[971.1085714285714, 580.6628571428571, 4945.645714285714, 4144.731428571428], ["window"]]], "width": 7008, "height": 4672, "tags": []}