{"rects": [[[370.42285714285714, 240.2742857142857, 6837.805714285714, 3889.4399999999996], ["window"]]], "width": 7008, "height": 4672, "tags": []}