{"rects": [[[835.9542857142857, 70.08, 5701.508571428571, 4635.291428571428], ["door", "shop"]]], "width": 7008, "height": 4672, "tags": []}