{"rects": [[[1246.422857142857, 1616.8457142857142, 6472.388571428571, 4405.028571428571], ["window"]]], "width": 7008, "height": 4672, "tags": []}