{"rects": [[[450.5142857142857, 255.29142857142855, 5461.234285714285, 4500.137142857143], ["window"]]], "width": 7008, "height": 4672, "tags": []}