{"rects": [[[1867.1314285714284, 1141.302857142857, 5666.468571428571, 4294.902857142857], ["window"]]], "width": 7008, "height": 4672, "tags": []}