{"rects": [[[1181.3485714285714, 1571.7942857142857, 5936.777142857142, 4164.754285714285], ["window"]]], "width": 7008, "height": 4672, "tags": []}