{"rects": [[[484.71999999999997, 1331.52, 4485.12, 6692.639999999999], ["window"]]], "width": 4672, "height": 7008, "tags": []}