{"rects": [[[240.2742857142857, 600.6857142857142, 2262.582857142857, 4380.0], ["window"]], [[2447.7942857142857, 660.7542857142856, 4380.0, 4380.0], ["door"]]], "width": 7008, "height": 4672, "tags": []}