{"rects": [[[460.52571428571423, 981.1199999999999, 6737.691428571428, 3959.5199999999995], ["window"]]], "width": 7008, "height": 4672, "tags": []}