{"rects": [[[670.7657142857142, 480.5485714285714, 4910.6057142857135, 3814.3542857142857], ["window"]]], "width": 7008, "height": 4672, "tags": []}