{"rects": [[[1416.6171428571427, 605.6914285714286, 4334.948571428571, 4149.737142857142], ["window"]]], "width": 7008, "height": 4672, "tags": []}