{"rects": [[[515.5885714285714, 1276.4571428571428, 5416.182857142857, 4420.045714285714], ["window"]]], "width": 7008, "height": 4672, "tags": []}