{"rects": [[[3874.4228571428566, 110.12571428571428, 6697.645714285713, 3989.5542857142855], ["window"]]], "width": 7008, "height": 4672, "tags": []}