{"rects": [[[2457.805714285714, 2292.617142857143, 4329.942857142857, 4334.948571428571], ["window"]]], "width": 7008, "height": 4672, "tags": []}