{"rects": [[[1842.102857142857, 95.10857142857142, 5931.771428571428, 4515.154285714285], ["window"]]], "width": 7008, "height": 4672, "tags": []}