{"rects": [[[345.3942857142857, 575.6571428571428, 6717.668571428571, 3519.0171428571425], ["window"]]], "width": 7008, "height": 4672, "tags": []}