{"rects": [[[936.0685714285713, 1101.2571428571428, 5501.28, 4334.948571428571], ["window"]]], "width": 7008, "height": 4672, "tags": []}