{"rects": [[[160.18285714285713, 390.44571428571425, 5941.782857142856, 3669.1885714285713], ["window"]]], "width": 7008, "height": 4672, "tags": []}