{"rects": [[[1036.182857142857, 785.8971428571429, 6417.325714285714, 3834.3771428571426], ["window"]]], "width": 7008, "height": 4672, "tags": []}