{"rects": [[[290.33142857142855, 120.13714285714285, 4259.862857142857, 4620.274285714286], ["window"]]], "width": 7008, "height": 4672, "tags": []}