{"rects": [[[120.13714285714285, 1091.2457142857143, 6742.697142857142, 4329.942857142857], ["window"]]], "width": 7008, "height": 4672, "tags": []}