{"rects": [[[2297.622857142857, 335.3828571428571, 5451.222857142857, 4364.982857142857], ["door", "shop"]]], "width": 7008, "height": 4672, "tags": []}