{"rects": [[[620.7085714285714, 931.0628571428571, 6157.028571428571, 4435.062857142857], ["window"]]], "width": 7008, "height": 4672, "tags": []}