{"rects": [[[415.47428571428566, 931.0628571428571, 6977.965714285714, 4274.88], ["window"]]], "width": 7008, "height": 4672, "tags": []}