{"rects": [[[1031.1771428571428, 75.08571428571427, 5466.24, 4560.205714285714], ["window"]]], "width": 7008, "height": 4672, "tags": []}