{"rects": [[[720.8228571428571, 175.2, 5140.868571428571, 4610.262857142857], ["window"]]], "width": 7008, "height": 4672, "tags": []}