{"rects": [[[175.2, 645.7371428571428, 5140.868571428571, 4430.057142857143], ["window"]]], "width": 7008, "height": 4672, "tags": []}