{"rects": [[[1997.2799999999997, 1211.3828571428571, 4990.697142857142, 4500.137142857143], ["window"]]], "width": 7008, "height": 4672, "tags": []}