{"rects": [[[1511.7257142857143, 1106.262857142857, 4369.988571428571, 4239.839999999999], ["window"]]], "width": 7008, "height": 4672, "tags": []}