{"rects": [[[370.42285714285714, 280.32, 5761.5771428571425, 4640.297142857143], ["window"]]], "width": 7008, "height": 4672, "tags": []}