{"rects": [[[330.3771428571428, 665.76, 5976.822857142856, 4410.034285714285], ["window"]]], "width": 7008, "height": 4672, "tags": []}