{"rects": [[[996.1371428571427, 345.3942857142857, 6997.988571428571, 4655.314285714286], ["window"]]], "width": 7008, "height": 4672, "tags": []}