{"rects": [[[1197.2, 823.4399999999999, 3866.08, 6873.679999999999], ["window", "shop"]]], "width": 4672, "height": 7008, "tags": []}