{"rects": [[[2472.822857142857, 1832.0914285714284, 6962.948571428571, 4099.679999999999], ["window"]]], "width": 7008, "height": 4672, "tags": []}