{"rects": [[[560.64, 265.30285714285714, 6987.977142857142, 4545.188571428571], ["window"]]], "width": 7008, "height": 4672, "tags": []}