{"rects": [[[355.4057142857143, 40.04571428571428, 5321.074285714285, 4600.251428571428], ["window"]]], "width": 7008, "height": 4672, "tags": []}