{"rects": [[[580.6628571428571, 1121.28, 6732.685714285713, 4189.782857142857], ["window"]]], "width": 7008, "height": 4672, "tags": []}