{"rects": [[[1762.0114285714285, 0, 5711.5199999999995, 4314.925714285714], ["window"]]], "width": 7008, "height": 4672, "tags": []}