{"rects": [[[695.7942857142857, 100.1142857142857, 6552.48, 4024.5942857142854], ["window"]]], "width": 7008, "height": 4672, "tags": []}