{"rects": [[[1196.3657142857141, 30.034285714285712, 5716.525714285714, 4425.051428571428], ["window", "shop"]]], "width": 7008, "height": 4672, "tags": []}