{"rects": [[[1051.1999999999998, 30.034285714285712, 5921.759999999999, 4249.851428571428], ["window"]]], "width": 7008, "height": 4672, "tags": []}