{"rects": [[[840.9599999999999, 40.04571428571428, 6642.5828571428565, 4610.262857142857], ["window", "shop"]]], "width": 7008, "height": 4672, "tags": []}