{"rects": [[[495.56571428571425, 10.01142857142857, 5956.799999999999, 4635.291428571428], ["window"]]], "width": 7008, "height": 4672, "tags": []}