{"rects": [[[90.10285714285713, 35.04, 6467.382857142857, 3789.325714285714], ["window"]]], "width": 7008, "height": 4672, "tags": []}