{"rects": [[[1696.9371428571428, 1136.2971428571427, 5726.5371428571425, 4545.188571428571], ["window"]]], "width": 7008, "height": 4672, "tags": []}