{"rects": [[[1721.965714285714, 815.9314285714285, 4975.679999999999, 4405.028571428571], ["window"]]], "width": 7008, "height": 4672, "tags": []}