{"rects": [[[1421.6228571428571, 665.76, 5611.405714285714, 4339.954285714285], ["window"]]], "width": 7008, "height": 4672, "tags": []}