{"rects": [[[620.7085714285714, 30.034285714285712, 6992.982857142857, 4294.902857142857], ["window"]]], "width": 7008, "height": 4672, "tags": []}