{"rects": [[[615.702857142857, 10.01142857142857, 6131.999999999999, 4420.045714285714], ["window"]]], "width": 7008, "height": 4672, "tags": []}