{"rects": [[[1646.8799999999999, 1481.6914285714286, 5135.862857142857, 3834.3771428571426], ["window"]]], "width": 7008, "height": 4672, "tags": []}