{"rects": [[[835.9542857142857, 155.17714285714285, 5095.817142857142, 4570.217142857143], ["window"]]], "width": 7008, "height": 4672, "tags": []}