{"rects": [[[1917.1885714285713, 185.21142857142857, 4680.342857142857, 4279.885714285714], ["window"]]], "width": 7008, "height": 4672, "tags": []}