{"rects": [[[607.36, 654.0799999999999, 4467.599999999999, 6902.88], ["window"]]], "width": 4672, "height": 7008, "tags": []}