{"rects": [[[1867.1314285714284, 545.6228571428571, 5941.782857142856, 4194.788571428571], ["window"]]], "width": 7008, "height": 4672, "tags": []}