{"rects": [[[75.08571428571427, 1421.6228571428571, 6262.148571428571, 3979.542857142857], ["window"]]], "width": 7008, "height": 4672, "tags": []}