{"rects": [[[2012.2971428571427, 270.3085714285714, 6887.862857142856, 4294.902857142857], ["window", "shop"]]], "width": 7008, "height": 4672, "tags": []}