{"rects": [[[535.6114285714285, 395.45142857142855, 6167.04, 4490.125714285714], ["window"]]], "width": 7008, "height": 4672, "tags": []}