{"rects": [[[130.14857142857142, 520.5942857142857, 6862.834285714285, 4650.308571428571], ["window"]]], "width": 7008, "height": 4672, "tags": []}