{"rects": [[[180.20571428571427, 525.5999999999999, 5396.16, 4585.234285714286], ["window"]]], "width": 7008, "height": 4672, "tags": []}