{"rects": [[[450.5142857142857, 775.8857142857142, 6076.937142857142, 4600.251428571428], ["window"]]], "width": 7008, "height": 4672, "tags": []}