{"rects": [[[1081.2342857142855, 946.0799999999999, 4830.5142857142855, 4415.04], ["window"]]], "width": 7008, "height": 4672, "tags": []}