{"rects": [[[1051.1999999999998, 1191.36, 5185.919999999999, 4334.948571428571], ["window"]], [[5571.36, 971.1085714285714, 6972.959999999999, 4254.857142857142], ["window"]]], "width": 7008, "height": 4672, "tags": []}