{"rects": [[[1957.2342857142855, 1491.702857142857, 4550.194285714286, 4149.737142857142], ["window"]]], "width": 7008, "height": 4672, "tags": []}