{"rects": [[[555.6342857142856, 60.068571428571424, 5581.371428571428, 4475.108571428571], ["window"]]], "width": 7008, "height": 4672, "tags": []}