{"rects": [[[1621.8514285714284, 100.1142857142857, 5771.588571428571, 4660.32], ["window"]]], "width": 7008, "height": 4672, "tags": []}