{"rects": [[[315.35999999999996, 60.068571428571424, 5761.5771428571425, 4595.245714285714], ["window"]]], "width": 7008, "height": 4672, "tags": []}