{"rects": [[[4044.6171428571424, 1331.52, 5085.805714285714, 4450.08], ["shop", "door"]], [[971.1085714285714, 1146.3085714285714, 3979.542857142857, 4329.942857142857], ["shop", "window"]]], "width": 7008, "height": 4672, "tags": []}