{"rects": [[[15.017142857142856, 10.01142857142857, 5286.034285714285, 4670.331428571429], ["facade"]]], "width": 7008, "height": 4672, "tags": []}