{"rects": [[[605.6914285714286, 560.64, 4069.645714285714, 4655.314285714286], ["window"]]], "width": 7008, "height": 4672, "tags": []}