{"rects": [[[906.0342857142856, 1371.5657142857142, 4570.217142857143, 4209.805714285714], ["window"]]], "width": 7008, "height": 4672, "tags": []}