{"rects": [[[595.68, 760.8685714285714, 4304.914285714285, 4610.262857142857], ["window"]]], "width": 7008, "height": 4672, "tags": []}