{"rects": [[[971.1085714285714, 185.21142857142857, 5501.28, 4465.097142857143], ["window"]]], "width": 7008, "height": 4672, "tags": []}