{"rects": [[[891.0171428571427, 770.88, 5541.325714285714, 4179.771428571428], ["window"]]], "width": 7008, "height": 4672, "tags": []}