{"rects": [[[865.9885714285714, 1181.3485714285714, 2142.445714285714, 4545.188571428571], ["window"]], [[2733.12, 1151.3142857142857, 4560.205714285714, 4214.811428571428], ["window"]]], "width": 7008, "height": 4672, "tags": []}