{"rects": [[[170.1942857142857, 395.45142857142855, 6352.251428571428, 4149.737142857142], ["window"]]], "width": 7008, "height": 4672, "tags": []}