{"rects": [[[115.13142857142856, 355.4057142857143, 5000.708571428571, 4510.148571428571], ["window"]]], "width": 7008, "height": 4672, "tags": []}