{"rects": [[[275.3142857142857, 981.1199999999999, 5085.805714285714, 4555.2], ["window"]]], "width": 7008, "height": 4672, "tags": []}