{"rects": [[[135.1542857142857, 185.21142857142857, 6882.857142857142, 4440.068571428571], ["window"]]], "width": 7008, "height": 4672, "tags": []}