{"rects": [[[375.4285714285714, 30.034285714285712, 6447.36, 4600.251428571428], ["window"]]], "width": 7008, "height": 4672, "tags": []}