{"rects": [[[1126.2857142857142, 800.9142857142856, 4845.5314285714285, 3879.428571428571], ["window", "shop"]], [[4880.571428571428, 735.8399999999999, 6362.262857142857, 4194.788571428571], ["door", "shop"]]], "width": 7008, "height": 4672, "tags": []}