{"rects": [[[365.41714285714284, 830.9485714285713, 5376.137142857143, 4204.799999999999], ["window"]]], "width": 7008, "height": 4672, "tags": []}