{"rects": [[[395.45142857142855, 135.1542857142857, 4805.485714285714, 4044.6171428571424], ["window"]]], "width": 7008, "height": 4672, "tags": []}