{"rects": [[[730.8342857142857, 926.0571428571428, 6217.097142857142, 4264.868571428571], ["window"]]], "width": 7008, "height": 4672, "tags": []}