{"rects": [[[1201.3714285714284, 60.068571428571424, 5210.948571428571, 4410.034285714285], ["window"]]], "width": 7008, "height": 4672, "tags": []}