{"rects": [[[1391.5885714285714, 550.6285714285714, 5431.2, 4189.782857142857], ["window"]]], "width": 7008, "height": 4672, "tags": []}