{"rects": [[[205.2342857142857, 380.4342857142857, 5346.102857142857, 4550.194285714286], ["window"]]], "width": 7008, "height": 4672, "tags": []}