{"rects": [[[1716.9599999999998, 150.17142857142855, 5220.96, 4299.908571428571], ["window"]]], "width": 7008, "height": 4672, "tags": []}