{"rects": [[[1116.2742857142857, 1406.6057142857142, 5496.274285714286, 4545.188571428571], ["window", "shop"]]], "width": 7008, "height": 4672, "tags": []}