{"rects": [[[1176.3428571428572, 220.25142857142856, 5271.017142857142, 4600.251428571428], ["window"]]], "width": 7008, "height": 4672, "tags": []}