{"rects": [[[402.96, 525.6, 4321.599999999999, 6657.599999999999], ["window"]]], "width": 4672, "height": 7008, "tags": []}