{"rects": [[[881.0057142857142, 345.3942857142857, 6667.611428571428, 4575.222857142857], ["window"]]], "width": 7008, "height": 4672, "tags": []}