{"rects": [[[1371.5657142857142, 680.7771428571428, 5346.102857142857, 4089.6685714285713], ["window"]]], "width": 7008, "height": 4672, "tags": []}