{"rects": [[[40.04571428571428, 800.9142857142856, 5756.571428571428, 3884.4342857142856], ["window"]]], "width": 7008, "height": 4672, "tags": []}