{"rects": [[[1581.8057142857142, 1121.28, 5986.834285714285, 4184.777142857142], ["window"]]], "width": 7008, "height": 4672, "tags": []}