{"rects": [[[840.9599999999999, 140.16, 5826.651428571428, 4319.931428571428], ["window"]]], "width": 7008, "height": 4672, "tags": []}