{"rects": [[[2828.2285714285713, 450.5142857142857, 4485.12, 4440.068571428571], ["window"]], [[560.64, 390.44571428571425, 2678.0571428571425, 4405.028571428571], ["window"]]], "width": 7008, "height": 4672, "tags": []}