{"rects": [[[340.3885714285714, 730.8342857142857, 6327.222857142857, 4500.137142857143], ["window"]]], "width": 7008, "height": 4672, "tags": []}