{"rects": [[[785.8971428571429, 650.7428571428571, 4925.622857142856, 3574.08], ["window"]], [[5105.828571428571, 1792.0457142857142, 6086.948571428571, 4560.205714285714], ["window"]]], "width": 7008, "height": 4672, "tags": []}