{"rects": [[[1997.2799999999997, 951.0857142857142, 4354.971428571428, 3594.102857142857], ["window"]]], "width": 7008, "height": 4672, "tags": []}