{"rects": [[[1186.3542857142857, 555.6342857142856, 5741.5542857142855, 4279.885714285714], ["window"]]], "width": 7008, "height": 4672, "tags": []}