{"rects": [[[2242.56, 175.2, 5511.291428571428, 4044.6171428571424], ["window", "shop"]], [[675.7714285714285, 215.24571428571426, 2222.5371428571425, 4630.285714285714], ["shop", "door"]]], "width": 7008, "height": 4672, "tags": []}