{"rects": [[[775.8857142857142, 90.10285714285713, 4715.382857142857, 4545.188571428571], ["window"]]], "width": 7008, "height": 4672, "tags": []}