{"rects": [[[0, 35.04, 6582.5142857142855, 4650.308571428571], ["facade"]]], "width": 7008, "height": 4672, "tags": []}