{"rects": [[[30.034285714285712, 320.36571428571426, 6157.028571428571, 4059.6342857142854], ["window"]]], "width": 7008, "height": 4672, "tags": []}