{"rects": [[[2307.6342857142854, 725.8285714285714, 4990.697142857142, 4274.88], ["window"]]], "width": 7008, "height": 4672, "tags": []}