{"rects": [[[25.028571428571425, 245.27999999999997, 6977.965714285714, 4109.691428571428], ["window"]]], "width": 7008, "height": 4672, "tags": []}