{"rects": [[[1551.7714285714285, 435.4971428571428, 5100.822857142857, 4269.874285714285], ["window"]]], "width": 7008, "height": 4672, "tags": []}