{"rects": [[[180.20571428571427, 275.3142857142857, 3939.4971428571425, 4470.102857142857], ["window"]]], "width": 7008, "height": 4672, "tags": []}