{"rects": [[[1056.2057142857143, 10.01142857142857, 6992.982857142857, 4660.32], ["facade"]]], "width": 7008, "height": 4672, "tags": []}