{"rects": [[[823.4399999999999, 1530.08, 4198.96, 5927.599999999999], ["window"]]], "width": 4672, "height": 7008, "tags": []}