{"rects": [[[2493.312, 941.184, 8173.4400000000005, 5391.168000000001], ["window", "shop"]]], "width": 8256, "height": 5504, "tags": []}