{"rects": [[[1205.376, 2683.2000000000003, 3979.3920000000003, 7397.376], ["window"]], [[1874.112, 0, 3855.552, 3087.744], ["window"]]], "width": 5504, "height": 8256, "tags": []}