{"rects": [[[3079.4880000000003, 1081.536, 5135.232, 4986.624], ["window"]], [[5581.0560000000005, 82.56, 8099.136, 4615.104], ["window"]]], "width": 8256, "height": 5504, "tags": []}