{"rects": [[[181.632, 1420.0320000000002, 8173.4400000000005, 3649.152], ["window"]]], "width": 8256, "height": 5504, "tags": []}