{"rects": [[[2666.688, 1420.0320000000002, 7909.2480000000005, 5135.232], ["window"]]], "width": 8256, "height": 5504, "tags": []}