{"rects": [[[1593.4080000000001, 916.416, 6613.0560000000005, 4887.552], ["window"]]], "width": 8256, "height": 5504, "tags": []}