{"rects": [[[1287.9360000000001, 1552.1280000000002, 4326.144, 6530.496], ["window"]]], "width": 5504, "height": 8256, "tags": []}