{"rects": [[[388.03200000000004, 1246.656, 4788.4800000000005, 8033.088000000001], ["window"]]], "width": 5504, "height": 8256, "tags": []}