{"rects": [[[2262.1440000000002, 206.4, 6175.488, 5366.400000000001], ["window"]]], "width": 8256, "height": 5504, "tags": []}