{"rects": [[[2840.0640000000003, 1304.448, 5366.400000000001, 4136.256], ["window"]], [[4978.368, 454.08000000000004, 7554.24, 3723.456], ["window"]]], "width": 8256, "height": 5504, "tags": []}