{"rects": [[[577.9200000000001, 1131.0720000000001, 4631.616, 7380.8640000000005], ["window"]]], "width": 5504, "height": 8256, "tags": []}