{"rects": [[[1543.872, 2303.424, 3847.2960000000003, 7240.512000000001], ["window"]]], "width": 5504, "height": 8256, "tags": []}