{"rects": [[[470.592, 1948.4160000000002, 4838.0160000000005, 7777.152], ["window"]]], "width": 5504, "height": 8256, "tags": []}