{"rects": [[[561.408, 49.536, 4524.2880000000005, 6926.784000000001], ["window"]]], "width": 5504, "height": 8256, "tags": []}