{"rects": [[[842.1120000000001, 2352.96, 4664.64, 7744.128000000001], ["window"]]], "width": 5504, "height": 8256, "tags": []}