{"rects": [[[776.0640000000001, 932.928, 4722.432, 7694.592000000001], ["window"]]], "width": 5504, "height": 8256, "tags": []}