{"rects": [[[1304.448, 577.9200000000001, 7479.936000000001, 5126.976000000001], ["window"]]], "width": 8256, "height": 5504, "tags": []}