{"rects": [[[932.928, 1395.2640000000001, 4672.896, 7909.2480000000005], ["window"]]], "width": 5504, "height": 8256, "tags": []}