{"rects": [[[792.576, 1552.1280000000002, 5052.6720000000005, 7455.168000000001], ["window"]]], "width": 5504, "height": 8256, "tags": []}