{"rects": [[[2716.224, 965.952, 5333.376, 4895.808], ["window"]], [[5300.352, 388.03200000000004, 8198.208, 4524.2880000000005], ["window"]]], "width": 8256, "height": 5504, "tags": []}