{"rects": [[[2963.904, 1593.4080000000001, 5605.8240000000005, 4326.144], ["window"]]], "width": 8256, "height": 5504, "tags": []}