{"rects": [[[2790.5280000000002, 1287.9360000000001, 5671.872, 4070.208], ["window"]], [[6274.56, 1543.872, 8057.856, 4342.656], ["window"]]], "width": 8256, "height": 5504, "tags": []}