{"rects": [[[1783.296, 2245.632, 3979.3920000000003, 5366.400000000001], ["window"]]], "width": 5504, "height": 8256, "tags": []}