{"rects": [[[132.096, 602.688, 5126.976000000001, 7240.512000000001], ["window"]]], "width": 5504, "height": 8256, "tags": []}