{"rects": [[[1213.632, 1420.0320000000002, 4623.360000000001, 6959.808], ["window"]]], "width": 5504, "height": 8256, "tags": []}