{"rects": [[[2187.84, 1197.1200000000001, 6398.400000000001, 5003.136], ["window"]]], "width": 8256, "height": 5504, "tags": []}