{"rects": [[[444.27000000000004, 1441.9950000000001, 3893.01, 5045.1], ["window"]]], "width": 4020, "height": 6024, "tags": []}