{"rects": [[[1441.9950000000001, 432.975, 4502.9400000000005, 3388.5], ["window"]]], "width": 6024, "height": 4020, "tags": []}