{"rects": [[[922.4250000000001, 2865.165, 2823.75, 4969.8], ["window"]], [[2055.69, 82.83, 2680.6800000000003, 715.35], ["window"]]], "width": 4020, "height": 6024, "tags": []}