{"rects": [[[2191.23, 956.3100000000001, 5643.735000000001, 3121.185], ["window"]]], "width": 6024, "height": 4020, "tags": []}