{"rects": [[[688.995, 613.695, 5067.6900000000005, 3783.8250000000003], ["window"]]], "width": 6024, "height": 4020, "tags": []}