{"rects": [[[41.415, 764.2950000000001, 4020, 5967.525000000001], ["window"]]], "width": 4020, "height": 6024, "tags": []}