{"rects": [[[37.65, 237.19500000000002, 3998.4300000000003, 5993.88], ["window"]]], "width": 4020, "height": 6024, "tags": []}