{"rects": [[[952.5450000000001, 1709.31, 3411.09, 3836.5350000000003], ["window"]]], "width": 4020, "height": 6024, "tags": []}