{"rects": [[[2387.01, 1558.71, 3881.715, 2981.88], ["window"]], [[3968.31, 1219.8600000000001, 6020.235000000001, 3309.435], ["window"]]], "width": 6024, "height": 4020, "tags": []}