{"rects": [[[519.57, 568.515, 3501.4500000000003, 3181.425], ["window"]], [[271.08, 2996.94, 3810.1800000000003, 4630.95], ["window"]]], "width": 4020, "height": 6024, "tags": []}