{"rects": [[[229.66500000000002, 267.315, 4020, 6020.235000000001], ["window"]]], "width": 4020, "height": 6024, "tags": []}