{"rects": [[[865.95, 1219.8600000000001, 3399.795, 4069.965], ["window"]], [[986.4300000000001, 4058.67, 2940.465, 6005.175], ["window"]]], "width": 4020, "height": 6024, "tags": []}