{"rects": [[[975.135, 184.485, 5078.985000000001, 3731.1150000000002], ["window"]]], "width": 6024, "height": 4020, "tags": []}