{"rects": [[[222.13500000000002, 1065.4950000000001, 4020, 4838.025000000001], ["window"]]], "width": 4020, "height": 6024, "tags": []}