{"rects": [[[545.9250000000001, 286.14, 3813.945, 5255.9400000000005], ["window"]]], "width": 4020, "height": 6024, "tags": []}