{"rects": [[[282.375, 101.655, 3219.0750000000003, 5926.110000000001], ["window"]]], "width": 4020, "height": 6024, "tags": []}