{"rects": [[[2164.875, 662.64, 4077.4950000000003, 3531.57], ["window"]], [[3765.0, 553.455, 6020.235000000001, 3083.5350000000003], ["window"]]], "width": 6024, "height": 4020, "tags": []}