{"rects": [[[1344.105, 1276.335, 3155.07, 2959.29], ["window"]], [[3185.19, 1453.29, 4871.91, 3339.5550000000003], ["window"]], [[4676.13, 1954.035, 6020.235000000001, 3347.085], ["window"]]], "width": 6024, "height": 4020, "tags": []}