{"rects": [[[1185.9750000000001, 1148.325, 4732.6050000000005, 4013.4900000000002], ["window"]]], "width": 6024, "height": 4020, "tags": []}