{"rects": [[[320.02500000000003, 474.39000000000004, 3900.54, 5963.76], ["window"]]], "width": 4020, "height": 6024, "tags": []}