{"rects": [[[704.0550000000001, 274.845, 4766.49, 3757.4700000000003], ["window"]]], "width": 6024, "height": 4020, "tags": []}