{"rects": [[[444.27000000000004, 1140.795, 4020, 5831.985000000001], ["window"]]], "width": 4020, "height": 6024, "tags": []}