{"rects": [[[18.825, 335.08500000000004, 3757.4700000000003, 5752.92], ["window"]]], "width": 4020, "height": 6024, "tags": []}