{"rects": [[[1411.875, 2323.005, 2974.35, 3768.7650000000003], ["window"]], [[1201.035, 4190.445, 2940.465, 5820.6900000000005], ["window"]]], "width": 4020, "height": 6024, "tags": []}