{"rects": [[[2089.5750000000003, 1118.205, 4943.445, 3738.645], ["window"]], [[2130.9900000000002, 0, 4717.545, 1155.855], ["window"]]], "width": 6024, "height": 4020, "tags": []}