{"rects": [[[952.5450000000001, 606.165, 4220.5650000000005, 3535.335], ["window"]]], "width": 6024, "height": 4020, "tags": []}