{"rects": [[[2707.0350000000003, 1265.04, 4228.095, 3286.8450000000003], ["window"]]], "width": 6024, "height": 4020, "tags": []}