{"rects": [[[436.74, 3.765, 3663.3450000000003, 5485.6050000000005], ["window"]]], "width": 4020, "height": 6024, "tags": []}