{"rects": [[[1494.7050000000002, 598.635, 5214.525000000001, 4020], ["window"]]], "width": 6024, "height": 4020, "tags": []}