{"rects": [[[0, 0, 6024, 4020], ["window"]], [[384.03000000000003, 195.78, 3042.12, 3930.6600000000003], ["window"]], [[2658.09, 105.42, 5636.205, 3866.655], ["window"]]], "width": 6024, "height": 4020, "tags": []}