{"rects": [[[557.22, 229.66500000000002, 3060.945, 3407.3250000000003], ["window"]], [[2782.335, 229.66500000000002, 5304.885, 3392.2650000000003], ["window"]]], "width": 6024, "height": 4020, "tags": []}