{"rects": [[[1954.035, 1344.105, 3844.065, 3215.31], ["window"]], [[4118.91, 1351.635, 6020.235000000001, 3083.5350000000003], ["window"]]], "width": 6024, "height": 4020, "tags": []}