{"rects": [[[331.32, 150.6, 3972.0750000000003, 5308.650000000001], ["window"]]], "width": 4020, "height": 6024, "tags": []}