{"rects": [[[1878.7350000000001, 990.195, 4032.315, 2970.585], ["window"]], [[3663.3450000000003, 1099.38, 6005.175, 3000.705], ["window"]]], "width": 6024, "height": 4020, "tags": []}