{"rects": [[[1280.1000000000001, 414.15000000000003, 5474.31, 3482.625], ["window"]]], "width": 6024, "height": 4020, "tags": []}