{"rects": [[[534.63, 474.39000000000004, 3953.25, 5255.9400000000005], ["window"]]], "width": 4020, "height": 6024, "tags": []}