{"rects": [[[414.15000000000003, 368.97, 5026.275000000001, 3889.2450000000003], ["window"]]], "width": 6024, "height": 4020, "tags": []}