{"rects": [[[1803.4350000000002, 798.1800000000001, 3862.8900000000003, 3362.145], ["window"]]], "width": 6024, "height": 4020, "tags": []}