{"rects": [[[801.945, 933.72, 3339.5550000000003, 3847.83], ["window"]], [[2789.8650000000002, 993.96, 5538.3150000000005, 3787.59], ["window"]]], "width": 6024, "height": 4020, "tags": []}