{"rects": [[[384.03000000000003, 534.63, 3987.135, 4879.4400000000005], ["window"]]], "width": 4020, "height": 6024, "tags": []}