{"rects": [[[2089.5750000000003, 1762.02, 3245.4300000000003, 2944.23], ["window"]], [[3904.3050000000003, 1893.795, 5481.84, 3143.775], ["window"]], [[353.91, 1618.95, 1675.425, 2985.645], ["window"]]], "width": 6024, "height": 4020, "tags": []}