{"rects": [[[30.12, 131.775, 3539.1, 3934.425], ["window"]], [[3456.27, 335.08500000000004, 5169.345, 2816.2200000000003], ["window"]]], "width": 6024, "height": 4020, "tags": []}