{"rects": [[[828.3000000000001, 97.89, 5338.77, 3836.5350000000003], ["window"]]], "width": 6024, "height": 4020, "tags": []}