{"rects": [[[240.96, 783.12, 1833.555, 2462.31], ["window"]], [[1611.42, 549.69, 3501.4500000000003, 2695.7400000000002], ["window"]]], "width": 6024, "height": 4020, "tags": []}