{"rects": [[[124.245, 350.14500000000004, 3889.2450000000003, 4845.555], ["window"]]], "width": 4020, "height": 6024, "tags": []}