{"rects": [[[2368.185, 1626.48, 3949.485, 3004.4700000000003], ["window"]], [[704.0550000000001, 1201.035, 2334.3, 3170.13], ["window"]]], "width": 6024, "height": 4020, "tags": []}