{"rects": [[[188.25, 926.19, 3783.8250000000003, 5455.485000000001], ["window"]]], "width": 4020, "height": 6024, "tags": []}