{"rects": [[[1468.3500000000001, 30.12, 3384.735, 2119.695], ["window"]], [[715.35, 1784.6100000000001, 3678.405, 5617.38], ["window"]]], "width": 4020, "height": 6024, "tags": []}