{"rects": [[[1622.7150000000001, 907.365, 3757.4700000000003, 4721.31], ["window"]]], "width": 4020, "height": 6024, "tags": []}