{"rects": [[[1257.51, 858.4200000000001, 4743.900000000001, 3591.81], ["window"]]], "width": 6024, "height": 4020, "tags": []}