{"rects": [[[1091.8500000000001, 591.105, 4826.7300000000005, 4020], ["window"]]], "width": 6024, "height": 4020, "tags": []}