{"rects": [[[67.77, 30.12, 2887.755, 3957.0150000000003], ["window"]], [[2703.27, 112.95, 5677.62, 3836.5350000000003], ["window"]]], "width": 6024, "height": 4020, "tags": []}