{"rects": [[[1814.73, 1223.625, 3659.58, 2963.0550000000003], ["window"]], [[572.28, 1329.045, 2006.7450000000001, 2910.3450000000003], ["window"]], [[3403.56, 1227.39, 4868.145, 2880.225], ["window"]]], "width": 6024, "height": 4020, "tags": []}