{"rects": [[[1276.335, 764.2950000000001, 4939.68, 3862.8900000000003], ["window"]]], "width": 6024, "height": 4020, "tags": []}