{"rects": [[[478.15500000000003, 3358.38, 478.15500000000003, 3358.38], ["window"]]], "width": 4020, "height": 6024, "tags": ["deleted"]}