{"rects": [[[986.4300000000001, 1317.75, 4770.255, 3621.9300000000003], ["window"]]], "width": 6024, "height": 4020, "tags": []}