{"rects": [[[1905.0900000000001, 1005.255, 4984.860000000001, 3723.585], ["window"]]], "width": 6024, "height": 4020, "tags": []}