{"rects": [[[2134.755, 1408.1100000000001, 3689.7000000000003, 2710.8], ["window"]]], "width": 6024, "height": 4020, "tags": ["deleted"]}