{"rects": [[[387.795, 760.53, 3219.0750000000003, 3460.0350000000003], ["window"]], [[3042.12, 670.1700000000001, 5794.335, 3313.2000000000003], ["window"]]], "width": 6024, "height": 4020, "tags": []}