{"rects": [[[1536.1200000000001, 256.02, 4642.245, 3738.645], ["window"]], [[4585.77, 873.48, 6020.235000000001, 3260.4900000000002], ["window"]]], "width": 6024, "height": 4020, "tags": []}