{"rects": [[[1423.17, 2771.04, 3049.65, 4201.74], ["window"]], [[1498.47, 1103.145, 3053.415, 2473.605], ["window"]], [[1562.4750000000001, 4284.57, 3109.8900000000003, 5722.8], ["window"]]], "width": 4020, "height": 6024, "tags": []}