{"rects": [[[1355.4, 493.21500000000003, 4691.1900000000005, 3313.2000000000003], ["window"]]], "width": 6024, "height": 4020, "tags": []}