{"rects": [[[192.01500000000001, 1246.2150000000001, 3926.895, 4894.5], ["window"]]], "width": 4020, "height": 6024, "tags": []}