{"rects": [[[64.005, 1735.665, 3851.5950000000003, 5673.8550000000005], ["window"]]], "width": 4020, "height": 6024, "tags": []}