{"rects": [[[576.0450000000001, 1370.46, 3588.045, 4461.525000000001], ["window"]]], "width": 4020, "height": 6024, "tags": []}