{"rects": [[[124.245, 459.33000000000004, 3151.3050000000003, 5658.795], ["window"]]], "width": 4020, "height": 6024, "tags": []}