{"rects": [[[402.855, 1012.7850000000001, 3795.1200000000003, 4804.14], ["window"]]], "width": 4020, "height": 6024, "tags": []}