{"rects": [[[1415.64, 704.0550000000001, 4698.72, 2722.0950000000003], ["window"]]], "width": 6024, "height": 4020, "tags": []}