{"rects": [[[768.0600000000001, 1246.2150000000001, 3392.2650000000003, 4303.395], ["window"]]], "width": 4020, "height": 6024, "tags": []}