{"rects": [[[214.60500000000002, 1133.265, 4017.255, 5267.235000000001], ["window"]]], "width": 4020, "height": 6024, "tags": []}