{"rects": [[[1457.055, 214.60500000000002, 5297.3550000000005, 3836.5350000000003], ["window"]]], "width": 6024, "height": 4020, "tags": []}