{"rects": [[[79.065, 493.21500000000003, 4020, 4420.110000000001], ["window"]]], "width": 4020, "height": 6024, "tags": []}