{"rects": [[[207.07500000000002, 455.565, 3930.6600000000003, 5274.765], ["window"]]], "width": 4020, "height": 6024, "tags": []}