{"rects": [[[576.0450000000001, 794.4150000000001, 3264.255, 5045.1], ["window"]]], "width": 4020, "height": 6024, "tags": []}