{"rects": [[[591.4285714285714, 12.857142857142858, 5335.714285714285, 3955.714285714286], ["window"]]], "width": 6000, "height": 4000, "tags": []}