{"rects": [[[38.57142857142857, 68.57142857142857, 5841.428571428572, 3685.714285714286], ["window"]]], "width": 6000, "height": 4000, "tags": []}