{"rects": [[[535.7142857142857, 17.142857142857142, 4521.428571428572, 3977.142857142857], ["window"]]], "width": 6000, "height": 4000, "tags": []}