{"rects": [[[111.42857142857143, 60.0, 5961.428571428572, 3891.428571428571], ["window"]]], "width": 6000, "height": 4000, "tags": []}