{"rects": [[[218.57142857142856, 334.2857142857143, 5627.142857142857, 3732.8571428571427], ["window"]]], "width": 6000, "height": 4000, "tags": []}