{"rects": [[[690.0, 497.1428571428571, 5687.142857142857, 3630.0], ["window"]]], "width": 6000, "height": 4000, "tags": []}