{"rects": [[[90.0, 25.714285714285715, 5395.714285714285, 3801.428571428571], ["window"]]], "width": 6000, "height": 4000, "tags": []}