{"rects": [[[197.14285714285714, 30.0, 5554.285714285714, 3942.8571428571427], ["window"]]], "width": 6000, "height": 4000, "tags": []}