{"rects": [[[582.8571428571429, 55.714285714285715, 5142.857142857143, 3930.0], ["window"]]], "width": 6000, "height": 4000, "tags": []}