{"rects": [[[141.42857142857142, 115.71428571428571, 5747.142857142857, 3912.8571428571427], ["window"]]], "width": 6000, "height": 4000, "tags": []}