{"rects": [[[372.85714285714283, 51.42857142857143, 5541.428571428572, 3788.5714285714284], ["window"]]], "width": 6000, "height": 4000, "tags": []}