{"rects": [[[120.0, 42.857142857142854, 5742.857142857143, 3810.0], ["window"]]], "width": 6000, "height": 4000, "tags": []}