{"rects": [[[158.57142857142856, 12.857142857142858, 5854.285714285714, 3925.714285714286], ["window"]]], "width": 6000, "height": 4000, "tags": []}