{"rects": [[[210.0, 591.4285714285714, 5657.142857142857, 3998.5714285714284], ["window"]]], "width": 6000, "height": 4000, "tags": []}