{"rects": [[[282.85714285714283, 831.4285714285714, 5601.428571428572, 3068.5714285714284], ["window"]]], "width": 6000, "height": 4000, "tags": []}