{"rects": [[[210.0, 12.857142857142858, 5618.571428571428, 3728.5714285714284], ["window"]]], "width": 6000, "height": 4000, "tags": []}