{"rects": [[[951.4285714285714, 450.0, 4727.142857142857, 3732.8571428571427], ["window"]]], "width": 6000, "height": 4000, "tags": []}