{"rects": [[[98.57142857142857, 192.85714285714286, 5661.428571428572, 3801.428571428571], ["window"]]], "width": 6000, "height": 4000, "tags": []}