{"rects": [[[480.0, 334.2857142857143, 5704.285714285714, 3865.714285714286], ["window"]]], "width": 6000, "height": 4000, "tags": []}