{"rects": [[[68.57142857142857, 891.4285714285714, 5991.428571428572, 2965.714285714286], ["window"]]], "width": 6000, "height": 4000, "tags": []}