{"rects": [[[205.71428571428572, 21.428571428571427, 5151.428571428572, 3938.5714285714284], ["window"]]], "width": 6000, "height": 4000, "tags": []}