{"rects": [[[878.5714285714286, 270.0, 3458.5714285714284, 3741.428571428571], ["window"]], [[17.142857142857142, 12.857142857142858, 5982.857142857143, 3981.428571428571], ["facade"]]], "width": 6000, "height": 4000, "tags": []}