{"rects": [[[582.8571428571429, 214.28571428571428, 5378.571428571428, 3818.5714285714284], ["window"]]], "width": 6000, "height": 4000, "tags": []}