{"rects": [[[831.4285714285714, 4.285714285714286, 5185.714285714285, 3814.285714285714], ["window"]]], "width": 6000, "height": 4000, "tags": []}