{"rects": [[[47.14285714285714, 94.28571428571428, 5768.571428571428, 3925.714285714286], ["window"]]], "width": 6000, "height": 4000, "tags": []}