{"rects": [[[278.57142857142856, 94.28571428571428, 5807.142857142857, 3835.714285714286], ["window"]]], "width": 6000, "height": 4000, "tags": []}