{"rects": [[[420.0, 12.857142857142858, 5850.0, 3857.142857142857], ["window"]]], "width": 6000, "height": 4000, "tags": []}