{"rects": [[[47.14285714285714, 51.42857142857143, 5807.142857142857, 3857.142857142857], ["window"]]], "width": 6000, "height": 4000, "tags": []}