{"rects": [[[180.0, 25.714285714285715, 5447.142857142857, 3921.428571428571], ["window"]]], "width": 6000, "height": 4000, "tags": []}