{"rects": [[[154.28571428571428, 64.28571428571428, 5828.571428571428, 3711.428571428571], ["window"]]], "width": 6000, "height": 4000, "tags": []}