{"rects": [[[47.14285714285714, 338.57142857142856, 5601.428571428572, 3831.428571428571], ["window"]]], "width": 6000, "height": 4000, "tags": []}