{"rects": [[[274.2857142857143, 8.571428571428571, 5575.714285714285, 3938.5714285714284], ["window"]]], "width": 6000, "height": 4000, "tags": []}