{"rects": [[[368.57142857142856, 34.285714285714285, 5721.428571428572, 3964.285714285714], ["window"]]], "width": 6000, "height": 4000, "tags": []}