{"rects": [[[0, 0, 6000, 4000], ["facade"]], [[1525.7142857142858, 925.7142857142857, 2284.285714285714, 3548.5714285714284], ["window"]], [[3831.428571428571, 120.0, 4607.142857142857, 2121.4285714285716], ["window"]]], "width": 6000, "height": 4000, "tags": []}