{"rects": [[[102.85714285714286, 154.28571428571428, 5948.571428571428, 3445.714285714286], ["window"]]], "width": 6000, "height": 4000, "tags": []}