{"rects": [[[94.28571428571428, 274.2857142857143, 5811.428571428572, 3900.0], ["window"]]], "width": 6000, "height": 4000, "tags": []}