{"rects": [[[1500.0, 25.714285714285715, 5764.285714285714, 3535.714285714286], ["window"]]], "width": 6000, "height": 4000, "tags": []}