{"rects": [[[857.1428571428571, 244.28571428571428, 5250.0, 3741.428571428571], ["window"]]], "width": 6000, "height": 4000, "tags": []}