{"rects": [[[595.7142857142857, 0, 5772.857142857143, 3385.714285714286], ["window"]]], "width": 6000, "height": 4000, "tags": []}