{"rects": [[[0, 428.57142857142856, 5995.714285714285, 3227.142857142857], ["window"]]], "width": 6000, "height": 4000, "tags": []}