{"rects": [[[124.28571428571428, 42.857142857142854, 5511.428571428572, 3925.714285714286], ["window"]]], "width": 6000, "height": 4000, "tags": []}