{"rects": [[[25.714285714285715, 128.57142857142856, 4547.142857142857, 3758.5714285714284], ["window"]]], "width": 6000, "height": 4000, "tags": []}