{"rects": [[[548.5714285714286, 30.0, 5674.285714285714, 3990.0], ["window"]]], "width": 6000, "height": 4000, "tags": []}