{"rects": [[[377.1428571428571, 835.7142857142857, 5772.857142857143, 3047.142857142857], ["window"]]], "width": 6000, "height": 4000, "tags": []}