{"rects": [[[372.85714285714283, 55.714285714285715, 5537.142857142857, 3822.8571428571427], ["window"]]], "width": 6000, "height": 4000, "tags": []}