{"rects": [[[154.28571428571428, 424.2857142857143, 5828.571428571428, 3788.5714285714284], ["window"]]], "width": 6000, "height": 4000, "tags": []}