{"rects": [[[921.4285714285714, 115.71428571428571, 5442.857142857143, 3715.714285714286], ["window"]]], "width": 6000, "height": 4000, "tags": []}