{"rects": [[[0, 0, 6000, 4000], ["facade"]], [[917.1428571428571, 1470.0, 2725.714285714286, 3471.428571428571], ["window"]]], "width": 6000, "height": 4000, "tags": []}