{"rects": [[[132.85714285714286, 68.57142857142857, 5858.571428571428, 3784.285714285714], ["window"]]], "width": 6000, "height": 4000, "tags": []}