{"rects": [[[960.0, 497.1428571428571, 4714.285714285714, 3437.142857142857], ["window"]]], "width": 6000, "height": 4000, "tags": []}