{"rects": [[[252.85714285714286, 98.57142857142857, 5652.857142857143, 3878.5714285714284], ["window"]]], "width": 6000, "height": 4000, "tags": []}