{"rects": [[[132.85714285714286, 227.14285714285714, 5798.571428571428, 3951.428571428571], ["window"]]], "width": 6000, "height": 4000, "tags": []}