{"rects": [[[218.57142857142856, 17.142857142857142, 5451.428571428572, 3814.285714285714], ["window"]]], "width": 6000, "height": 4000, "tags": []}