{"rects": [[[1144.2857142857142, 167.14285714285714, 5181.428571428572, 3921.428571428571], ["window"]]], "width": 6000, "height": 4000, "tags": []}