{"rects": [[[64.28571428571428, 274.2857142857143, 3664.285714285714, 3638.5714285714284], ["window"]], [[4392.857142857143, 244.28571428571428, 5987.142857142857, 3497.142857142857], ["window"]]], "width": 6000, "height": 4000, "tags": []}