{"rects": [[[1157.142857142857, 42.857142857142854, 5661.428571428572, 3908.5714285714284], ["window"]]], "width": 6000, "height": 4000, "tags": []}