{"rects": [[[484.2857142857143, 428.57142857142856, 5850.0, 3947.142857142857], ["window"]]], "width": 6000, "height": 4000, "tags": []}