{"rects": [[[900.0, 115.71428571428571, 5670.0, 3767.142857142857], ["window"]]], "width": 6000, "height": 4000, "tags": []}