{"rects": [[[72.85714285714286, 81.42857142857143, 5400.0, 3702.8571428571427], ["window"]]], "width": 6000, "height": 4000, "tags": []}