{"rects": [[[222.85714285714286, 587.1428571428571, 5545.714285714285, 3600.0], ["window"]]], "width": 6000, "height": 4000, "tags": []}