{"rects": [[[47.14285714285714, 1791.4285714285713, 3621.428571428571, 3977.142857142857], ["window"]], [[3672.8571428571427, 38.57142857142857, 5944.285714285714, 3814.285714285714], ["window"]]], "width": 6000, "height": 4000, "tags": []}