{"rects": [[[68.57142857142857, 450.0, 5112.857142857143, 3844.285714285714], ["window"]]], "width": 6000, "height": 4000, "tags": []}