{"rects": [[[282.85714285714283, 94.28571428571428, 4851.428571428572, 3767.142857142857], ["window"]]], "width": 6000, "height": 4000, "tags": []}