{"rects": [[[60.0, 415.7142857142857, 5987.142857142857, 3548.5714285714284], ["facade"]], [[424.2857142857143, 741.4285714285714, 3034.285714285714, 3107.142857142857], ["window"]], [[3192.8571428571427, 711.4285714285714, 5871.428571428572, 2528.5714285714284], ["window"]]], "width": 6000, "height": 4000, "tags": []}