{"rects": [[[25.714285714285715, 115.71428571428571, 5652.857142857143, 3818.5714285714284], ["window"]]], "width": 6000, "height": 4000, "tags": []}