{"rects": [[[514.2857142857142, 94.28571428571428, 5121.428571428572, 3655.714285714286], ["window"]]], "width": 6000, "height": 4000, "tags": []}