{"rects": [[[98.57142857142857, 180.0, 5614.285714285714, 3934.285714285714], ["window"]]], "width": 6000, "height": 4000, "tags": []}