{"rects": [[[857.1428571428571, 42.857142857142854, 5130.0, 3685.714285714286], ["window"]]], "width": 6000, "height": 4000, "tags": []}