{"rects": [[[240.0, 85.71428571428571, 2442.8571428571427, 3912.8571428571427], ["window"]], [[2472.8571428571427, 85.71428571428571, 5940.0, 3951.428571428571], ["window"]]], "width": 6000, "height": 4000, "tags": []}