{"rects": [[[47.14285714285714, 402.85714285714283, 4920.0, 3848.5714285714284], ["window"]]], "width": 6000, "height": 4000, "tags": []}