{"rects": [[[38.57142857142857, 25.714285714285715, 5155.714285714285, 3360.0], ["window"]]], "width": 6000, "height": 4000, "tags": []}