{"rects": [[[85.71428571428571, 77.14285714285714, 4958.571428571428, 3852.8571428571427], ["window"]]], "width": 6000, "height": 4000, "tags": []}