{"rects": [[[334.2857142857143, 1187.142857142857, 4350.0, 3355.714285714286], ["window"]]], "width": 6000, "height": 4000, "tags": []}