{"rects": [[[17.142857142857142, 21.428571428571427, 4834.285714285714, 3857.142857142857], ["window"]]], "width": 6000, "height": 4000, "tags": []}