{"rects": [[[977.1428571428571, 402.85714285714283, 5648.571428571428, 3865.714285714286], ["window"]]], "width": 6000, "height": 4000, "tags": []}