{"rects": [[[120.0, 132.85714285714286, 5661.428571428572, 3874.285714285714], ["window"]]], "width": 6000, "height": 4000, "tags": []}