{"rects": [[[981.4285714285714, 385.7142857142857, 5935.714285714285, 3668.5714285714284], ["window"]]], "width": 6000, "height": 4000, "tags": []}