{"rects": [[[167.14285714285714, 162.85714285714286, 5712.857142857143, 3942.8571428571427], ["window"]]], "width": 6000, "height": 4000, "tags": []}