{"rects": [[[1547.142857142857, 694.2857142857142, 5605.714285714285, 3732.8571428571427], ["window"]]], "width": 6000, "height": 4000, "tags": []}