{"rects": [[[432.85714285714283, 231.42857142857142, 4418.571428571428, 3630.0], ["window"]]], "width": 6000, "height": 4000, "tags": []}