{"rects": [[[72.85714285714286, 102.85714285714286, 5010.0, 3805.714285714286], ["window"]]], "width": 6000, "height": 4000, "tags": []}