{"rects": [[[1157.142857142857, 42.857142857142854, 4530.0, 3968.5714285714284], ["window", "shop"]]], "width": 6000, "height": 4000, "tags": []}