{"rects": [[[1208.5714285714284, 120.0, 4410.0, 3702.8571428571427], ["window"]]], "width": 6000, "height": 4000, "tags": []}