{"rects": [[[732.8571428571429, 458.57142857142856, 5618.571428571428, 3840.0], ["window"]]], "width": 6000, "height": 4000, "tags": []}