{"rects": [[[947.1428571428571, 758.5714285714286, 4718.571428571428, 3882.8571428571427], ["window"]]], "width": 6000, "height": 4000, "tags": []}