{"rects": [[[561.4285714285714, 25.714285714285715, 4641.428571428572, 3925.714285714286], ["window"]]], "width": 6000, "height": 4000, "tags": []}