{"rects": [[[145.71428571428572, 162.85714285714286, 5451.428571428572, 3642.8571428571427], ["window"]]], "width": 6000, "height": 4000, "tags": []}