{"rects": [[[831.4285714285714, 25.714285714285715, 5682.857142857143, 3810.0], ["window"]]], "width": 6000, "height": 4000, "tags": []}