{"rects": [[[218.57142857142856, 81.42857142857143, 4714.285714285714, 3951.428571428571], ["window"]]], "width": 6000, "height": 4000, "tags": []}