{"rects": [[[282.85714285714283, 34.285714285714285, 4911.428571428572, 3792.8571428571427], ["window"]]], "width": 6000, "height": 4000, "tags": []}