{"rects": [[[1701.4285714285713, 94.28571428571428, 4465.714285714285, 3445.714285714286], ["window"]]], "width": 6000, "height": 4000, "tags": []}