{"rects": [[[1011.4285714285714, 797.1428571428571, 5730.0, 3900.0], ["window"]]], "width": 6000, "height": 4000, "tags": []}