{"rects": [[[758.5714285714286, 737.1428571428571, 5061.428571428572, 3342.8571428571427], ["window"]]], "width": 6000, "height": 4000, "tags": []}