{"rects": [[[745.7142857142857, 51.42857142857143, 5112.857142857143, 3831.428571428571], ["window"]]], "width": 6000, "height": 4000, "tags": []}