{"rects": [[[227.14285714285714, 72.85714285714286, 4200.0, 3840.0], ["window"]]], "width": 6000, "height": 4000, "tags": []}