{"rects": [[[604.2857142857142, 210.0, 3407.142857142857, 3728.5714285714284], ["window"]]], "width": 6000, "height": 4000, "tags": []}