{"rects": [[[831.4285714285714, 64.28571428571428, 5241.428571428572, 3797.142857142857], ["window"]]], "width": 6000, "height": 4000, "tags": []}