{"rects": [[[685.7142857142857, 634.2857142857142, 5301.428571428572, 3874.285714285714], ["window"]]], "width": 6000, "height": 4000, "tags": []}