{"rects": [[[244.28571428571428, 8.571428571428571, 4581.428571428572, 3788.5714285714284], ["window"]]], "width": 6000, "height": 4000, "tags": []}