{"rects": [[[758.5714285714286, 540.0, 5104.285714285714, 3608.5714285714284], ["window"]]], "width": 6000, "height": 4000, "tags": []}