{"rects": [[[154.28571428571428, 480.0, 5468.571428571428, 3745.714285714286], ["window"]]], "width": 6000, "height": 4000, "tags": []}