{"rects": [[[1435.7142857142858, 600.0, 4127.142857142857, 3908.5714285714284], ["window"]]], "width": 6000, "height": 4000, "tags": []}