{"rects": [[[827.1428571428571, 1037.142857142857, 5957.142857142857, 3660.0], ["window"]]], "width": 6000, "height": 4000, "tags": []}