{"rects": [[[188.57142857142856, 844.2857142857142, 5807.142857142857, 3437.142857142857], ["window"]]], "width": 6000, "height": 4000, "tags": []}