{"rects": [[[334.2857142857143, 218.57142857142856, 5327.142857142857, 3942.8571428571427], ["window"]]], "width": 6000, "height": 4000, "tags": []}