{"rects": [[[394.2857142857143, 317.1428571428571, 4401.428571428572, 3617.142857142857], ["window"]]], "width": 6000, "height": 4000, "tags": []}