{"rects": [[[1770.0, 741.4285714285714, 5425.714285714285, 3861.428571428571], ["window"]]], "width": 6000, "height": 4000, "tags": []}