{"rects": [[[124.28571428571428, 47.14285714285714, 5862.857142857143, 3891.428571428571], ["window"]]], "width": 6000, "height": 4000, "tags": []}