{"rects": [[[38.57142857142857, 514.2857142857142, 5327.142857142857, 3737.142857142857], ["window"]]], "width": 6000, "height": 4000, "tags": []}