{"rects": [[[985.7142857142857, 912.8571428571428, 5918.571428571428, 3561.428571428571], ["window"]]], "width": 6000, "height": 4000, "tags": []}