{"rects": [[[1491.4285714285713, 1187.142857142857, 5250.0, 3651.428571428571], ["window"]]], "width": 6000, "height": 4000, "tags": []}