{"rects": [[[30.0, 115.71428571428571, 4242.857142857143, 3467.142857142857], ["window"]]], "width": 6000, "height": 4000, "tags": []}