{"rects": [[[1007.1428571428571, 47.14285714285714, 5897.142857142857, 3942.8571428571427], ["window"]]], "width": 6000, "height": 4000, "tags": []}