{"rects": [[[510.0, 51.42857142857143, 5674.285714285714, 3934.285714285714], ["window"]]], "width": 6000, "height": 4000, "tags": []}