{"rects": [[[1285.7142857142858, 42.857142857142854, 4688.571428571428, 3968.5714285714284], ["window"]]], "width": 6000, "height": 4000, "tags": []}