{"rects": [[[1071.4285714285713, 120.0, 5927.142857142857, 3925.714285714286], ["window"]]], "width": 6000, "height": 4000, "tags": []}