{"rects": [[[304.2857142857143, 248.57142857142856, 4114.285714285714, 3505.714285714286], ["window"]]], "width": 6000, "height": 4000, "tags": []}