{"rects": [[[201.42857142857142, 154.28571428571428, 5425.714285714285, 3544.285714285714], ["window"]]], "width": 6000, "height": 4000, "tags": []}