{"rects": [[[150.0, 184.28571428571428, 5991.428571428572, 3625.714285714286], ["window"]]], "width": 6000, "height": 4000, "tags": []}