{"rects": [[[291.42857142857144, 758.5714285714286, 3210.0, 3998.5714285714284], ["window"]], [[3150.0, 801.4285714285714, 5991.428571428572, 3861.428571428571], ["window"]]], "width": 6000, "height": 4000, "tags": []}