{"rects": [[[1037.142857142857, 445.7142857142857, 5378.571428571428, 3690.0], ["window"]]], "width": 6000, "height": 4000, "tags": []}