{"rects": [[[715.7142857142857, 141.42857142857142, 5571.428571428572, 3900.0], ["window"]]], "width": 6000, "height": 4000, "tags": []}