{"rects": [[[591.4285714285714, 317.1428571428571, 5310.0, 3968.5714285714284], ["window"]]], "width": 6000, "height": 4000, "tags": []}