{"rects": [[[484.2857142857143, 1054.2857142857142, 5931.428571428572, 3977.142857142857], ["window"]]], "width": 6000, "height": 4000, "tags": []}