{"rects": [[[617.1428571428571, 1037.142857142857, 5764.285714285714, 3402.8571428571427], ["window"]]], "width": 6000, "height": 4000, "tags": []}