{"rects": [[[732.8571428571429, 128.57142857142856, 5408.571428571428, 3930.0], ["window"]]], "width": 6000, "height": 4000, "tags": []}