{"rects": [[[317.1428571428571, 21.428571428571427, 5541.428571428572, 3317.142857142857], ["window"]]], "width": 6000, "height": 4000, "tags": []}