{"rects": [[[844.2857142857142, 651.4285714285714, 5310.0, 3947.142857142857], ["window"]]], "width": 6000, "height": 4000, "tags": []}