{"rects": [[[1230.0, 557.1428571428571, 5121.428571428572, 3874.285714285714], ["window"]]], "width": 6000, "height": 4000, "tags": []}