{"rects": [[[2327.142857142857, 120.0, 4902.857142857143, 2957.142857142857], ["window"]]], "width": 6000, "height": 4000, "tags": []}