{"rects": [[[197.14285714285714, 647.1428571428571, 4200.0, 3655.714285714286], ["window"]]], "width": 6000, "height": 4000, "tags": []}