{"rects": [[[1131.4285714285713, 450.0, 5095.714285714285, 3861.428571428571], ["window"]]], "width": 6000, "height": 4000, "tags": []}