{"rects": [[[968.5714285714286, 420.0, 5447.142857142857, 3480.0], ["window"]]], "width": 6000, "height": 4000, "tags": []}