{"rects": [[[317.1428571428571, 137.14285714285714, 5708.571428571428, 3964.285714285714], ["window"]]], "width": 6000, "height": 4000, "tags": []}