{"rects": [[[792.8571428571429, 68.57142857142857, 4521.428571428572, 3402.8571428571427], ["window"]]], "width": 6000, "height": 4000, "tags": []}