{"rects": [[[612.8571428571429, 754.2857142857142, 5215.714285714285, 3724.285714285714], ["window"]]], "width": 6000, "height": 4000, "tags": []}