{"rects": [[[865.7142857142857, 98.57142857142857, 4937.142857142857, 3861.428571428571], ["window"]]], "width": 6000, "height": 4000, "tags": []}