{"rects": [[[145.71428571428572, 171.42857142857142, 5550.0, 3874.285714285714], ["window"]]], "width": 6000, "height": 4000, "tags": []}