{"rects": [[[308.57142857142856, 1260.0, 5545.714285714285, 3630.0], ["window"]]], "width": 6000, "height": 4000, "tags": []}