{"rects": [[[257.1428571428571, 647.1428571428571, 5742.857142857143, 3501.428571428571], ["window", "shop"]]], "width": 6000, "height": 4000, "tags": []}