{"rects": [[[184.28571428571428, 137.14285714285714, 5335.714285714285, 3634.285714285714], ["window"]]], "width": 6000, "height": 4000, "tags": []}