{"rects": [[[72.85714285714286, 201.42857142857142, 2734.285714285714, 3960.0], ["window"]], [[2755.714285714286, 201.42857142857142, 5948.571428571428, 3891.428571428571], ["window"]]], "width": 6000, "height": 4000, "tags": []}