{"rects": [[[677.1428571428571, 321.42857142857144, 5031.428571428572, 3994.285714285714], ["window"]]], "width": 6000, "height": 4000, "tags": []}