{"rects": [[[338.57142857142856, 132.85714285714286, 4821.428571428572, 3887.142857142857], ["window"]]], "width": 6000, "height": 4000, "tags": []}