{"rects": [[[694.2857142857142, 672.8571428571429, 4872.857142857143, 3677.142857142857], ["window"]]], "width": 6000, "height": 4000, "tags": []}