{"rects": [[[651.4285714285714, 231.42857142857142, 4500.0, 3818.5714285714284], ["window"]]], "width": 6000, "height": 4000, "tags": []}