{"rects": [[[197.14285714285714, 21.428571428571427, 4847.142857142857, 3947.142857142857], ["window"]]], "width": 6000, "height": 4000, "tags": []}