{"rects": [[[184.28571428571428, 415.7142857142857, 5057.142857142857, 3784.285714285714], ["window"]]], "width": 6000, "height": 4000, "tags": []}