{"rects": [[[561.4285714285714, 278.57142857142856, 5370.0, 3827.142857142857], ["window"]]], "width": 6000, "height": 4000, "tags": []}