{"rects": [[[184.28571428571428, 265.7142857142857, 5661.428571428572, 3784.285714285714], ["window"]]], "width": 6000, "height": 4000, "tags": []}