{"rects": [[[685.7142857142857, 964.2857142857142, 5712.857142857143, 3750.0], ["window"]]], "width": 6000, "height": 4000, "tags": []}