{"rects": [[[548.5714285714286, 210.0, 5318.571428571428, 3917.142857142857], ["window"]]], "width": 6000, "height": 4000, "tags": []}