{"rects": [[[21.428571428571427, 698.5714285714286, 5935.714285714285, 3445.714285714286], ["window"]]], "width": 6000, "height": 4000, "tags": []}