{"rects": [[[158.57142857142856, 30.0, 5974.285714285714, 3282.8571428571427], ["window"]]], "width": 6000, "height": 4000, "tags": []}