{"rects": [[[381.42857142857144, 377.1428571428571, 5970.0, 3424.285714285714], ["window"]]], "width": 6000, "height": 4000, "tags": []}