{"rects": [[[844.2857142857142, 150.0, 4851.428571428572, 3891.428571428571], ["window"]]], "width": 6000, "height": 4000, "tags": []}