{"rects": [[[1358.5714285714284, 505.7142857142857, 4744.285714285714, 3051.4285714285716], ["window"]]], "width": 6000, "height": 4000, "tags": []}