{"rects": [[[132.85714285714286, 214.28571428571428, 5678.571428571428, 3805.714285714286], ["window"]]], "width": 6000, "height": 4000, "tags": []}