{"rects": [[[214.28571428571428, 175.71428571428572, 5708.571428571428, 3998.5714285714284], ["window"]]], "width": 6000, "height": 4000, "tags": []}