{"rects": [[[1041.4285714285713, 381.42857142857144, 5502.857142857143, 3360.0], ["window"]]], "width": 6000, "height": 4000, "tags": []}