{"rects": [[[977.1428571428571, 1097.142857142857, 4067.142857142857, 3364.285714285714], ["window"]]], "width": 6000, "height": 4000, "tags": []}