{"rects": [[[1401.4285714285713, 1075.7142857142858, 5125.714285714285, 3445.714285714286], ["window"]]], "width": 6000, "height": 4000, "tags": []}