{"rects": [[[205.71428571428572, 34.285714285714285, 5322.857142857143, 3968.5714285714284], ["window"]]], "width": 6000, "height": 4000, "tags": []}