{"rects": [[[94.28571428571428, 664.2857142857142, 5451.428571428572, 3878.5714285714284], ["window"]]], "width": 6000, "height": 4000, "tags": []}