{"rects": [[[458.57142857142856, 214.28571428571428, 5982.857142857143, 3788.5714285714284], ["window"]]], "width": 6000, "height": 4000, "tags": []}