{"rects": [[[64.28571428571428, 25.714285714285715, 5935.714285714285, 3912.8571428571427], ["window"]]], "width": 6000, "height": 4000, "tags": []}