{"rects": [[[432.85714285714283, 162.85714285714286, 5520.0, 3724.285714285714], ["window"]]], "width": 6000, "height": 4000, "tags": []}