{"rects": [[[30.0, 428.57142857142856, 2567.142857142857, 3900.0], ["window"]], [[2622.8571428571427, 394.2857142857143, 5468.571428571428, 3604.285714285714], ["window"]]], "width": 6000, "height": 4000, "tags": []}