{"rects": [[[587.1428571428571, 402.85714285714283, 5644.285714285714, 3968.5714285714284], ["window"]]], "width": 6000, "height": 4000, "tags": []}