{"rects": [[[192.85714285714286, 30.0, 5815.714285714285, 3938.5714285714284], ["window"]]], "width": 6000, "height": 4000, "tags": []}