{"rects": [[[51.42857142857143, 582.8571428571429, 5987.142857142857, 3544.285714285714], ["window"]]], "width": 6000, "height": 4000, "tags": []}