{"rects": [[[1350.0, 175.71428571428572, 5018.571428571428, 3955.714285714286], ["window"]]], "width": 6000, "height": 4000, "tags": []}