{"rects": [[[484.2857142857143, 424.2857142857143, 5044.285714285714, 3784.285714285714], ["window"]]], "width": 6000, "height": 4000, "tags": []}