{"rects": [[[1097.142857142857, 85.71428571428571, 5995.714285714285, 3797.142857142857], ["window"]]], "width": 6000, "height": 4000, "tags": []}