{"rects": [[[750.0, 347.1428571428571, 4457.142857142857, 3390.0], ["window"]]], "width": 6000, "height": 4000, "tags": []}