{"rects": [[[484.2857142857143, 34.285714285714285, 5284.285714285714, 3904.285714285714], ["window"]]], "width": 6000, "height": 4000, "tags": []}