{"rects": [[[94.28571428571428, 990.0, 3972.8571428571427, 3887.142857142857], ["window"]]], "width": 6000, "height": 4000, "tags": []}