{"rects": [[[994.2857142857142, 102.85714285714286, 4812.857142857143, 3861.428571428571], ["window"]]], "width": 6000, "height": 4000, "tags": []}