{"rects": [[[492.85714285714283, 372.85714285714283, 5944.285714285714, 3518.5714285714284], ["window"]]], "width": 6000, "height": 4000, "tags": []}