{"rects": [[[1530.0, 775.7142857142857, 5382.857142857143, 3535.714285714286], ["window"]]], "width": 6000, "height": 4000, "tags": []}