{"rects": [[[424.2857142857143, 754.2857142857142, 5494.285714285714, 3895.714285714286], ["window"]]], "width": 6000, "height": 4000, "tags": []}