{"rects": [[[1555.7142857142858, 128.57142857142856, 5670.0, 3955.714285714286], ["window"]]], "width": 6000, "height": 4000, "tags": []}