{"rects": [[[1067.142857142857, 115.71428571428571, 5284.285714285714, 3840.0], ["window"]]], "width": 6000, "height": 4000, "tags": []}