{"rects": [[[1487.142857142857, 42.857142857142854, 4971.428571428572, 3827.142857142857], ["window"]]], "width": 6000, "height": 4000, "tags": []}