{"rects": [[[330.0, 42.857142857142854, 5472.857142857143, 3925.714285714286], ["window"]]], "width": 6000, "height": 4000, "tags": []}