{"rects": [[[21.428571428571427, 218.57142857142856, 3317.142857142857, 3544.285714285714], ["window"]], [[3342.8571428571427, 171.42857142857142, 5991.428571428572, 3415.714285714286], ["window"]]], "width": 6000, "height": 4000, "tags": []}