{"rects": [[[158.57142857142856, 30.0, 5935.714285714285, 3780.0], ["window"]]], "width": 6000, "height": 4000, "tags": []}