{"rects": [[[621.4285714285714, 210.0, 4500.0, 3561.428571428571], ["window"]]], "width": 6000, "height": 4000, "tags": []}