{"rects": [[[338.57142857142856, 158.57142857142856, 3630.0, 3604.285714285714], ["window"]]], "width": 6000, "height": 4000, "tags": []}