{"rects": [[[0, 0, 6000, 4000], ["facade"]], [[2207.142857142857, 540.0, 4242.857142857143, 3848.5714285714284], ["window"]]], "width": 6000, "height": 4000, "tags": []}