{"rects": [[[1007.1428571428571, 441.4285714285714, 4144.285714285714, 3865.714285714286], ["window"]]], "width": 6000, "height": 4000, "tags": []}