{"rects": [[[338.57142857142856, 38.57142857142857, 5430.0, 3955.714285714286], ["window"]]], "width": 6000, "height": 4000, "tags": []}