{"rects": [[[42.857142857142854, 47.14285714285714, 4581.428571428572, 3887.142857142857], ["window"]]], "width": 6000, "height": 4000, "tags": []}