{"rects": [[[21.428571428571427, 227.14285714285714, 2164.285714285714, 3445.714285714286], ["window"]], [[2485.714285714286, 535.7142857142857, 4744.285714285714, 3514.285714285714], ["window"]]], "width": 6000, "height": 4000, "tags": []}