{"rects": [[[184.28571428571428, 145.71428571428572, 5845.714285714285, 3955.714285714286], ["window"]]], "width": 6000, "height": 4000, "tags": []}