{"rects": [[[145.71428571428572, 55.714285714285715, 5665.714285714285, 3745.714285714286], ["window"]]], "width": 6000, "height": 4000, "tags": []}