{"rects": [[[240.0, 330.0, 5412.857142857143, 3771.428571428571], ["window"]]], "width": 6000, "height": 4000, "tags": []}