{"rects": [[[895.7142857142857, 467.1428571428571, 5550.0, 3728.5714285714284], ["window"]]], "width": 6000, "height": 4000, "tags": []}