{"rects": [[[201.42857142857142, 102.85714285714286, 4958.571428571428, 3827.142857142857], ["window"]]], "width": 6000, "height": 4000, "tags": []}