{"rects": [[[81.42857142857143, 655.7142857142857, 5400.0, 3818.5714285714284], ["window"]]], "width": 6000, "height": 4000, "tags": []}