{"rects": [[[201.42857142857142, 287.1428571428571, 5181.428571428572, 3852.8571428571427], ["window"]]], "width": 6000, "height": 4000, "tags": []}