{"rects": [[[334.2857142857143, 107.14285714285714, 5481.428571428572, 3985.714285714286], ["window"]]], "width": 6000, "height": 4000, "tags": []}