{"rects": [[[42.857142857142854, 908.5714285714286, 5468.571428571428, 3762.8571428571427], ["window"]]], "width": 6000, "height": 4000, "tags": []}