{"rects": [[[912.8571428571428, 1148.5714285714284, 5580.0, 3960.0], ["window"]]], "width": 6000, "height": 4000, "tags": []}