{"rects": [[[411.42857142857144, 42.857142857142854, 5957.142857142857, 3835.714285714286], ["window"]]], "width": 6000, "height": 4000, "tags": []}