{"rects": [[[34.285714285714285, 861.4285714285714, 4362.857142857143, 3797.142857142857], ["window"]]], "width": 6000, "height": 4000, "tags": []}