{"rects": [[[141.42857142857142, 265.7142857142857, 5820.0, 3394.285714285714], ["window"]]], "width": 6000, "height": 4000, "tags": []}