{"rects": [[[895.7142857142857, 810.0, 4714.285714285714, 3655.714285714286], ["window"]]], "width": 6000, "height": 4000, "tags": []}