{"rects": [[[407.1428571428571, 51.42857142857143, 5194.285714285714, 3904.285714285714], ["window"]]], "width": 6000, "height": 4000, "tags": []}