{"rects": [[[86.39999999999999, 95.03999999999999, 2773.44, 2200.3199999999997], ["material"]]], "width": 4608, "height": 3072, "tags": []}