{"rects": [[[25.919999999999998, 455.03999999999996, 3024.0, 4550.4], ["material"]]], "width": 3072, "height": 4608, "tags": []}