{"rects": [[[1025.28, 1028.1599999999999, 3749.7599999999998, 2957.7599999999998], ["material"]]], "width": 4608, "height": 3072, "tags": []}