{"rects": [[[1615.6799999999998, 331.2, 3072.96, 2013.12], ["window"]], [[190.07999999999998, 1776.96, 1932.48, 2943.3599999999997], ["window"]], [[2649.6, 250.56, 4029.12, 1848.96], ["window"]], [[1327.68, 2116.7999999999997, 1327.68, 2116.7999999999997], ["window"]]], "width": 4608, "height": 3072, "tags": []}