{"rects": [[[544.3199999999999, 69.12, 4374.72, 2969.2799999999997], ["material"]]], "width": 4608, "height": 3072, "tags": []}