{"rects": [[[214.20000000000002, 961.8000000000001, 3271.8, 4330.2], ["window"]]], "width": 4480, "height": 6720, "tags": []}