{"rects": [[[2562.0, 1654.8000000000002, 5514.6, 4279.8], ["window"]], [[903.0, 1432.2, 2524.2000000000003, 3087.0], ["window"]]], "width": 6720, "height": 4480, "tags": []}