{"rects": [[[394.8, 163.8, 2923.2000000000003, 3120.6], ["window"]], [[4523.400000000001, 768.6, 6699.0, 3355.8], ["window"]]], "width": 6720, "height": 4480, "tags": []}