{"rects": [[[4107.6, 1079.4, 6535.200000000001, 3691.8], ["window"]], [[609.0, 953.4000000000001, 2599.8, 3578.4], ["window"]]], "width": 6720, "height": 4480, "tags": []}