{"rects": [[[197.4, 3528.0, 1570.8, 5119.8], ["window"]], [[1293.6000000000001, 4057.2000000000003, 2704.8, 5632.2], ["window"]]], "width": 4480, "height": 6720, "tags": []}