{"rects": [[[142.8, 243.60000000000002, 3981.6000000000004, 4376.400000000001], ["window"]]], "width": 4480, "height": 6720, "tags": []}