{"rects": [[[2158.8, 655.2, 5266.8, 2566.2000000000003], ["window"]], [[386.40000000000003, 2524.2000000000003, 2133.6, 4179.0], ["window"]]], "width": 6720, "height": 4480, "tags": []}