{"rects": [[[2083.2000000000003, 37.800000000000004, 5678.400000000001, 3007.2000000000003], ["window"]]], "width": 6720, "height": 4480, "tags": []}