{"rects": [[[2431.8, 2087.4, 4389.0, 3805.2000000000003], ["window"]], [[2444.4, 3931.2000000000003, 4309.2, 5905.2], ["window"]], [[205.8, 4355.400000000001, 1159.2, 6001.8], ["window"]]], "width": 4480, "height": 6720, "tags": []}