{"rects": [[[848.4000000000001, 835.8000000000001, 2780.4, 3717.0], ["window"]], [[4275.6, 1104.6000000000001, 6384.0, 3729.6000000000004], ["window"]]], "width": 6720, "height": 4480, "tags": []}