{"rects": [[[2116.8, 2578.8, 4158.0, 4804.8], ["window"]], [[386.40000000000003, 1709.4, 2326.8, 3561.6000000000004], ["window"]]], "width": 4480, "height": 6720, "tags": []}