{"rects": [[[3129.0, 2276.4, 4363.8, 3372.6000000000004], ["window"]], [[3133.2000000000003, 4628.400000000001, 4480, 5787.6], ["window"]]], "width": 4480, "height": 6720, "tags": []}