{"rects": [[[1990.8000000000002, 3465.0, 3901.8, 6048.0], ["window"]], [[2032.8000000000002, 537.6, 3981.6000000000004, 2839.2000000000003], ["window"]]], "width": 4480, "height": 6720, "tags": []}