{"rects": [[[306.6, 1881.6000000000001, 2616.6, 3712.8], ["window"]], [[4435.2, 2192.4, 6610.8, 4065.6000000000004], ["window"]]], "width": 6720, "height": 4480, "tags": []}