{"rects": [[[802.2, 12.600000000000001, 6489.0, 3322.2000000000003], ["window"]]], "width": 6720, "height": 4480, "tags": []}