{"rects": [[[2423.4, 2746.8, 3511.2000000000003, 3859.8], ["window"]], [[218.4, 1293.6000000000001, 1516.2, 2578.8], ["window"]]], "width": 4480, "height": 6720, "tags": []}