{"rects": [[[596.4, 2763.6, 2125.2000000000003, 4548.6], ["window", "glass_facade"]], [[2952.6, 1423.8, 3616.2000000000003, 2175.6], ["window"]]], "width": 4480, "height": 6720, "tags": []}