{"rects": [[[327.6, 1902.6000000000001, 3196.2000000000003, 4153.8], ["window"]], [[1596.0, 4279.8, 3351.6000000000004, 6186.6], ["window"]]], "width": 4480, "height": 6720, "tags": []}