{"rects": [[[499.8, 3309.6000000000004, 3099.6, 6493.200000000001], ["window"]]], "width": 4480, "height": 6720, "tags": []}