{"rects": [[[2196.6, 193.20000000000002, 4712.400000000001, 4053.0], ["window"]], [[4678.8, 1755.6000000000001, 6497.400000000001, 3893.4], ["window"]], [[231.0, 1054.2, 2284.8, 3729.6000000000004], ["window"]]], "width": 6720, "height": 4480, "tags": []}