{"rects": [[[109.2, 399.0, 3603.6000000000004, 3784.2000000000003], ["window"]], [[3330.6000000000004, 945.0, 6375.6, 3994.2000000000003], ["window"]]], "width": 6720, "height": 4480, "tags": []}