{"rects": [[[2104.2000000000003, 21.0, 5695.2, 3406.2000000000003], ["window"]]], "width": 6720, "height": 4480, "tags": []}