{"rects": [[[701.4, 2024.4, 2339.4, 3528.0], ["window"]], [[2003.4, 4670.400000000001, 3448.2000000000003, 5917.8], ["window"]]], "width": 4480, "height": 6720, "tags": []}