{"rects": [[[2041.2, 1045.8, 4221.0, 4292.400000000001], ["window"]], [[3990.0, 84.0, 6665.400000000001, 3750.6000000000004], ["window"]]], "width": 6720, "height": 4480, "tags": []}