{"rects": [[[987.0, 726.6, 1986.6000000000001, 2419.2000000000003], ["window"]], [[1797.6000000000001, 2549.4, 2843.4, 4309.2], ["window"]], [[3822.0, 2326.8, 5460.0, 4393.2], ["window"]]], "width": 6720, "height": 4480, "tags": []}