{"rects": [[[4561.2, 1323.0, 5724.6, 2641.8], ["window"]], [[4405.8, 3040.8, 5737.2, 4410.0], ["window"]], [[3280.2000000000003, 2641.8, 4174.8, 3423.0], ["material"]], [[3906.0, 974.4000000000001, 5019.0, 1617.0], ["material"]]], "width": 6720, "height": 4480, "tags": []}