{"rects": [[[130.20000000000002, 1054.2, 4443.6, 5888.400000000001], ["window"]]], "width": 4480, "height": 6720, "tags": []}