{"rects": [[[1764.0, 575.4, 5174.400000000001, 3448.2000000000003], ["window"]]], "width": 6720, "height": 4480, "tags": []}