{"rects": [[[827.4000000000001, 37.800000000000004, 6715.8, 4124.400000000001], ["window"]]], "width": 6720, "height": 4480, "tags": []}