{"rects": [[[121.80000000000001, 231.0, 3897.6000000000004, 5926.2], ["door"]]], "width": 4480, "height": 6720, "tags": []}