{"rects": [[[201.60000000000002, 915.6, 3729.6000000000004, 4762.8], ["window"]]], "width": 4480, "height": 6720, "tags": []}