{"rects": [[[2671.2000000000003, 2091.6, 3792.6000000000004, 3200.4], ["window"]], [[4636.8, 2192.4, 5657.400000000001, 3372.6000000000004], ["window"]]], "width": 6720, "height": 4480, "tags": []}