{"rects": [[[2070.6, 625.8000000000001, 5993.400000000001, 3465.0], ["window"]]], "width": 6720, "height": 4480, "tags": []}