{"rects": [[[348.6, 243.60000000000002, 2322.6, 1684.2], ["material"]], [[798.0, 1264.2, 2902.2000000000003, 3784.2000000000003], ["window"]], [[2839.2000000000003, 751.8000000000001, 6703.200000000001, 4200.0], ["window"]]], "width": 6720, "height": 4480, "tags": []}