{"rects": [[[1986.6000000000001, 453.6, 6022.8, 4036.2000000000003], ["window"]], [[579.6, 2499.0, 2163.0, 3956.4], ["material"]]], "width": 6720, "height": 4480, "tags": []}