{"rects": [[[2041.2, 2961.0, 3162.6, 4141.2], ["window"]], [[777.0, 4645.2, 2419.2000000000003, 6115.2], ["window"]], [[2851.8, 1373.4, 4078.2000000000003, 2658.6], ["window"]]], "width": 4480, "height": 6720, "tags": []}