{"rects": [[[424.20000000000005, 1650.6000000000001, 3990.0, 5275.2], ["window"]]], "width": 4480, "height": 6720, "tags": []}