{"rects": [[[1927.8000000000002, 873.6, 2872.8, 2986.2000000000003], ["window"]], [[0, 0, 6720, 4480], ["facade"]]], "width": 6720, "height": 4480, "tags": []}