{"rects": [[[1566.6000000000001, 1402.8, 3456.6000000000004, 3276.0], ["window"]], [[3960.6000000000004, 1541.4, 5955.6, 3406.2000000000003], ["window"]]], "width": 6720, "height": 4480, "tags": []}