{"rects": [[[100.80000000000001, 693.0, 3255.0, 3544.8], ["window"]], [[3322.2000000000003, 1008.0, 6468.0, 3633.0], ["window"]]], "width": 6720, "height": 4480, "tags": []}