{"rects": [[[0, 0, 6720, 4480], ["facade"]], [[373.8, 466.20000000000005, 1780.8000000000002, 2284.8], ["facade"]], [[3574.2000000000003, 2326.8, 4947.6, 4078.2000000000003], ["facade"]], [[3847.2000000000003, 2112.6, 4540.2, 2549.4], ["material"]], [[2242.8, 2087.4, 3288.6000000000004, 2549.4], ["material"]]], "width": 6720, "height": 4480, "tags": []}