{"rects": [[[1713.6000000000001, 772.8000000000001, 5812.8, 3607.8], ["window"]], [[1751.4, 2087.4, 3099.6, 3448.2000000000003], ["material"]]], "width": 6720, "height": 4480, "tags": []}