{"rects": [[[537.6, 1188.6000000000001, 2935.8, 3834.6000000000004], ["window"]]], "width": 4480, "height": 6720, "tags": []}