{"rects": [[[50.400000000000006, 50.400000000000006, 4069.8, 4401.6], ["window"]], [[3515.4, 432.6, 6715.8, 4187.400000000001], ["window"]]], "width": 6720, "height": 4480, "tags": []}