{"rects": [[[1138.2, 579.6, 2814.0, 1927.8000000000002], ["window"]], [[2335.2000000000003, 2835.0, 3654.0, 4191.6], ["window"]], [[819.0, 2977.8, 2524.2000000000003, 4305.0], ["window"]]], "width": 6720, "height": 4480, "tags": []}