{"rects": [[[777.0, 903.0, 2255.4, 2734.2000000000003], ["window"]], [[3595.2000000000003, 2709.0, 5329.8, 4443.6], ["window"]]], "width": 6720, "height": 4480, "tags": []}