{"rects": [[[1146.6000000000001, 75.60000000000001, 6216.0, 4229.400000000001], ["window"]]], "width": 6720, "height": 4480, "tags": []}