{"rects": [[[54.6, 466.20000000000005, 4166.400000000001, 4657.8], ["window"]]], "width": 4480, "height": 6720, "tags": []}