{"rects": [[[1549.8, 222.60000000000002, 6064.8, 3847.2000000000003], ["window"]]], "width": 6720, "height": 4480, "tags": []}