{"rects": [[[277.2, 75.60000000000001, 4271.400000000001, 5157.6], ["door"]]], "width": 4480, "height": 6720, "tags": []}