{"rects": [[[445.20000000000005, 1596.0, 1995.0, 3931.2000000000003], ["window"]], [[1894.2, 1213.8, 5317.2, 3931.2000000000003], ["window"]]], "width": 6720, "height": 4480, "tags": []}