{"rects": [[[1150.8, 3771.6000000000004, 3498.6000000000004, 5871.6], ["window"]], [[16.8, 2053.8, 1453.2, 3654.0], ["window"]]], "width": 4480, "height": 6720, "tags": []}