{"rects": [[[709.8000000000001, 634.2, 2398.2000000000003, 3221.4], ["window"]], [[2276.4, 3179.4, 4480, 6375.6], ["window"]]], "width": 4480, "height": 6720, "tags": []}