{"rects": [[[357.0, 940.8000000000001, 4334.400000000001, 6384.0], ["window"]]], "width": 4480, "height": 6720, "tags": []}