{"rects": [[[1948.8000000000002, 222.60000000000002, 3082.8, 1562.4], ["window", "glass_facade"]], [[1255.8, 3381.0, 2797.2000000000003, 5019.0], ["window", "glass_facade"]]], "width": 4480, "height": 6720, "tags": []}