{"rects": [[[449.40000000000003, 2074.8, 2499.0, 3624.6000000000004], ["window", "glass_facade"]]], "width": 6720, "height": 4480, "tags": []}