{"rects": [[[126.0, 743.4, 2482.2000000000003, 3330.6000000000004], ["window"]], [[4599.0, 1146.6000000000001, 6715.8, 3872.4], ["window"]], [[2738.4, 495.6, 4032.0, 1390.2], ["window"]]], "width": 6720, "height": 4480, "tags": []}