{"rects": [[[730.8000000000001, 961.8000000000001, 3918.6000000000004, 5392.8], ["window"]]], "width": 4480, "height": 6720, "tags": []}