{"rects": [[[4611.6, 911.4000000000001, 6203.400000000001, 1944.6000000000001], ["window"]], [[4712.400000000001, 2730.0, 5523.0, 3528.0], ["window"]], [[1764.0, 802.2, 3330.6000000000004, 1856.4], ["window"]]], "width": 6720, "height": 4480, "tags": []}