{"rects": [[[92.4, 541.8000000000001, 2620.8, 2868.6], ["window"]], [[4557.0, 974.4000000000001, 6673.8, 2969.4], ["window"]]], "width": 6720, "height": 4480, "tags": []}