{"rects": [[[75.60000000000001, 100.80000000000001, 4095.0, 4620.0], ["window"]], [[474.6, 4246.2, 3612.0, 6686.400000000001], ["material"]], [[2763.6, 554.4, 4368.0, 3372.6000000000004], ["material"]]], "width": 4480, "height": 6720, "tags": []}