{"rects": [[[184.8, 256.2, 4078.2000000000003, 2650.2000000000003], ["window"]], [[499.8, 2641.8, 4011.0, 5892.6], ["window", "shop"]]], "width": 4480, "height": 6720, "tags": []}