{"rects": [[[478.8, 554.4, 2839.2000000000003, 3931.2000000000003], ["window"]], [[4338.6, 567.0, 6631.8, 3985.8], ["window"]]], "width": 6720, "height": 4480, "tags": []}