{"rects": [[[2297.4, 840.0, 4746.0, 4027.8], ["window"]], [[4166.400000000001, 529.2, 6694.8, 4065.6000000000004], ["window"]]], "width": 6720, "height": 4480, "tags": []}