{"rects": [[[953.4000000000001, 243.60000000000002, 5628.0, 4242.0], ["window"]]], "width": 6720, "height": 4480, "tags": []}