{"rects": [[[537.6, 4901.400000000001, 1822.8000000000002, 6417.6], ["window", "glass_facade"]], [[0, 0, 4480, 6720], ["facade"]]], "width": 4480, "height": 6720, "tags": []}