{"rects": [[[1944.6000000000001, 1818.6000000000001, 4305.0, 4687.2], ["window"]]], "width": 4480, "height": 6720, "tags": []}