{"rects": [[[2158.8, 407.40000000000003, 5850.6, 4011.0], ["window"]], [[466.20000000000005, 667.8000000000001, 2209.2000000000003, 4170.6], ["door"]]], "width": 6720, "height": 4480, "tags": []}