{"rects": [[[604.8000000000001, 714.0, 4279.8, 3309.6000000000004], ["window"]], [[541.8000000000001, 2843.4, 4447.8, 5716.2], ["window"]]], "width": 4480, "height": 6720, "tags": []}