{"rects": [[[29.400000000000002, 651.0, 2125.2000000000003, 3662.4], ["window", "shop"]]], "width": 6720, "height": 4480, "tags": []}