{"rects": [[[407.40000000000003, 151.20000000000002, 4480, 5913.6], ["window"]]], "width": 4480, "height": 6720, "tags": []}