{"rects": [[[352.8, 588.0, 3943.8, 3318.0], ["window"]], [[294.0, 3187.8, 3960.6000000000004, 6085.8], ["window"]], [[3477.6000000000004, 2830.8, 4473.0, 4048.8], ["material"]]], "width": 4480, "height": 6720, "tags": []}