{"rects": [[[75.60000000000001, 109.2, 4480, 5258.400000000001], ["window"]]], "width": 4480, "height": 6720, "tags": []}