{"rects": [[[2121.0, 3738.0, 3855.6000000000004, 5153.400000000001], ["window"]], [[487.20000000000005, 2629.2000000000003, 2083.2000000000003, 4032.0], ["window"]]], "width": 4480, "height": 6720, "tags": []}