{"rects": [[[2326.8, 3435.6000000000004, 4355.400000000001, 5187.0], ["window"]]], "width": 4480, "height": 6720, "tags": []}