{"rects": [[[1360.8, 1730.4, 2927.4, 3721.2000000000003], ["window"]], [[1314.6000000000001, 3813.6000000000004, 3120.6, 6006.0], ["window"]], [[3040.8, 4368.0, 4418.400000000001, 6358.8], ["window"]]], "width": 4480, "height": 6720, "tags": []}