{"rects": [[[953.4000000000001, 1923.6000000000001, 3057.6, 3868.2000000000003], ["window"]], [[1755.6000000000001, 3309.6000000000004, 2587.2000000000003, 4082.4], ["material"]], [[1726.2, 5296.2, 2536.8, 6102.6], ["material"]]], "width": 4480, "height": 6720, "tags": []}