{"rects": [[[781.2, 197.4, 5132.400000000001, 4002.6000000000004], ["window"]]], "width": 6720, "height": 4480, "tags": []}