{"rects": [[[1667.4, 126.0, 6392.400000000001, 4250.400000000001], ["window"]]], "width": 6720, "height": 4480, "tags": ["deleted"]}