{"rects": [[[25.200000000000003, 3028.2000000000003, 2247.0, 5695.2], ["window"]], [[92.4, 37.800000000000004, 2352.0, 2263.8], ["window"]], [[2154.6, 2906.4, 4410.0, 5787.6], ["window"]]], "width": 4480, "height": 6720, "tags": []}