{"rects": [[[294.0, 1184.4, 2956.8, 3990.0], ["window"]], [[3645.6000000000004, 1285.2, 6531.0, 4015.2000000000003], ["window"]]], "width": 6720, "height": 4480, "tags": []}