{"rects": [[[172.20000000000002, 1566.6000000000001, 1222.2, 2566.2000000000003], ["window", "glass_facade"]], [[4792.2, 1902.6000000000001, 6031.2, 2919.0], ["window", "glass_facade"]]], "width": 6720, "height": 4480, "tags": []}