{"rects": [[[403.20000000000005, 1646.4, 2377.2000000000003, 3843.0], ["window"]], [[4271.400000000001, 1570.8, 6375.6, 3801.0], ["window"]]], "width": 6720, "height": 4480, "tags": []}