{"rects": [[[684.6, 2146.2000000000003, 2671.2000000000003, 4137.0], ["window"]], [[4099.2, 2209.2000000000003, 6081.6, 4120.2], ["window"]]], "width": 6720, "height": 4480, "tags": []}