{"rects": [[[1806.0, 583.8000000000001, 3834.6000000000004, 4132.8], ["door"]], [[3788.4, 625.8000000000001, 5712.0, 4069.8], ["door"]], [[0, 588.0, 1948.8000000000002, 4179.0], ["window"]]], "width": 6720, "height": 4480, "tags": []}