{"rects": [[[130.20000000000002, 4.2, 4082.4, 4754.400000000001], ["window"]]], "width": 4480, "height": 6720, "tags": []}