{"rects": [[[537.6, 1915.2, 3889.2000000000003, 4061.4], ["window"]], [[625.8000000000001, 4036.2000000000003, 3893.4, 6468.0], ["window"]]], "width": 4480, "height": 6720, "tags": []}