{"rects": [[[936.6, 222.60000000000002, 3586.8, 2566.2000000000003], ["window"]], [[987.0, 3095.4, 3355.8, 5913.6], ["window"]], [[2423.4, 5699.400000000001, 3372.6000000000004, 6543.6], ["material"]], [[2574.6, 709.8000000000001, 3502.8, 1835.4], ["material"]]], "width": 4480, "height": 6720, "tags": []}