{"rects": [[[907.2, 4103.400000000001, 2637.6, 5569.2], ["window"]], [[2221.8, 1864.8000000000002, 4376.400000000001, 3360.0], ["window"]], [[2511.6, 4225.2, 4480, 5808.6], ["window"]]], "width": 4480, "height": 6720, "tags": []}