{"rects": [[[861.0, 37.800000000000004, 3124.8, 6350.400000000001], ["window"]]], "width": 4480, "height": 6720, "tags": []}