{"rects": [[[701.4, 827.4000000000001, 3036.6, 3431.4], ["window"]], [[974.4000000000001, 3687.6000000000004, 3515.4, 6438.6], ["window"]]], "width": 4480, "height": 6720, "tags": []}