{"rects": [[[1680.0, 100.80000000000001, 3649.8, 1759.8000000000002], ["window"]], [[3876.6000000000004, 1902.6000000000001, 6547.8, 4225.2], ["window"]], [[3381.0, 2465.4, 4229.400000000001, 3255.0], ["material"]]], "width": 6720, "height": 4480, "tags": []}