{"rects": [[[0, 0, 4480, 6720], ["window"]], [[163.8, 793.8000000000001, 4439.400000000001, 5674.2], ["shop", "door"]]], "width": 4480, "height": 6720, "tags": []}