{"rects": [[[491.40000000000003, 168.0, 4061.4, 4439.400000000001], ["window"]]], "width": 6720, "height": 4480, "tags": []}