{"rects": [[[0, 0, 6720, 4480], ["window"]], [[50.400000000000006, 508.20000000000005, 3133.2000000000003, 3914.4], ["window"]], [[2541.0, 751.8000000000001, 5418.0, 3767.4], ["window"]]], "width": 6720, "height": 4480, "tags": []}