{"rects": [[[12.600000000000001, 1167.6000000000001, 4137.0, 5019.0], ["window"]]], "width": 4480, "height": 6720, "tags": []}