{"rects": [[[646.8000000000001, 898.8000000000001, 1848.0, 2612.4], ["window"]], [[4993.8, 411.6, 6640.200000000001, 2326.8], ["window"]], [[5035.8, 2326.8, 6652.8, 4321.8], ["window"]], [[2158.8, 2965.2000000000003, 4380.6, 4480], ["window"]]], "width": 6720, "height": 4480, "tags": []}