{"rects": [[[915.6, 1209.6000000000001, 3456.6000000000004, 3418.8], ["window"]], [[764.4, 3435.6000000000004, 3813.6000000000004, 6115.2], ["window"]]], "width": 4480, "height": 6720, "tags": []}