{"rects": [[[256.2, 105.0, 4229.400000000001, 5384.400000000001], ["window"]]], "width": 4480, "height": 6720, "tags": []}