{"rects": [[[394.8, 231.0, 3301.2000000000003, 4368.0], ["window"]], [[3267.6000000000004, 462.0, 6199.2, 4477.2], ["window"]]], "width": 6720, "height": 4480, "tags": []}