{"rects": [[[470.40000000000003, 264.6, 4326.0, 2914.8], ["window"]], [[331.8, 2914.8, 4229.400000000001, 5430.6], ["window"]]], "width": 4480, "height": 6720, "tags": []}