{"rects": [[[273.0, 3196.2000000000003, 3019.8, 5930.400000000001], ["window", "glass_facade"]]], "width": 4480, "height": 6720, "tags": []}