{"rects": [[[2389.8, 1440.6000000000001, 4338.6, 3305.4], ["window"]], [[609.0, 1995.0, 2196.6, 3721.2000000000003], ["window"]]], "width": 6720, "height": 4480, "tags": []}