{"rects": [[[2944.2000000000003, 2045.4, 4384.8, 4292.400000000001], ["door"]], [[1079.4, 1974.0, 2977.8, 4292.400000000001], ["door"]]], "width": 6720, "height": 4480, "tags": []}