{"rects": [[[1717.8000000000002, 8.4, 5880.0, 4355.400000000001], ["window"]]], "width": 6720, "height": 4480, "tags": []}