{"rects": [[[407.40000000000003, 592.2, 3507.0, 4191.6], ["window"]], [[3381.0, 386.40000000000003, 6640.200000000001, 4170.6], ["window"]]], "width": 6720, "height": 4480, "tags": []}