{"rects": [[[176.4, 50.400000000000006, 3990.0, 2452.8], ["window"]], [[1713.6000000000001, 2339.4, 3868.2000000000003, 4695.6], ["window"]], [[3460.8, 3528.0, 4477.2, 5187.0], ["material"]]], "width": 4480, "height": 6720, "tags": []}