{"rects": [[[3582.6000000000004, 751.8000000000001, 6707.400000000001, 3280.2000000000003], ["window"]]], "width": 6720, "height": 4480, "tags": []}