{"rects": [[[310.8, 1016.4000000000001, 4078.2000000000003, 4527.6], ["window"]]], "width": 4480, "height": 6720, "tags": []}