{"rects": [[[1205.4, 75.60000000000001, 2877.0, 2091.6], ["window"]], [[3838.8, 172.20000000000002, 5955.6, 2230.2000000000003], ["window"]]], "width": 6720, "height": 4480, "tags": []}