{"rects": [[[726.6, 1117.2, 4065.6000000000004, 5258.400000000001], ["window"]]], "width": 4480, "height": 6720, "tags": []}