{"rects": [[[151.20000000000002, 3095.4, 4410.0, 6287.400000000001], ["window"]]], "width": 4480, "height": 6720, "tags": []}