{"rects": [[[365.40000000000003, 222.60000000000002, 4435.2, 6451.200000000001], ["window"]]], "width": 4480, "height": 6720, "tags": []}