{"rects": [[[3175.2000000000003, 848.4000000000001, 4842.6, 3616.2000000000003], ["window"]], [[4674.6, 630.0, 6581.400000000001, 3318.0], ["window"]]], "width": 6720, "height": 4480, "tags": []}