{"rects": [[[2457.0, 1944.6000000000001, 3586.8, 2956.8], ["window"]], [[4531.8, 2717.4, 5854.8, 3771.6000000000004], ["window"]]], "width": 6720, "height": 4480, "tags": []}