{"rects": [[[789.6, 58.800000000000004, 6451.200000000001, 4330.2], ["window"]]], "width": 6720, "height": 4480, "tags": []}