{"rects": [[[1759.8000000000002, 4027.8, 3074.4, 5090.400000000001], ["window"]], [[159.6, 4993.8, 1713.6000000000001, 6132.0], ["window"]]], "width": 4480, "height": 6720, "tags": []}