{"rects": [[[37.800000000000004, 869.4000000000001, 4443.6, 5035.8], ["window"]]], "width": 4480, "height": 6720, "tags": []}