{"rects": [[[42.0, 2478.0, 2003.4, 4414.2], ["window"]], [[3469.2000000000003, 604.8000000000001, 5518.8, 2461.2000000000003], ["window"]]], "width": 6720, "height": 4480, "tags": []}