{"rects": [[[1272.6000000000001, 1268.4, 3704.4, 4443.6], ["window"]], [[3817.8, 562.8000000000001, 6657.0, 4027.8], ["window"]]], "width": 6720, "height": 4480, "tags": []}