{"rects": [[[3918.6000000000004, 701.4, 5850.6, 2612.4], ["window"]], [[1932.0, 970.2, 3985.8, 3024.0], ["window"]], [[3847.2000000000003, 2826.6, 5359.2, 4338.6], ["window"]]], "width": 6720, "height": 4480, "tags": []}