{"rects": [[[693.0, 2599.8, 1890.0, 3834.6000000000004], ["window"]], [[537.6, 428.40000000000003, 1902.6000000000001, 2028.6000000000001], ["window"]]], "width": 4480, "height": 6720, "tags": []}