{"rects": [[[1885.8000000000002, 1016.4000000000001, 5581.8, 3809.4], ["window"]]], "width": 6720, "height": 4480, "tags": []}