{"rects": [[[1885.8000000000002, 33.6, 5833.8, 3364.2000000000003], ["window"]]], "width": 6720, "height": 4480, "tags": []}