{"rects": [[[1251.6000000000001, 88.2, 6657.0, 4418.400000000001], ["window"]]], "width": 6720, "height": 4480, "tags": []}