{"rects": [[[3066.0, 3729.6000000000004, 4313.400000000001, 5161.8], ["window"]], [[1247.4, 4279.8, 2242.8, 5531.400000000001], ["window"]], [[0, 0, 4480, 6720], ["facade"]]], "width": 4480, "height": 6720, "tags": []}