{"rects": [[[995.4000000000001, 33.6, 5909.400000000001, 3032.4], ["window", "glass_facade"]]], "width": 6720, "height": 4480, "tags": []}