{"rects": [[[1314.6000000000001, 1663.2, 4179.0, 4225.2], ["window"]], [[1209.6000000000001, 3687.6000000000004, 4321.8, 6094.2], ["window"]]], "width": 4480, "height": 6720, "tags": []}