{"rects": [[[693.0, 3855.6000000000004, 1944.6000000000001, 4876.2], ["window"]], [[2809.8, 4485.6, 4099.2, 5674.2], ["window"]]], "width": 4480, "height": 6720, "tags": []}