{"rects": [[[1272.6000000000001, 470.40000000000003, 6115.2, 4376.400000000001], ["window"]]], "width": 6720, "height": 4480, "tags": []}