{"rects": [[[1117.2, 50.400000000000006, 6468.0, 4418.400000000001], ["window"]]], "width": 6720, "height": 4480, "tags": []}