{"rects": [[[1146.6000000000001, 4082.4, 2998.8, 6493.200000000001], ["door"]]], "width": 4480, "height": 6720, "tags": []}