{"rects": [[[583.8000000000001, 58.800000000000004, 4582.2, 4275.6], ["window", "abnormal"]], [[4334.400000000001, 319.2, 6606.6, 4393.2], ["window", "abnormal"]]], "width": 6720, "height": 4480, "tags": []}