{"rects": [[[1293.6000000000001, 2125.2000000000003, 4032.0, 4557.0], ["window", "shop"]]], "width": 4480, "height": 6720, "tags": []}