{"rects": [[[772.8000000000001, 302.40000000000003, 3687.6000000000004, 4229.400000000001], ["window"]]], "width": 6720, "height": 4480, "tags": []}