{"rects": [[[33.6, 751.8000000000001, 3763.2000000000003, 6027.0], ["door"]]], "width": 4480, "height": 6720, "tags": []}