{"rects": [[[281.40000000000003, 537.6, 4439.400000000001, 5804.400000000001], ["door"]]], "width": 4480, "height": 6720, "tags": []}