{"rects": [[[1016.4000000000001, 823.2, 5619.6, 4065.6000000000004], ["window"]]], "width": 6720, "height": 4480, "tags": []}