{"rects": [[[0, 0, 4480, 6720], ["window"]], [[1780.8000000000002, 3061.8, 3654.0, 4271.400000000001], ["window"]], [[1785.0, 4212.6, 3750.6000000000004, 5552.400000000001], ["window"]]], "width": 4480, "height": 6720, "tags": []}