{"rects": [[[1797.6000000000001, 604.8000000000001, 5649.0, 3746.4], ["window"]]], "width": 6720, "height": 4480, "tags": ["deleted"]}