{"rects": [[[1335.6000000000001, 197.4, 2780.4, 2066.4], ["window"]], [[2683.8, 2175.6, 4678.8, 4347.0], ["window"]], [[4330.2, 172.20000000000002, 6300.0, 2280.6], ["window"]]], "width": 6720, "height": 4480, "tags": []}