{"rects": [[[25.200000000000003, 1079.4, 2137.8, 5359.2], ["window"]], [[2074.8, 995.4000000000001, 4480, 5287.8], ["window"]]], "width": 4480, "height": 6720, "tags": []}