{"rects": [[[0, 0, 4480, 6720], ["window"]], [[344.40000000000003, 357.0, 3473.4, 5909.400000000001], ["door"]]], "width": 4480, "height": 6720, "tags": []}