{"rects": [[[2184.0, 2436.0, 4397.400000000001, 3805.2000000000003], ["window"]], [[2011.8000000000002, 999.6, 4347.0, 2641.8], ["window"]]], "width": 6720, "height": 4480, "tags": []}