{"rects": [[[1638.0, 2024.4, 3822.0, 4305.0], ["window"]], [[3717.0, 2242.8, 5968.2, 4368.0], ["window"]], [[1722.0, 197.4, 3486.0, 1701.0], ["window"]], [[3578.4, 243.60000000000002, 5384.400000000001, 1827.0], ["window"]]], "width": 6720, "height": 4480, "tags": []}