{"rects": [[[2070.6, 768.6, 3708.6000000000004, 2314.2000000000003], ["window", "glass_facade"]], [[3906.0, 1932.0, 5842.2, 3477.6000000000004], ["window", "glass_facade"]], [[0, 0, 6720, 4480], ["facade"]]], "width": 6720, "height": 4480, "tags": []}