{"rects": [[[1755.6000000000001, 172.20000000000002, 5447.400000000001, 2969.4], ["window"]]], "width": 6720, "height": 4480, "tags": []}