{"rects": [[[592.2, 260.40000000000003, 3679.2000000000003, 3229.8], ["window"]], [[390.6, 3406.2000000000003, 3763.2000000000003, 6455.400000000001], ["window"]]], "width": 4480, "height": 6720, "tags": []}