{"rects": [[[2028.6000000000001, 2058.0, 3389.4, 3515.4], ["window", "glass_facade"]], [[831.6, 4006.8, 2314.2000000000003, 5460.0], ["window", "glass_facade"]]], "width": 4480, "height": 6720, "tags": []}