{"rects": [[[571.2, 932.4000000000001, 2847.6, 3019.8], ["window"]], [[4414.2, 1209.6000000000001, 6140.400000000001, 2877.0], ["window"]]], "width": 6720, "height": 4480, "tags": []}