{"rects": [[[1272.6000000000001, 4901.400000000001, 3322.2000000000003, 6211.8], ["window"]], [[1281.0, 2793.0, 3339.0, 4221.0], ["window"]], [[1197.0, 37.800000000000004, 2377.2000000000003, 1012.2], ["window"]]], "width": 4480, "height": 6720, "tags": []}