{"rects": [[[802.2, 180.6, 3998.4, 4162.2], ["window"]], [[3872.4, 588.0, 6598.200000000001, 4250.400000000001], ["window"]]], "width": 6720, "height": 4480, "tags": []}