{"rects": [[[1062.6000000000001, 1738.8000000000002, 3435.6000000000004, 4607.400000000001], ["window", "glass_facade"]]], "width": 4480, "height": 6720, "tags": []}