{"rects": [[[2431.8, 466.20000000000005, 5821.2, 3994.2000000000003], ["window"]]], "width": 6720, "height": 4480, "tags": []}