{"rects": [[[1134.0, 625.8000000000001, 3893.4, 3175.2000000000003], ["window", "glass_facade"]]], "width": 4480, "height": 6720, "tags": []}