{"rects": [[[5061.0, 2457.0, 6556.200000000001, 3960.6000000000004], ["window", "glass_facade"]], [[3381.0, 2297.4, 4716.6, 3599.4], ["window", "glass_facade"]]], "width": 6720, "height": 4480, "tags": []}