{"rects": [[[516.6, 252.0, 3738.0, 4124.400000000001], ["window"]], [[3712.8, 558.6, 6715.8, 4166.400000000001], ["window"]]], "width": 6720, "height": 4480, "tags": []}