{"rects": [[[235.20000000000002, 966.0, 4292.400000000001, 5019.0], ["window"]]], "width": 4480, "height": 6720, "tags": []}