{"rects": [[[1818.6000000000001, 75.60000000000001, 6245.400000000001, 4368.0], ["window"]]], "width": 6720, "height": 4480, "tags": []}