{"rects": [[[873.6, 550.2, 3708.6000000000004, 3318.0], ["window"]], [[735.0, 3372.6000000000004, 3481.8, 6442.8], ["window"]]], "width": 4480, "height": 6720, "tags": []}