{"rects": [[[2667.0, 957.6, 4922.400000000001, 3141.6], ["window"]], [[5086.2, 1062.6000000000001, 6661.200000000001, 3326.4], ["window"]]], "width": 6720, "height": 4480, "tags": []}