{"rects": [[[697.2, 1730.4, 3238.2000000000003, 4082.4], ["window"]], [[3838.8, 1734.6000000000001, 6573.0, 4090.8], ["window"]]], "width": 6720, "height": 4480, "tags": []}