{"rects": [[[2305.8, 667.8000000000001, 5518.8, 4271.400000000001], ["window"]]], "width": 6720, "height": 4480, "tags": []}