{"rects": [[[260.40000000000003, 709.8000000000001, 3393.6000000000004, 3574.2000000000003], ["window"]], [[3397.8, 470.40000000000003, 6657.0, 3351.6000000000004], ["window"]]], "width": 6720, "height": 4480, "tags": []}