{"rects": [[[814.8000000000001, 1121.4, 3687.6000000000004, 5073.6], ["window"]]], "width": 4480, "height": 6720, "tags": []}