{"rects": [[[281.40000000000003, 239.4, 3595.2000000000003, 5224.8], ["window"]]], "width": 4480, "height": 6720, "tags": []}