{"rects": [[[0, 0, 6720, 4480], ["facade"]], [[3721.2000000000003, 1852.2, 4615.8, 2914.8], ["window"]], [[1650.6000000000001, 919.8000000000001, 2545.2000000000003, 1961.4], ["window"]]], "width": 6720, "height": 4480, "tags": []}