{"rects": [[[1797.6000000000001, 2100.0, 3129.0, 3460.8], ["window", "glass_facade"]], [[806.4000000000001, 3780.0, 2310.0, 5355.0], ["window", "glass_facade"]], [[0, 0, 4480, 6720], ["facade"]]], "width": 4480, "height": 6720, "tags": []}