{"rects": [[[890.4000000000001, 163.8, 6489.0, 4208.400000000001], ["window"]]], "width": 6720, "height": 4480, "tags": []}