{"rects": [[[550.2, 2377.2000000000003, 1638.0, 3393.6000000000004], ["window"]], [[5245.8, 2570.4, 6363.0, 3595.2000000000003], ["window"]], [[1688.4, 2053.8, 2658.6, 3822.0], ["window"]], [[4212.6, 2091.6, 5191.2, 4019.4], ["window"]], [[2293.2000000000003, 1167.6000000000001, 4401.6, 2289.0], ["window"]]], "width": 6720, "height": 4480, "tags": []}