{"rects": [[[982.8000000000001, 995.4000000000001, 3166.8, 3036.6], ["window"]], [[3259.2000000000003, 2788.8, 4480, 4090.8], ["window"]], [[949.2, 4557.0, 3171.0, 5884.2], ["window"]], [[33.6, 1512.0, 1213.8, 2679.6], ["window"]]], "width": 4480, "height": 6720, "tags": []}