{"rects": [[[4137.0, 3196.2000000000003, 6426.0, 4480], ["window"]], [[2805.6, 2515.8, 4095.0, 3494.4], ["window"]], [[793.8000000000001, 2671.2000000000003, 2683.8, 3670.8], ["window"]]], "width": 6720, "height": 4480, "tags": []}