{"rects": [[[1390.2, 1696.8000000000002, 2856.0, 3070.2000000000003], ["window"]], [[1801.8000000000002, 4267.2, 3439.8, 5682.6], ["window"]]], "width": 4480, "height": 6720, "tags": []}