{"rects": [[[172.20000000000002, 180.6, 2688.0, 3385.2000000000003], ["window"]], [[2646.0, 420.0, 4838.400000000001, 3603.6000000000004], ["window"]]], "width": 6720, "height": 4480, "tags": []}