{"rects": [[[1852.2, 1969.8000000000002, 3952.2000000000003, 3834.6000000000004], ["window"]], [[3738.0, 1957.2, 5485.2, 3507.0], ["window"]]], "width": 6720, "height": 4480, "tags": []}