{"rects": [[[4431.0, 1995.0, 6392.400000000001, 3826.2000000000003], ["window", "glass_facade"]]], "width": 6720, "height": 4480, "tags": []}