{"rects": [[[2221.8, 12.600000000000001, 4615.8, 2923.2000000000003], ["window"]]], "width": 6720, "height": 4480, "tags": []}