{"rects": [[[1848.0, 508.20000000000005, 5384.400000000001, 2389.8], ["window"]], [[2020.2, 2251.2000000000003, 5497.8, 4363.8], ["window"]]], "width": 6720, "height": 4480, "tags": []}