{"rects": [[[1482.6000000000001, 235.20000000000002, 6048.0, 4275.6], ["window"]]], "width": 6720, "height": 4480, "tags": []}