{"rects": [[[96.60000000000001, 3036.6, 3830.4, 5741.400000000001], ["window", "shop"]]], "width": 4480, "height": 6720, "tags": []}