{"rects": [[[2028.6000000000001, 407.40000000000003, 4095.0, 3032.4], ["window"]]], "width": 6720, "height": 4480, "tags": []}