{"rects": [[[29.400000000000002, 323.40000000000003, 3292.8, 6602.400000000001], ["door"]]], "width": 4480, "height": 6720, "tags": []}