{"rects": [[[3280.2000000000003, 739.2, 4662.0, 1881.6000000000001], ["window"]], [[0, 0, 6720, 4480], ["facade"]]], "width": 6720, "height": 4480, "tags": []}