{"rects": [[[869.4000000000001, 840.0, 3171.0, 3549.0], ["window"]], [[3977.4, 604.8000000000001, 6699.0, 3515.4], ["window"]]], "width": 6720, "height": 4480, "tags": []}