{"rects": [[[2713.2000000000003, 33.6, 6153.0, 3645.6000000000004], ["window"]]], "width": 6720, "height": 4480, "tags": []}