{"rects": [[[159.6, 667.8000000000001, 2112.6, 3171.0], ["window"]], [[2037.0, 802.2, 4468.8, 3238.2000000000003], ["window"]], [[2150.4, 3364.2000000000003, 4414.2, 6081.6], ["window"]]], "width": 4480, "height": 6720, "tags": []}