{"rects": [[[915.6, 2826.6, 3750.6000000000004, 5875.8], ["window"]], [[1079.4, 756.0, 3204.6, 2650.2000000000003], ["window"]]], "width": 4480, "height": 6720, "tags": []}