{"rects": [[[1125.6000000000001, 1965.6000000000001, 3490.2000000000003, 4078.2000000000003], ["window"]], [[898.8000000000001, 3956.4, 3746.4, 6400.8], ["window"]], [[2885.4, 1079.4, 3666.6000000000004, 1801.8000000000002], ["material"]], [[3087.0, 3049.2000000000003, 3847.2000000000003, 3910.2000000000003], ["material"]]], "width": 4480, "height": 6720, "tags": []}