{"rects": [[[823.2, 1167.6000000000001, 3721.2000000000003, 4036.2000000000003], ["window"]], [[3637.2000000000003, 987.0, 6510.0, 3943.8], ["window"]]], "width": 6720, "height": 4480, "tags": []}