{"rects": [[[1222.2, 1428.0, 2830.8, 2898.0], ["window"]], [[953.4000000000001, 3099.6, 3145.8, 5069.400000000001], ["window"]]], "width": 4480, "height": 6720, "tags": []}