{"rects": [[[75.60000000000001, 877.8000000000001, 3637.2000000000003, 4338.6], ["window"]]], "width": 4480, "height": 6720, "tags": []}