{"rects": [[[3473.4, 856.8000000000001, 5804.400000000001, 3213.0], ["window"]]], "width": 6720, "height": 4480, "tags": []}