{"rects": [[[2230.2000000000003, 243.60000000000002, 5922.0, 3809.4], ["window"]]], "width": 6720, "height": 4480, "tags": []}