{"rects": [[[243.60000000000002, 2364.6, 4342.8, 4418.400000000001], ["window"]], [[63.0, 588.0, 4480, 5892.6], ["facade"]]], "width": 4480, "height": 6720, "tags": []}