{"rects": [[[352.8, 75.60000000000001, 3943.8, 5930.400000000001], ["window"]]], "width": 4480, "height": 6720, "tags": []}