{"rects": [[[100.80000000000001, 386.40000000000003, 4321.8, 5871.6], ["window"]]], "width": 4480, "height": 6720, "tags": []}