{"rects": [[[886.2, 180.6, 3431.4, 2179.8], ["window"]], [[3309.6000000000004, 2066.4, 5846.400000000001, 4480], ["window"]]], "width": 6720, "height": 4480, "tags": []}