{"rects": [[[37.800000000000004, 982.8000000000001, 2150.4, 3880.8], ["window"]], [[2133.6, 634.2, 5338.2, 3746.4], ["window"]]], "width": 6720, "height": 4480, "tags": []}