{"rects": [[[79.8, 1776.6000000000001, 4200.0, 4985.400000000001], ["window"]]], "width": 4480, "height": 6720, "tags": []}