{"rects": [[[676.2, 407.40000000000003, 3019.8, 2339.4], ["window"]], [[117.60000000000001, 2247.0, 3431.4, 6678.0], ["door"]]], "width": 4480, "height": 6720, "tags": []}