{"rects": [[[579.6, 147.0, 3738.0, 2860.2000000000003], ["window"]], [[810.6, 2641.8, 3721.2000000000003, 5212.2], ["window"]]], "width": 4480, "height": 6720, "tags": []}