{"rects": [[[109.2, 1163.4, 3624.6000000000004, 5804.400000000001], ["window"]]], "width": 4480, "height": 6720, "tags": []}