{"rects": [[[470.40000000000003, 987.0, 2738.4, 3045.0], ["window"]], [[4065.6000000000004, 856.8000000000001, 6447.0, 3124.8], ["window"]]], "width": 6720, "height": 4480, "tags": []}