{"rects": [[[1713.6000000000001, 96.60000000000001, 6153.0, 4078.2000000000003], ["window"]]], "width": 6720, "height": 4480, "tags": []}