{"rects": [[[235.20000000000002, 1390.2, 2352.0, 2893.8], ["window"]], [[2364.6, 3145.8, 4439.400000000001, 4775.400000000001], ["window"]]], "width": 4480, "height": 6720, "tags": []}