{"rects": [[[1839.6000000000001, 67.2, 5716.2, 2083.2000000000003], ["window"]], [[1747.2, 2100.0, 5514.6, 4452.0], ["window"]]], "width": 6720, "height": 4480, "tags": []}