{"rects": [[[2696.4, 1003.8000000000001, 5136.6, 3855.6000000000004], ["window"]], [[415.8, 1167.6000000000001, 2675.4, 3683.4], ["window"]]], "width": 6720, "height": 4480, "tags": []}