{"rects": [[[273.0, 42.0, 2003.4, 2062.2000000000003], ["window", "abnormal"]], [[231.0, 1919.4, 3910.2000000000003, 4111.8], ["window", "abnormal"]]], "width": 4480, "height": 6720, "tags": []}