{"rects": [[[789.6, 109.2, 6245.400000000001, 3868.2000000000003], ["window"]]], "width": 6720, "height": 4480, "tags": []}