{"rects": [[[117.60000000000001, 1129.8, 3847.2000000000003, 5388.6], ["window", "church"]]], "width": 4480, "height": 6720, "tags": []}