{"rects": [[[2314.2000000000003, 2095.8, 4208.400000000001, 3889.2000000000003], ["window"]], [[252.0, 3822.0, 2389.8, 5728.8], ["window"]]], "width": 4480, "height": 6720, "tags": []}