{"rects": [[[1654.8000000000002, 1159.2, 5359.2, 3964.8], ["window"]], [[4708.2, 890.4000000000001, 5964.0, 2129.4], ["material"]]], "width": 6720, "height": 4480, "tags": []}