{"rects": [[[4586.400000000001, 659.4, 6652.8, 2528.4], ["window"]], [[3091.2000000000003, 798.0, 4716.6, 2272.2000000000003], ["window"]]], "width": 6720, "height": 4480, "tags": []}