{"rects": [[[210.0, 2868.6, 2062.2000000000003, 4351.2], ["window"]], [[1999.2, 1768.2, 3582.6000000000004, 3250.8], ["window"]], [[0, 0, 6720, 4480], ["facade"]]], "width": 6720, "height": 4480, "tags": []}