{"rects": [[[2780.4, 2515.8, 4410.0, 4384.8], ["window"]], [[4351.2, 562.8000000000001, 6119.400000000001, 2574.6], ["window"]]], "width": 6720, "height": 4480, "tags": []}