{"rects": [[[2671.2000000000003, 252.0, 4594.8, 2163.0], ["window"]], [[4666.2, 2662.8, 6535.200000000001, 4480], ["window"]], [[344.40000000000003, 1873.2, 2322.6, 4132.8], ["window"]]], "width": 6720, "height": 4480, "tags": []}