{"rects": [[[155.4, 151.20000000000002, 3511.2000000000003, 4258.8], ["window"]], [[3624.6000000000004, 105.0, 6715.8, 4216.8], ["window"]]], "width": 6720, "height": 4480, "tags": []}