{"rects": [[[1075.2, 2587.2000000000003, 2902.2000000000003, 3738.0], ["window"]], [[4809.0, 1923.6000000000001, 6631.8, 2931.6], ["window"]], [[3973.2000000000003, 2814.0, 5010.6, 3763.2000000000003], ["window"]]], "width": 6720, "height": 4480, "tags": []}