{"rects": [[[64.28571428571428, 38.57142857142857, 5970.0, 3865.714285714286], ["window", "shop"]]], "width": 6000, "height": 4000, "tags": []}