{"rects": [[[535.7142857142857, 171.42857142857142, 4782.857142857143, 3968.5714285714284], ["window"]]], "width": 6000, "height": 4000, "tags": []}