{"rects": [[[240.0, 274.2857142857143, 5498.571428571428, 3947.142857142857], ["window"]]], "width": 6000, "height": 4000, "tags": []}