{"rects": [[[137.14285714285714, 30.0, 5982.857142857143, 3664.285714285714], ["window"]]], "width": 6000, "height": 4000, "tags": []}