{"rects": [[[1307.142857142857, 420.0, 5708.571428571428, 3947.142857142857], ["window"]]], "width": 6000, "height": 4000, "tags": []}