{"rects": [[[428.57142857142856, 591.4285714285714, 5867.142857142857, 3801.428571428571], ["window"]]], "width": 6000, "height": 4000, "tags": []}