{"rects": [[[1495.7142857142858, 240.0, 5228.571428571428, 3707.142857142857], ["window"]]], "width": 6000, "height": 4000, "tags": []}