{"rects": [[[724.2857142857142, 424.2857142857143, 2824.285714285714, 3938.5714285714284], ["window"]], [[2850.0, 441.4285714285714, 5940.0, 3947.142857142857], ["window"]]], "width": 6000, "height": 4000, "tags": []}