{"rects": [[[1384.2857142857142, 390.0, 4902.857142857143, 3604.285714285714], ["window"]]], "width": 6000, "height": 4000, "tags": []}