{"rects": [[[201.42857142857142, 342.85714285714283, 4890.0, 3972.8571428571427], ["window"]]], "width": 6000, "height": 4000, "tags": []}