{"rects": [[[1290.0, 38.57142857142857, 5914.285714285714, 3655.714285714286], ["window"]]], "width": 6000, "height": 4000, "tags": []}