{"rects": [[[1140.0, 1204.2857142857142, 5250.0, 3934.285714285714], ["window"]]], "width": 6000, "height": 4000, "tags": []}