{"rects": [[[98.57142857142857, 132.85714285714286, 5550.0, 3882.8571428571427], ["window"]]], "width": 6000, "height": 4000, "tags": []}