{"rects": [[[30.0, 792.8571428571429, 3175.714285714286, 3638.5714285714284], ["window"]], [[3312.8571428571427, 621.4285714285714, 5918.571428571428, 3921.428571428571], ["window"]]], "width": 6000, "height": 4000, "tags": []}