{"rects": [[[1714.2857142857142, 715.7142857142857, 4431.428571428572, 3617.142857142857], ["window"]]], "width": 6000, "height": 4000, "tags": []}