{"rects": [[[90.0, 325.7142857142857, 5948.571428571428, 3570.0], ["window"]]], "width": 6000, "height": 4000, "tags": []}