{"rects": [[[527.1428571428571, 218.57142857142856, 5524.285714285714, 3762.8571428571427], ["window"]]], "width": 6000, "height": 4000, "tags": []}