{"rects": [[[42.857142857142854, 1212.857142857143, 4684.285714285714, 3912.8571428571427], ["window"]]], "width": 6000, "height": 4000, "tags": []}