{"rects": [[[1504.2857142857142, 638.5714285714286, 3780.0, 3522.8571428571427], ["window"]]], "width": 6000, "height": 4000, "tags": []}