{"rects": [[[450.0, 4.285714285714286, 5138.571428571428, 3960.0], ["window"]]], "width": 6000, "height": 4000, "tags": []}