{"rects": [[[990.0, 34.285714285714285, 5335.714285714285, 3960.0], ["window"]]], "width": 6000, "height": 4000, "tags": []}