{"rects": [[[1032.857142857143, 261.42857142857144, 3827.142857142857, 3677.142857142857], ["window"]], [[3852.8571428571427, 407.1428571428571, 5978.571428571428, 3951.428571428571], ["window"]]], "width": 6000, "height": 4000, "tags": []}