{"rects": [[[330.0, 810.0, 3150.0, 3265.714285714286], ["window"]], [[3218.5714285714284, 874.2857142857142, 5850.0, 3222.8571428571427], ["window"]]], "width": 6000, "height": 4000, "tags": []}