{"rects": [[[184.28571428571428, 711.4285714285714, 5944.285714285714, 3638.5714285714284], ["window"]]], "width": 6000, "height": 4000, "tags": []}