{"rects": [[[1088.5714285714284, 587.1428571428571, 5100.0, 3724.285714285714], ["window"]]], "width": 6000, "height": 4000, "tags": []}