{"rects": [[[8.571428571428571, 90.0, 3265.714285714286, 3424.285714285714], ["window"]], [[3291.4285714285716, 115.71428571428571, 5991.428571428572, 3471.428571428571], ["window"]]], "width": 6000, "height": 4000, "tags": []}