{"rects": [[[30.0, 175.71428571428572, 3060.0, 3951.428571428571], ["window"]], [[3090.0, 192.85714285714286, 5982.857142857143, 3835.714285714286], ["window"]]], "width": 6000, "height": 4000, "tags": []}