{"rects": [[[4.285714285714286, 972.8571428571428, 5961.428571428572, 3420.0], ["window"]]], "width": 6000, "height": 4000, "tags": []}