{"rects": [[[214.28571428571428, 42.857142857142854, 5610.0, 3887.142857142857], ["window"]]], "width": 6000, "height": 4000, "tags": []}