{"rects": [[[137.14285714285714, 38.57142857142857, 5168.571428571428, 3938.5714285714284], ["window"]]], "width": 6000, "height": 4000, "tags": []}