{"rects": [[[47.14285714285714, 98.57142857142857, 5498.571428571428, 3642.8571428571427], ["window"]]], "width": 6000, "height": 4000, "tags": []}