{"rects": [[[55.714285714285715, 47.14285714285714, 5464.285714285714, 3981.428571428571], ["window"]]], "width": 6000, "height": 4000, "tags": []}