{"rects": [[[8.571428571428571, 47.14285714285714, 5867.142857142857, 3814.285714285714], ["window"]]], "width": 6000, "height": 4000, "tags": []}