{"rects": [[[741.4285714285714, 8.571428571428571, 4950.0, 3810.0], ["window"]]], "width": 6000, "height": 4000, "tags": []}