{"rects": [[[30.0, 98.57142857142857, 3278.5714285714284, 3707.142857142857], ["window"]], [[3347.142857142857, 85.71428571428571, 5974.285714285714, 3664.285714285714], ["window"]]], "width": 6000, "height": 4000, "tags": []}