{"rects": [[[925.7142857142857, 882.8571428571428, 5194.285714285714, 3951.428571428571], ["window"]]], "width": 6000, "height": 4000, "tags": []}