{"rects": [[[1272.857142857143, 85.71428571428571, 4967.142857142857, 3925.714285714286], ["window"]]], "width": 6000, "height": 4000, "tags": []}