{"rects": [[[124.28571428571428, 25.714285714285715, 5537.142857142857, 3912.8571428571427], ["window"]]], "width": 6000, "height": 4000, "tags": []}