{"rects": [[[925.7142857142857, 102.85714285714286, 5297.142857142857, 3908.5714285714284], ["window"]]], "width": 6000, "height": 4000, "tags": []}