{"rects": [[[1024.2857142857142, 317.1428571428571, 4350.0, 3865.714285714286], ["window"]]], "width": 6000, "height": 4000, "tags": []}