{"rects": [[[1105.7142857142858, 312.85714285714283, 3921.428571428571, 3985.714285714286], ["window"]]], "width": 6000, "height": 4000, "tags": []}