{"rects": [[[985.7142857142857, 295.7142857142857, 4812.857142857143, 3835.714285714286], ["window"]]], "width": 6000, "height": 4000, "tags": []}