{"rects": [[[501.4285714285714, 175.71428571428572, 5404.285714285714, 3882.8571428571427], ["window"]]], "width": 6000, "height": 4000, "tags": []}