{"rects": [[[1530.0, 617.1428571428571, 4967.142857142857, 3595.714285714286], ["window"]]], "width": 6000, "height": 4000, "tags": []}