{"rects": [[[154.28571428571428, 12.857142857142858, 5837.142857142857, 3882.8571428571427], ["window"]]], "width": 6000, "height": 4000, "tags": []}