{"rects": [[[21.428571428571427, 398.57142857142856, 5914.285714285714, 3925.714285714286], ["window", "shop"]]], "width": 6000, "height": 4000, "tags": []}