{"rects": [[[912.8571428571428, 154.28571428571428, 4988.571428571428, 3904.285714285714], ["window"]]], "width": 6000, "height": 4000, "tags": []}