{"rects": [[[12.857142857142858, 12.857142857142858, 2751.4285714285716, 3985.714285714286], ["window"]], [[2781.4285714285716, 34.285714285714285, 5785.714285714285, 3938.5714285714284], ["window"]]], "width": 6000, "height": 4000, "tags": []}