{"rects": [[[2447.142857142857, 38.57142857142857, 5648.571428571428, 2537.142857142857], ["window"]]], "width": 6000, "height": 4000, "tags": []}