{"rects": [[[870.0, 737.1428571428571, 5477.142857142857, 3972.8571428571427], ["window"]]], "width": 6000, "height": 4000, "tags": []}