{"rects": [[[1354.2857142857142, 291.42857142857144, 5160.0, 3728.5714285714284], ["window"]]], "width": 6000, "height": 4000, "tags": []}