{"rects": [[[1594.2857142857142, 12.857142857142858, 5841.428571428572, 3904.285714285714], ["window"]]], "width": 6000, "height": 4000, "tags": []}