{"rects": [[[711.4285714285714, 77.14285714285714, 4830.0, 3981.428571428571], ["window"]]], "width": 6000, "height": 4000, "tags": []}