{"rects": [[[762.8571428571429, 17.142857142857142, 4902.857142857143, 3972.8571428571427], ["window"]]], "width": 6000, "height": 4000, "tags": []}