{"rects": [[[827.1428571428571, 55.714285714285715, 4701.428571428572, 3942.8571428571427], ["window"]]], "width": 6000, "height": 4000, "tags": []}