{"rects": [[[115.71428571428571, 55.714285714285715, 5275.714285714285, 3887.142857142857], ["window"]]], "width": 6000, "height": 4000, "tags": []}