{"rects": [[[1392.857142857143, 218.57142857142856, 5125.714285714285, 3672.8571428571427], ["window", "shop"]]], "width": 6000, "height": 4000, "tags": []}