{"rects": [[[402.85714285714283, 677.1428571428571, 5228.571428571428, 3685.714285714286], ["window"]]], "width": 6000, "height": 4000, "tags": []}