{"rects": [[[17.142857142857142, 34.285714285714285, 3197.142857142857, 3904.285714285714], ["window"]], [[3240.0, 90.0, 5952.857142857143, 3861.428571428571], ["window"]]], "width": 6000, "height": 4000, "tags": []}