{"rects": [[[621.4285714285714, 128.57142857142856, 4015.714285714286, 3754.285714285714], ["window"]]], "width": 6000, "height": 4000, "tags": []}