{"rects": [[[930.0, 750.0, 4212.857142857143, 3878.5714285714284], ["window"]]], "width": 6000, "height": 4000, "tags": []}