{"rects": [[[531.4285714285714, 21.428571428571427, 5404.285714285714, 3960.0], ["window"]]], "width": 6000, "height": 4000, "tags": []}