{"rects": [[[2112.8571428571427, 34.285714285714285, 5515.714285714285, 3981.428571428571], ["window"]]], "width": 6000, "height": 4000, "tags": []}