{"rects": [[[501.4285714285714, 698.5714285714286, 5065.714285714285, 3784.285714285714], ["window"]]], "width": 6000, "height": 4000, "tags": []}