{"rects": [[[570.0, 154.28571428571428, 5301.428571428572, 3762.8571428571427], ["window"]]], "width": 6000, "height": 4000, "tags": []}