{"rects": [[[912.8571428571428, 55.714285714285715, 5687.142857142857, 3844.285714285714], ["window"]]], "width": 6000, "height": 4000, "tags": []}