{"rects": [[[282.85714285714283, 72.85714285714286, 5721.428571428572, 3917.142857142857], ["window"]]], "width": 6000, "height": 4000, "tags": []}