{"rects": [[[270.0, 411.42857142857144, 5828.571428571428, 4000], ["window"]]], "width": 6000, "height": 4000, "tags": []}