{"rects": [[[98.57142857142857, 12.857142857142858, 5657.142857142857, 3887.142857142857], ["window"]]], "width": 6000, "height": 4000, "tags": []}