{"rects": [[[385.7142857142857, 4.285714285714286, 5511.428571428572, 3904.285714285714], ["window"]]], "width": 6000, "height": 4000, "tags": []}