{"rects": [[[252.85714285714286, 227.14285714285714, 5794.285714285714, 3831.428571428571], ["window"]]], "width": 6000, "height": 4000, "tags": []}