{"rects": [[[1474.2857142857142, 561.4285714285714, 5391.428571428572, 3797.142857142857], ["window"]]], "width": 6000, "height": 4000, "tags": []}