{"rects": [[[595.7142857142857, 141.42857142857142, 5468.571428571428, 3981.428571428571], ["window"]]], "width": 6000, "height": 4000, "tags": []}