{"rects": [[[540.0, 420.0, 5635.714285714285, 3981.428571428571], ["window"]]], "width": 6000, "height": 4000, "tags": []}