{"rects": [[[47.14285714285714, 21.428571428571427, 3030.0, 3977.142857142857], ["window"]]], "width": 6000, "height": 4000, "tags": []}