{"rects": [[[25.714285714285715, 514.2857142857142, 4097.142857142857, 2987.142857142857], ["window"]], [[4127.142857142857, 518.5714285714286, 5974.285714285714, 3244.285714285714], ["window"]]], "width": 6000, "height": 4000, "tags": []}