{"rects": [[[3205.714285714286, 8.571428571428571, 5995.714285714285, 2322.8571428571427], ["window"]]], "width": 6000, "height": 4000, "tags": []}