{"rects": [[[98.57142857142857, 25.714285714285715, 5515.714285714285, 3895.714285714286], ["window"]]], "width": 6000, "height": 4000, "tags": []}