{"rects": [[[501.4285714285714, 12.857142857142858, 5228.571428571428, 3925.714285714286], ["window"]]], "width": 6000, "height": 4000, "tags": []}