{"rects": [[[797.1428571428571, 64.28571428571428, 5460.0, 3908.5714285714284], ["window"]]], "width": 6000, "height": 4000, "tags": []}