{"rects": [[[625.7142857142857, 415.7142857142857, 5155.714285714285, 3741.428571428571], ["window"]]], "width": 6000, "height": 4000, "tags": []}