{"rects": [[[1422.857142857143, 12.857142857142858, 5301.428571428572, 2125.714285714286], ["window"]], [[1427.142857142857, 2138.5714285714284, 5327.142857142857, 3968.5714285714284], ["window"]]], "width": 6000, "height": 4000, "tags": []}