{"rects": [[[891.4285714285714, 630.0, 5100.0, 3891.428571428571], ["window"]]], "width": 6000, "height": 4000, "tags": []}