{"rects": [[[801.4285714285714, 634.2857142857142, 5207.142857142857, 3797.142857142857], ["window", "shop"]]], "width": 6000, "height": 4000, "tags": []}