{"rects": [[[904.2857142857142, 218.57142857142856, 5065.714285714285, 3930.0], ["window"]]], "width": 6000, "height": 4000, "tags": []}