{"rects": [[[180.0, 497.1428571428571, 4547.142857142857, 3921.428571428571], ["window"]]], "width": 6000, "height": 4000, "tags": []}