{"rects": [[[47.14285714285714, 1144.2857142857142, 2897.142857142857, 3882.8571428571427], ["window"]], [[2922.8571428571427, 1212.857142857143, 5961.428571428572, 3960.0], ["window"]]], "width": 6000, "height": 4000, "tags": []}