{"rects": [[[831.4285714285714, 72.85714285714286, 5417.142857142857, 3960.0], ["window"]]], "width": 6000, "height": 4000, "tags": []}