{"rects": [[[570.0, 390.0, 5327.142857142857, 3981.428571428571], ["window"]]], "width": 6000, "height": 4000, "tags": []}