{"rects": [[[900.0, 85.71428571428571, 5507.142857142857, 3990.0], ["window"]]], "width": 6000, "height": 4000, "tags": []}