{"rects": [[[1251.4285714285713, 394.2857142857143, 4902.857142857143, 3865.714285714286], ["window"]]], "width": 6000, "height": 4000, "tags": []}