{"rects": [[[454.2857142857143, 347.1428571428571, 5438.571428571428, 3780.0], ["window"]]], "width": 6000, "height": 4000, "tags": []}