{"rects": [[[942.8571428571428, 317.1428571428571, 4735.714285714285, 3818.5714285714284], ["window"]]], "width": 6000, "height": 4000, "tags": []}