{"rects": [[[432.85714285714283, 98.57142857142857, 5142.857142857143, 3900.0], ["window"]]], "width": 6000, "height": 4000, "tags": []}