{"rects": [[[17.142857142857142, 25.714285714285715, 2952.8571428571427, 3968.5714285714284], ["window"]], [[2970.0, 25.714285714285715, 5948.571428571428, 3964.285714285714], ["window"]]], "width": 6000, "height": 4000, "tags": []}