{"rects": [[[2734.285714285714, 38.57142857142857, 5695.714285714285, 3848.5714285714284], ["window"]], [[240.0, 34.285714285714285, 2704.285714285714, 3724.285714285714], ["window"]]], "width": 6000, "height": 4000, "tags": []}