{"rects": [[[60.0, 21.428571428571427, 5832.857142857143, 3981.428571428571], ["window"]]], "width": 6000, "height": 4000, "tags": []}