{"rects": [[[1212.857142857143, 484.2857142857143, 4791.428571428572, 3621.428571428571], ["window"]]], "width": 6000, "height": 4000, "tags": []}