{"rects": [[[711.4285714285714, 55.714285714285715, 4937.142857142857, 3934.285714285714], ["window"]]], "width": 6000, "height": 4000, "tags": []}