{"rects": [[[424.2857142857143, 132.85714285714286, 5824.285714285714, 3942.8571428571427], ["window"]]], "width": 6000, "height": 4000, "tags": []}