{"rects": [[[227.14285714285714, 274.2857142857143, 5151.428571428572, 3917.142857142857], ["window"]]], "width": 6000, "height": 4000, "tags": []}