{"rects": [[[985.7142857142857, 270.0, 4954.285714285714, 3874.285714285714], ["window"]]], "width": 6000, "height": 4000, "tags": []}