{"rects": [[[1105.7142857142858, 668.5714285714286, 4992.857142857143, 3895.714285714286], ["window"]]], "width": 6000, "height": 4000, "tags": []}