{"rects": [[[55.714285714285715, 38.57142857142857, 5798.571428571428, 3827.142857142857], ["window"]]], "width": 6000, "height": 4000, "tags": []}