{"rects": [[[1598.5714285714284, 390.0, 4718.571428571428, 3934.285714285714], ["window"]]], "width": 6000, "height": 4000, "tags": []}