{"rects": [[[694.2857142857142, 21.428571428571427, 5807.142857142857, 2850.0], ["window"]]], "width": 6000, "height": 4000, "tags": []}