{"rects": [[[424.2857142857143, 184.28571428571428, 5160.0, 3972.8571428571427], ["window"]]], "width": 6000, "height": 4000, "tags": []}