{"rects": [[[1315.7142857142858, 351.42857142857144, 5357.142857142857, 3972.8571428571427], ["window"]]], "width": 6000, "height": 4000, "tags": []}