{"rects": [[[300.0, 231.42857142857142, 4761.428571428572, 3977.142857142857], ["window"]]], "width": 6000, "height": 4000, "tags": []}