{"rects": [[[12.857142857142858, 38.57142857142857, 4911.428571428572, 3870.0], ["window"]]], "width": 6000, "height": 4000, "tags": []}