{"rects": [[[677.1428571428571, 64.28571428571428, 5301.428571428572, 3942.8571428571427], ["window"]]], "width": 6000, "height": 4000, "tags": []}