{"rects": [[[25.714285714285715, 274.2857142857143, 5905.714285714285, 3822.8571428571427], ["window"]]], "width": 6000, "height": 4000, "tags": []}