{"rects": [[[1392.857142857143, 587.1428571428571, 5691.428571428572, 3900.0], ["window"]]], "width": 6000, "height": 4000, "tags": []}