{"rects": [[[55.714285714285715, 17.142857142857142, 5824.285714285714, 3484.285714285714], ["window"]]], "width": 6000, "height": 4000, "tags": []}