{"rects": [[[595.7142857142857, 21.428571428571427, 5592.857142857143, 3977.142857142857], ["window"]]], "width": 6000, "height": 4000, "tags": []}