{"rects": [[[51.42857142857143, 252.85714285714286, 5580.0, 3724.285714285714], ["window"]]], "width": 6000, "height": 4000, "tags": []}