{"rects": [[[231.42857142857142, 668.5714285714286, 5935.714285714285, 3767.142857142857], ["window"]]], "width": 6000, "height": 4000, "tags": []}