{"rects": [[[1007.1428571428571, 878.5714285714286, 5224.285714285714, 3960.0], ["window"]]], "width": 6000, "height": 4000, "tags": []}