{"rects": [[[1452.857142857143, 300.0, 5095.714285714285, 3921.428571428571], ["window"]]], "width": 6000, "height": 4000, "tags": []}