{"rects": [[[38.57142857142857, 681.4285714285714, 3060.0, 3998.5714285714284], ["window"]], [[3085.714285714286, 677.1428571428571, 5974.285714285714, 3990.0], ["window"]]], "width": 6000, "height": 4000, "tags": []}