{"rects": [[[1045.7142857142858, 561.4285714285714, 5640.0, 3908.5714285714284], ["window"]]], "width": 6000, "height": 4000, "tags": []}