{"rects": [[[21.428571428571427, 30.0, 5995.714285714285, 3788.5714285714284], ["window"]]], "width": 6000, "height": 4000, "tags": []}