{"rects": [[[145.71428571428572, 248.57142857142856, 5845.714285714285, 3925.714285714286], ["window"]]], "width": 6000, "height": 4000, "tags": []}