{"rects": [[[608.5714285714286, 167.14285714285714, 4971.428571428572, 3818.5714285714284], ["window"]]], "width": 6000, "height": 4000, "tags": []}