{"rects": [[[548.5714285714286, 12.857142857142858, 5297.142857142857, 3904.285714285714], ["window"]]], "width": 6000, "height": 4000, "tags": []}