{"rects": [[[467.1428571428571, 68.57142857142857, 5258.571428571428, 3955.714285714286], ["window"]]], "width": 6000, "height": 4000, "tags": []}