{"rects": [[[1084.2857142857142, 702.8571428571429, 5010.0, 3745.714285714286], ["window"]]], "width": 6000, "height": 4000, "tags": []}