{"rects": [[[287.1428571428571, 282.85714285714283, 5880.0, 3810.0], ["window"]]], "width": 6000, "height": 4000, "tags": []}