{"rects": [[[535.7142857142857, 77.14285714285714, 5142.857142857143, 3878.5714285714284], ["window"]]], "width": 6000, "height": 4000, "tags": []}