{"rects": [[[1071.4285714285713, 4.285714285714286, 5378.571428571428, 3994.285714285714], ["window"]]], "width": 6000, "height": 4000, "tags": []}