{"rects": [[[1765.7142857142856, 30.0, 4118.571428571428, 3630.0], ["window"]]], "width": 6000, "height": 4000, "tags": []}