{"rects": [[[214.28571428571428, 12.857142857142858, 5588.571428571428, 3612.8571428571427], ["window"]]], "width": 6000, "height": 4000, "tags": []}