{"rects": [[[34.285714285714285, 925.7142857142857, 2348.5714285714284, 3574.285714285714], ["window"]], [[2365.714285714286, 942.8571428571428, 5400.0, 3762.8571428571427], ["window"]]], "width": 6000, "height": 4000, "tags": []}