{"rects": [[[90.0, 342.85714285714283, 5738.571428571428, 3814.285714285714], ["window"]]], "width": 6000, "height": 4000, "tags": []}