{"rects": [[[47.14285714285714, 385.7142857142857, 5961.428571428572, 3767.142857142857], ["window"]]], "width": 6000, "height": 4000, "tags": []}