{"rects": [[[197.14285714285714, 154.28571428571428, 3690.0, 3934.285714285714], ["window"]], [[3728.5714285714284, 128.57142857142856, 5995.714285714285, 3981.428571428571], ["window"]]], "width": 6000, "height": 4000, "tags": []}