{"rects": [[[664.2857142857142, 25.714285714285715, 5464.285714285714, 3874.285714285714], ["window"]]], "width": 6000, "height": 4000, "tags": []}