{"rects": [[[1045.7142857142858, 38.57142857142857, 4984.285714285714, 3887.142857142857], ["window"]]], "width": 6000, "height": 4000, "tags": []}