{"rects": [[[257.1428571428571, 47.14285714285714, 5738.571428571428, 3994.285714285714], ["window"]]], "width": 6000, "height": 4000, "tags": []}