{"rects": [[[540.0, 664.2857142857142, 5074.285714285714, 3840.0], ["window"]]], "width": 6000, "height": 4000, "tags": []}