{"rects": [[[852.8571428571428, 47.14285714285714, 4602.857142857143, 3981.428571428571], ["window"]]], "width": 6000, "height": 4000, "tags": []}