{"rects": [[[162.85714285714286, 638.5714285714286, 5820.0, 3904.285714285714], ["window"]]], "width": 6000, "height": 4000, "tags": []}