{"rects": [[[497.1428571428571, 265.7142857142857, 5755.714285714285, 3685.714285714286], ["window"]]], "width": 6000, "height": 4000, "tags": []}