{"rects": [[[248.57142857142856, 42.857142857142854, 5455.714285714285, 3891.428571428571], ["window"]]], "width": 6000, "height": 4000, "tags": []}