{"rects": [[[227.14285714285714, 72.85714285714286, 4770.0, 3857.142857142857], ["window"]]], "width": 6000, "height": 4000, "tags": []}