{"rects": [[[47.14285714285714, 25.714285714285715, 2862.8571428571427, 3977.142857142857], ["window"]], [[3038.5714285714284, 527.1428571428571, 5425.714285714285, 3994.285714285714], ["window"]]], "width": 6000, "height": 4000, "tags": []}