{"rects": [[[1148.5714285714284, 784.2857142857142, 4680.0, 3428.5714285714284], ["window"]]], "width": 6000, "height": 4000, "tags": []}