{"rects": [[[274.2857142857143, 0, 5614.285714285714, 3895.714285714286], ["window"]]], "width": 6000, "height": 4000, "tags": []}