{"rects": [[[595.7142857142857, 102.85714285714286, 5395.714285714285, 3685.714285714286], ["window"]]], "width": 6000, "height": 4000, "tags": []}