{"rects": [[[428.57142857142856, 634.2857142857142, 5524.285714285714, 3685.714285714286], ["window"]]], "width": 6000, "height": 4000, "tags": []}