{"rects": [[[968.5714285714286, 8.571428571428571, 5258.571428571428, 3960.0], ["window"]]], "width": 6000, "height": 4000, "tags": []}