{"rects": [[[210.0, 312.85714285714283, 5777.142857142857, 3591.428571428571], ["window"]]], "width": 6000, "height": 4000, "tags": []}