{"rects": [[[955.7142857142857, 85.71428571428571, 5374.285714285714, 3818.5714285714284], ["window"]]], "width": 6000, "height": 4000, "tags": []}