{"rects": [[[124.28571428571428, 184.28571428571428, 5918.571428571428, 3775.714285714286], ["window"]]], "width": 6000, "height": 4000, "tags": []}