{"rects": [[[317.1428571428571, 102.85714285714286, 5631.428571428572, 3861.428571428571], ["window"]]], "width": 6000, "height": 4000, "tags": []}