{"rects": [[[390.0, 17.142857142857142, 5151.428571428572, 3895.714285714286], ["window"]]], "width": 6000, "height": 4000, "tags": []}