{"rects": [[[1500.0, 360.0, 5742.857142857143, 3792.8571428571427], ["window"]]], "width": 6000, "height": 4000, "tags": []}