{"rects": [[[908.5714285714286, 132.85714285714286, 4680.0, 3938.5714285714284], ["window"]]], "width": 6000, "height": 4000, "tags": []}