{"rects": [[[660.0, 287.1428571428571, 5181.428571428572, 3942.8571428571427], ["window"]]], "width": 6000, "height": 4000, "tags": []}