{"rects": [[[1075.7142857142858, 681.4285714285714, 4401.428571428572, 3934.285714285714], ["window"]]], "width": 6000, "height": 4000, "tags": []}