{"rects": [[[587.1428571428571, 8.571428571428571, 5995.714285714285, 3741.428571428571], ["facade"]], [[1127.142857142857, 634.2857142857142, 3758.5714285714284, 2841.4285714285716], ["window"]]], "width": 6000, "height": 4000, "tags": []}