{"rects": [[[1041.4285714285713, 60.0, 4161.428571428572, 3651.428571428571], ["window"]], [[4178.571428571428, 42.857142857142854, 5995.714285714285, 3882.8571428571427], ["window"]]], "width": 6000, "height": 4000, "tags": []}