{"rects": [[[90.0, 424.2857142857143, 5811.428571428572, 3720.0], ["window"]]], "width": 6000, "height": 4000, "tags": []}