{"rects": [[[762.8571428571429, 895.7142857142857, 4435.714285714285, 3394.285714285714], ["window"]]], "width": 6000, "height": 4000, "tags": []}