{"rects": [[[741.4285714285714, 30.0, 4932.857142857143, 3865.714285714286], ["window"]]], "width": 6000, "height": 4000, "tags": []}