{"rects": [[[261.42857142857144, 90.0, 5687.142857142857, 3934.285714285714], ["window"]]], "width": 6000, "height": 4000, "tags": []}