{"rects": [[[1320.0, 720.0, 4701.428571428572, 3985.714285714286], ["window", "shop"]]], "width": 6000, "height": 4000, "tags": []}