{"rects": [[[737.1428571428571, 85.71428571428571, 5164.285714285714, 3810.0], ["window"]]], "width": 6000, "height": 4000, "tags": []}