{"rects": [[[557.1428571428571, 34.285714285714285, 5262.857142857143, 3998.5714285714284], ["window"]]], "width": 6000, "height": 4000, "tags": []}