{"rects": [[[1020.0, 312.85714285714283, 4037.142857142857, 3878.5714285714284], ["window"]]], "width": 6000, "height": 4000, "tags": []}