{"rects": [[[930.0, 77.14285714285714, 5464.285714285714, 3750.0], ["window"]]], "width": 6000, "height": 4000, "tags": []}