{"rects": [[[617.1428571428571, 175.71428571428572, 5262.857142857143, 3780.0], ["window"]]], "width": 6000, "height": 4000, "tags": []}