{"rects": [[[0, 818.5714285714286, 1701.4285714285713, 3488.5714285714284], ["window"]], [[1770.0, 977.1428571428571, 5284.285714285714, 3595.714285714286], ["window"]]], "width": 6000, "height": 4000, "tags": []}