{"rects": [[[0, 0, 6000, 4000], ["facade"]], [[291.42857142857144, 51.42857142857143, 3668.5714285714284, 3934.285714285714], ["window"]]], "width": 6000, "height": 4000, "tags": []}