{"rects": [[[0, 0, 6000, 4000], ["facade"]], [[1140.0, 265.7142857142857, 4525.714285714285, 3492.8571428571427], ["window"]]], "width": 6000, "height": 4000, "tags": []}