{"rects": [[[2382.8571428571427, 741.4285714285714, 5695.714285714285, 3951.428571428571], ["window"]]], "width": 6000, "height": 4000, "tags": []}