{"rects": [[[1182.857142857143, 690.0, 4834.285714285714, 3921.428571428571], ["window"]]], "width": 6000, "height": 4000, "tags": []}