{"rects": [[[351.42857142857144, 570.0, 4872.857142857143, 3831.428571428571], ["window"]]], "width": 6000, "height": 4000, "tags": []}