{"rects": [[[411.42857142857144, 111.42857142857143, 3317.142857142857, 3942.8571428571427], ["window"]]], "width": 6000, "height": 4000, "tags": []}