{"rects": [[[30.0, 167.14285714285714, 2494.285714285714, 3578.5714285714284], ["window"]], [[2511.4285714285716, 184.28571428571428, 5190.0, 3411.428571428571], ["window"]]], "width": 6000, "height": 4000, "tags": []}