{"rects": [[[300.0, 111.42857142857143, 5322.857142857143, 3904.285714285714], ["window", "shop"]]], "width": 6000, "height": 4000, "tags": []}