{"rects": [[[270.0, 227.14285714285714, 5768.571428571428, 3848.5714285714284], ["window"]]], "width": 6000, "height": 4000, "tags": []}