{"rects": [[[638.5714285714286, 175.71428571428572, 5331.428571428572, 3582.8571428571427], ["window"]]], "width": 6000, "height": 4000, "tags": []}