{"rects": [[[960.0, 175.71428571428572, 4932.857142857143, 3754.285714285714], ["window"]]], "width": 6000, "height": 4000, "tags": []}