{"rects": [[[758.5714285714286, 34.285714285714285, 4971.428571428572, 3861.428571428571], ["window"]]], "width": 6000, "height": 4000, "tags": []}