{"rects": [[[732.8571428571429, 30.0, 5507.142857142857, 3947.142857142857], ["window"]]], "width": 6000, "height": 4000, "tags": []}