{"rects": [[[282.85714285714283, 180.0, 5880.0, 3977.142857142857], ["window"]]], "width": 6000, "height": 4000, "tags": []}