{"rects": [[[458.57142857142856, 111.42857142857143, 5494.285714285714, 3762.8571428571427], ["window"]]], "width": 6000, "height": 4000, "tags": []}