{"rects": [[[25.714285714285715, 265.7142857142857, 2511.4285714285716, 3771.428571428571], ["window"]], [[2550.0, 467.1428571428571, 5524.285714285714, 3750.0], ["window"]]], "width": 6000, "height": 4000, "tags": []}