{"rects": [[[38.57142857142857, 222.85714285714286, 2828.5714285714284, 3861.428571428571], ["window"]], [[2854.285714285714, 188.57142857142856, 5340.0, 3904.285714285714], ["window"]]], "width": 6000, "height": 4000, "tags": []}