{"rects": [[[0, 1410.0, 2048.5714285714284, 3942.8571428571427], ["window"]], [[2087.142857142857, 1427.142857142857, 4465.714285714285, 3865.714285714286], ["window"]]], "width": 6000, "height": 4000, "tags": []}