{"rects": [[[1984.2857142857142, 287.1428571428571, 5117.142857142857, 3968.5714285714284], ["window"]]], "width": 6000, "height": 4000, "tags": []}