{"rects": [[[788.5714285714286, 81.42857142857143, 5665.714285714285, 3758.5714285714284], ["window"]]], "width": 6000, "height": 4000, "tags": []}