{"rects": [[[222.85714285714286, 25.714285714285715, 5965.714285714285, 3887.142857142857], ["window"]]], "width": 6000, "height": 4000, "tags": []}