{"rects": [[[137.14285714285714, 510.0, 5858.571428571428, 3912.8571428571427], ["window"]]], "width": 6000, "height": 4000, "tags": []}