{"rects": [[[861.4285714285714, 68.57142857142857, 4778.571428571428, 3805.714285714286], ["window"]]], "width": 6000, "height": 4000, "tags": []}