{"rects": [[[1144.2857142857142, 565.7142857142857, 4478.571428571428, 3925.714285714286], ["window"]]], "width": 6000, "height": 4000, "tags": []}