{"rects": [[[1118.5714285714284, 218.57142857142856, 5001.428571428572, 3925.714285714286], ["window"]]], "width": 6000, "height": 4000, "tags": []}