{"rects": [[[137.14285714285714, 141.42857142857142, 3891.428571428571, 3930.0], ["window"]]], "width": 6000, "height": 4000, "tags": []}