{"rects": [[[265.7142857142857, 47.14285714285714, 5091.428571428572, 3968.5714285714284], ["window", "shop"]]], "width": 6000, "height": 4000, "tags": []}