{"rects": [[[480.0, 72.85714285714286, 5562.857142857143, 3947.142857142857], ["window"]]], "width": 6000, "height": 4000, "tags": []}