{"rects": [[[1547.142857142857, 282.85714285714283, 5177.142857142857, 3535.714285714286], ["window"]]], "width": 6000, "height": 4000, "tags": []}