{"rects": [[[30.0, 12.857142857142858, 2674.285714285714, 3921.428571428571], ["window"]], [[2742.8571428571427, 308.57142857142856, 5850.0, 3972.8571428571427], ["window"]]], "width": 6000, "height": 4000, "tags": []}