{"rects": [[[381.42857142857144, 257.1428571428571, 5807.142857142857, 3844.285714285714], ["window"]]], "width": 6000, "height": 4000, "tags": []}