{"rects": [[[1277.142857142857, 445.7142857142857, 5070.0, 3527.142857142857], ["window"]]], "width": 6000, "height": 4000, "tags": []}