{"rects": [[[1714.2857142857142, 480.0, 3930.0, 3878.5714285714284], ["window"]]], "width": 6000, "height": 4000, "tags": []}