{"rects": [[[1658.5714285714284, 55.714285714285715, 5434.285714285714, 3852.8571428571427], ["window"]]], "width": 6000, "height": 4000, "tags": []}