{"rects": [[[377.1428571428571, 540.0, 5764.285714285714, 3261.4285714285716], ["window"]]], "width": 6000, "height": 4000, "tags": []}