{"rects": [[[210.0, 677.1428571428571, 5395.714285714285, 3964.285714285714], ["window"]]], "width": 6000, "height": 4000, "tags": []}