{"rects": [[[767.1428571428571, 77.14285714285714, 5592.857142857143, 3908.5714285714284], ["window"]]], "width": 6000, "height": 4000, "tags": []}