{"rects": [[[595.7142857142857, 34.285714285714285, 3565.714285714286, 3895.714285714286], ["window"]], [[3630.0, 8.571428571428571, 5982.857142857143, 3998.5714285714284], ["window"]]], "width": 6000, "height": 4000, "tags": []}