{"rects": [[[1148.5714285714284, 600.0, 5511.428571428572, 3617.142857142857], ["window"]]], "width": 6000, "height": 4000, "tags": []}