{"rects": [[[792.8571428571429, 844.2857142857142, 4872.857142857143, 3677.142857142857], ["window"]]], "width": 6000, "height": 4000, "tags": []}