{"rects": [[[955.7142857142857, 167.14285714285714, 4975.714285714285, 3921.428571428571], ["window"]]], "width": 6000, "height": 4000, "tags": []}