{"rects": [[[527.1428571428571, 42.857142857142854, 5670.0, 3835.714285714286], ["window", "shop"]]], "width": 6000, "height": 4000, "tags": []}