{"rects": [[[484.2857142857143, 17.142857142857142, 5344.285714285714, 3900.0], ["window"]]], "width": 6000, "height": 4000, "tags": []}