{"rects": [[[450.0, 677.1428571428571, 5447.142857142857, 3977.142857142857], ["window"]]], "width": 6000, "height": 4000, "tags": []}