{"rects": [[[1015.7142857142857, 604.2857142857142, 5245.714285714285, 3857.142857142857], ["window"]]], "width": 6000, "height": 4000, "tags": []}