{"rects": [[[1384.2857142857142, 664.2857142857142, 4740.0, 3977.142857142857], ["window"]]], "width": 6000, "height": 4000, "tags": []}