{"rects": [[[1744.2857142857142, 34.285714285714285, 5961.428571428572, 3900.0], ["window"]]], "width": 6000, "height": 4000, "tags": []}