{"rects": [[[694.2857142857142, 42.857142857142854, 5545.714285714285, 3998.5714285714284], ["window"]]], "width": 6000, "height": 4000, "tags": []}