{"rects": [[[4.285714285714286, 137.14285714285714, 2927.142857142857, 3934.285714285714], ["window"]], [[2965.714285714286, 132.85714285714286, 5931.428571428572, 3912.8571428571427], ["window"]]], "width": 6000, "height": 4000, "tags": []}