{"rects": [[[1218.0342857142857, 848.16, 2563.6114285714284, 2480.7085714285713], ["window"]]], "width": 4464, "height": 2976, "tags": []}