{"rects": [[[837.0, 2042.2800000000002, 2362.2000000000003, 2830.92], ["window"]], [[1201.5600000000002, 2842.08, 2019.96, 4196.16], ["door"]], [[781.2, 2827.2000000000003, 1194.1200000000001, 4211.04], ["window"]]], "width": 2976, "height": 4464, "tags": []}