{"rects": [[[240.79999999999998, 11.2, 3942.3999999999996, 1943.1999999999998], ["window"]], [[403.2, 2032.8, 4121.599999999999, 5594.4], ["window"]]], "width": 4480, "height": 6720, "tags": []}