{"rects": [[[145.08, 1674.0, 2670.96, 4151.52], ["window"]], [[565.44, 223.20000000000002, 2109.2400000000002, 1510.3200000000002], ["window"]]], "width": 2976, "height": 4464, "tags": []}