{"rects": [[[700.0, 901.5999999999999, 3136.0, 3707.2], ["window"]], [[856.8, 3919.9999999999995, 3119.2, 6406.4], ["window"]]], "width": 4480, "height": 6720, "tags": []}