{"rects": [[[1123.44, 1629.3600000000001, 2496.1200000000003, 2347.32], ["window"]], [[1101.1200000000001, 2473.8, 2533.32, 3861.36], ["window"]]], "width": 2976, "height": 4464, "tags": []}