{"rects": [[[970.9200000000001, 100.44000000000001, 2425.44, 1982.76], ["window"]], [[762.6, 2109.2400000000002, 2551.92, 3958.0800000000004], ["window"]]], "width": 2976, "height": 4464, "tags": []}