{"rects": [[[22.32, 436.8342857142857, 4339.645714285714, 2780.4342857142856], ["window"]]], "width": 4464, "height": 2976, "tags": []}