{"rects": [[[714.24, 1350.3600000000001, 2399.4, 3932.0400000000004], ["window"]]], "width": 2976, "height": 4464, "tags": []}