{"rects": [[[799.8000000000001, 996.96, 2447.76, 2488.6800000000003], ["window"]], [[550.5600000000001, 2801.1600000000003, 2652.36, 4158.96], ["window"]]], "width": 2976, "height": 4464, "tags": []}