{"rects": [[[438.96000000000004, 1595.88, 2953.6800000000003, 4173.84], ["window"]]], "width": 2976, "height": 4464, "tags": []}