{"rects": [[[799.8000000000001, 323.64000000000004, 2351.04, 1714.92], ["window"]], [[770.0400000000001, 1748.4, 2403.1200000000003, 3191.76], ["window"]]], "width": 2976, "height": 4464, "tags": []}