{"rects": [[[230.64000000000001, 1197.8400000000001, 2525.88, 4274.280000000001], ["window"]]], "width": 2976, "height": 4464, "tags": []}