{"rects": [[[1112.8114285714287, 1001.2114285714285, 3029.1428571428573, 2732.6057142857144], ["window"]]], "width": 4464, "height": 2976, "tags": []}