{"rects": [[[156.24, 2116.6800000000003, 2786.28, 4017.6000000000004], ["window"]], [[40.92, 773.76, 1127.16, 1926.96], ["window"]], [[1372.68, 714.24, 2276.6400000000003, 1945.5600000000002], ["window"]]], "width": 2976, "height": 4464, "tags": []}