{"rects": [[[487.32000000000005, 1101.1200000000001, 2674.6800000000003, 4333.8], ["window"]]], "width": 2976, "height": 4464, "tags": []}