{"rects": [[[509.59999999999997, 2352.0, 3751.9999999999995, 6356.0], ["window"]]], "width": 4480, "height": 6720, "tags": []}