{"rects": [[[76.52571428571429, 127.54285714285714, 3475.542857142857, 2888.845714285714], ["facade"]], [[1348.7657142857142, 353.93142857142857, 2120.4, 2311.714285714286], ["window"]], [[2385.0514285714285, 328.42285714285714, 2860.1485714285714, 2413.7485714285713], ["window"]]], "width": 4464, "height": 2976, "tags": []}