{"rects": [[[494.76000000000005, 2042.2800000000002, 2124.12, 4110.6], ["window"]]], "width": 2976, "height": 4464, "tags": []}