{"rects": [[[978.8914285714286, 0, 2216.057142857143, 1167.017142857143], ["window"]], [[2327.657142857143, 822.6514285714286, 3612.651428571429, 2464.7657142857142], ["window"]], [[679.1657142857143, 1227.6, 1855.7485714285715, 2493.462857142857], ["window"]]], "width": 4464, "height": 2976, "tags": []}