{"rects": [[[844.9714285714285, 207.25714285714287, 2340.4114285714286, 2952.617142857143], ["facade"]], [[1342.3885714285714, 1262.6742857142858, 1728.2057142857143, 2235.1885714285713], ["window"]]], "width": 4464, "height": 2976, "tags": []}