{"rects": [[[1192.8, 1775.1999999999998, 3175.2, 4687.2], ["window"]], [[1187.1999999999998, 4709.599999999999, 3360.0, 6412.0], ["window"]], [[3483.2, 3404.7999999999997, 4300.799999999999, 4692.799999999999], ["window"]]], "width": 4480, "height": 6720, "tags": []}