{"rects": [[[854.5371428571428, 274.21714285714285, 3456.4114285714286, 2860.1485714285714], ["window"]]], "width": 4464, "height": 2976, "tags": []}