{"rects": [[[728.0, 649.5999999999999, 3281.6, 2648.7999999999997], ["window"]], [[901.5999999999999, 4552.799999999999, 3421.6, 6417.599999999999], ["window"]]], "width": 4480, "height": 6720, "tags": []}