{"rects": [[[134.39999999999998, 610.4, 1859.1999999999998, 2268.0], ["window"]], [[67.19999999999999, 2464.0, 1870.3999999999999, 4183.2], ["window"]], [[2094.4, 3891.9999999999995, 4082.3999999999996, 6104.0], ["window"]]], "width": 4480, "height": 6720, "tags": []}