{"rects": [[[14.88, 535.6800000000001, 2976, 4069.6800000000003], ["facade"]], [[602.64, 1729.8000000000002, 1056.48, 2775.1200000000003], ["window"]], [[1428.48, 2202.2400000000002, 2384.52, 2745.36], ["window"]]], "width": 2976, "height": 4464, "tags": []}