{"rects": [[[800.3314285714285, 819.4628571428572, 3459.6, 2611.44], ["window"]]], "width": 4464, "height": 2976, "tags": []}