{"rects": [[[777.48, 1692.6000000000001, 2365.92, 4378.4400000000005], ["window"]]], "width": 2976, "height": 4464, "tags": []}