{"rects": [[[223.20000000000002, 996.96, 2901.6000000000004, 4173.84], ["window"]]], "width": 2976, "height": 4464, "tags": []}