{"rects": [[[1013.5999999999999, 1590.3999999999999, 2912.0, 3886.3999999999996], ["window"]], [[957.5999999999999, 4205.599999999999, 2839.2, 6686.4], ["window"]]], "width": 4480, "height": 6720, "tags": []}