{"rects": [[[442.68, 1700.0400000000002, 1919.5200000000002, 4322.64], ["window"]], [[528.24, 26.040000000000003, 2042.2800000000002, 1488.0], ["window"]]], "width": 2976, "height": 4464, "tags": []}