{"rects": [[[817.5999999999999, 2329.6, 3516.7999999999997, 6468.0], ["facade"]], [[851.1999999999999, 1394.3999999999999, 3404.7999999999997, 2262.3999999999996], ["window"]], [[968.8, 3819.2, 1926.3999999999999, 4524.799999999999], ["facade"]], [[2581.6, 4564.0, 3320.7999999999997, 5269.599999999999], ["facade"]], [[2609.6, 5292.0, 3427.2, 6165.599999999999], ["facade"]]], "width": 4480, "height": 6720, "tags": []}