{"rects": [[[524.52, 2205.96, 2589.1200000000003, 4404.4800000000005], ["window"]], [[680.76, 59.52, 2425.44, 1889.76], ["window"]]], "width": 2976, "height": 4464, "tags": []}