{"rects": [[[74.4, 1465.68, 2644.92, 4188.72], ["window"]], [[714.24, 130.20000000000002, 2354.76, 1387.5600000000002], ["window"]]], "width": 2976, "height": 4464, "tags": []}