{"rects": [[[564.3771428571429, 829.0285714285715, 1785.6, 2611.44], ["window"]], [[2158.6628571428573, 819.4628571428572, 3293.7942857142857, 2420.1257142857144], ["window"]]], "width": 4464, "height": 2976, "tags": []}