{"rects": [[[1887.1999999999998, 4334.4, 4026.3999999999996, 6456.799999999999], ["window"]], [[2346.3999999999996, 2816.7999999999997, 4003.9999999999995, 4267.2], ["window"]]], "width": 4480, "height": 6720, "tags": []}