{"rects": [[[104.16000000000001, 1182.96, 2537.04, 3950.6400000000003], ["window"]]], "width": 2976, "height": 4464, "tags": []}