{"rects": [[[1042.662857142857, 813.0857142857143, 3105.6685714285713, 2672.022857142857], ["window"]]], "width": 4464, "height": 2976, "tags": []}