{"rects": [[[571.1999999999999, 1355.1999999999998, 3942.3999999999996, 6479.2], ["window", "shop"]]], "width": 4480, "height": 6720, "tags": []}