{"rects": [[[1033.097142857143, 832.2171428571429, 3679.6114285714284, 2311.714285714286], ["window"]]], "width": 4464, "height": 2976, "tags": []}