{"rects": [[[624.96, 2060.88, 2622.6000000000004, 4166.400000000001], ["window"]]], "width": 2976, "height": 4464, "tags": []}