{"rects": [[[498.4, 492.79999999999995, 1887.1999999999998, 2923.2], ["window"]], [[1915.1999999999998, 2172.7999999999997, 3774.3999999999996, 6641.599999999999], ["window"]]], "width": 4480, "height": 6720, "tags": []}