{"rects": [[[1047.2, 3617.6, 2228.7999999999997, 6697.599999999999], ["window"]], [[2195.2, 856.8, 3259.2, 3572.7999999999997], ["window"]]], "width": 4480, "height": 6720, "tags": []}