{"rects": [[[360.84000000000003, 1700.0400000000002, 2860.6800000000003, 4248.24], ["window"]]], "width": 2976, "height": 4464, "tags": []}