{"rects": [[[818.4000000000001, 2659.8, 2228.28, 4010.1600000000003], ["window"]], [[982.08, 1175.52, 2343.6, 2235.7200000000003], ["window"]]], "width": 2976, "height": 4464, "tags": []}