{"rects": [[[684.48, 1417.3200000000002, 1964.16, 4062.2400000000002], ["window"]]], "width": 2976, "height": 4464, "tags": []}