{"rects": [[[714.24, 2388.2400000000002, 2365.92, 4318.92], ["window"]], [[948.6, 1142.04, 2112.96, 2269.2000000000003], ["window"]]], "width": 2976, "height": 4464, "tags": []}