{"rects": [[[1461.6, 1478.3999999999999, 2699.2, 2979.2], ["window"]], [[716.8, 3091.2, 1534.3999999999999, 4704.0], ["window"]], [[666.4, 4776.799999999999, 2055.2, 6524.0], ["window"]]], "width": 4480, "height": 6720, "tags": []}