{"rects": [[[420.36, 1075.0800000000002, 2246.88, 2440.32], ["window"]], [[565.44, 2834.6400000000003, 2358.48, 4423.08], ["window"]]], "width": 2976, "height": 4464, "tags": []}