{"rects": [[[498.48, 1454.52, 2034.8400000000001, 3839.0400000000004], ["window"]]], "width": 2976, "height": 4464, "tags": []}