{"rects": [[[472.44, 33.480000000000004, 2429.1600000000003, 4445.400000000001], ["shop", "door"]]], "width": 2976, "height": 4464, "tags": []}