{"rects": [[[0, 0, 4480, 6720], ["facade"]], [[1959.9999999999998, 2184.0, 2704.7999999999997, 4625.599999999999], ["window"]], [[2822.3999999999996, 1209.6, 3830.3999999999996, 3757.6], ["window"]]], "width": 4480, "height": 6720, "tags": []}