{"rects": [[[577.1314285714286, 966.1371428571429, 1967.3485714285714, 2927.1085714285714], ["window"]], [[2072.5714285714284, 991.6457142857143, 3727.44, 2777.2457142857143], ["window"]]], "width": 4464, "height": 2976, "tags": []}