{"rects": [[[818.4000000000001, 952.32, 2447.76, 2741.6400000000003], ["window"]], [[825.84, 2827.2000000000003, 2440.32, 4259.400000000001], ["window"]]], "width": 2976, "height": 4464, "tags": []}