{"rects": [[[438.96000000000004, 651.0, 1383.8400000000001, 1569.8400000000001], ["window"]], [[394.32, 1692.6000000000001, 1499.16, 2834.6400000000003], ["window"]], [[148.8, 2983.44, 1406.16, 4155.24], ["window"]], [[2016.24, 2708.1600000000003, 2834.6400000000003, 4028.76], ["window"]], [[1900.92, 1376.4, 2797.44, 2399.4], ["window"]], [[1625.64, 375.72, 2745.36, 1171.8], ["window"]]], "width": 2976, "height": 4464, "tags": []}