{"rects": [[[892.8000000000001, 985.8000000000001, 2365.92, 4062.2400000000002], ["window"]]], "width": 2976, "height": 4464, "tags": []}