{"rects": [[[1336.0114285714285, 669.6, 3179.0057142857145, 2576.365714285714], ["window"]]], "width": 4464, "height": 2976, "tags": []}