{"rects": [[[531.96, 1826.5200000000002, 2700.7200000000003, 4356.12], ["window"]]], "width": 2976, "height": 4464, "tags": []}