{"rects": [[[706.8000000000001, 2008.8000000000002, 2957.4, 3586.0800000000004], ["window"]]], "width": 2976, "height": 4464, "tags": []}