{"rects": [[[1595.88, 461.28000000000003, 2949.96, 4025.0400000000004], ["window"]]], "width": 2976, "height": 4464, "tags": []}