{"rects": [[[509.59999999999997, 11.2, 3388.0, 1999.1999999999998], ["window"]], [[431.2, 2144.7999999999997, 3869.6, 4368.0], ["window"]]], "width": 4480, "height": 6720, "tags": []}