{"rects": [[[860.9142857142857, 1036.2857142857142, 2974.937142857143, 2573.177142857143], ["window"]], [[3188.5714285714284, 1307.3142857142857, 4221.668571428571, 2499.84], ["window"]]], "width": 4464, "height": 2976, "tags": []}