{"rects": [[[397.59999999999997, 2430.3999999999996, 3841.6, 6098.4], ["window"]]], "width": 4480, "height": 6720, "tags": []}