{"rects": [[[591.48, 944.88, 1439.64, 1904.64], ["window"]], [[1514.0400000000002, 1807.92, 2321.28, 2685.84], ["window"]], [[494.76000000000005, 3083.88, 1395.0, 4185.0], ["window"]]], "width": 2976, "height": 4464, "tags": []}