{"rects": [[[1371.0857142857144, 653.6571428571428, 3032.3314285714287, 2866.5257142857145], ["window"]]], "width": 4464, "height": 2976, "tags": []}