{"rects": [[[2120.4, 832.2171428571429, 3612.651428571429, 2423.3142857142857], ["door", "shop"]], [[631.3371428571429, 717.4285714285714, 2021.5542857142857, 2404.1828571428573], ["shop", "window"]]], "width": 4464, "height": 2976, "tags": []}