{"rects": [[[1372.0, 560.0, 3393.6, 2318.3999999999996], ["window"]], [[1198.3999999999999, 3953.6, 3315.2, 5874.4], ["window"]]], "width": 4480, "height": 6720, "tags": []}