{"rects": [[[0, 0, 4480, 6720], ["facade"]], [[1881.6, 1181.6, 3903.2, 4261.599999999999], ["window"]], [[95.19999999999999, 1433.6, 1792.0, 3729.6], ["window"]]], "width": 4480, "height": 6720, "tags": []}