{"rects": [[[1231.3200000000002, 669.6, 2793.7200000000003, 2064.6], ["window"]], [[922.5600000000001, 2373.36, 2484.96, 3805.5600000000004], ["window"]]], "width": 2976, "height": 4464, "tags": []}