{"rects": [[[1265.8628571428571, 1339.2, 3574.3885714285716, 2777.2457142857143], ["window"]]], "width": 4464, "height": 2976, "tags": []}