{"rects": [[[519.7371428571429, 787.5771428571429, 3701.9314285714286, 2946.2400000000002], ["window"]]], "width": 4464, "height": 2976, "tags": []}