{"rects": [[[810.96, 2544.48, 2674.6800000000003, 4289.16], ["window"]], [[636.12, 323.64000000000004, 1558.68, 2250.6], ["window"]], [[1566.1200000000001, 230.64000000000001, 2470.08, 2153.88], ["window"]]], "width": 2976, "height": 4464, "tags": []}