{"rects": [[[634.5257142857143, 586.6971428571428, 1517.76, 2745.36], ["shop", "door"]], [[1546.4571428571428, 551.6228571428571, 4046.2971428571427, 2480.7085714285713], ["shop", "window"]]], "width": 4464, "height": 2976, "tags": []}