{"rects": [[[22.32, 248.70857142857142, 3032.3314285714287, 2649.7028571428573], ["window"]]], "width": 4464, "height": 2976, "tags": []}