{"rects": [[[937.44, 2414.28, 2741.6400000000003, 4460.280000000001], ["window"]], [[1008.12, 606.36, 1915.8000000000002, 2090.6400000000003], ["window"]]], "width": 2976, "height": 4464, "tags": []}