{"rects": [[[1428.48, 459.1542857142857, 4030.3542857142857, 2952.617142857143], ["window"]]], "width": 4464, "height": 2976, "tags": []}