{"rects": [[[900.24, 1339.2, 2057.1600000000003, 3630.7200000000003], ["window"]]], "width": 2976, "height": 4464, "tags": []}