{"rects": [[[632.4, 788.64, 2287.8, 2235.7200000000003], ["window"]], [[773.76, 3005.76, 2481.2400000000002, 4322.64], ["window"]]], "width": 2976, "height": 4464, "tags": []}