{"rects": [[[1523.1999999999998, 4592.0, 2508.7999999999997, 6490.4], ["window"]], [[616.0, 4972.799999999999, 1388.8, 6658.4], ["window"]], [[2357.6, 3281.6, 3253.6, 4480.0], ["window"]], [[644.0, 3695.9999999999995, 1388.8, 4877.599999999999], ["window"]], [[694.4, 2732.7999999999997, 1411.1999999999998, 3606.3999999999996], ["window"]], [[1601.6, 2335.2, 2357.6, 3281.6], ["window"]]], "width": 4480, "height": 6720, "tags": []}