{"rects": [[[224.0, 2368.7999999999997, 1360.8, 3975.9999999999995], ["window"]], [[548.8, 1198.3999999999999, 1540.0, 2043.9999999999998], ["window"]], [[1652.0, 979.9999999999999, 3253.6, 1987.9999999999998], ["window"]], [[173.6, 4188.8, 1215.1999999999998, 6221.599999999999], ["window"]], [[1310.3999999999999, 4132.8, 2133.6, 6059.2], ["window"]], [[2312.7999999999997, 2352.0, 3169.6, 3975.9999999999995], ["window"]]], "width": 4480, "height": 6720, "tags": []}