{"rects": [[[312.48, 275.28000000000003, 2179.92, 4460.280000000001], ["window"]]], "width": 2976, "height": 4464, "tags": []}