{"rects": [[[416.64000000000004, 1510.3200000000002, 2734.2000000000003, 4397.04], ["window"]]], "width": 2976, "height": 4464, "tags": []}