{"rects": [[[401.76000000000005, 1201.5600000000002, 2399.4, 3132.2400000000002], ["window"]], [[520.8000000000001, 182.28, 2254.32, 1119.72], ["window"]]], "width": 2976, "height": 4464, "tags": []}