{"rects": [[[1152.0, 1113.6, 4372.8, 3796.7999999999997], ["window", "shop"]], [[4497.599999999999, 1401.6, 5558.4, 4300.8], ["shop", "door"]]], "width": 6720, "height": 4480, "tags": []}