{"rects": [[[907.6800000000001, 2034.8400000000001, 2395.6800000000003, 4173.84], ["window"]]], "width": 2976, "height": 4464, "tags": []}