{"rects": [[[714.24, 1316.88, 2328.7200000000003, 3816.7200000000003], ["window"]]], "width": 2976, "height": 4464, "tags": []}