{"rects": [[[323.64000000000004, 1324.3200000000002, 2425.44, 3976.6800000000003], ["window"]]], "width": 2976, "height": 4464, "tags": []}