{"rects": [[[220.01142857142858, 251.89714285714285, 3800.7771428571427, 2633.76], ["window"]]], "width": 4464, "height": 2976, "tags": []}