{"rects": [[[2273.4514285714286, 784.3885714285715, 2856.96, 2091.7028571428573], ["window"]], [[2882.4685714285715, 717.4285714285714, 3395.8285714285716, 2129.9657142857145], ["window"]], [[985.2685714285715, 73.33714285714285, 1769.6571428571428, 998.0228571428571], ["window"]]], "width": 4464, "height": 2976, "tags": []}