{"rects": [[[100.44000000000001, 859.32, 2767.6800000000003, 4010.1600000000003], ["window"]]], "width": 2976, "height": 4464, "tags": []}