{"rects": [[[173.6, 817.5999999999999, 4059.9999999999995, 6591.2], ["window"]]], "width": 4480, "height": 6720, "tags": []}