{"rects": [[[588.0, 1355.1999999999998, 3516.7999999999997, 2856.0], ["window"]], [[492.79999999999995, 3001.6, 3869.6, 6507.2], ["facade"]], [[1327.1999999999998, 3360.0, 1864.8, 6283.2], ["window"]], [[2363.2, 3455.2, 2973.6, 6216.0], ["window"]]], "width": 4480, "height": 6720, "tags": []}