{"rects": [[[844.44, 822.12, 2194.8, 2209.6800000000003], ["window"]], [[721.6800000000001, 2600.28, 2410.56, 4144.08], ["window"]]], "width": 2976, "height": 4464, "tags": []}