{"rects": [[[1525.2, 2551.92, 2291.52, 3779.52], ["window"]], [[1956.72, 1275.96, 2730.48, 2031.1200000000001], ["window"]], [[1041.6000000000001, 3403.8, 1454.52, 4173.84], ["window"]], [[130.20000000000002, 1633.0800000000002, 792.36, 3002.04], ["window"]], [[44.64, 3258.7200000000003, 877.9200000000001, 4337.52], ["window"]]], "width": 2976, "height": 4464, "tags": []}