{"rects": [[[956.0400000000001, 409.20000000000005, 2403.1200000000003, 1930.68], ["window"]], [[896.5200000000001, 2046.0, 2395.6800000000003, 4225.92], ["window"]]], "width": 2976, "height": 4464, "tags": []}