{"rects": [[[1024.8, 1019.1999999999999, 3046.3999999999996, 2548.0], ["window"]], [[840.0, 2794.3999999999996, 3276.0, 6305.599999999999], ["window"]]], "width": 4480, "height": 6720, "tags": []}