{"rects": [[[1533.702857142857, 1425.2914285714287, 3108.857142857143, 2976], ["window"]], [[1505.0057142857142, 63.77142857142857, 3204.514285714286, 1214.8457142857144], ["window"]]], "width": 4464, "height": 2976, "tags": []}