{"rects": [[[2016.24, 412.92, 2968.56, 1666.5600000000002], ["window"]], [[130.20000000000002, 1908.3600000000001, 2153.88, 3909.7200000000003], ["window"]], [[167.4, 14.88, 1796.76, 1595.88], ["window"]]], "width": 2976, "height": 4464, "tags": []}