{"rects": [[[691.9200000000001, 3.72, 2202.2400000000002, 4359.84], ["window"]]], "width": 2976, "height": 4464, "tags": []}