{"rects": [[[3019.2, 1507.2, 4507.2, 3384.0], ["window"]], [[4617.599999999999, 1401.6, 5640.0, 3868.7999999999997], ["window"]]], "width": 6720, "height": 4480, "tags": []}