{"rects": [[[647.2800000000001, 1380.1200000000001, 2332.44, 4121.76], ["window"]]], "width": 2976, "height": 4464, "tags": []}