{"rects": [[[699.36, 100.44000000000001, 2202.2400000000002, 3002.04], ["window"]]], "width": 2976, "height": 4464, "tags": []}