{"rects": [[[111.60000000000001, 1268.52, 2968.56, 3943.2000000000003], ["window"]]], "width": 2976, "height": 4464, "tags": []}