{"rects": [[[520.8000000000001, 1182.96, 2395.6800000000003, 4080.84], ["window"]]], "width": 2976, "height": 4464, "tags": []}