{"rects": [[[1179.7714285714285, 1170.2057142857143, 3434.0914285714284, 2432.88], ["window"]]], "width": 4464, "height": 2976, "tags": []}