{"rects": [[[531.96, 1900.92, 1610.76, 4285.4400000000005], ["window"]], [[1651.68, 1930.68, 2801.1600000000003, 4263.12], ["window"]]], "width": 2976, "height": 4464, "tags": []}