{"rects": [[[840.72, 427.8, 1953.0, 1833.96], ["window"]], [[1138.3200000000002, 1912.0800000000002, 2295.2400000000002, 3638.1600000000003], ["window"]]], "width": 2976, "height": 4464, "tags": []}