{"rects": [[[128.79999999999998, 2592.7999999999997, 4172.0, 5684.0], ["window"]]], "width": 4480, "height": 6720, "tags": []}