{"rects": [[[48.36, 1629.3600000000001, 2395.6800000000003, 4248.24], ["window"]]], "width": 2976, "height": 4464, "tags": []}