{"rects": [[[11.16, 331.08000000000004, 773.76, 1848.8400000000001], ["window"]], [[829.5600000000001, 2116.6800000000003, 1662.8400000000001, 3716.28], ["door"]], [[2287.8, 2325.0, 2968.56, 3537.7200000000003], ["window"]]], "width": 2976, "height": 4464, "tags": []}