{"rects": [[[455.9657142857143, 443.2114285714286, 3150.3085714285717, 2522.16], ["window"]]], "width": 4464, "height": 2976, "tags": []}