{"rects": [[[137.64000000000001, 1811.64, 2336.1600000000003, 4155.24], ["window"]]], "width": 2976, "height": 4464, "tags": []}