{"rects": [[[1355.142857142857, 1071.3600000000001, 3383.074285714286, 2579.554285714286], ["window"]]], "width": 4464, "height": 2976, "tags": []}