{"rects": [[[290.16, 1476.8400000000001, 2927.6400000000003, 4434.24], ["window"]]], "width": 2976, "height": 4464, "tags": []}