{"rects": [[[11.16, 1171.8, 2953.6800000000003, 4017.6000000000004], ["window"]]], "width": 2976, "height": 4464, "tags": []}