{"rects": [[[669.6, 2276.6400000000003, 2001.3600000000001, 3738.6000000000004], ["window"]], [[595.2, 308.76, 1793.0400000000002, 1770.72], ["window"]]], "width": 2976, "height": 4464, "tags": []}