{"rects": [[[787.5771428571429, 280.5942857142857, 3434.0914285714284, 2898.4114285714286], ["window"]]], "width": 4464, "height": 2976, "tags": []}