{"rects": [[[145.6, 56.0, 2245.6, 2374.3999999999996], ["window"]], [[2156.0, 2391.2, 4256.0, 6300.0], ["window"]], [[89.6, 2430.3999999999996, 2049.6, 6473.599999999999], ["window"]]], "width": 4480, "height": 6720, "tags": []}