{"rects": [[[773.76, 1692.6000000000001, 2291.52, 4188.72], ["window"]], [[859.32, 282.72, 2202.2400000000002, 1275.96], ["window"]]], "width": 2976, "height": 4464, "tags": []}