{"rects": [[[345.96000000000004, 892.8000000000001, 2168.76, 2351.04], ["window"]], [[331.08000000000004, 2362.2000000000003, 2287.8, 4054.8], ["window"]]], "width": 2976, "height": 4464, "tags": []}