{"rects": [[[653.6571428571428, 864.1028571428571, 2738.982857142857, 2474.3314285714287], ["facade"]], [[2872.902857142857, 1064.9828571428573, 3542.502857142857, 2477.52], ["door"]], [[1320.0685714285714, 1195.7142857142858, 1932.2742857142857, 2251.1314285714284], ["window"]]], "width": 4464, "height": 2976, "tags": []}