{"rects": [[[182.28, 1357.8000000000002, 1201.5600000000002, 2611.44], ["window"]], [[81.84, 2700.7200000000003, 1197.8400000000001, 4452.84], ["window"]], [[1227.6000000000001, 1897.2, 2458.92, 4010.1600000000003], ["window"]]], "width": 2976, "height": 4464, "tags": []}