{"rects": [[[475.09714285714284, 526.1142857142858, 2034.3085714285714, 2235.1885714285713], ["window"]], [[2145.9085714285716, 873.6685714285715, 3564.822857142857, 2340.4114285714286], ["window"]]], "width": 4464, "height": 2976, "tags": []}