{"rects": [[[59.52, 714.24, 2607.7200000000003, 4326.360000000001], ["window"]]], "width": 2976, "height": 4464, "tags": []}