{"rects": [[[726.9942857142858, 12.754285714285714, 3670.0457142857144, 813.0857142857143], ["window"]], [[726.9942857142858, 819.4628571428572, 1505.0057142857142, 2700.7200000000003], ["window"]], [[2691.154285714286, 844.9714285714285, 3402.2057142857143, 2675.2114285714288], ["window"]]], "width": 4464, "height": 2976, "tags": []}