{"rects": [[[1000.6800000000001, 3597.2400000000002, 1815.3600000000001, 4460.280000000001], ["window"]], [[1934.4, 2220.84, 2708.1600000000003, 3232.6800000000003], ["window"]], [[1089.96, 1484.28, 1651.68, 2191.08], ["window"]], [[598.9200000000001, 2462.6400000000003, 1011.84, 3388.92], ["window"]]], "width": 2976, "height": 4464, "tags": []}