{"rects": [[[509.64000000000004, 755.1600000000001, 2473.8, 4166.400000000001], ["window"]]], "width": 2976, "height": 4464, "tags": []}