{"rects": [[[825.84, 497.41714285714284, 3701.9314285714286, 1721.8285714285714], ["window"]], [[746.1257142857143, 1909.9542857142858, 3781.6457142857143, 2965.3714285714286], ["window"]]], "width": 4464, "height": 2976, "tags": []}