{"rects": [[[1001.2114285714285, 800.3314285714285, 2742.171428571429, 2589.12], ["window"]]], "width": 4464, "height": 2976, "tags": []}