{"rects": [[[290.16, 111.60000000000001, 2763.96, 1461.96], ["window"]], [[226.92000000000002, 1822.8000000000002, 2976, 3444.7200000000003], ["window"]]], "width": 2976, "height": 4464, "tags": []}