{"rects": [[[940.6285714285715, 401.76, 2697.5314285714285, 2968.56], ["window"]], [[2713.4742857142855, 382.62857142857143, 4390.662857142857, 2943.0514285714285], ["window"]]], "width": 4464, "height": 2976, "tags": []}