{"rects": [[[1610.2285714285715, 1068.1714285714286, 3638.16, 2777.2457142857143], ["window"]]], "width": 4464, "height": 2976, "tags": []}