{"rects": [[[863.0400000000001, 1908.3600000000001, 2648.6400000000003, 4371.0], ["window"]]], "width": 2976, "height": 4464, "tags": []}