{"rects": [[[2486.4, 1075.2, 5908.8, 2078.4], ["window", "shop"]], [[2462.4, 470.4, 4200.0, 1084.8], ["shop", "window"]], [[2428.7999999999997, 2088.0, 6033.599999999999, 2904.0], ["shop", "window"]], [[480.0, 523.1999999999999, 1761.6, 1320.0], ["window", "shop"]], [[398.4, 1387.2, 1891.1999999999998, 2294.4], ["shop", "window"]]], "width": 6720, "height": 4480, "tags": []}