{"rects": [[[825.6, 1334.3999999999999, 3412.7999999999997, 4449.599999999999], ["window"]], [[3792.0, 1660.8, 4660.8, 3964.7999999999997], ["window"]], [[5428.8, 1540.8, 6441.599999999999, 3969.6], ["window"]]], "width": 6720, "height": 4480, "tags": []}