{"rects": [[[52.080000000000005, 2782.56, 1380.1200000000001, 4348.68], ["window"]], [[1461.96, 565.44, 2953.6800000000003, 2016.24], ["window"]]], "width": 2976, "height": 4464, "tags": []}