{"rects": [[[2595.497142857143, 669.6, 4320.5142857142855, 2114.022857142857], ["window"]], [[669.6, 519.7371428571429, 2461.577142857143, 1964.16], ["window"]]], "width": 4464, "height": 2976, "tags": []}