{"rects": [[[710.52, 956.0400000000001, 2782.56, 3653.0400000000004], ["window"]]], "width": 2976, "height": 4464, "tags": []}