{"rects": [[[1434.857142857143, 829.0285714285715, 2423.3142857142857, 2506.217142857143], ["window"]], [[2780.4342857142856, 876.8571428571429, 3912.377142857143, 2509.405714285714], ["window"]]], "width": 4464, "height": 2976, "tags": []}