{"rects": [[[327.36, 1540.0800000000002, 2708.1600000000003, 4456.56], ["window"]]], "width": 2976, "height": 4464, "tags": []}