{"rects": [[[561.72, 18.6, 2001.3600000000001, 1900.92], ["window"]], [[438.96000000000004, 1938.1200000000001, 2165.04, 4344.96], ["window"]]], "width": 2976, "height": 4464, "tags": []}