{"rects": [[[414.4, 879.1999999999999, 2133.6, 2559.2], ["window"]], [[2800.0, 2906.3999999999996, 4205.599999999999, 4776.799999999999], ["window"]]], "width": 4480, "height": 6720, "tags": []}