{"rects": [[[1002.4, 3130.3999999999996, 3180.7999999999997, 6227.2], ["window"]], [[1181.6, 1120.0, 3068.7999999999997, 3052.0], ["window"]]], "width": 4480, "height": 6720, "tags": []}