{"rects": [[[628.6800000000001, 1573.5600000000002, 2715.6000000000004, 3958.0800000000004], ["window"]]], "width": 2976, "height": 4464, "tags": []}