{"rects": [[[141.36, 1242.48, 2462.6400000000003, 3612.1200000000003], ["window"]]], "width": 2976, "height": 4464, "tags": []}