{"rects": [[[935.1999999999999, 39.199999999999996, 3371.2, 3656.7999999999997], ["window"]], [[884.8, 3768.7999999999997, 3343.2, 6518.4], ["window"]]], "width": 4480, "height": 6720, "tags": []}