{"rects": [[[145.08, 1045.3200000000002, 2700.7200000000003, 4199.88], ["window"]]], "width": 2976, "height": 4464, "tags": []}