{"rects": [[[736.5600000000001, 959.7600000000001, 2503.56, 4207.320000000001], ["window"]]], "width": 2976, "height": 4464, "tags": []}