{"rects": [[[306.10285714285715, 1087.3028571428572, 4164.274285714286, 2267.074285714286], ["facade"]], [[1438.0457142857142, 1387.0285714285715, 2343.6, 1986.48], ["window"]], [[2853.7714285714287, 1428.48, 3440.4685714285715, 2094.8914285714286], ["window"]]], "width": 4464, "height": 2976, "tags": []}