{"rects": [[[907.6800000000001, 561.72, 2674.6800000000003, 1990.2], ["window"]], [[803.5200000000001, 2410.56, 2589.1200000000003, 3913.44], ["window"]]], "width": 2976, "height": 4464, "tags": []}