{"rects": [[[431.52000000000004, 2228.28, 1822.8000000000002, 3891.1200000000003], ["window"]], [[364.56, 1142.04, 1447.0800000000002, 2217.12], ["window"]]], "width": 2976, "height": 4464, "tags": []}