{"rects": [[[606.36, 1655.4, 2365.92, 3935.76], ["window"]], [[193.44, 115.32000000000001, 1201.5600000000002, 1647.96], ["window"]]], "width": 2976, "height": 4464, "tags": []}