{"rects": [[[461.28000000000003, 740.2800000000001, 2284.08, 4300.320000000001], ["window"]]], "width": 2976, "height": 4464, "tags": []}