{"rects": [[[70.68, 1387.5600000000002, 2976.0, 4106.88], ["window"]], [[167.4, 7.44, 2734.2000000000003, 1298.28], ["window"]]], "width": 2976, "height": 4464, "tags": []}