{"rects": [[[2395.2, 811.1999999999999, 4104.0, 2256.0], ["window", "shop"]], [[571.1999999999999, 2496.0, 5505.599999999999, 4353.599999999999], ["shop", "facade"]], [[2025.6, 2721.6, 3456.0, 4305.599999999999], ["window", "shop"]]], "width": 6720, "height": 4480, "tags": []}