{"rects": [[[1986.48, 159.42857142857144, 3874.114285714286, 2735.7942857142857], ["window"]], [[264.6514285714286, 494.22857142857146, 1960.9714285714285, 2751.7371428571428], ["window"]]], "width": 4464, "height": 2976, "tags": []}