{"rects": [[[889.08, 2261.76, 2347.32, 3887.4], ["window", "shop"]], [[956.0400000000001, 1134.6000000000001, 1432.2, 2239.44], ["window", "shop"]], [[1752.1200000000001, 1060.2, 2388.2400000000002, 2217.12], ["window", "shop"]]], "width": 2976, "height": 4464, "tags": []}