{"rects": [[[331.08000000000004, 1763.2800000000002, 2622.6000000000004, 4136.64], ["window"]]], "width": 2976, "height": 4464, "tags": []}