{"rects": [[[662.1600000000001, 37.2, 1919.5200000000002, 2072.04], ["window"]], [[669.6, 2581.6800000000003, 2057.1600000000003, 4415.64], ["window"]]], "width": 2976, "height": 4464, "tags": []}