{"rects": [[[4022.3999999999996, 1272.0, 5553.599999999999, 3240.0], ["window"]], [[2217.6, 1507.2, 3772.7999999999997, 3753.6], ["window"]]], "width": 6720, "height": 4480, "tags": []}