{"rects": [[[2343.6, 720.6171428571429, 3207.7028571428573, 2608.2514285714287], ["window"]]], "width": 4464, "height": 2976, "tags": []}