{"rects": [[[613.8000000000001, 1264.8, 2046.0, 2399.4], ["window"]], [[747.72, 2637.48, 2116.6800000000003, 3820.44], ["window"]], [[606.36, 26.040000000000003, 2005.0800000000002, 1060.2], ["window"]]], "width": 2976, "height": 4464, "tags": []}