{"rects": [[[1078.8, 606.36, 2090.6400000000003, 1569.8400000000001], ["window"]], [[784.9200000000001, 1759.5600000000002, 2165.04, 2823.48], ["window"]], [[546.84, 2942.52, 2153.88, 4185.0], ["window"]]], "width": 2976, "height": 4464, "tags": []}