{"rects": [[[115.32000000000001, 107.88000000000001, 2388.2400000000002, 4430.52], ["window"]]], "width": 2976, "height": 4464, "tags": []}