{"rects": [[[0, 0, 2976, 4464], ["facade"]], [[598.9200000000001, 3526.5600000000004, 1536.3600000000001, 4408.2], ["window"]], [[691.9200000000001, 2462.6400000000003, 1967.88, 3333.1200000000003], ["window"]]], "width": 2976, "height": 4464, "tags": []}