{"rects": [[[260.40000000000003, 498.48, 2440.32, 1774.44], ["window"]], [[256.68, 2191.08, 2574.2400000000002, 4099.4400000000005], ["window"]]], "width": 2976, "height": 4464, "tags": []}