{"rects": [[[52.080000000000005, 2801.1600000000003, 1302.0, 4367.280000000001], ["window"]], [[171.12, 1104.8400000000001, 1268.52, 2551.92], ["window"]]], "width": 2976, "height": 4464, "tags": []}