{"rects": [[[1039.4742857142858, 940.6285714285715, 3532.937142857143, 2627.382857142857], ["window"]]], "width": 4464, "height": 2976, "tags": []}