{"rects": [[[2815.5085714285715, 829.0285714285715, 3376.697142857143, 1527.3257142857144], ["window"]], [[2723.04, 1600.662857142857, 3354.377142857143, 2337.2228571428573], ["window"]], [[1013.9657142857143, 947.0057142857142, 1447.6114285714286, 1552.8342857142857], ["window"]], [[162.61714285714285, 1680.3771428571429, 561.1885714285714, 2283.017142857143], ["window"]], [[1358.3314285714287, 2394.617142857143, 1833.4285714285716, 2971.7485714285713], ["window"]], [[2292.5828571428574, 2372.2971428571427, 2796.377142857143, 2976], ["window"]]], "width": 4464, "height": 2976, "tags": []}