{"rects": [[[1725.017142857143, 746.1257142857143, 3625.405714285714, 2738.982857142857], ["window"]]], "width": 4464, "height": 2976, "tags": []}