{"rects": [[[937.44, 2150.1600000000003, 1815.3600000000001, 3976.6800000000003], ["window"]]], "width": 2976, "height": 4464, "tags": []}