{"rects": [[[1461.96, 900.24, 2760.2400000000002, 1740.96], ["window"]], [[308.76, 2057.1600000000003, 1130.88, 3076.44], ["window"]]], "width": 2976, "height": 4464, "tags": []}