{"rects": [[[462.34285714285716, 848.16, 1591.097142857143, 2464.7657142857142], ["window"]], [[1702.6971428571428, 1064.9828571428573, 2531.7257142857143, 2544.48], ["window"]], [[2595.497142857143, 1026.72, 3625.405714285714, 2420.1257142857144], ["window"]]], "width": 4464, "height": 2976, "tags": []}