{"rects": [[[33.599999999999994, 599.1999999999999, 4323.2, 2648.7999999999997], ["window"]], [[28.0, 2671.2, 4396.0, 3796.7999999999997], ["window"]], [[33.599999999999994, 3847.2, 1612.8, 6434.4], ["window"]], [[2660.0, 3813.6, 4177.599999999999, 6484.799999999999], ["window"]], [[1635.1999999999998, 3824.7999999999997, 2643.2, 6445.599999999999], ["door"]]], "width": 4480, "height": 6720, "tags": []}