{"rects": [[[1393.4057142857143, 420.8914285714286, 3472.3542857142857, 2729.417142857143], ["window"]], [[19.13142857142857, 573.9428571428572, 1278.6171428571429, 2821.885714285714], ["window"]]], "width": 4464, "height": 2976, "tags": []}