{"rects": [[[472.44, 331.08000000000004, 2462.6400000000003, 4356.12], ["window"]]], "width": 2976, "height": 4464, "tags": []}