{"rects": [[[223.20000000000002, 1398.72, 2767.6800000000003, 4051.0800000000004], ["window"]]], "width": 2976, "height": 4464, "tags": []}