{"rects": [[[752.5028571428571, 188.12571428571428, 3842.2285714285713, 2962.1828571428573], ["shop", "facade"]], [[2608.2514285714287, 1013.9657142857143, 3654.1028571428574, 1648.4914285714285], ["shop", "window"]], [[1546.4571428571428, 1674.0, 2330.845714285714, 2238.377142857143], ["shop", "window"]]], "width": 4464, "height": 2976, "tags": []}