{"rects": [[[848.1600000000001, 948.6, 2135.28, 2410.56], ["window"]], [[896.5200000000001, 2626.32, 2213.4, 4188.72], ["window"]]], "width": 2976, "height": 4464, "tags": []}