{"rects": [[[5.6, 50.4, 4250.4, 4396.0], ["facade"]], [[2262.3999999999996, 4491.2, 3276.0, 6126.4], ["window"]], [[1836.8, 2340.7999999999997, 3444.0, 3343.2], ["window"]], [[1819.9999999999998, 1108.8, 2895.2, 1758.3999999999999], ["window"]]], "width": 4480, "height": 6720, "tags": []}