{"rects": [[[870.48, 1993.92, 2034.8400000000001, 4460.280000000001], ["window", "shop"]], [[1019.2800000000001, 14.88, 2068.32, 1822.8000000000002], ["window", "shop"]]], "width": 2976, "height": 4464, "tags": []}