{"rects": [[[2050.2514285714287, 1013.9657142857143, 3826.285714285714, 2831.4514285714286], ["window"]], [[9.565714285714286, 1036.2857142857142, 1779.2228571428573, 2812.32], ["window"]]], "width": 4464, "height": 2976, "tags": []}