{"rects": [[[472.44, 1175.52, 2429.1600000000003, 3571.2000000000003], ["window"]]], "width": 2976, "height": 4464, "tags": []}