{"rects": [[[978.36, 1975.3200000000002, 2555.6400000000003, 3876.2400000000002], ["window"]]], "width": 2976, "height": 4464, "tags": []}