{"rects": [[[543.1999999999999, 492.79999999999995, 3141.6, 3365.6], ["window"]], [[280.0, 3455.2, 3152.7999999999997, 6384.0], ["window"]]], "width": 4480, "height": 6720, "tags": []}