{"rects": [[[867.2914285714286, 274.21714285714285, 3491.4857142857145, 2343.6], ["shop", "window"]]], "width": 4464, "height": 2976, "tags": []}