{"rects": [[[345.96000000000004, 319.92, 1860.0, 1912.0800000000002], ["window"]], [[245.52, 1971.6000000000001, 2246.88, 4300.320000000001], ["window"]]], "width": 2976, "height": 4464, "tags": []}