{"rects": [[[1434.857142857143, 1524.1371428571429, 2774.057142857143, 2976], ["window"]], [[3121.6114285714284, 1731.3942857142858, 4412.982857142857, 2856.96], ["window"]]], "width": 4464, "height": 2976, "tags": []}