{"rects": [[[376.25142857142856, 124.35428571428571, 3893.2457142857143, 2949.4285714285716], ["window"]]], "width": 4464, "height": 2976, "tags": []}