{"rects": [[[212.04000000000002, 472.44, 1465.68, 4110.6], ["door"]], [[1484.28, 494.76000000000005, 2964.84, 3530.28], ["window"]]], "width": 2976, "height": 4464, "tags": []}