{"rects": [[[844.44, 424.08000000000004, 2057.1600000000003, 3749.76], ["facade"]], [[896.5200000000001, 2737.92, 1993.92, 3623.28], ["window"]]], "width": 2976, "height": 4464, "tags": []}