{"rects": [[[461.28000000000003, 1383.8400000000001, 2313.84, 4404.4800000000005], ["window"]], [[781.2, 14.88, 2031.1200000000001, 1372.68], ["window"]]], "width": 2976, "height": 4464, "tags": []}