{"rects": [[[985.5999999999999, 1506.3999999999999, 2833.6, 3236.7999999999997], ["window"]], [[2592.7999999999997, 3326.3999999999996, 3695.9999999999995, 4810.4], ["window"]], [[1394.3999999999999, 4877.599999999999, 2671.2, 6384.0], ["window"]]], "width": 4480, "height": 6720, "tags": []}