{"rects": [[[1753.7142857142858, 1664.4342857142858, 3405.3942857142856, 2930.2971428571427], ["window"]]], "width": 4464, "height": 2976, "tags": []}