{"rects": [[[1949.2800000000002, 1692.6000000000001, 2886.7200000000003, 2615.1600000000003], ["window"]], [[624.96, 1521.48, 1488.0, 2425.44], ["window"]], [[1856.2800000000002, 740.2800000000001, 2827.2000000000003, 1614.48], ["window"]]], "width": 2976, "height": 4464, "tags": []}