{"rects": [[[554.28, 792.36, 2127.84, 1967.88], ["window"]], [[2086.92, 1990.2, 2853.2400000000002, 4322.64], ["window"]], [[922.5600000000001, 2142.7200000000003, 2079.48, 4326.360000000001], ["window"]], [[7.44, 2101.8, 874.2, 4430.52], ["window"]]], "width": 2976, "height": 4464, "tags": []}