{"rects": [[[424.08000000000004, 729.12, 2540.76, 4218.4800000000005], ["window"]]], "width": 2976, "height": 4464, "tags": []}