{"rects": [[[902.3657142857143, 1198.902857142857, 2831.4514285714286, 2812.32], ["window"]]], "width": 4464, "height": 2976, "tags": []}