{"rects": [[[48.36, 1160.64, 2574.2400000000002, 3757.2000000000003], ["window"]]], "width": 2976, "height": 4464, "tags": []}