{"rects": [[[1501.817142857143, 1004.4, 2796.377142857143, 2452.0114285714285], ["window"]], [[3714.6857142857143, 1358.3314285714287, 4384.285714285715, 2557.2342857142858], ["window"]]], "width": 4464, "height": 2976, "tags": []}