{"rects": [[[1336.0114285714285, 1071.3600000000001, 3325.68, 2585.9314285714286], ["window"]]], "width": 4464, "height": 2976, "tags": []}