{"rects": [[[398.04, 829.5600000000001, 2667.2400000000002, 3656.76], ["window"]]], "width": 2976, "height": 4464, "tags": []}