{"rects": [[[944.88, 848.1600000000001, 2749.08, 4181.280000000001], ["window"]]], "width": 2976, "height": 4464, "tags": []}