{"rects": [[[1221.2228571428573, 762.0685714285714, 2448.822857142857, 2976], ["window"]], [[2627.382857142857, 797.1428571428571, 3941.074285714286, 2914.3542857142857], ["window"]]], "width": 4464, "height": 2976, "tags": []}