{"rects": [[[11.2, 2581.6, 2262.3999999999996, 6664.0], ["window"]], [[2161.6, 11.2, 4340.0, 2458.3999999999996], ["window"]]], "width": 4480, "height": 6720, "tags": []}