{"rects": [[[1383.8400000000001, 725.4000000000001, 2235.7200000000003, 1677.72], ["window"]], [[1592.16, 2391.96, 2503.56, 3567.48], ["window"]]], "width": 2976, "height": 4464, "tags": []}