{"rects": [[[707.8628571428571, 803.52, 2337.2228571428573, 2499.84], ["window"]], [[2385.0514285714285, 832.2171428571429, 3245.9657142857145, 2939.862857142857], ["door"]]], "width": 4464, "height": 2976, "tags": []}