{"rects": [[[462.34285714285716, 774.8228571428572, 3950.64, 2614.6285714285714], ["facade"]], [[1390.2171428571428, 1549.6457142857143, 2008.8, 2142.7200000000003], ["window"]], [[2216.057142857143, 1332.8228571428572, 3032.3314285714287, 1546.4571428571428], ["window"]], [[621.7714285714286, 1584.72, 1042.662857142857, 1954.5942857142857], ["window"]], [[3226.8342857142857, 1116.0, 3679.6114285714284, 1734.5828571428572], ["window"]]], "width": 4464, "height": 2976, "tags": []}