{"rects": [[[717.96, 1882.3200000000002, 2347.32, 3779.52], ["window"]], [[755.1600000000001, 204.60000000000002, 2317.56, 1506.6000000000001], ["window"]]], "width": 2976, "height": 4464, "tags": []}