{"rects": [[[81.84, 628.6800000000001, 2927.6400000000003, 3824.1600000000003], ["window"]]], "width": 2976, "height": 4464, "tags": []}