{"rects": [[[844.44, 2046.0, 1904.64, 4460.280000000001], ["window"]], [[818.4000000000001, 7.44, 2031.1200000000001, 1874.88], ["window"]]], "width": 2976, "height": 4464, "tags": []}