{"rects": [[[1276.8, 2094.4, 3835.9999999999995, 6288.799999999999], ["window"]]], "width": 4480, "height": 6720, "tags": []}