{"rects": [[[572.88, 1554.96, 2421.7200000000003, 3909.7200000000003], ["window"]]], "width": 2976, "height": 4464, "tags": []}