{"rects": [[[538.8685714285714, 679.1657142857143, 3752.9485714285715, 2585.9314285714286], ["window"]]], "width": 4464, "height": 2976, "tags": []}