{"rects": [[[453.84000000000003, 1495.44, 2782.56, 4036.2000000000003], ["window"]]], "width": 2976, "height": 4464, "tags": []}