{"rects": [[[591.48, 48.36, 2090.6400000000003, 4259.400000000001], ["window"]], [[2213.4, 1856.2800000000002, 2976, 2827.2000000000003], ["window"]]], "width": 2976, "height": 4464, "tags": []}