{"rects": [[[673.32, 1897.2, 2183.6400000000003, 3857.6400000000003], ["window"]]], "width": 2976, "height": 4464, "tags": []}