{"rects": [[[1064.9828571428573, 271.0285714285714, 3532.937142857143, 2668.8342857142857], ["window"]]], "width": 4464, "height": 2976, "tags": []}