{"rects": [[[0, 2313.84, 844.44, 3686.52], ["window"]], [[989.5200000000001, 937.44, 2447.76, 2421.7200000000003], ["window"]], [[1019.2800000000001, 2581.6800000000003, 2596.56, 4318.92], ["window"]]], "width": 2976, "height": 4464, "tags": []}