{"rects": [[[814.6800000000001, 996.96, 2607.7200000000003, 4088.28], ["window"]]], "width": 2976, "height": 4464, "tags": []}