{"rects": [[[688.8, 2156.0, 2604.0, 3953.6], ["window"]], [[2844.7999999999997, 324.79999999999995, 4429.599999999999, 1808.8], ["window"]]], "width": 4480, "height": 6720, "tags": []}