{"rects": [[[714.24, 2042.2800000000002, 2306.4, 4021.32], ["window"]], [[14.88, 658.44, 926.2800000000001, 1495.44], ["window"]]], "width": 2976, "height": 4464, "tags": []}