{"rects": [[[1167.017142857143, 564.3771428571429, 3485.1085714285714, 2652.8914285714286], ["window", "shop"]]], "width": 4464, "height": 2976, "tags": []}