{"rects": [[[1770.72, 732.84, 2682.1200000000003, 2209.6800000000003], ["window"]], [[1711.2, 2451.48, 2845.8, 4173.84], ["window"]], [[327.36, 2808.6000000000004, 1428.48, 4240.8], ["window"]]], "width": 2976, "height": 4464, "tags": []}