{"rects": [[[1024.8, 436.79999999999995, 3382.3999999999996, 2900.7999999999997], ["window"]], [[1002.4, 3024.0, 3690.3999999999996, 6434.4], ["window"]]], "width": 4480, "height": 6720, "tags": []}