{"rects": [[[2515.782857142857, 994.8342857142857, 3874.114285714286, 2678.4], ["window"]], [[803.52, 746.1257142857143, 2429.691428571429, 2375.4857142857145], ["window"]]], "width": 4464, "height": 2976, "tags": []}