{"rects": [[[1198.902857142857, 519.7371428571429, 3561.634285714286, 2436.0685714285714], ["window"]]], "width": 4464, "height": 2976, "tags": []}