{"rects": [[[1478.3999999999999, 1214.3999999999999, 2692.7999999999997, 3945.6], ["window"]], [[2726.4, 1166.3999999999999, 3844.7999999999997, 4248.0], ["door"]], [[3888.0, 988.8, 5174.4, 4056.0], ["window"]]], "width": 6720, "height": 4480, "tags": []}