{"rects": [[[472.44, 1737.24, 1807.92, 2864.4], ["window"]], [[1986.48, 833.2800000000001, 2786.28, 1599.6000000000001], ["window"]]], "width": 2976, "height": 4464, "tags": []}