{"rects": [[[380.79999999999995, 2604.0, 2167.2, 5488.0], ["window"]], [[2262.3999999999996, 2643.2, 3729.6, 5527.2], ["window"]], [[2206.3999999999996, 946.4, 3505.6, 2620.7999999999997], ["window"]], [[498.4, 800.8, 2122.4, 2587.2], ["window"]]], "width": 4480, "height": 6720, "tags": []}