{"rects": [[[1922.7085714285715, 1396.5942857142857, 2726.2285714285713, 2509.405714285714], ["window"]]], "width": 4464, "height": 2976, "tags": []}