{"rects": [[[2200.114285714286, 76.52571428571429, 4275.874285714286, 2311.714285714286], ["window", "shop"]], [[213.6342857142857, 184.93714285714287, 2187.36, 2308.5257142857145], ["window"]]], "width": 4464, "height": 2976, "tags": []}