{"rects": [[[347.2, 33.599999999999994, 3684.7999999999997, 2788.7999999999997], ["window"]], [[56.0, 2833.6, 3925.6, 5583.2], ["window", "shop"]]], "width": 4480, "height": 6720, "tags": []}