{"rects": [[[1683.5657142857144, 1029.9085714285713, 3752.9485714285715, 2735.7942857142857], ["window"]]], "width": 4464, "height": 2976, "tags": []}