{"rects": [[[443.2114285714286, 424.08, 3357.5657142857144, 2703.9085714285716], ["window"]]], "width": 4464, "height": 2976, "tags": []}