{"rects": [[[950.1942857142857, 1304.1257142857144, 2994.0685714285714, 2976], ["window"]], [[2031.1200000000001, 194.50285714285715, 2844.2057142857143, 1103.2457142857143], ["window"]], [[813.0857142857143, 130.73142857142858, 1973.7257142857143, 1119.1885714285715], ["window"]], [[3363.942857142857, 124.35428571428571, 4161.085714285714, 1294.56], ["window"]]], "width": 4464, "height": 2976, "tags": []}