{"rects": [[[1803.1999999999998, 3063.2, 2962.3999999999996, 5521.599999999999], ["window"]], [[1663.1999999999998, 308.0, 2710.3999999999996, 2850.3999999999996], ["window"]]], "width": 4480, "height": 6720, "tags": []}