{"rects": [[[1148.0, 1114.3999999999999, 3449.6, 3908.7999999999997], ["window"]], [[1036.0, 4009.6, 3611.9999999999995, 6227.2], ["window"]]], "width": 4480, "height": 6720, "tags": []}