{"rects": [[[1780.8, 2671.2, 3735.2, 6384.0], ["window"]], [[123.19999999999999, 397.59999999999997, 1819.9999999999998, 2609.6], ["window"]]], "width": 4480, "height": 6720, "tags": []}