{"rects": [[[666.4114285714286, 1036.2857142857142, 1945.0285714285715, 2965.3714285714286], ["window"]], [[2110.8342857142857, 784.3885714285715, 3580.7657142857142, 2879.28], ["window"]]], "width": 4464, "height": 2976, "tags": []}