{"rects": [[[256.68, 1383.8400000000001, 2860.6800000000003, 3883.6800000000003], ["window"]]], "width": 2976, "height": 4464, "tags": []}