{"rects": [[[1080.9257142857143, 286.9714285714286, 3631.782857142857, 2976], ["window"]]], "width": 4464, "height": 2976, "tags": []}