{"rects": [[[388.8, 321.59999999999997, 1617.6, 1982.3999999999999], ["window"]], [[2356.7999999999997, 1737.6, 4824.0, 3864.0], ["window"]]], "width": 6720, "height": 4480, "tags": []}