{"rects": [[[554.4, 1708.0, 3796.7999999999997, 5521.599999999999], ["window"]]], "width": 4480, "height": 6720, "tags": []}