{"rects": [[[1677.72, 784.9200000000001, 2693.28, 2540.76], ["window"]], [[684.48, 1082.52, 1610.76, 2697.0], ["window"]], [[1685.16, 2570.52, 2797.44, 4352.400000000001], ["window"]], [[505.92, 2730.48, 1614.48, 4411.92], ["window"]]], "width": 2976, "height": 4464, "tags": []}