{"rects": [[[1839.8057142857142, 832.2171428571429, 3220.457142857143, 2936.674285714286], ["door"]], [[357.12, 672.7885714285715, 1807.92, 2611.44], ["window"]]], "width": 4464, "height": 2976, "tags": []}