{"rects": [[[673.32, 3158.28, 1975.3200000000002, 4192.4400000000005], ["window"]], [[729.12, 877.9200000000001, 2064.6, 1982.76], ["window"]]], "width": 2976, "height": 4464, "tags": []}