{"rects": [[[427.8, 1439.64, 2514.7200000000003, 3805.5600000000004], ["window"]]], "width": 2976, "height": 4464, "tags": []}