{"rects": [[[1186.1485714285714, 956.5714285714286, 3252.342857142857, 2958.994285714286], ["window"]]], "width": 4464, "height": 2976, "tags": []}