{"rects": [[[3402.2057142857143, 1332.8228571428572, 4390.662857142857, 2777.2457142857143], ["window"]], [[2193.7371428571428, 28.697142857142858, 3217.2685714285712, 1080.9257142857143], ["window"]]], "width": 4464, "height": 2976, "tags": []}