{"rects": [[[747.72, 431.52000000000004, 2708.1600000000003, 4144.08], ["window"]]], "width": 2976, "height": 4464, "tags": []}