{"rects": [[[200.88000000000002, 725.4000000000001, 2447.76, 4222.2], ["window"]]], "width": 2976, "height": 4464, "tags": []}