{"rects": [[[1294.56, 838.5942857142858, 1951.4057142857143, 2672.022857142857], ["door", "shop"]], [[1983.2914285714287, 851.3485714285714, 3357.5657142857144, 2649.7028571428573], ["shop", "window"]]], "width": 4464, "height": 2976, "tags": []}