{"rects": [[[1923.24, 3065.28, 2522.1600000000003, 4043.6400000000003], ["window"]], [[22.32, 3024.36, 665.88, 4188.72], ["window"]], [[1164.3600000000001, 1819.0800000000002, 1897.2, 2894.1600000000003], ["window"]], [[26.040000000000003, 1722.3600000000001, 751.44, 2901.6000000000004], ["window"]]], "width": 2976, "height": 4464, "tags": []}