{"rects": [[[1596.0, 3735.2, 3852.7999999999997, 6372.799999999999], ["window"]], [[1400.0, 1041.6, 4127.2, 3628.7999999999997], ["window"]]], "width": 4480, "height": 6720, "tags": []}