{"rects": [[[1418.9142857142858, 516.5485714285714, 2866.5257142857145, 2783.6228571428574], ["window"]]], "width": 4464, "height": 2976, "tags": []}