{"rects": [[[401.76, 360.30857142857144, 2856.96, 2668.8342857142857], ["window"]]], "width": 4464, "height": 2976, "tags": []}