{"rects": [[[554.28, 1227.6000000000001, 2656.08, 4043.6400000000003], ["window"]]], "width": 2976, "height": 4464, "tags": []}