{"rects": [[[959.76, 1087.3028571428572, 3670.0457142857144, 2518.9714285714285], ["window"]], [[57.394285714285715, 1358.3314285714287, 800.3314285714285, 2694.342857142857], ["window"]]], "width": 4464, "height": 2976, "tags": []}