{"rects": [[[5347.2, 2044.8, 6657.599999999999, 3542.4], ["window"]], [[4296.0, 3561.6, 5280.0, 4464.0], ["window"]], [[129.6, 907.1999999999999, 1358.3999999999999, 2097.6], ["window"]], [[2640.0, 2054.4, 4027.2, 3768.0], ["window"]]], "width": 6720, "height": 4480, "tags": []}