{"rects": [[[181.74857142857144, 12.754285714285714, 1224.4114285714286, 1294.56], ["window"]], [[1297.7485714285715, 1004.4, 2802.7542857142857, 2745.36], ["window"]]], "width": 4464, "height": 2976, "tags": []}