{"rects": [[[1591.097142857143, 1393.4057142857143, 2225.6228571428574, 2668.8342857142857], ["window"]], [[3179.0057142857145, 1288.182857142857, 3985.714285714286, 2614.6285714285714], ["window"]], [[864.1028571428571, 197.69142857142856, 1603.8514285714286, 1179.7714285714285], ["window"]], [[1699.5085714285715, 9.565714285714286, 2349.977142857143, 1131.942857142857], ["window"]]], "width": 4464, "height": 2976, "tags": []}