{"rects": [[[468.72, 1041.6000000000001, 2421.7200000000003, 3809.28], ["window"]]], "width": 2976, "height": 4464, "tags": []}