{"rects": [[[230.64000000000001, 1231.3200000000002, 2604.0, 3641.88], ["window"]]], "width": 2976, "height": 4464, "tags": []}