{"rects": [[[1836.8, 3343.2, 3096.7999999999997, 6176.799999999999], ["door", "shop"]], [[224.0, 3477.6, 1808.8, 6115.2], ["shop", "window"]], [[3119.2, 3371.2, 4031.9999999999995, 6216.0], ["shop", "window"]]], "width": 4480, "height": 6720, "tags": []}