{"rects": [[[286.44, 1867.44, 2693.28, 4233.360000000001], ["window"]], [[803.5200000000001, 208.32000000000002, 2518.44, 1674.0], ["window"]]], "width": 2976, "height": 4464, "tags": []}