{"rects": [[[733.5999999999999, 291.2, 3192.0, 3292.7999999999997], ["window"]]], "width": 4480, "height": 6720, "tags": []}