{"rects": [[[524.52, 1510.3200000000002, 2235.7200000000003, 3638.1600000000003], ["window"]]], "width": 2976, "height": 4464, "tags": []}