{"rects": [[[505.92, 1785.6000000000001, 2258.04, 3824.1600000000003], ["window"]]], "width": 2976, "height": 4464, "tags": []}