{"rects": [[[591.48, 1261.0800000000002, 2522.1600000000003, 4363.56], ["window"]]], "width": 2976, "height": 4464, "tags": []}