{"rects": [[[807.24, 238.08, 2336.1600000000003, 1967.88], ["window"]], [[1045.3200000000002, 2176.2000000000003, 2384.52, 4237.08], ["window"]]], "width": 2976, "height": 4464, "tags": []}