{"rects": [[[1061.7942857142857, 586.6971428571428, 4157.897142857143, 2499.84], ["window"]]], "width": 4464, "height": 2976, "tags": []}