{"rects": [[[204.06857142857143, 220.01142857142858, 3424.5257142857145, 2844.2057142857143], ["window", "shop"]]], "width": 4464, "height": 2976, "tags": []}