{"rects": [[[338.52000000000004, 0, 1640.52, 1525.2], ["window"]], [[1718.64, 7.44, 2949.96, 1514.0400000000002], ["window"]], [[223.20000000000002, 2172.48, 2336.1600000000003, 4363.56], ["window"]]], "width": 2976, "height": 4464, "tags": []}