{"rects": [[[115.32000000000001, 1971.6000000000001, 2763.96, 4307.76], ["window"]]], "width": 2976, "height": 4464, "tags": []}