{"rects": [[[526.1142857142858, 1721.8285714285714, 1715.4514285714286, 2860.1485714285714], ["window"]], [[2254.32, 79.71428571428572, 3214.08, 1272.24], ["window"]]], "width": 4464, "height": 2976, "tags": []}