{"rects": [[[364.56, 784.9200000000001, 2868.1200000000003, 4136.64], ["window"]]], "width": 2976, "height": 4464, "tags": []}