{"rects": [[[2499.84, 599.4514285714286, 3580.7657142857142, 2365.92], ["window"]], [[1520.9485714285715, 593.0742857142857, 2436.0685714285714, 2235.1885714285713], ["window"]], [[468.72, 427.2685714285714, 1434.857142857143, 2149.097142857143], ["window"]]], "width": 4464, "height": 2976, "tags": []}