{"rects": [[[1276.8, 251.99999999999997, 2990.3999999999996, 2189.6], ["window"]], [[1276.8, 2352.0, 3248.0, 6294.4], ["window"]]], "width": 4480, "height": 6720, "tags": []}