{"rects": [[[926.2800000000001, 301.32, 2295.2400000000002, 1480.5600000000002], ["window"]], [[896.5200000000001, 1517.76, 2254.32, 2804.88], ["window"]], [[859.32, 2868.1200000000003, 2306.4, 4237.08], ["window"]]], "width": 2976, "height": 4464, "tags": []}