{"rects": [[[1262.6742857142858, 832.2171428571429, 3676.422857142857, 2432.88], ["window"]]], "width": 4464, "height": 2976, "tags": []}