{"rects": [[[2491.2, 1046.3999999999999, 4617.599999999999, 4440.0], ["window"]], [[288.0, 936.0, 2452.7999999999997, 4363.2], ["window"]]], "width": 6720, "height": 4480, "tags": []}