{"rects": [[[260.40000000000003, 2075.76, 2224.56, 4002.7200000000003], ["window"]]], "width": 2976, "height": 4464, "tags": []}