{"rects": [[[1320.0685714285714, 911.9314285714286, 3140.7428571428572, 2774.057142857143], ["window"]], [[1559.2114285714285, 70.14857142857143, 3054.651428571429, 806.7085714285714], ["window"]]], "width": 4464, "height": 2976, "tags": []}