{"rects": [[[1326.4457142857143, 6.377142857142857, 4068.617142857143, 2955.805714285714], ["window"]]], "width": 4464, "height": 2976, "tags": []}