{"rects": [[[565.5999999999999, 1512.0, 3276.0, 5689.599999999999], ["window"]]], "width": 4480, "height": 6720, "tags": []}