{"rects": [[[598.9200000000001, 1149.48, 1845.1200000000001, 2767.6800000000003], ["window"]], [[535.6800000000001, 2868.1200000000003, 1990.2, 4445.400000000001], ["window"]], [[2239.44, 197.16, 2853.2400000000002, 1361.52], ["window"]]], "width": 2976, "height": 4464, "tags": []}