{"rects": [[[624.96, 55.800000000000004, 2652.36, 1755.8400000000001], ["window"]], [[691.9200000000001, 2310.1200000000003, 2697.0, 4385.88], ["window"]]], "width": 2976, "height": 4464, "tags": []}