{"rects": [[[1015.5600000000001, 1186.68, 2101.8, 4371.0], ["facade"]], [[1156.92, 1387.5600000000002, 1908.3600000000001, 2462.6400000000003], ["window"]], [[1168.0800000000002, 3325.6800000000003, 1934.4, 4326.360000000001], ["window"]]], "width": 2976, "height": 4464, "tags": []}