{"rects": [[[308.0, 1007.9999999999999, 3315.2, 5689.599999999999], ["window"]]], "width": 4480, "height": 6720, "tags": []}