{"rects": [[[2031.1200000000001, 698.2971428571428, 3124.8, 2633.76], ["window"]], [[596.2628571428571, 892.8, 1817.4857142857143, 2656.08], ["window"]]], "width": 4464, "height": 2976, "tags": []}