{"rects": [[[550.5600000000001, 1354.0800000000002, 2380.8, 3954.36], ["window"]]], "width": 2976, "height": 4464, "tags": []}