{"rects": [[[1718.64, 1674.0, 2804.88, 4069.6800000000003], ["window"]], [[446.40000000000003, 1603.3200000000002, 1711.2, 4021.32], ["window"]]], "width": 2976, "height": 4464, "tags": []}