{"rects": [[[863.0400000000001, 1138.3200000000002, 2261.76, 2894.1600000000003], ["window"]], [[892.8000000000001, 290.16, 2098.08, 1008.12], ["window"]]], "width": 2976, "height": 4464, "tags": []}