{"rects": [[[11.16, 1357.8000000000002, 2756.52, 3991.5600000000004], ["window"]]], "width": 2976, "height": 4464, "tags": []}