{"rects": [[[956.0400000000001, 1949.2800000000002, 2027.4, 4237.08], ["window"]], [[844.44, 78.12, 2012.5200000000002, 1703.76], ["window"]]], "width": 2976, "height": 4464, "tags": []}