{"rects": [[[1388.8, 3248.0, 2217.6, 6322.4], ["window"]], [[1943.1999999999998, 935.1999999999999, 2654.3999999999996, 3192.0], ["window"]]], "width": 4480, "height": 6720, "tags": []}