{"rects": [[[1371.0857142857144, 156.24, 2994.0685714285714, 1096.8685714285714], ["window"]], [[2633.76, 1307.3142857142857, 3290.6057142857144, 2349.977142857143], ["window"]], [[589.8857142857142, 1300.9371428571428, 1186.1485714285714, 2621.0057142857145], ["window"]], [[1642.1142857142856, 1278.6171428571429, 2184.171428571429, 2518.9714285714285], ["window"]]], "width": 4464, "height": 2976, "tags": []}