{"rects": [[[688.8, 571.1999999999999, 2693.6, 3158.3999999999996], ["window"]], [[588.0, 3180.7999999999997, 2665.6, 5196.799999999999], ["window"]], [[3091.2, 571.1999999999999, 4099.2, 2990.3999999999996], ["window"]], [[2716.0, 3113.6, 3460.7999999999997, 5314.4], ["window"]]], "width": 4480, "height": 6720, "tags": []}