{"rects": [[[911.9314285714286, 844.9714285714285, 2802.7542857142857, 2812.32], ["window"]]], "width": 4464, "height": 2976, "tags": []}