{"rects": [[[468.72, 1480.5600000000002, 2414.28, 3746.0400000000004], ["window"]]], "width": 2976, "height": 4464, "tags": []}