{"rects": [[[907.1999999999999, 951.9999999999999, 2004.8, 2189.6], ["window"]], [[951.9999999999999, 2441.6, 2413.6, 5880.0], ["window"]]], "width": 4480, "height": 6720, "tags": []}