{"rects": [[[476.16, 70.68, 1674.0, 1625.64], ["window"]], [[405.48, 1692.6000000000001, 1833.96, 3850.2000000000003], ["window"]], [[1733.52, 14.88, 2905.32, 1618.2], ["window"]]], "width": 2976, "height": 4464, "tags": []}