{"rects": [[[725.4000000000001, 2280.36, 2622.6000000000004, 4036.2000000000003], ["window"]], [[963.48, 1067.64, 2038.5600000000002, 2049.7200000000003], ["window"]]], "width": 2976, "height": 4464, "tags": []}