{"rects": [[[1415.7257142857143, 931.0628571428572, 3306.5485714285714, 2624.194285714286], ["window"]]], "width": 4464, "height": 2976, "tags": []}