{"rects": [[[921.4971428571429, 656.8457142857143, 3118.422857142857, 2844.2057142857143], ["window"]]], "width": 4464, "height": 2976, "tags": []}