{"rects": [[[809.8971428571429, 251.89714285714285, 3628.594285714286, 2786.8114285714287], ["window"]]], "width": 4464, "height": 2976, "tags": []}