{"rects": [[[133.92000000000002, 1101.1200000000001, 2704.44, 4326.360000000001], ["window"]]], "width": 2976, "height": 4464, "tags": []}