{"rects": [[[108.41142857142857, 784.3885714285715, 921.4971428571429, 2015.1771428571428], ["window"]], [[1281.8057142857142, 586.6971428571428, 3469.1657142857143, 2582.7428571428572], ["window"]], [[3507.4285714285716, 1160.64, 4428.925714285714, 2318.0914285714284], ["window"]]], "width": 4464, "height": 2976, "tags": []}