{"rects": [[[1272.24, 1197.8400000000001, 2622.6000000000004, 3935.76], ["window"]], [[159.96, 1432.2, 1261.0800000000002, 3887.4], ["window"]]], "width": 2976, "height": 4464, "tags": []}