{"rects": [[[606.36, 1659.1200000000001, 2596.56, 3876.2400000000002], ["window"]]], "width": 2976, "height": 4464, "tags": []}