{"rects": [[[5.6, 2760.7999999999997, 2172.7999999999997, 6568.799999999999], ["window"]], [[2178.3999999999996, 308.0, 4244.8, 2844.7999999999997], ["window"]]], "width": 4480, "height": 6720, "tags": []}