{"rects": [[[524.52, 1045.3200000000002, 2432.88, 2336.1600000000003], ["window"]], [[658.44, 2585.4, 2570.52, 4185.0], ["window"]]], "width": 2976, "height": 4464, "tags": []}