{"rects": [[[1315.2, 1622.3999999999999, 6033.599999999999, 4228.8], ["window"]]], "width": 6720, "height": 4480, "tags": []}