{"rects": [[[457.56, 1387.5600000000002, 2373.36, 3801.84], ["window"]], [[409.20000000000005, 18.6, 1863.72, 1138.3200000000002], ["window"]]], "width": 2976, "height": 4464, "tags": []}