{"rects": [[[1112.8114285714287, 19.13142857142857, 3701.9314285714286, 2681.5885714285714], ["window"]]], "width": 4464, "height": 2976, "tags": []}