{"rects": [[[2290.3999999999996, 0, 3068.7999999999997, 3746.3999999999996], ["window"]], [[3164.0, 3416.0, 4065.6, 6076.0], ["window"]]], "width": 4480, "height": 6720, "tags": []}