{"rects": [[[420.8914285714286, 44.64, 3698.7428571428572, 2901.6], ["window"]]], "width": 4464, "height": 2976, "tags": []}