{"rects": [[[133.92000000000002, 721.6800000000001, 2953.6800000000003, 4147.8], ["window"]]], "width": 2976, "height": 4464, "tags": []}