{"rects": [[[401.76000000000005, 1744.68, 1886.0400000000002, 4166.400000000001], ["window"]], [[260.40000000000003, 52.080000000000005, 1800.48, 1659.1200000000001], ["window"]]], "width": 2976, "height": 4464, "tags": []}