{"rects": [[[1017.1542857142857, 133.92000000000002, 2445.634285714286, 2850.5828571428574], ["window"]], [[2471.1428571428573, 31.885714285714286, 3909.1885714285713, 2923.92], ["window"]]], "width": 4464, "height": 2976, "tags": []}