{"rects": [[[1814.3999999999999, 2144.7999999999997, 2811.2, 3987.2], ["window"]], [[991.1999999999999, 4648.0, 1674.3999999999999, 6059.2], ["window"]], [[39.199999999999996, 3550.3999999999996, 828.8, 5213.599999999999], ["window"]], [[985.5999999999999, 1579.1999999999998, 1584.8, 2688.0], ["window"]], [[1780.8, 319.2, 2665.6, 1853.6], ["window"]]], "width": 4480, "height": 6720, "tags": []}