{"rects": [[[1603.3200000000002, 2585.4, 2890.44, 4389.6], ["window"]], [[189.72, 2868.1200000000003, 1525.2, 4415.64], ["window"]], [[1532.64, 684.48, 2830.92, 1990.2], ["window"]], [[126.48, 651.0, 1357.8000000000002, 2031.1200000000001], ["window"]]], "width": 2976, "height": 4464, "tags": []}