{"rects": [[[1945.5600000000002, 1413.6000000000001, 2961.1200000000003, 4028.76], ["window"]]], "width": 2976, "height": 4464, "tags": []}