{"rects": [[[829.0285714285715, 857.7257142857143, 2831.4514285714286, 2716.6628571428573], ["window"]]], "width": 4464, "height": 2976, "tags": []}