{"rects": [[[360.84000000000003, 453.84000000000003, 2883.0, 4203.6], ["window"]]], "width": 2976, "height": 4464, "tags": []}