{"rects": [[[3395.8285714285716, 1438.0457142857142, 4215.291428571429, 2907.977142857143], ["window"]], [[1198.902857142857, 216.82285714285715, 2404.1828571428573, 2311.714285714286], ["window"]]], "width": 4464, "height": 2976, "tags": []}