{"rects": [[[1170.2057142857143, 962.9485714285714, 4132.388571428572, 2518.9714285714285], ["window"]]], "width": 4464, "height": 2976, "tags": []}