{"rects": [[[576.6, 2451.48, 1841.4, 4147.8], ["window"]], [[1979.0400000000002, 2577.96, 2678.4, 4106.88], ["window"]], [[1644.24, 524.52, 2749.08, 2165.04], ["window"]], [[822.12, 721.6800000000001, 1599.6000000000001, 2261.76], ["window"]], [[3.72, 855.6, 799.8000000000001, 2254.32], ["window"]]], "width": 2976, "height": 4464, "tags": []}