{"rects": [[[212.04000000000002, 1607.0400000000002, 2328.7200000000003, 3682.8], ["window"]]], "width": 2976, "height": 4464, "tags": []}