{"rects": [[[401.76000000000005, 1908.3600000000001, 2719.32, 4185.0], ["window"]], [[528.24, 133.92000000000002, 2410.56, 1744.68], ["window"]]], "width": 2976, "height": 4464, "tags": []}