{"rects": [[[520.8000000000001, 1878.6000000000001, 2105.52, 4121.76], ["window"]], [[2012.5200000000002, 115.32000000000001, 2942.52, 1547.52], ["window"]]], "width": 2976, "height": 4464, "tags": []}