{"rects": [[[1658.057142857143, 551.6228571428571, 3682.8, 2471.1428571428573], ["window"]]], "width": 4464, "height": 2976, "tags": []}