{"rects": [[[1058.6057142857144, 870.48, 3226.8342857142857, 2898.4114285714286], ["window"]]], "width": 4464, "height": 2976, "tags": []}