{"rects": [[[0, 0, 4480, 6720], ["facade"]], [[879.1999999999999, 1360.8, 3550.3999999999996, 3970.3999999999996], ["window"]]], "width": 4480, "height": 6720, "tags": []}