{"rects": [[[895.9885714285714, 1438.0457142857142, 1960.9714285714285, 2955.805714285714], ["window"]], [[2050.2514285714287, 1648.4914285714285, 2872.902857142857, 2976], ["window"]], [[3217.2685714285712, 70.14857142857143, 4062.2400000000002, 1262.6742857142858], ["window"]]], "width": 4464, "height": 2976, "tags": []}