{"rects": [[[312.48, 959.7600000000001, 2388.2400000000002, 4092.0], ["window"]]], "width": 2976, "height": 4464, "tags": []}