{"rects": [[[829.5600000000001, 2339.88, 2663.52, 3727.44], ["window"]], [[684.48, 200.88000000000002, 2659.8, 1134.6000000000001], ["window"]]], "width": 2976, "height": 4464, "tags": []}