{"rects": [[[442.68, 1949.2800000000002, 2455.2000000000003, 4155.24], ["door"]]], "width": 2976, "height": 4464, "tags": []}