{"rects": [[[937.44, 796.08, 2641.2000000000003, 2403.1200000000003], ["window"]], [[695.64, 2723.04, 2600.28, 4222.2], ["window"]]], "width": 2976, "height": 4464, "tags": []}