{"rects": [[[772.8, 2884.0, 2402.3999999999996, 4468.799999999999], ["window"]], [[2520.0, 1775.1999999999998, 3830.3999999999996, 3024.0], ["window"]], [[2856.0, 4849.599999999999, 4272.8, 6344.799999999999], ["window"]]], "width": 4480, "height": 6720, "tags": []}