{"rects": [[[283.78285714285715, 793.9542857142857, 1884.4457142857143, 2687.9657142857145], ["window"]], [[2279.8285714285716, 854.5371428571428, 3784.8342857142857, 2643.325714285714], ["window"]]], "width": 4464, "height": 2976, "tags": []}