{"rects": [[[481.59999999999997, 1859.1999999999998, 3690.3999999999996, 4300.799999999999], ["window"]], [[173.6, 50.4, 1103.1999999999998, 1736.0], ["window"]], [[1232.0, 67.19999999999999, 2430.3999999999996, 1730.3999999999999], ["window"]], [[448.0, 4384.799999999999, 2060.7999999999997, 6372.799999999999], ["window"]]], "width": 4480, "height": 6720, "tags": []}