{"rects": [[[223.20000000000002, 1004.4000000000001, 2633.76, 3772.0800000000004], ["window"]]], "width": 2976, "height": 4464, "tags": []}