{"rects": [[[2091.7028571428573, 1131.942857142857, 3064.217142857143, 2783.6228571428574], ["window"]], [[1045.8514285714286, 1131.942857142857, 2005.6114285714286, 2872.902857142857], ["window"]]], "width": 4464, "height": 2976, "tags": []}