{"rects": [[[127.54285714285714, 905.5542857142857, 1253.1085714285714, 2936.674285714286], ["window"]], [[1782.4114285714286, 1237.1657142857143, 2943.0514285714285, 2834.64], ["window"]], [[3306.5485714285714, 1116.0, 4400.228571428572, 2774.057142857143], ["window"]]], "width": 4464, "height": 2976, "tags": []}