{"rects": [[[784.3885714285715, 1444.422857142857, 2700.7200000000003, 2783.6228571428574], ["window"]]], "width": 4464, "height": 2976, "tags": []}