{"rects": [[[293.88, 662.1600000000001, 2548.2000000000003, 4244.52], ["window"]]], "width": 2976, "height": 4464, "tags": []}