{"rects": [[[81.84, 1566.1200000000001, 2436.6, 4322.64], ["window"]], [[725.4000000000001, 33.480000000000004, 2574.2400000000002, 1316.88], ["window"]]], "width": 2976, "height": 4464, "tags": []}