{"rects": [[[788.64, 2953.6800000000003, 1495.44, 3850.2000000000003], ["window"]], [[1621.92, 2723.04, 2313.84, 3638.1600000000003], ["window"]], [[877.9200000000001, 1848.8400000000001, 1558.68, 2633.76], ["window"]], [[1659.1200000000001, 1718.64, 2362.2000000000003, 2444.04], ["window"]]], "width": 2976, "height": 4464, "tags": []}