{"rects": [[[479.88000000000005, 1261.0800000000002, 2168.76, 3716.28], ["window"]]], "width": 2976, "height": 4464, "tags": []}