{"rects": [[[683.1999999999999, 750.4, 4295.2, 3130.3999999999996], ["window"]], [[772.8, 3287.2, 4362.4, 6468.0], ["window"]]], "width": 4480, "height": 6720, "tags": []}