{"rects": [[[1253.1085714285714, 168.99428571428572, 3073.782857142857, 2943.0514285714285], ["window"]]], "width": 4464, "height": 2976, "tags": []}