{"rects": [[[491.04, 334.8, 4087.7485714285713, 2732.6057142857144], ["window"]]], "width": 4464, "height": 2976, "tags": []}