{"rects": [[[349.68, 2209.6800000000003, 1502.88, 4348.68], ["window"]], [[1484.28, 275.28000000000003, 2723.04, 2012.5200000000002], ["window"]]], "width": 2976, "height": 4464, "tags": []}