{"rects": [[[44.64, 66.96000000000001, 2894.1600000000003, 1034.16], ["window"]], [[107.88000000000001, 1130.88, 2760.2400000000002, 3749.76], ["window"]]], "width": 2976, "height": 4464, "tags": []}