{"rects": [[[1686.7542857142857, 733.3714285714286, 3730.6285714285714, 2601.8742857142856], ["window"]], [[1865.3142857142857, 9.565714285714286, 3596.7085714285713, 691.92], ["window"]]], "width": 4464, "height": 2976, "tags": []}