{"rects": [[[171.12, 572.88, 2615.1600000000003, 4274.280000000001], ["window"]]], "width": 2976, "height": 4464, "tags": []}