{"rects": [[[706.8000000000001, 89.28, 2298.96, 1979.0400000000002], ["window"]], [[554.28, 2243.1600000000003, 2313.84, 4400.76], ["window"]]], "width": 2976, "height": 4464, "tags": []}