{"rects": [[[784.0, 806.4, 3466.3999999999996, 3365.6], ["window"]], [[705.5999999999999, 3970.3999999999996, 3225.6, 6484.799999999999], ["window"]]], "width": 4480, "height": 6720, "tags": []}