{"rects": [[[2085.325714285714, 1562.4, 2592.3085714285717, 2340.4114285714286], ["door"]], [[2847.3942857142856, 790.7657142857142, 3456.4114285714286, 1556.0228571428572], ["door"]], [[1284.9942857142858, 1001.2114285714285, 1916.3314285714287, 2324.4685714285715], ["door"]], [[2098.08, 54.205714285714286, 2464.7657142857142, 921.4971428571429], ["door"]]], "width": 4464, "height": 2976, "tags": []}