{"rects": [[[716.8, 22.4, 3203.2, 2990.3999999999996], ["window"]], [[688.8, 3080.0, 3639.9999999999995, 6557.599999999999], ["window"]]], "width": 4480, "height": 6720, "tags": []}