{"rects": [[[796.08, 1938.1200000000001, 2362.2000000000003, 3932.0400000000004], ["window"]], [[651.0, 93.0, 2351.04, 1744.68], ["window"]]], "width": 2976, "height": 4464, "tags": []}