{"rects": [[[838.5942857142858, 599.4514285714286, 2831.4514285714286, 2040.6857142857143], ["window"]], [[2958.994285714286, 819.4628571428572, 4135.5771428571425, 2027.9314285714286], ["window"]]], "width": 4464, "height": 2976, "tags": []}