{"rects": [[[1230.7885714285715, 15.942857142857143, 2576.365714285714, 1192.5257142857142], ["window"]], [[251.89714285714285, 1348.7657142857142, 1817.4857142857143, 2726.2285714285713], ["window"]], [[2043.8742857142856, 1160.64, 4074.994285714286, 2356.3542857142857], ["window"]]], "width": 4464, "height": 2976, "tags": []}