{"rects": [[[1625.64, 107.88000000000001, 2868.1200000000003, 2001.3600000000001], ["window"]], [[1603.3200000000002, 2075.76, 2894.1600000000003, 4192.4400000000005], ["window"]]], "width": 2976, "height": 4464, "tags": []}