{"rects": [[[911.4000000000001, 1945.5600000000002, 2343.6, 3928.32], ["window"]], [[714.24, 3.72, 2648.6400000000003, 1610.76], ["window"]]], "width": 2976, "height": 4464, "tags": []}