{"rects": [[[107.88000000000001, 662.1600000000001, 2711.88, 4248.24], ["window"]]], "width": 2976, "height": 4464, "tags": []}