{"rects": [[[1569.6, 1358.3999999999999, 3192.0, 4137.599999999999], ["window"]], [[3556.7999999999997, 1454.3999999999999, 5256.0, 4171.2], ["window"]]], "width": 6720, "height": 4480, "tags": []}