{"rects": [[[873.5999999999999, 4177.599999999999, 2945.6, 6484.799999999999], ["window"]], [[940.8, 16.799999999999997, 2335.2, 2066.4], ["window"]], [[912.8, 2088.7999999999997, 2346.3999999999996, 4076.7999999999997], ["window"]], [[2878.3999999999996, 251.99999999999997, 4452.0, 2077.6], ["window"]], [[2805.6, 2234.3999999999996, 4474.4, 4009.6], ["window"]]], "width": 4480, "height": 6720, "tags": []}