{"rects": [[[1719.1999999999998, 1052.8, 2284.7999999999997, 2346.3999999999996], ["window"]], [[330.4, 2189.6, 1120.0, 3046.3999999999996], ["window"]], [[1601.6, 2682.3999999999996, 2318.3999999999996, 4642.4], ["window"]], [[84.0, 3891.9999999999995, 912.8, 6020.0], ["window"]], [[2940.0, 2021.6, 3645.6, 2984.7999999999997], ["window"]]], "width": 4480, "height": 6720, "tags": []}