{"rects": [[[200.88000000000002, 829.5600000000001, 2726.76, 3865.0800000000004], ["window"]]], "width": 2976, "height": 4464, "tags": []}