{"rects": [[[241.8, 933.72, 2827.2000000000003, 3746.0400000000004], ["window"]]], "width": 2976, "height": 4464, "tags": []}