{"rects": [[[892.8000000000001, 14.88, 2403.1200000000003, 4181.280000000001], ["window"]]], "width": 2976, "height": 4464, "tags": []}