{"rects": [[[1160.64, 2276.6400000000003, 2548.2000000000003, 3920.88], ["window"]]], "width": 2976, "height": 4464, "tags": []}