{"rects": [[[762.6, 1484.28, 2213.4, 2767.6800000000003], ["window"]], [[617.52, 2804.88, 2354.76, 4233.360000000001], ["window"]]], "width": 2976, "height": 4464, "tags": []}