{"rects": [[[768.4457142857143, 714.24, 2053.44, 2397.805714285714], ["window"]], [[2292.5828571428574, 806.7085714285714, 3634.9714285714285, 2464.7657142857142], ["window"]]], "width": 4464, "height": 2976, "tags": []}