{"rects": [[[864.1028571428571, 500.60571428571427, 3083.3485714285716, 2601.8742857142856], ["window"]]], "width": 4464, "height": 2976, "tags": []}