{"rects": [[[535.6800000000001, 1979.0400000000002, 2581.6800000000003, 3820.44], ["window"]], [[424.08000000000004, 89.28, 2280.36, 1540.0800000000002], ["window"]]], "width": 2976, "height": 4464, "tags": []}