{"rects": [[[369.59999999999997, 879.1999999999999, 1875.9999999999998, 2637.6], ["window"]], [[1971.1999999999998, 2441.6, 3516.7999999999997, 4138.4], ["window"]], [[341.59999999999997, 4485.599999999999, 1853.6, 6300.0], ["window"]]], "width": 4480, "height": 6720, "tags": []}