{"rects": [[[788.64, 2291.52, 2644.92, 4192.4400000000005], ["window"]], [[755.1600000000001, 394.32, 2659.8, 2086.92], ["window"]]], "width": 2976, "height": 4464, "tags": []}