{"rects": [[[226.92000000000002, 442.68, 2462.6400000000003, 2332.44], ["window"]], [[267.84000000000003, 2548.2000000000003, 2719.32, 4166.400000000001], ["window"]]], "width": 2976, "height": 4464, "tags": []}