{"rects": [[[1654.8685714285714, 1033.097142857143, 3644.537142857143, 2078.9485714285715], ["window"]]], "width": 4464, "height": 2976, "tags": []}