{"rects": [[[182.28, 18.6, 2574.2400000000002, 1826.5200000000002], ["window"]], [[104.16000000000001, 1852.5600000000002, 2637.48, 4411.92], ["window"]]], "width": 2976, "height": 4464, "tags": []}