{"rects": [[[1546.4571428571428, 736.5600000000001, 3402.2057142857143, 2522.16], ["window"]], [[54.205714285714286, 978.8914285714286, 1233.9771428571428, 2531.7257142857143], ["window"]]], "width": 4464, "height": 2976, "tags": []}