{"rects": [[[790.7657142857142, 972.5142857142857, 1973.7257142857143, 2844.2057142857143], ["window"]], [[2260.697142857143, 931.0628571428572, 3325.68, 2761.302857142857], ["window"]]], "width": 4464, "height": 2976, "tags": []}