{"rects": [[[762.6, 539.4, 2265.48, 1789.3200000000002], ["window"]], [[703.08, 2019.96, 2317.56, 3132.2400000000002], ["window"]]], "width": 2976, "height": 4464, "tags": []}