{"rects": [[[726.9942857142858, 730.1828571428572, 3536.1257142857144, 2490.2742857142857], ["window"]]], "width": 4464, "height": 2976, "tags": []}