{"rects": [[[1131.1999999999998, 420.0, 3203.2, 1612.8], ["window"]], [[828.8, 4435.2, 3505.6, 6333.599999999999], ["window"]]], "width": 4480, "height": 6720, "tags": []}