{"rects": [[[424.08000000000004, 476.16, 2354.76, 1953.0], ["window"]], [[364.56, 2217.12, 2607.7200000000003, 4203.6], ["window"]]], "width": 2976, "height": 4464, "tags": []}