{"rects": [[[946.4, 560.0, 3220.0, 2984.7999999999997], ["window"]], [[806.4, 3242.3999999999996, 3270.3999999999996, 5868.799999999999], ["window"]]], "width": 4480, "height": 6720, "tags": []}