{"rects": [[[159.96, 569.1600000000001, 1919.5200000000002, 4371.0], ["window"]]], "width": 2976, "height": 4464, "tags": []}