{"rects": [[[660.0342857142857, 915.12, 3469.1657142857143, 2694.342857142857], ["window"]]], "width": 4464, "height": 2976, "tags": []}