{"rects": [[[1204.8, 940.8, 2640.0, 4185.599999999999], ["window", "shop"]], [[2908.7999999999997, 1291.2, 4195.2, 4464.0], ["door", "shop"]], [[4478.4, 921.5999999999999, 5942.4, 4257.599999999999], ["window", "shop"]]], "width": 6720, "height": 4480, "tags": []}