{"rects": [[[587.76, 52.080000000000005, 2518.44, 4445.400000000001], ["window"]]], "width": 2976, "height": 4464, "tags": []}