{"rects": [[[401.76000000000005, 353.40000000000003, 941.1600000000001, 1212.72], ["window"]], [[2202.2400000000002, 1964.16, 2886.7200000000003, 3039.2400000000002], ["window"]], [[1212.72, 930.0, 2027.4, 2153.88], ["window"]]], "width": 2976, "height": 4464, "tags": []}