{"rects": [[[599.4514285714286, 440.02285714285716, 2560.422857142857, 2413.7485714285713], ["window"]], [[2825.074285714286, 733.3714285714286, 4259.931428571429, 2439.2571428571428], ["window"]]], "width": 4464, "height": 2976, "tags": []}