{"rects": [[[561.72, 1666.5600000000002, 1595.88, 4437.96], ["window"]], [[1711.2, 1767.0, 2760.2400000000002, 4452.84], ["window"]]], "width": 2976, "height": 4464, "tags": []}