{"rects": [[[2284.7999999999997, 1372.8, 5208.0, 3672.0], ["window"]], [[9.6, 312.0, 1017.5999999999999, 2155.2], ["window"]]], "width": 6720, "height": 4480, "tags": []}