{"rects": [[[1358.3314285714287, 1339.2, 2716.6628571428573, 2738.982857142857], ["window"]]], "width": 4464, "height": 2976, "tags": []}