{"rects": [[[967.2, 2574.2400000000002, 1960.44, 4025.0400000000004], ["window"]], [[1424.76, 658.44, 2313.84, 2466.36], ["window"]]], "width": 2976, "height": 4464, "tags": []}