{"rects": [[[156.24, 989.5200000000001, 2462.6400000000003, 3679.0800000000004], ["window"]]], "width": 2976, "height": 4464, "tags": []}