{"rects": [[[1377.6, 4087.9999999999995, 2973.6, 6148.799999999999], ["window"]], [[1428.0, 1030.3999999999999, 4015.2, 2436.0], ["window"]]], "width": 4480, "height": 6720, "tags": []}