{"rects": [[[599.4514285714286, 621.7714285714286, 3826.285714285714, 2748.5485714285714], ["window"]]], "width": 4464, "height": 2976, "tags": []}