{"rects": [[[1339.2, 994.8342857142857, 3277.8514285714286, 2847.3942857142856], ["window"]]], "width": 4464, "height": 2976, "tags": []}