{"rects": [[[2273.4514285714286, 1313.6914285714286, 4033.542857142857, 2608.2514285714287], ["window"]], [[1447.6114285714286, 580.32, 2075.76, 1390.2171428571428], ["window"]], [[19.13142857142857, 1463.5542857142857, 1788.7885714285715, 2585.9314285714286], ["window"]]], "width": 4464, "height": 2976, "tags": []}