{"rects": [[[673.32, 1949.2800000000002, 2254.32, 4084.5600000000004], ["window"]]], "width": 2976, "height": 4464, "tags": []}