{"rects": [[[85.56, 941.1600000000001, 2790.0, 3865.0800000000004], ["window"]]], "width": 2976, "height": 4464, "tags": []}