{"rects": [[[51.01714285714286, 660.0342857142857, 1144.6971428571428, 2914.3542857142857], ["window"]], [[2318.0914285714284, 927.8742857142857, 3325.68, 2914.3542857142857], ["window"]], [[3395.8285714285716, 857.7257142857143, 4409.794285714286, 2723.04], ["window"]]], "width": 4464, "height": 2976, "tags": []}