{"rects": [[[941.1600000000001, 792.36, 2269.2000000000003, 4255.68], ["window"]]], "width": 2976, "height": 4464, "tags": []}