{"rects": [[[1819.0800000000002, 2205.96, 2678.4, 3351.7200000000003], ["window"]], [[1171.8, 200.88000000000002, 1904.64, 1417.3200000000002], ["window"]], [[1919.5200000000002, 55.800000000000004, 2711.88, 1149.48], ["window"]]], "width": 2976, "height": 4464, "tags": []}