{"rects": [[[66.96000000000001, 360.30857142857144, 4368.342857142858, 2585.9314285714286], ["window"]]], "width": 4464, "height": 2976, "tags": []}