{"rects": [[[750.4, 3046.3999999999996, 3158.3999999999996, 5941.599999999999], ["window"]]], "width": 4480, "height": 6720, "tags": []}