{"rects": [[[461.28000000000003, 1863.72, 2626.32, 4237.08], ["window"]], [[606.36, 14.88, 2455.2000000000003, 1633.0800000000002], ["window"]]], "width": 2976, "height": 4464, "tags": []}