{"rects": [[[216.82285714285715, 924.6857142857143, 2436.0685714285714, 2646.514285714286], ["window"]]], "width": 4464, "height": 2976, "tags": []}