{"rects": [[[841.7828571428572, 711.0514285714286, 2774.057142857143, 2901.6], ["window"]]], "width": 4464, "height": 2976, "tags": []}