{"rects": [[[994.8342857142857, 774.8228571428572, 3721.0628571428574, 2624.194285714286], ["window"]]], "width": 4464, "height": 2976, "tags": []}