{"rects": [[[29.76, 338.52000000000004, 2901.6000000000004, 3898.5600000000004], ["window"]]], "width": 2976, "height": 4464, "tags": []}