{"rects": [[[825.84, 1599.6000000000001, 1990.2, 2481.2400000000002], ["window"]], [[677.0400000000001, 2589.1200000000003, 2421.7200000000003, 3969.2400000000002], ["window"]]], "width": 2976, "height": 4464, "tags": []}