{"rects": [[[944.88, 226.92000000000002, 2596.56, 4404.4800000000005], ["facade"]], [[1461.96, 1882.3200000000002, 2105.52, 3255.0], ["window"]]], "width": 2976, "height": 4464, "tags": []}