{"rects": [[[503.99999999999994, 28.0, 3623.2, 2732.7999999999997], ["window"]], [[565.5999999999999, 2895.2, 3791.2, 6344.799999999999], ["window"]]], "width": 4480, "height": 6720, "tags": []}