{"rects": [[[438.96000000000004, 1383.8400000000001, 2503.56, 4069.6800000000003], ["window"]]], "width": 2976, "height": 4464, "tags": []}