{"rects": [[[308.76, 989.5200000000001, 2574.2400000000002, 4359.84], ["window"]]], "width": 2976, "height": 4464, "tags": []}