{"rects": [[[1272.24, 784.9200000000001, 2496.1200000000003, 2295.2400000000002], ["window"]], [[48.36, 2697.0, 1361.52, 4229.64], ["window"]]], "width": 2976, "height": 4464, "tags": []}