{"rects": [[[2200.114285714286, 695.1085714285714, 3446.845714285714, 2503.0285714285715], ["window"]], [[832.2171428571429, 436.8342857142857, 2114.022857142857, 2260.697142857143], ["window"]]], "width": 4464, "height": 2976, "tags": []}