{"rects": [[[293.3485714285714, 838.5942857142858, 4234.4228571428575, 2847.3942857142856], ["window"]]], "width": 4464, "height": 2976, "tags": []}