{"rects": [[[799.8000000000001, 2682.1200000000003, 2127.84, 4367.280000000001], ["window"]], [[922.5600000000001, 1153.2, 2049.7200000000003, 2477.52], ["window"]]], "width": 2976, "height": 4464, "tags": []}