{"rects": [[[345.96000000000004, 405.48, 2894.1600000000003, 4385.88], ["window"]]], "width": 2976, "height": 4464, "tags": []}