{"rects": [[[951.9999999999999, 3998.3999999999996, 2430.3999999999996, 5157.599999999999], ["window"]], [[67.19999999999999, 3119.2, 739.1999999999999, 4116.0], ["window"]]], "width": 4480, "height": 6720, "tags": []}