{"rects": [[[478.2857142857143, 787.5771428571429, 3880.4914285714285, 2780.4342857142856], ["window"]]], "width": 4464, "height": 2976, "tags": []}