{"rects": [[[967.2, 1149.48, 2146.44, 2511.0], ["window"]], [[896.5200000000001, 2626.32, 2153.88, 3831.6000000000004], ["window"]]], "width": 2976, "height": 4464, "tags": []}