{"rects": [[[503.99999999999994, 1075.1999999999998, 4424.0, 6092.799999999999], ["window"]]], "width": 4480, "height": 6720, "tags": []}