{"rects": [[[230.39999999999998, 2270.4, 2428.7999999999997, 4084.7999999999997], ["window"]], [[528.0, 590.4, 2390.4, 1910.3999999999999], ["window"]]], "width": 6720, "height": 4480, "tags": []}