{"rects": [[[78.12, 1543.8000000000002, 2670.96, 4326.360000000001], ["window"]]], "width": 2976, "height": 4464, "tags": []}