{"rects": [[[502.20000000000005, 643.5600000000001, 2127.84, 4426.8], ["window"]]], "width": 2976, "height": 4464, "tags": []}