{"rects": [[[1138.32, 455.9657142857143, 2381.862857142857, 2518.9714285714285], ["window"]], [[2592.3085714285717, 1026.72, 3583.9542857142856, 2732.6057142857144], ["window"]]], "width": 4464, "height": 2976, "tags": []}