{"rects": [[[200.88000000000002, 1328.04, 1543.8000000000002, 4240.8], ["window"]], [[1640.52, 751.44, 2830.92, 3786.96], ["window"]]], "width": 2976, "height": 4464, "tags": []}