{"rects": [[[1086.24, 1703.76, 2094.36, 3165.7200000000003], ["window"]], [[48.36, 2607.7200000000003, 770.0400000000001, 3887.4], ["window"]]], "width": 2976, "height": 4464, "tags": []}