{"rects": [[[639.84, 673.32, 2492.4, 2254.32], ["window"]], [[487.32000000000005, 2473.8, 2484.96, 4069.6800000000003], ["window"]]], "width": 2976, "height": 4464, "tags": []}