{"rects": [[[2735.7942857142857, 682.3542857142858, 3941.074285714286, 2582.7428571428572], ["window"]], [[701.4857142857143, 784.3885714285715, 1791.9771428571428, 2573.177142857143], ["window"]], [[1823.8628571428571, 784.3885714285715, 2719.8514285714286, 2544.48], ["window"]]], "width": 4464, "height": 2976, "tags": []}