{"rects": [[[215.76000000000002, 1722.3600000000001, 2577.96, 3954.36], ["window"]]], "width": 2976, "height": 4464, "tags": []}