{"rects": [[[33.480000000000004, 208.32000000000002, 2957.4, 4460.280000000001], ["window"]]], "width": 2976, "height": 4464, "tags": []}