{"rects": [[[148.8, 1227.6000000000001, 2559.36, 3924.6000000000004], ["window"]]], "width": 2976, "height": 4464, "tags": []}