{"rects": [[[257.59999999999997, 2884.0, 2968.0, 6714.4], ["window"]], [[302.4, 554.4, 2038.3999999999999, 2716.0], ["window"]], [[2055.2, 554.4, 3639.9999999999995, 2732.7999999999997], ["window"]]], "width": 4480, "height": 6720, "tags": []}