{"rects": [[[907.6800000000001, 223.20000000000002, 2339.88, 4356.12], ["window"]]], "width": 2976, "height": 4464, "tags": []}