{"rects": [[[833.2800000000001, 401.76000000000005, 2109.2400000000002, 2451.48], ["window"]], [[796.08, 2737.92, 2150.1600000000003, 4315.2], ["window"]]], "width": 2976, "height": 4464, "tags": []}