{"rects": [[[1300.9371428571428, 644.0914285714285, 3204.514285714286, 2672.022857142857], ["window"]]], "width": 4464, "height": 2976, "tags": []}