{"rects": [[[736.5600000000001, 1953.0, 2414.28, 4356.12], ["door"]], [[851.88, 111.60000000000001, 2150.1600000000003, 1871.16], ["door"]]], "width": 2976, "height": 4464, "tags": []}