{"rects": [[[2352.0, 2699.2, 3595.2, 4267.2], ["window"]], [[772.8, 4272.8, 2128.0, 5768.0], ["window"]], [[996.8, 324.79999999999995, 2128.0, 1332.8], ["window"]], [[761.5999999999999, 1478.3999999999999, 2116.7999999999997, 2632.0], ["window"]]], "width": 4480, "height": 6720, "tags": []}