{"rects": [[[453.84000000000003, 1581.0, 2217.12, 3746.0400000000004], ["window"]]], "width": 2976, "height": 4464, "tags": []}