{"rects": [[[1450.3999999999999, 1265.6, 3236.7999999999997, 3628.7999999999997], ["window"]], [[1573.6, 4087.9999999999995, 3354.3999999999996, 6697.599999999999], ["window"]]], "width": 4480, "height": 6720, "tags": []}