{"rects": [[[766.32, 989.5200000000001, 2254.32, 2395.6800000000003], ["window"]], [[639.84, 2860.6800000000003, 2470.08, 4423.08], ["window"]]], "width": 2976, "height": 4464, "tags": []}