{"rects": [[[725.4000000000001, 2418.0, 2756.52, 4069.6800000000003], ["window"]], [[885.36, 1554.96, 2209.6800000000003, 2325.0], ["window"]], [[978.36, 509.64000000000004, 2019.96, 952.32], ["window"]], [[903.96, 982.08, 2239.44, 1517.76], ["window"]]], "width": 2976, "height": 4464, "tags": []}