{"rects": [[[1316.88, 385.81714285714287, 3379.885714285714, 2758.114285714286], ["window"]]], "width": 4464, "height": 2976, "tags": []}