{"rects": [[[721.6800000000001, 974.6400000000001, 2410.56, 4352.400000000001], ["window"]]], "width": 2976, "height": 4464, "tags": []}