{"rects": [[[650.4685714285714, 682.3542857142858, 2088.514285714286, 2834.64], ["window"]], [[2203.302857142857, 736.5600000000001, 3542.502857142857, 2828.2628571428572], ["window"]]], "width": 4464, "height": 2976, "tags": []}