{"rects": [[[461.28000000000003, 1607.0400000000002, 2306.4, 4185.0], ["window"]]], "width": 2976, "height": 4464, "tags": []}