{"rects": [[[61.599999999999994, 2732.7999999999997, 1814.3999999999999, 6367.2], ["window"]], [[1814.3999999999999, 2738.3999999999996, 3343.2, 6098.4], ["window"]], [[1797.6, 16.799999999999997, 3169.6, 2402.3999999999996], ["window"]], [[319.2, 28.0, 1803.1999999999998, 2682.3999999999996], ["window"]]], "width": 4480, "height": 6720, "tags": []}