{"rects": [[[1042.662857142857, 905.5542857142857, 3615.84, 2518.9714285714285], ["window", "shop"]]], "width": 4464, "height": 2976, "tags": []}