{"rects": [[[1299.1999999999998, 923.9999999999999, 2990.3999999999996, 3371.2], ["window"]], [[1237.6, 3606.3999999999996, 3382.3999999999996, 6591.2], ["window"]]], "width": 4480, "height": 6720, "tags": []}