{"rects": [[[1013.5999999999999, 56.0, 3124.7999999999997, 6714.4], ["facade"]], [[2083.2, 856.8, 3113.6, 2861.6], ["window"]], [[1080.8, 3695.9999999999995, 3113.6, 4844.0], ["window"]]], "width": 4480, "height": 6720, "tags": []}