{"rects": [[[750.4, 33.599999999999994, 3376.7999999999997, 2329.6], ["window"]], [[537.5999999999999, 2598.3999999999996, 3326.3999999999996, 4681.599999999999], ["window"]]], "width": 4480, "height": 6720, "tags": []}