{"rects": [[[162.39999999999998, 2424.7999999999997, 3623.2, 6445.599999999999], ["window"]]], "width": 4480, "height": 6720, "tags": []}