{"rects": [[[613.8000000000001, 427.8, 2514.7200000000003, 2325.0], ["window"]], [[502.20000000000005, 2693.28, 2511.0, 4330.08], ["window"]]], "width": 2976, "height": 4464, "tags": []}