{"rects": [[[1479.497142857143, 666.4114285714286, 3874.114285714286, 2640.137142857143], ["window"]]], "width": 4464, "height": 2976, "tags": []}