{"rects": [[[509.64000000000004, 137.64000000000001, 2496.1200000000003, 1889.76], ["window"]], [[375.72, 2094.36, 2711.88, 3850.2000000000003], ["window"]]], "width": 2976, "height": 4464, "tags": []}