{"rects": [[[927.8742857142857, 210.4457142857143, 4059.0514285714285, 2585.9314285714286], ["window"]]], "width": 4464, "height": 2976, "tags": []}