{"rects": [[[777.48, 1316.88, 1789.3200000000002, 2618.88], ["window"]], [[654.72, 2633.76, 1956.72, 3932.0400000000004], ["window"]]], "width": 2976, "height": 4464, "tags": []}