{"rects": [[[921.4971428571429, 1026.72, 3048.2742857142857, 2614.6285714285714], ["window"]]], "width": 4464, "height": 2976, "tags": []}