{"rects": [[[636.12, 2127.84, 2176.2000000000003, 4266.84], ["window"]], [[524.52, 334.8, 2109.2400000000002, 1435.92], ["window"]]], "width": 2976, "height": 4464, "tags": []}