{"rects": [[[2632.0, 4508.0, 3628.7999999999997, 5852.0], ["window"]], [[1019.1999999999999, 1668.8, 1931.9999999999998, 3147.2], ["window"]], [[1909.6, 2598.3999999999996, 2615.2, 4552.799999999999], ["window"]], [[2570.3999999999996, 806.4, 3388.0, 1668.8], ["window"]]], "width": 4480, "height": 6720, "tags": []}