{"rects": [[[133.92000000000002, 770.0400000000001, 2246.88, 2618.88], ["window"]]], "width": 2976, "height": 4464, "tags": []}