{"rects": [[[1249.92, 583.5085714285715, 3462.7885714285717, 2483.897142857143], ["window"]]], "width": 4464, "height": 2976, "tags": []}