{"rects": [[[610.08, 1662.8400000000001, 2317.56, 4110.6], ["window"]], [[770.0400000000001, 119.04, 2153.88, 1588.44], ["window"]]], "width": 2976, "height": 4464, "tags": []}