{"rects": [[[803.5200000000001, 803.5200000000001, 2232.0, 4304.04], ["window"]]], "width": 2976, "height": 4464, "tags": []}