{"rects": [[[946.4, 968.8, 2839.2, 3595.2], ["door"]], [[3040.7999999999997, 1159.1999999999998, 4373.599999999999, 3214.3999999999996], ["door"]], [[1080.8, 3903.2, 2800.0, 4827.2], ["door"]]], "width": 4480, "height": 6720, "tags": []}