{"rects": [[[1120.0, 2301.6, 3270.3999999999996, 4138.4], ["window"]], [[1075.1999999999998, 4256.0, 3455.2, 6428.799999999999], ["window"]]], "width": 4480, "height": 6720, "tags": []}