{"rects": [[[1275.4285714285716, 538.8685714285714, 2758.114285714286, 2544.48], ["window"]]], "width": 4464, "height": 2976, "tags": []}