{"rects": [[[1302.0, 1912.0800000000002, 2644.92, 3876.2400000000002], ["window"]], [[145.08, 2079.48, 1275.96, 3954.36], ["window"]]], "width": 2976, "height": 4464, "tags": []}