{"rects": [[[3288.0, 1416.0, 4593.599999999999, 4094.3999999999996], ["door", "shop"]], [[4632.0, 1555.2, 5894.4, 3792.0], ["shop", "window"]], [[2035.1999999999998, 1497.6, 3259.2, 3840.0], ["shop", "window"]], [[916.8, 1569.6, 2011.1999999999998, 3772.7999999999997], ["shop", "window"]]], "width": 6720, "height": 4480, "tags": []}