{"rects": [[[1674.0, 628.1485714285715, 3564.822857142857, 2569.9885714285715], ["window"]]], "width": 4464, "height": 2976, "tags": []}