{"rects": [[[1766.3999999999999, 1272.0, 4713.599999999999, 4480], ["window"]]], "width": 6720, "height": 4480, "tags": []}