{"rects": [[[844.44, 167.4, 2551.92, 2109.2400000000002], ["window"]], [[1008.12, 2496.1200000000003, 2563.08, 4229.64], ["window"]]], "width": 2976, "height": 4464, "tags": []}