{"rects": [[[81.84, 762.6, 2369.6400000000003, 3783.2400000000002], ["window"]]], "width": 2976, "height": 4464, "tags": []}