{"rects": [[[1271.1999999999998, 112.0, 2721.6, 2212.0], ["window"]], [[1092.0, 4205.599999999999, 2654.3999999999996, 6507.2], ["window"]]], "width": 4480, "height": 6720, "tags": []}