{"rects": [[[3.72, 1387.5600000000002, 2864.4, 3783.2400000000002], ["window"]]], "width": 2976, "height": 4464, "tags": []}