{"rects": [[[669.6, 25.50857142857143, 3577.577142857143, 2946.2400000000002], ["window"]]], "width": 4464, "height": 2976, "tags": []}