{"rects": [[[1696.32, 1090.4914285714285, 2850.5828571428574, 2892.034285714286], ["window"]], [[2968.56, 1103.2457142857143, 4145.142857142857, 2837.8285714285716], ["window"]], [[130.73142857142858, 1077.7371428571428, 1492.2514285714285, 2809.1314285714284], ["window"]]], "width": 4464, "height": 2976, "tags": []}