{"rects": [[[230.64000000000001, 1912.0800000000002, 2354.76, 3980.4], ["window"]]], "width": 2976, "height": 4464, "tags": []}