{"rects": [[[409.20000000000005, 1004.4000000000001, 2845.8, 4065.96], ["window"]]], "width": 2976, "height": 4464, "tags": []}