{"rects": [[[807.24, 1986.48, 1670.2800000000002, 3336.84], ["window"]], [[2001.3600000000001, 2507.28, 2719.32, 3463.32], ["window"]]], "width": 2976, "height": 4464, "tags": []}