{"rects": [[[886.4228571428572, 0, 3548.88, 2853.7714285714287], ["window"]]], "width": 4464, "height": 2976, "tags": []}