{"rects": [[[721.6800000000001, 453.84000000000003, 1599.6000000000001, 2172.48], ["window"]], [[1618.2, 398.04, 2585.4, 2031.1200000000001], ["window"]], [[665.88, 2194.8, 1558.68, 4080.84], ["window"]], [[1607.0400000000002, 2079.48, 2577.96, 4010.1600000000003], ["window"]]], "width": 2976, "height": 4464, "tags": []}