{"rects": [[[538.8685714285714, 1371.0857142857144, 1626.1714285714286, 2589.12], ["window"]], [[1744.1485714285714, 1447.6114285714286, 2821.885714285714, 2621.0057142857145], ["window"]], [[2869.714285714286, 1390.2171428571428, 3950.64, 2589.12], ["window"]]], "width": 4464, "height": 2976, "tags": []}