{"rects": [[[1259.4857142857143, 322.04571428571427, 3363.942857142857, 2719.8514285714286], ["window"]]], "width": 4464, "height": 2976, "tags": []}