{"rects": [[[2122.4, 229.6, 2990.3999999999996, 2996.0], ["window"]], [[2133.6, 3057.6, 3180.7999999999997, 5448.799999999999], ["window"]], [[1332.8, 3035.2, 2077.6, 5628.0], ["window"]], [[1394.3999999999999, 627.1999999999999, 2010.3999999999999, 2928.7999999999997], ["window"]], [[44.8, 436.79999999999995, 1288.0, 3264.7999999999997], ["window"]]], "width": 4480, "height": 6720, "tags": []}