{"rects": [[[279.0, 1238.76, 2127.84, 2682.1200000000003], ["window"]], [[215.76000000000002, 2745.36, 2421.7200000000003, 4415.64], ["window"]], [[286.44, 0, 2057.1600000000003, 1171.8], ["window"]]], "width": 2976, "height": 4464, "tags": []}