{"rects": [[[639.84, 353.40000000000003, 2351.04, 1882.3200000000002], ["window"]], [[479.88000000000005, 2313.84, 2399.4, 3887.4], ["window"]]], "width": 2976, "height": 4464, "tags": []}