{"rects": [[[1383.1999999999998, 2766.3999999999996, 3852.7999999999997, 6434.4], ["window"]]], "width": 4480, "height": 6720, "tags": []}