{"rects": [[[509.64000000000004, 468.72, 2574.2400000000002, 4352.400000000001], ["window"]]], "width": 2976, "height": 4464, "tags": []}