{"rects": [[[1491.72, 941.1600000000001, 2648.6400000000003, 2429.1600000000003], ["window"]], [[1439.64, 2566.8, 2704.44, 4032.48], ["window"]]], "width": 2976, "height": 4464, "tags": []}