{"rects": [[[796.08, 624.96, 2403.1200000000003, 2325.0], ["window"]], [[810.96, 2418.0, 2540.76, 4393.320000000001], ["window"]]], "width": 2976, "height": 4464, "tags": []}