{"rects": [[[520.8000000000001, 1543.8000000000002, 2421.7200000000003, 3868.8], ["window"]]], "width": 2976, "height": 4464, "tags": []}