{"rects": [[[1755.8400000000001, 1636.8000000000002, 2592.84, 4185.0], ["window"]]], "width": 2976, "height": 4464, "tags": []}