{"rects": [[[93.0, 1670.2800000000002, 2741.6400000000003, 4274.280000000001], ["window"]]], "width": 2976, "height": 4464, "tags": []}