{"rects": [[[1711.2, 550.5600000000001, 2827.2000000000003, 1953.0], ["window"]], [[714.24, 2183.6400000000003, 1711.2, 3772.0800000000004], ["window"]], [[1785.6000000000001, 2384.52, 2737.92, 3846.48], ["window"]], [[691.9200000000001, 312.48, 1655.4, 1767.0], ["window"]]], "width": 2976, "height": 4464, "tags": []}