{"rects": [[[959.7600000000001, 2339.88, 2436.6, 4222.2], ["window"]], [[803.5200000000001, 777.48, 1923.24, 2165.04], ["window"]]], "width": 2976, "height": 4464, "tags": []}