{"rects": [[[1441.2342857142858, 685.5428571428572, 3379.885714285714, 2678.4], ["window"]]], "width": 4464, "height": 2976, "tags": []}