{"rects": [[[892.8000000000001, 2466.36, 2611.44, 4452.84], ["window"]], [[911.4000000000001, 550.5600000000001, 1599.6000000000001, 2332.44], ["window"]]], "width": 2976, "height": 4464, "tags": []}