{"rects": [[[509.64000000000004, 1599.6000000000001, 2726.76, 3965.52], ["window"]]], "width": 2976, "height": 4464, "tags": []}