{"rects": [[[576.6, 1681.44, 1599.6000000000001, 4389.6], ["window"]], [[1636.8000000000002, 1696.3200000000002, 2663.52, 4411.92], ["window"]]], "width": 2976, "height": 4464, "tags": []}