{"rects": [[[420.8914285714286, 660.0342857142857, 2206.4914285714285, 2442.4457142857145], ["window"]], [[2764.4914285714285, 784.3885714285715, 4374.72, 2426.502857142857], ["window"]]], "width": 4464, "height": 2976, "tags": []}