{"rects": [[[145.08, 1733.52, 2697.0, 4106.88], ["window"]], [[186.0, 152.52, 2641.2000000000003, 1447.0800000000002], ["window"]]], "width": 2976, "height": 4464, "tags": []}