{"rects": [[[394.32, 1845.1200000000001, 2544.48, 4460.280000000001], ["window"]]], "width": 2976, "height": 4464, "tags": []}