{"rects": [[[223.20000000000002, 1547.52, 2615.1600000000003, 4452.84], ["window"]]], "width": 2976, "height": 4464, "tags": []}