{"rects": [[[929.5999999999999, 2520.0, 3768.7999999999997, 6580.0], ["window"]]], "width": 4480, "height": 6720, "tags": []}