{"rects": [[[4737.599999999999, 1046.3999999999999, 5870.4, 4267.2], ["door", "shop"]], [[950.4, 964.8, 3796.7999999999997, 4166.4], ["door", "shop"]]], "width": 6720, "height": 4480, "tags": []}