{"rects": [[[546.84, 1383.8400000000001, 2682.1200000000003, 3708.84], ["window"]]], "width": 2976, "height": 4464, "tags": []}