{"rects": [[[517.08, 1819.0800000000002, 1350.3600000000001, 3563.76], ["window"]], [[468.72, 145.08, 1175.52, 1677.72], ["window"]], [[1205.28, 260.40000000000003, 2031.1200000000001, 1789.3200000000002], ["window"]]], "width": 2976, "height": 4464, "tags": []}