{"rects": [[[517.08, 1633.0800000000002, 2310.1200000000003, 4088.28], ["window"]]], "width": 2976, "height": 4464, "tags": []}