{"rects": [[[2057.1600000000003, 1908.3600000000001, 2927.6400000000003, 2938.8], ["window"]], [[1860.0, 520.8000000000001, 2838.36, 1525.2], ["window"]], [[859.32, 2127.84, 1934.4, 3154.56], ["window"]]], "width": 2976, "height": 4464, "tags": []}