{"rects": [[[1351.9542857142858, 931.0628571428572, 3191.76, 2318.0914285714284], ["window"]]], "width": 4464, "height": 2976, "tags": []}