{"rects": [[[3040.7999999999997, 873.5999999999999, 4480, 3007.2], ["window"]], [[2038.3999999999999, 2794.3999999999996, 3035.2, 5140.799999999999], ["window"]], [[1164.8, 2923.2, 1982.3999999999999, 5174.4], ["window"]]], "width": 4480, "height": 6720, "tags": []}