{"rects": [[[1472.8, 3942.3999999999996, 3309.6, 5644.799999999999], ["window"]]], "width": 4480, "height": 6720, "tags": []}