{"rects": [[[621.5999999999999, 2195.2, 3701.6, 3903.2], ["window"]], [[627.1999999999999, 3914.3999999999996, 3690.3999999999996, 5566.4], ["window"]], [[403.2, 806.4, 3707.2, 2004.8], ["window"]]], "width": 4480, "height": 6720, "tags": []}