{"rects": [[[360.84000000000003, 1231.3200000000002, 2659.8, 3686.52], ["window"]]], "width": 2976, "height": 4464, "tags": []}