{"rects": [[[800.3314285714285, 943.8171428571429, 3198.137142857143, 2557.2342857142858], ["window"]]], "width": 4464, "height": 2976, "tags": []}