{"rects": [[[226.92000000000002, 1551.24, 2142.7200000000003, 3999.0], ["window"]]], "width": 2976, "height": 4464, "tags": []}