{"rects": [[[725.4000000000001, 1733.52, 2663.52, 3932.0400000000004], ["window"]], [[758.88, 0, 2432.88, 1577.28], ["window"]]], "width": 2976, "height": 4464, "tags": []}