{"rects": [[[248.70857142857142, 491.04, 3762.514285714286, 2611.44], ["window"]]], "width": 4464, "height": 2976, "tags": []}