{"rects": [[[577.1314285714286, 484.66285714285715, 4020.7885714285717, 2452.0114285714285], ["window"]]], "width": 4464, "height": 2976, "tags": []}