{"rects": [[[740.2800000000001, 740.2800000000001, 2168.76, 2146.44], ["window"]], [[669.6, 2332.44, 2481.2400000000002, 4188.72], ["window"]]], "width": 2976, "height": 4464, "tags": []}