{"rects": [[[2139.5314285714285, 1087.3028571428572, 3497.862857142857, 2480.7085714285713], ["window"]], [[966.1371428571429, 1116.0, 2075.76, 2385.0514285714285], ["window"]]], "width": 4464, "height": 2976, "tags": []}