{"rects": [[[181.74857142857144, 554.8114285714286, 2161.8514285714286, 2356.3542857142857], ["window"]], [[2825.074285714286, 1218.0342857142857, 4441.68, 2611.44], ["window"]]], "width": 4464, "height": 2976, "tags": []}