{"rects": [[[1075.0800000000002, 1625.64, 2589.1200000000003, 4296.6], ["window"]]], "width": 2976, "height": 4464, "tags": []}