{"rects": [[[558.0, 940.6285714285715, 2375.4857142857145, 2729.417142857143], ["window"]], [[2541.2914285714287, 816.2742857142857, 3998.4685714285715, 2617.8171428571427], ["window"]]], "width": 4464, "height": 2976, "tags": []}