{"rects": [[[956.0400000000001, 2391.96, 2217.12, 3813.0], ["window"]], [[52.080000000000005, 1205.28, 900.24, 2209.6800000000003], ["window"]]], "width": 2976, "height": 4464, "tags": []}