{"rects": [[[784.9200000000001, 2354.76, 1566.1200000000001, 3824.1600000000003], ["window"]], [[688.2, 316.2, 1383.8400000000001, 2172.48], ["window"]]], "width": 2976, "height": 4464, "tags": []}