{"rects": [[[873.6685714285715, 832.2171428571429, 1498.6285714285714, 2445.634285714286], ["window"]]], "width": 4464, "height": 2976, "tags": []}