{"rects": [[[417.70285714285717, 797.1428571428571, 1418.9142857142858, 2936.674285714286], ["window"]], [[1441.2342857142858, 809.8971428571429, 3096.1028571428574, 2952.617142857143], ["door"]], [[3108.857142857143, 774.8228571428572, 4090.937142857143, 2946.2400000000002], ["window"]]], "width": 4464, "height": 2976, "tags": []}