{"rects": [[[660.0342857142857, 800.3314285714285, 3727.44, 2976], ["window"]]], "width": 4464, "height": 2976, "tags": []}