{"rects": [[[33.599999999999994, 1859.1999999999998, 3438.3999999999996, 6277.599999999999], ["window", "shop"]]], "width": 4480, "height": 6720, "tags": []}