{"rects": [[[133.92000000000002, 301.32, 2708.1600000000003, 4315.2], ["window"]]], "width": 2976, "height": 4464, "tags": []}