{"rects": [[[1524.1371428571429, 1291.3714285714286, 2423.3142857142857, 2646.514285714286], ["window"]], [[2770.8685714285716, 1339.2, 3877.302857142857, 2748.5485714285714], ["window"]], [[602.64, 1269.0514285714287, 1466.7428571428572, 2796.377142857143], ["door"]]], "width": 4464, "height": 2976, "tags": []}