{"rects": [[[3253.6, 2475.2, 4345.599999999999, 4194.4], ["window"]], [[3292.7999999999997, 4687.2, 4468.799999999999, 6048.0], ["window"]], [[1657.6, 4228.0, 2906.3999999999996, 6305.599999999999], ["window"]], [[1674.3999999999999, 2273.6, 2906.3999999999996, 3959.2], ["window"]], [[1377.6, 117.6, 2856.0, 2027.1999999999998], ["window"]]], "width": 4480, "height": 6720, "tags": []}