{"rects": [[[2011.1999999999998, 1104.0, 6691.2, 2428.7999999999997], ["window"]]], "width": 6720, "height": 4480, "tags": []}