{"rects": [[[111.60000000000001, 1156.92, 2358.48, 3853.92], ["window"]], [[1138.3200000000002, 126.48, 2135.28, 993.24], ["window"]]], "width": 2976, "height": 4464, "tags": []}