{"rects": [[[369.59999999999997, 1002.4, 2676.7999999999997, 3192.0], ["window"]]], "width": 4480, "height": 6720, "tags": []}