{"rects": [[[1127.16, 2648.6400000000003, 2853.2400000000002, 4036.2000000000003], ["window"]]], "width": 2976, "height": 4464, "tags": []}