{"rects": [[[988.4571428571429, 398.57142857142856, 3612.651428571429, 2397.805714285714], ["window"]]], "width": 4464, "height": 2976, "tags": []}