{"rects": [[[313.59999999999997, 1954.3999999999999, 2800.0, 6098.4], ["window"]]], "width": 4480, "height": 6720, "tags": []}