{"rects": [[[1534.3999999999999, 2408.0, 3746.3999999999996, 5880.0], ["window", "shop"]], [[268.79999999999995, 2688.0, 1551.1999999999998, 6294.4], ["shop", "door"]]], "width": 4480, "height": 6720, "tags": []}