{"rects": [[[1215.1999999999998, 901.5999999999999, 3029.6, 3035.2], ["window"]], [[1265.6, 3102.3999999999996, 3253.6, 5762.4], ["window"]]], "width": 4480, "height": 6720, "tags": []}