{"rects": [[[829.5600000000001, 2328.7200000000003, 1484.28, 4092.0], ["window"]], [[810.96, 926.2800000000001, 1473.1200000000001, 2246.88], ["window"]]], "width": 2976, "height": 4464, "tags": []}