{"rects": [[[364.8, 52.8, 4156.8, 4449.599999999999], ["window", "shop"]], [[4204.8, 1161.6, 5716.8, 4444.8], ["shop", "door"]], [[4204.8, 129.6, 5793.599999999999, 1156.8], ["shop", "window"]]], "width": 6720, "height": 4480, "tags": []}