{"rects": [[[658.44, 2142.7200000000003, 1964.16, 4225.92], ["window"]], [[338.52000000000004, 174.84, 2064.6, 1811.64], ["window"]]], "width": 2976, "height": 4464, "tags": []}