{"rects": [[[859.32, 215.76000000000002, 2362.2000000000003, 1454.52], ["window"]], [[889.08, 1540.0800000000002, 2403.1200000000003, 2901.6000000000004], ["window"]], [[535.6800000000001, 3202.92, 2343.6, 4445.400000000001], ["window"]]], "width": 2976, "height": 4464, "tags": []}