{"rects": [[[1127.16, 1045.3200000000002, 2391.96, 2894.1600000000003], ["window"]], [[212.04000000000002, 487.32000000000005, 1060.2, 1480.5600000000002], ["window"]], [[44.64, 1621.92, 982.08, 3251.28], ["window"]]], "width": 2976, "height": 4464, "tags": []}