{"rects": [[[1889.76, 561.72, 2767.6800000000003, 1674.0], ["window"]], [[238.08, 2042.2800000000002, 2388.2400000000002, 3827.88], ["window"]]], "width": 2976, "height": 4464, "tags": []}