{"rects": [[[271.56, 465.0, 2845.8, 1971.6000000000001], ["window"]], [[342.24, 2139.0, 2775.1200000000003, 3999.0], ["window"]]], "width": 2976, "height": 4464, "tags": []}