{"rects": [[[301.32, 2150.1600000000003, 2589.1200000000003, 4237.08], ["window"]], [[234.36, 11.16, 2708.1600000000003, 1666.5600000000002], ["window"]]], "width": 2976, "height": 4464, "tags": []}