{"rects": [[[2116.7999999999997, 4031.9999999999995, 3572.7999999999997, 5353.599999999999], ["window"]]], "width": 4480, "height": 6720, "tags": []}