{"rects": [[[334.8, 2031.1200000000001, 1595.88, 3894.84], ["window"]], [[1659.1200000000001, 2060.88, 2656.08, 3883.6800000000003], ["window"]]], "width": 2976, "height": 4464, "tags": []}