{"rects": [[[315.66857142857145, 168.99428571428572, 1667.6228571428571, 2777.2457142857143], ["window"]], [[1986.48, 267.84000000000003, 3025.9542857142856, 1973.7257142857143], ["window"]]], "width": 4464, "height": 2976, "tags": []}