{"rects": [[[163.68, 1227.6000000000001, 2961.1200000000003, 4084.5600000000004], ["window"]]], "width": 2976, "height": 4464, "tags": []}