{"rects": [[[606.36, 18.6, 1696.3200000000002, 1019.2800000000001], ["window"]], [[372.0, 1160.64, 1822.8000000000002, 2596.56], ["window"]], [[334.8, 2689.56, 1871.16, 4419.360000000001], ["window"]]], "width": 2976, "height": 4464, "tags": []}