{"rects": [[[72.8, 2094.4, 3516.7999999999997, 6512.799999999999], ["window"]]], "width": 4480, "height": 6720, "tags": []}