{"rects": [[[1243.5428571428572, 38.26285714285714, 3003.634285714286, 1179.7714285714285], ["window"]], [[2286.2057142857143, 1316.88, 3660.48, 2812.32], ["window"]], [[1635.7371428571428, 1387.0285714285715, 2228.8114285714287, 2837.8285714285716], ["window"]]], "width": 4464, "height": 2976, "tags": []}