{"rects": [[[1635.7371428571428, 551.6228571428571, 3759.325714285714, 2821.885714285714], ["window"]], [[373.0628571428571, 631.3371428571429, 1514.5714285714287, 2636.9485714285715], ["window"]]], "width": 4464, "height": 2976, "tags": []}