{"rects": [[[455.9657142857143, 15.942857142857143, 1916.3314285714287, 953.3828571428571], ["window"]], [[1814.297142857143, 1192.5257142857142, 3823.097142857143, 2585.9314285714286], ["window"]]], "width": 4464, "height": 2976, "tags": []}