{"rects": [[[308.76, 1387.5600000000002, 2511.0, 3969.2400000000002], ["window"]]], "width": 2976, "height": 4464, "tags": []}