{"rects": [[[550.5600000000001, 1662.8400000000001, 2596.56, 3455.88], ["window"]]], "width": 2976, "height": 4464, "tags": []}