{"rects": [[[814.6800000000001, 1707.48, 2734.2000000000003, 4389.6], ["window"]], [[818.4000000000001, 7.44, 2685.84, 1662.8400000000001], ["window"]]], "width": 2976, "height": 4464, "tags": []}