{"rects": [[[119.04, 1666.5600000000002, 2176.2000000000003, 4460.280000000001], ["window"]]], "width": 2976, "height": 4464, "tags": []}