{"rects": [[[1068.1714285714286, 962.9485714285714, 3127.9885714285715, 2812.32], ["window"]]], "width": 4464, "height": 2976, "tags": []}