{"rects": [[[1986.48, 538.8685714285714, 3277.8514285714286, 2834.64], ["window"]], [[385.81714285714287, 915.12, 1894.0114285714285, 2777.2457142857143], ["window"]], [[3392.64, 1026.72, 4457.622857142857, 2518.9714285714285], ["window"]]], "width": 4464, "height": 2976, "tags": []}