{"rects": [[[274.21714285714285, 1670.8114285714287, 1536.8914285714286, 2976], ["window"]], [[1600.662857142857, 1664.4342857142858, 2844.2057142857143, 2841.017142857143], ["window"]]], "width": 4464, "height": 2976, "tags": []}