{"rects": [[[654.72, 260.40000000000003, 2667.2400000000002, 4371.0], ["window"]]], "width": 2976, "height": 4464, "tags": []}