{"rects": [[[1348.7657142857142, 663.2228571428572, 3105.6685714285713, 2621.0057142857145], ["window"]]], "width": 4464, "height": 2976, "tags": []}