{"rects": [[[459.2, 1663.1999999999998, 4132.8, 3152.7999999999997], ["window"]], [[627.1999999999999, 3175.2, 1579.1999999999998, 6064.799999999999], ["window"]], [[1618.3999999999999, 3158.3999999999996, 3046.3999999999996, 6031.2], ["door"]], [[3074.3999999999996, 3158.3999999999996, 4132.8, 6171.2], ["window"]]], "width": 4480, "height": 6720, "tags": []}