{"rects": [[[2844.2057142857143, 38.26285714285714, 4419.36, 1651.68], ["window"]], [[1103.2457142857143, 277.4057142857143, 2082.137142857143, 1750.5257142857142], ["window"]]], "width": 4464, "height": 2976, "tags": []}