{"rects": [[[1087.3028571428572, 685.5428571428572, 3638.16, 2550.857142857143], ["window"]], [[133.92000000000002, 844.9714285714285, 1058.6057142857144, 2962.1828571428573], ["door"]]], "width": 4464, "height": 2976, "tags": []}