{"rects": [[[959.76, 806.7085714285714, 3580.7657142857142, 2420.1257142857144], ["window"]]], "width": 4464, "height": 2976, "tags": []}