{"rects": [[[758.88, 1106.4342857142858, 3150.3085714285717, 2662.457142857143], ["window"]]], "width": 4464, "height": 2976, "tags": []}