{"rects": [[[2273.6, 2542.3999999999996, 4457.599999999999, 6165.599999999999], ["window"]], [[638.4, 526.4, 2256.7999999999997, 2671.2], ["window"]]], "width": 4480, "height": 6720, "tags": []}