{"rects": [[[44.64, 1484.28, 2581.6800000000003, 4367.280000000001], ["window"]]], "width": 2976, "height": 4464, "tags": []}