{"rects": [[[524.52, 44.64, 2868.1200000000003, 885.36], ["window"]], [[2165.04, 1134.6000000000001, 2953.6800000000003, 1960.44], ["window"]], [[520.8000000000001, 2354.76, 1997.64, 3545.1600000000003], ["window"]]], "width": 2976, "height": 4464, "tags": []}