{"rects": [[[637.7142857142858, 105.22285714285715, 3749.76, 2707.097142857143], ["window"]]], "width": 4464, "height": 2976, "tags": []}