{"rects": [[[662.1600000000001, 1941.8400000000001, 2042.2800000000002, 4039.92], ["window"]], [[784.9200000000001, 651.0, 2005.0800000000002, 1588.44], ["window"]], [[2101.8, 892.8000000000001, 2976, 1651.68], ["window"]]], "width": 2976, "height": 4464, "tags": []}