{"rects": [[[409.20000000000005, 1633.0800000000002, 2801.1600000000003, 4449.12], ["window"]]], "width": 2976, "height": 4464, "tags": []}