{"rects": [[[403.2, 11.2, 4031.9999999999995, 6697.599999999999], ["facade"]], [[1495.1999999999998, 2268.0, 2178.3999999999996, 5028.799999999999], ["window"]]], "width": 4480, "height": 6720, "tags": []}