{"rects": [[[755.1600000000001, 2008.8000000000002, 2484.96, 3824.1600000000003], ["window"]]], "width": 2976, "height": 4464, "tags": []}