{"rects": [[[1473.1200000000001, 2395.6800000000003, 2551.92, 4028.76], ["window"]], [[226.92000000000002, 364.56, 1372.68, 1953.0], ["window"]]], "width": 2976, "height": 4464, "tags": []}