{"rects": [[[2212.0, 2189.6, 3735.2, 5756.799999999999], ["window"]], [[532.0, 2396.7999999999997, 2184.0, 5611.2], ["window"]]], "width": 4480, "height": 6720, "tags": []}