{"rects": [[[580.32, 85.56, 2053.44, 1350.3600000000001], ["window"]], [[379.44, 2946.2400000000002, 1938.1200000000001, 4423.08], ["window"]], [[465.0, 1417.3200000000002, 2023.68, 2585.4], ["window"]]], "width": 2976, "height": 4464, "tags": []}