{"rects": [[[543.12, 1722.3600000000001, 2421.7200000000003, 4397.04], ["window"]]], "width": 2976, "height": 4464, "tags": []}