{"rects": [[[1380.6514285714286, 567.5657142857143, 2920.7314285714288, 2917.542857142857], ["window"]]], "width": 4464, "height": 2976, "tags": []}