{"rects": [[[2748.5485714285714, 1820.6742857142858, 3360.7542857142857, 2793.1885714285713], ["window"]], [[1613.4171428571428, 1769.6571428571428, 2652.8914285714286, 2847.3942857142856], ["window"]], [[28.697142857142858, 471.90857142857146, 742.9371428571428, 1409.3485714285714], ["window"]]], "width": 4464, "height": 2976, "tags": []}