{"rects": [[[2301.6, 3931.2, 4177.599999999999, 6272.0], ["window"]], [[100.8, 1495.1999999999998, 1545.6, 3841.6], ["window"]]], "width": 4480, "height": 6720, "tags": []}