{"rects": [[[1198.3999999999999, 33.599999999999994, 2811.2, 1428.0], ["window"]], [[1198.3999999999999, 1478.3999999999999, 2811.2, 3320.7999999999997], ["window"]]], "width": 4480, "height": 6720, "tags": []}