{"rects": [[[468.72, 905.5542857142857, 2276.64, 2420.1257142857144], ["window"]], [[2455.2, 905.5542857142857, 4017.6, 2311.714285714286], ["window"]]], "width": 4464, "height": 2976, "tags": []}