{"rects": [[[2334.034285714286, 1071.3600000000001, 3198.137142857143, 2780.4342857142856], ["window"]], [[1224.4114285714286, 854.5371428571428, 2273.4514285714286, 2541.2914285714287], ["window"]]], "width": 4464, "height": 2976, "tags": []}