{"rects": [[[673.32, 758.88, 2481.2400000000002, 1807.92], ["window"]], [[230.64000000000001, 2168.76, 1510.3200000000002, 3794.4], ["window"]], [[1551.24, 2046.0, 2659.8, 3898.5600000000004], ["window"]]], "width": 2976, "height": 4464, "tags": []}