{"rects": [[[513.36, 1205.28, 1651.68, 2876.0914285714284], ["window"]], [[1846.182857142857, 1214.8457142857144, 3507.4285714285716, 2770.8685714285716], ["window"]]], "width": 4464, "height": 2976, "tags": []}