{"rects": [[[48.36, 1242.48, 2328.7200000000003, 4397.04], ["window"]], [[580.32, 3.72, 1975.3200000000002, 877.9200000000001], ["window"]]], "width": 2976, "height": 4464, "tags": []}