{"rects": [[[1552.8342857142857, 1064.9828571428573, 3803.9657142857145, 2611.44], ["window"]]], "width": 4464, "height": 2976, "tags": []}