{"rects": [[[2161.32, 2127.84, 2894.1600000000003, 3188.04], ["window"]], [[2042.2800000000002, 952.32, 2849.52, 1949.2800000000002], ["window"]]], "width": 2976, "height": 4464, "tags": []}