{"rects": [[[558.0, 6.377142857142857, 1517.76, 1221.2228571428573], ["window"]], [[513.36, 1249.92, 1533.702857142857, 2920.7314285714288], ["window"]], [[1584.72, 1179.7714285714285, 3207.7028571428573, 2876.0914285714284], ["window"]], [[1610.2285714285715, 9.565714285714286, 3210.8914285714286, 1160.64], ["window"]]], "width": 4464, "height": 2976, "tags": []}