{"rects": [[[115.32000000000001, 952.32, 2496.1200000000003, 4196.16], ["window"]]], "width": 2976, "height": 4464, "tags": []}