{"rects": [[[933.72, 1171.8, 1993.92, 2976.0], ["window"]], [[1082.52, 3132.2400000000002, 1949.2800000000002, 4460.280000000001], ["window"]]], "width": 2976, "height": 4464, "tags": []}