{"rects": [[[38.26285714285714, 1125.5657142857142, 3998.4685714285715, 2668.8342857142857], ["window", "shop"]]], "width": 4464, "height": 2976, "tags": []}