{"rects": [[[2184.171428571429, 723.8057142857143, 3290.6057142857144, 2318.0914285714284], ["window"]], [[1141.5085714285715, 714.24, 2152.285714285714, 2356.3542857142857], ["window"]]], "width": 4464, "height": 2976, "tags": []}