{"rects": [[[624.96, 200.88000000000002, 2418.0, 3972.96], ["facade"]], [[680.76, 2109.2400000000002, 2284.08, 3682.8], ["window"]]], "width": 2976, "height": 4464, "tags": []}