{"rects": [[[453.59999999999997, 224.0, 2688.0, 2900.7999999999997], ["window"]], [[481.59999999999997, 2956.7999999999997, 3040.7999999999997, 5852.0], ["window"]]], "width": 4480, "height": 6720, "tags": []}