{"rects": [[[1198.902857142857, 988.4571428571429, 2238.377142857143, 2480.7085714285713], ["window"]], [[2260.697142857143, 1179.7714285714285, 3163.062857142857, 2589.12], ["window"]]], "width": 4464, "height": 2976, "tags": []}