{"rects": [[[907.1999999999999, 50.4, 3539.2, 2727.2], ["window"]], [[767.1999999999999, 2760.7999999999997, 3701.6, 6087.2], ["window"]]], "width": 4480, "height": 6720, "tags": []}