{"rects": [[[1173.3942857142856, 691.92, 2825.074285714286, 2225.6228571428574], ["window"]]], "width": 4464, "height": 2976, "tags": []}