{"rects": [[[2497.6, 974.4, 3712.7999999999997, 3046.3999999999996], ["window"]], [[224.0, 1013.5999999999999, 1394.3999999999999, 2962.3999999999996], ["window"]], [[140.0, 3578.3999999999996, 1271.1999999999998, 6036.799999999999], ["window"]], [[2497.6, 3382.3999999999996, 3645.6, 5723.2], ["window"]]], "width": 4480, "height": 6720, "tags": []}