{"rects": [[[837.0, 1220.16, 2585.4, 2667.2400000000002], ["window"]], [[803.5200000000001, 2923.92, 2648.6400000000003, 4251.96], ["window"]]], "width": 2976, "height": 4464, "tags": []}