{"rects": [[[807.24, 677.0400000000001, 2142.7200000000003, 2191.08], ["window"]], [[851.88, 2444.04, 2421.7200000000003, 4199.88], ["window"]]], "width": 2976, "height": 4464, "tags": []}