{"rects": [[[1871.6914285714286, 793.9542857142857, 3351.1885714285713, 2518.9714285714285], ["window"]]], "width": 4464, "height": 2976, "tags": []}