{"rects": [[[550.5600000000001, 2864.4, 1964.16, 4352.400000000001], ["window"]], [[442.68, 770.0400000000001, 1517.76, 2217.12], ["window"]]], "width": 2976, "height": 4464, "tags": []}