{"rects": [[[357.12, 2005.0800000000002, 1421.04, 4460.280000000001], ["door", "shop"]], [[1428.48, 2005.0800000000002, 2421.7200000000003, 3954.36], ["window", "shop"]]], "width": 2976, "height": 4464, "tags": []}