{"rects": [[[338.52000000000004, 1666.5600000000002, 2786.28, 3999.0], ["window"]]], "width": 2976, "height": 4464, "tags": []}