{"rects": [[[1024.8, 4043.2, 2458.3999999999996, 5622.4], ["window"]], [[2570.3999999999996, 3947.9999999999995, 3309.6, 5504.799999999999], ["window"]], [[1215.1999999999998, 2464.0, 2368.7999999999997, 3824.7999999999997], ["window"]], [[2531.2, 2200.7999999999997, 3376.7999999999997, 3567.2], ["window"]]], "width": 4480, "height": 6720, "tags": []}