{"rects": [[[2263.885714285714, 599.4514285714286, 3781.6457142857143, 2442.4457142857145], ["window"]], [[554.8114285714286, 299.7257142857143, 2152.285714285714, 2448.822857142857], ["window"]]], "width": 4464, "height": 2976, "tags": []}