{"rects": [[[1814.3999999999999, 1383.1999999999998, 3802.3999999999996, 3774.3999999999996], ["window"]], [[1775.1999999999998, 3863.9999999999995, 3863.9999999999995, 6372.799999999999], ["window"]], [[2116.7999999999997, 11.2, 4188.8, 1310.3999999999999], ["window"]]], "width": 4480, "height": 6720, "tags": []}