{"rects": [[[3489.6, 2256.0, 4656.0, 3888.0], ["window"]], [[5044.8, 2188.7999999999997, 6374.4, 3859.2], ["window"]], [[1612.8, 436.8, 3408.0, 2188.7999999999997], ["window"]], [[4987.2, 576.0, 6441.599999999999, 1939.1999999999998], ["window"]], [[1656.0, 2280.0, 3408.0, 3940.7999999999997], ["window"]], [[3470.4, 518.4, 4872.0, 2136.0], ["window"]]], "width": 6720, "height": 4480, "tags": []}