{"rects": [[[516.5485714285714, 468.72, 4170.651428571428, 2825.074285714286], ["window", "shop"]]], "width": 4464, "height": 2976, "tags": []}