{"rects": [[[985.5999999999999, 3516.7999999999997, 3007.2, 5364.799999999999], ["window"]], [[923.9999999999999, 1500.8, 2956.7999999999997, 3276.0], ["window"]]], "width": 4480, "height": 6720, "tags": []}