{"rects": [[[543.12, 822.12, 1409.88, 1692.6000000000001], ["window"]], [[1696.3200000000002, 1569.8400000000001, 2477.52, 2559.36], ["window"]], [[636.12, 2637.48, 1417.3200000000002, 3537.7200000000003], ["window"]]], "width": 2976, "height": 4464, "tags": []}