{"rects": [[[347.5542857142857, 711.0514285714286, 1131.942857142857, 2528.537142857143], ["window"]], [[1788.7885714285715, 851.3485714285714, 2416.937142857143, 2232.0], ["window"]], [[3115.2342857142858, 959.76, 3842.2285714285713, 2598.6857142857143], ["window"]]], "width": 4464, "height": 2976, "tags": []}