{"rects": [[[636.12, 1599.6000000000001, 2656.08, 3705.1200000000003], ["window"]]], "width": 2976, "height": 4464, "tags": []}