{"rects": [[[1089.96, 14.88, 2492.4, 1830.24], ["window"]], [[989.5200000000001, 2507.28, 2641.2000000000003, 4069.6800000000003], ["window"]]], "width": 2976, "height": 4464, "tags": []}