{"rects": [[[2212.0, 1019.1999999999999, 3578.3999999999996, 2861.6], ["window"]], [[2184.0, 2884.0, 3516.7999999999997, 4586.4], ["window"]], [[1808.8, 4636.799999999999, 3774.3999999999996, 6288.799999999999], ["window"]]], "width": 4480, "height": 6720, "tags": []}