{"rects": [[[497.41714285714284, 401.76, 2318.0914285714284, 2496.651428571429], ["window"]], [[2742.171428571429, 1109.6228571428571, 3826.285714285714, 2976], ["window"]]], "width": 4464, "height": 2976, "tags": []}