{"rects": [[[591.48, 2083.2000000000003, 2514.7200000000003, 4062.2400000000002], ["window"]]], "width": 2976, "height": 4464, "tags": []}