{"rects": [[[293.88, 1666.5600000000002, 2455.2000000000003, 4058.5200000000004], ["window"]]], "width": 2976, "height": 4464, "tags": []}