{"rects": [[[130.20000000000002, 1521.48, 2674.6800000000003, 4315.2], ["window"]]], "width": 2976, "height": 4464, "tags": []}