{"rects": [[[688.7314285714285, 420.8914285714286, 2512.594285714286, 2656.08], ["window"]]], "width": 4464, "height": 2976, "tags": []}