{"rects": [[[409.20000000000005, 792.36, 2559.36, 3630.7200000000003], ["window"]]], "width": 2976, "height": 4464, "tags": []}