{"rects": [[[286.44, 1473.1200000000001, 2641.2000000000003, 4088.28], ["window"]]], "width": 2976, "height": 4464, "tags": []}