{"rects": [[[509.64000000000004, 1179.24, 2604.0, 3958.0800000000004], ["window"]]], "width": 2976, "height": 4464, "tags": []}