{"rects": [[[431.2, 1226.3999999999999, 2822.3999999999996, 3768.7999999999997], ["window"]], [[352.79999999999995, 4020.7999999999997, 2906.3999999999996, 6512.799999999999], ["window"]]], "width": 4480, "height": 6720, "tags": []}