{"rects": [[[79.71428571428572, 746.1257142857143, 1323.257142857143, 2235.1885714285713], ["window"]], [[1664.4342857142858, 1135.1314285714286, 3102.48, 2321.28], ["window"]], [[3414.96, 1438.0457142857142, 4397.04, 2254.32], ["window"]]], "width": 4464, "height": 2976, "tags": []}