{"rects": [[[487.32000000000005, 829.5600000000001, 2395.6800000000003, 2455.2000000000003], ["window"]], [[453.84000000000003, 2693.28, 2697.0, 4371.0], ["window"]]], "width": 2976, "height": 4464, "tags": []}