{"rects": [[[446.40000000000003, 1413.6000000000001, 2674.6800000000003, 4177.56], ["window"]]], "width": 2976, "height": 4464, "tags": []}