{"rects": [[[817.5999999999999, 56.0, 2755.2, 2928.7999999999997], ["window"]], [[744.8, 3130.3999999999996, 2884.0, 6188.0], ["window"]]], "width": 4480, "height": 6720, "tags": []}