{"rects": [[[375.2, 1612.8, 2374.3999999999996, 3673.6], ["window"]], [[509.59999999999997, 4026.3999999999996, 2402.3999999999996, 5930.4], ["window"]]], "width": 4480, "height": 6720, "tags": []}