{"rects": [[[285.59999999999997, 1920.8, 3947.9999999999995, 6580.0], ["window"]]], "width": 4480, "height": 6720, "tags": []}