{"rects": [[[66.96000000000001, 796.08, 2976, 4460.280000000001], ["door", "shop"]], [[1718.64, 989.5200000000001, 2942.52, 2678.4], ["shop", "window"]]], "width": 2976, "height": 4464, "tags": []}