{"rects": [[[1112.8114285714287, 886.4228571428572, 3494.674285714286, 2608.2514285714287], ["window"]]], "width": 4464, "height": 2976, "tags": []}