{"rects": [[[479.88000000000005, 837.0, 2492.4, 4058.5200000000004], ["window"]]], "width": 2976, "height": 4464, "tags": []}