{"rects": [[[613.8000000000001, 159.96, 2369.6400000000003, 1618.2], ["window"]], [[535.6800000000001, 2019.96, 2325.0, 4114.320000000001], ["window"]]], "width": 2976, "height": 4464, "tags": []}