{"rects": [[[1202.0914285714287, 401.76, 3619.0285714285715, 2841.017142857143], ["window"]]], "width": 4464, "height": 2976, "tags": []}