{"rects": [[[1704.0, 753.6, 5582.4, 4334.4], ["facade"]], [[3225.6, 2414.4, 4113.599999999999, 3216.0], ["window"]], [[2673.6, 1017.5999999999999, 3801.6, 1387.2], ["window"]], [[4291.2, 1430.3999999999999, 5265.599999999999, 2275.2], ["window"]]], "width": 6720, "height": 4480, "tags": []}