{"rects": [[[677.5999999999999, 2430.3999999999996, 3863.9999999999995, 5796.0], ["window"]]], "width": 4480, "height": 6720, "tags": []}