{"rects": [[[835.4057142857143, 526.1142857142858, 3883.68, 2557.2342857142858], ["window"]]], "width": 4464, "height": 2976, "tags": []}