{"rects": [[[1874.88, 1281.8057142857142, 2777.2457142857143, 2831.4514285714286], ["window"]], [[1029.9085714285713, 1418.9142857142858, 1858.9371428571428, 2783.6228571428574], ["window"]], [[2898.4114285714286, 1128.7542857142857, 3934.697142857143, 2943.0514285714285], ["door"]]], "width": 4464, "height": 2976, "tags": []}