{"rects": [[[1551.1999999999998, 324.79999999999995, 3382.3999999999996, 2940.0], ["window"]], [[1304.8, 3040.7999999999997, 3382.3999999999996, 5908.0], ["window"]]], "width": 4480, "height": 6720, "tags": []}