{"rects": [[[1625.64, 896.5200000000001, 2763.96, 2756.52], ["door"]], [[1711.2, 2897.88, 2704.44, 4244.52], ["window"]], [[364.56, 651.0, 1521.48, 2209.6800000000003], ["window"]], [[219.48000000000002, 2633.76, 1566.1200000000001, 4311.4800000000005], ["window"]]], "width": 2976, "height": 4464, "tags": []}