{"rects": [[[677.0400000000001, 1030.44, 2763.96, 4025.0400000000004], ["door"]]], "width": 2976, "height": 4464, "tags": []}