{"rects": [[[770.0400000000001, 1004.4000000000001, 2425.44, 4077.1200000000003], ["window"]]], "width": 2976, "height": 4464, "tags": []}