{"rects": [[[800.8, 526.4, 3584.0, 2452.7999999999997], ["window"]], [[929.5999999999999, 2688.0, 3477.6, 6227.2], ["window"]]], "width": 4480, "height": 6720, "tags": []}