{"rects": [[[923.9999999999999, 1674.3999999999999, 3970.3999999999996, 5908.0], ["window"]]], "width": 4480, "height": 6720, "tags": []}