{"rects": [[[758.88, 546.84, 2555.6400000000003, 2391.96], ["window"]], [[807.24, 2488.6800000000003, 2760.2400000000002, 4456.56], ["window"]]], "width": 2976, "height": 4464, "tags": []}