{"rects": [[[190.39999999999998, 3460.7999999999997, 1512.0, 5796.0], ["window"]], [[2105.6, 3628.7999999999997, 2996.0, 5941.599999999999], ["window"]], [[1999.1999999999998, 1461.6, 2856.0, 3522.3999999999996], ["window"]]], "width": 4480, "height": 6720, "tags": []}