{"rects": [[[867.2914285714286, 634.5257142857143, 2748.5485714285714, 2976], ["window"]]], "width": 4464, "height": 2976, "tags": []}