{"rects": [[[401.76000000000005, 1659.1200000000001, 2418.0, 4248.24], ["window"]]], "width": 2976, "height": 4464, "tags": []}