{"rects": [[[669.6, 1294.5600000000002, 2693.28, 4158.96], ["window"]], [[167.4, 26.040000000000003, 1357.8000000000002, 1283.4], ["window"]]], "width": 2976, "height": 4464, "tags": []}