{"rects": [[[662.1600000000001, 1971.6000000000001, 2127.84, 3682.8], ["window"]]], "width": 2976, "height": 4464, "tags": []}