{"rects": [[[535.6800000000001, 580.32, 2325.0, 2481.2400000000002], ["window"]], [[721.6800000000001, 2912.76, 2064.6, 4460.280000000001], ["window"]]], "width": 2976, "height": 4464, "tags": []}