{"rects": [[[510.1714285714286, 267.84000000000003, 3332.057142857143, 2907.977142857143], ["window", "shop"]]], "width": 4464, "height": 2976, "tags": []}