{"rects": [[[1026.72, 424.08, 3937.885714285714, 2461.577142857143], ["window"]]], "width": 4464, "height": 2976, "tags": []}