{"rects": [[[424.08000000000004, 1748.4, 2674.6800000000003, 3917.1600000000003], ["window"]], [[714.24, 0, 2622.6000000000004, 1398.72], ["window"]]], "width": 2976, "height": 4464, "tags": []}