{"rects": [[[448.0, 4328.799999999999, 1355.1999999999998, 5555.2], ["window"]], [[1999.1999999999998, 4446.4, 3147.2, 5600.0], ["window"]]], "width": 4480, "height": 6720, "tags": []}