{"rects": [[[561.72, 2931.36, 2291.52, 3820.44], ["window"]], [[550.5600000000001, 974.6400000000001, 2079.48, 2105.52], ["window"]], [[554.28, 2142.7200000000003, 2101.8, 2886.7200000000003], ["window"]]], "width": 2976, "height": 4464, "tags": []}