{"rects": [[[691.9200000000001, 2124.12, 2484.96, 4311.4800000000005], ["window"]]], "width": 2976, "height": 4464, "tags": []}