{"rects": [[[431.52000000000004, 1774.44, 2462.6400000000003, 4002.7200000000003], ["window"]]], "width": 2976, "height": 4464, "tags": []}