{"rects": [[[937.44, 31.885714285714286, 4374.72, 2805.942857142857], ["window"]]], "width": 4464, "height": 2976, "tags": []}