{"rects": [[[851.88, 208.32000000000002, 2336.1600000000003, 1525.2], ["window"]], [[900.24, 1625.64, 2484.96, 3846.48], ["window"]]], "width": 2976, "height": 4464, "tags": []}