{"rects": [[[1565.5885714285714, 593.0742857142857, 3666.857142857143, 2075.76], ["window"]]], "width": 4464, "height": 2976, "tags": []}