{"rects": [[[115.32000000000001, 833.2800000000001, 2883.0, 4043.6400000000003], ["window", "shop"]]], "width": 2976, "height": 4464, "tags": []}