{"rects": [[[538.8685714285714, 781.2, 4081.3714285714286, 2452.0114285714285], ["window"]]], "width": 4464, "height": 2976, "tags": []}