{"rects": [[[273.59999999999997, 255.35999999999999, 3552.24, 5107.2], ["window"]]], "width": 3648, "height": 5472, "tags": []}