{"rects": [[[63.839999999999996, 984.9599999999999, 3638.8799999999997, 5408.16], ["window"]]], "width": 3648, "height": 5472, "tags": []}