{"rects": [[[1473.5314285714285, 19.54285714285714, 4041.462857142857, 3638.8799999999997], ["window"]]], "width": 5472, "height": 3648, "tags": []}