{"rects": [[[449.48571428571427, 39.08571428571428, 5104.594285714285, 3588.0685714285714], ["window"]]], "width": 5472, "height": 3648, "tags": []}