{"rects": [[[155.04, 465.11999999999995, 3570.4799999999996, 5371.679999999999], ["window"]]], "width": 3648, "height": 5472, "tags": []}