{"rects": [[[781.7142857142857, 7.817142857142857, 5382.102857142857, 3631.062857142857], ["window"]]], "width": 5472, "height": 3648, "tags": []}