{"rects": [[[820.8, 230.60571428571427, 5081.142857142857, 3599.7942857142857], ["window"]]], "width": 5472, "height": 3648, "tags": []}