{"rects": [[[715.2685714285714, 289.2342857142857, 5237.485714285714, 3648], ["window"]]], "width": 5472, "height": 3648, "tags": []}