{"rects": [[[50.81142857142857, 195.42857142857142, 5464.182857142857, 3158.125714285714], ["window"]]], "width": 5472, "height": 3648, "tags": []}