{"rects": [[[54.72, 31.268571428571427, 5257.028571428571, 3556.7999999999997], ["window"]]], "width": 5472, "height": 3648, "tags": []}