{"rects": [[[155.04, 921.1199999999999, 3488.3999999999996, 5335.2], ["window"]]], "width": 3648, "height": 5472, "tags": []}