{"rects": [[[104.88, 1135.4399999999998, 3597.8399999999997, 5426.4], ["window"]]], "width": 3648, "height": 5472, "tags": []}