{"rects": [[[383.03999999999996, 118.55999999999999, 3511.2, 5399.04], ["window"]]], "width": 3648, "height": 5472, "tags": []}