{"rects": [[[428.64, 528.9599999999999, 3602.3999999999996, 5449.2], ["window"]]], "width": 3648, "height": 5472, "tags": []}