{"rects": [[[132.89142857142858, 15.634285714285713, 5311.748571428571, 3564.617142857143], ["window"]]], "width": 5472, "height": 3648, "tags": []}