{"rects": [[[19.54285714285714, 7.817142857142857, 5198.4, 3634.9714285714285], ["window"]]], "width": 5472, "height": 3648, "tags": []}