{"rects": [[[445.57714285714286, 11.725714285714286, 5249.211428571428, 3611.52], ["window"]]], "width": 5472, "height": 3648, "tags": []}