{"rects": [[[104.88, 980.3999999999999, 3579.6, 5403.599999999999], ["window"]]], "width": 3648, "height": 5472, "tags": []}