{"rects": [[[11.725714285714286, 3.9085714285714284, 2708.64, 3642.7885714285712], ["window"]], [[2736.0, 19.54285714285714, 5311.748571428571, 3623.2457142857143], ["window"]]], "width": 5472, "height": 3648, "tags": []}