{"rects": [[[676.1828571428571, 3.9085714285714284, 2266.9714285714285, 3607.6114285714284], ["window", "shop"]], [[4104.0, 46.902857142857144, 5429.005714285714, 3330.102857142857], ["window", "shop"]]], "width": 5472, "height": 3648, "tags": []}