{"rects": [[[633.1885714285714, 0, 4490.948571428571, 3619.3371428571427], ["window"]]], "width": 5472, "height": 3648, "tags": []}