{"rects": [[[734.8114285714286, 449.48571428571427, 4702.011428571428, 3648], ["window"]]], "width": 5472, "height": 3648, "tags": []}