{"rects": [[[793.4399999999999, 156.34285714285713, 4799.725714285714, 3634.9714285714285], ["window"]]], "width": 5472, "height": 3648, "tags": []}