{"rects": [[[556.3199999999999, 95.75999999999999, 3055.2, 5444.639999999999], ["window"]]], "width": 3648, "height": 5472, "tags": []}