{"rects": [[[42.99428571428571, 125.07428571428571, 5440.731428571428, 3572.4342857142856], ["window"]]], "width": 5472, "height": 3648, "tags": []}