{"rects": [[[538.0799999999999, 1317.84, 3606.9599999999996, 5417.28], ["window"]]], "width": 3648, "height": 5472, "tags": []}