{"rects": [[[42.99428571428571, 1031.8628571428571, 5452.457142857143, 3623.2457142857143], ["window"]]], "width": 5472, "height": 3648, "tags": []}