{"rects": [[[70.35428571428571, 269.69142857142856, 4678.5599999999995, 3615.428571428571], ["window"]]], "width": 5472, "height": 3648, "tags": []}