{"rects": [[[282.71999999999997, 1317.84, 3611.5199999999995, 5389.919999999999], ["window"]]], "width": 3648, "height": 5472, "tags": []}