{"rects": [[[173.27999999999997, 880.0799999999999, 3529.4399999999996, 5385.36], ["window"]]], "width": 3648, "height": 5472, "tags": []}