{"rects": [[[113.34857142857142, 109.44, 5237.485714285714, 3611.52], ["window"]]], "width": 5472, "height": 3648, "tags": []}