{"rects": [[[273.59999999999997, 140.70857142857142, 5147.588571428571, 3548.982857142857], ["window"]]], "width": 5472, "height": 3648, "tags": []}