{"rects": [[[773.8971428571429, 46.902857142857144, 5257.028571428571, 3505.988571428571], ["window"]]], "width": 5472, "height": 3648, "tags": []}