{"rects": [[[9.12, 1098.9599999999998, 3561.3599999999997, 5467.44], ["window"]]], "width": 3648, "height": 5472, "tags": []}