{"rects": [[[50.16, 807.1199999999999, 3602.3999999999996, 5271.36], ["window"]]], "width": 3648, "height": 5472, "tags": []}