{"rects": [[[200.64, 1632.4799999999998, 3588.72, 5362.5599999999995], ["window"]]], "width": 3648, "height": 5472, "tags": []}