{"rects": [[[68.39999999999999, 670.3199999999999, 3543.12, 5362.5599999999995], ["window"]]], "width": 3648, "height": 5472, "tags": []}