{"rects": [[[0, 478.79999999999995, 3310.5599999999995, 5467.44], ["window"]]], "width": 3648, "height": 5472, "tags": []}