{"rects": [[[308.77714285714285, 50.81142857142857, 5260.937142857142, 3545.0742857142855], ["window"]]], "width": 5472, "height": 3648, "tags": []}