{"rects": [[[105.53142857142856, 3.9085714285714284, 5409.462857142857, 1602.5142857142857], ["window"]], [[46.902857142857144, 1625.9657142857143, 5432.914285714285, 3631.062857142857], ["window"]]], "width": 5472, "height": 3648, "tags": []}