{"rects": [[[11.725714285714286, 250.14857142857142, 2806.3542857142857, 3638.8799999999997], ["window"]], [[2829.805714285714, 242.33142857142855, 5456.365714285714, 3642.7885714285712], ["window"]]], "width": 5472, "height": 3648, "tags": []}