{"rects": [[[506.15999999999997, 41.04, 3036.9599999999996, 2503.4399999999996], ["window"]], [[86.63999999999999, 2526.24, 3492.9599999999996, 5440.08], ["window"]]], "width": 3648, "height": 5472, "tags": []}