{"rects": [[[68.39999999999999, 656.64, 3602.3999999999996, 5430.959999999999], ["window"]]], "width": 3648, "height": 5472, "tags": []}