{"rects": [[[45.599999999999994, 145.92, 3616.0799999999995, 2590.08], ["window"]], [[45.599999999999994, 2622.0, 3620.64, 5399.04], ["window"]]], "width": 3648, "height": 5472, "tags": []}