{"rects": [[[3.9085714285714284, 39.08571428571428, 2712.5485714285714, 3607.6114285714284], ["window"]], [[2716.4571428571426, 58.628571428571426, 5464.182857142857, 3623.2457142857143], ["window"]]], "width": 5472, "height": 3648, "tags": []}