{"rects": [[[150.48, 538.0799999999999, 3565.9199999999996, 5202.959999999999], ["window"]]], "width": 3648, "height": 5472, "tags": []}