{"rects": [[[293.1428571428571, 1012.3199999999999, 5401.645714285714, 3599.7942857142857], ["window"]]], "width": 5472, "height": 3648, "tags": []}