{"rects": [[[86.63999999999999, 793.4399999999999, 3543.12, 5403.599999999999], ["window"]]], "width": 3648, "height": 5472, "tags": []}