{"rects": [[[173.27999999999997, 533.52, 3524.8799999999997, 5326.08], ["window"]]], "width": 3648, "height": 5472, "tags": []}