{"rects": [[[373.91999999999996, 683.9999999999999, 3575.0399999999995, 5367.12], ["window"]]], "width": 3648, "height": 5472, "tags": []}