{"rects": [[[58.628571428571426, 809.0742857142857, 3490.3542857142857, 4686.377142857143], ["window"]]], "width": 3648, "height": 5472, "tags": ["rot90"]}