{"rects": [[[414.3085714285714, 175.88571428571427, 5409.462857142857, 3560.7085714285713], ["window"]]], "width": 5472, "height": 3648, "tags": []}