{"rects": [[[461.21142857142854, 281.41714285714284, 4866.171428571428, 3623.2457142857143], ["window"]]], "width": 5472, "height": 3648, "tags": []}