{"rects": [[[62.537142857142854, 504.20571428571424, 5444.639999999999, 3584.16], ["window"]]], "width": 5472, "height": 3648, "tags": []}