{"rects": [[[363.4971428571428, 39.08571428571428, 2814.1714285714284, 3314.468571428571], ["window"]], [[2837.622857142857, 35.177142857142854, 5436.822857142857, 3337.9199999999996], ["window"]]], "width": 5472, "height": 3648, "tags": []}