{"rects": [[[922.4228571428571, 132.89142857142858, 5327.382857142857, 3631.062857142857], ["window"]]], "width": 5472, "height": 3648, "tags": []}