{"rects": [[[620.16, 36.48, 3611.5199999999995, 5453.759999999999], ["window"]]], "width": 3648, "height": 5472, "tags": []}