{"rects": [[[508.1142857142857, 58.628571428571426, 5393.828571428571, 3580.2514285714283], ["window"]]], "width": 5472, "height": 3648, "tags": []}