{"rects": [[[590.1942857142857, 82.08, 5417.28, 3599.7942857142857], ["window"]]], "width": 5472, "height": 3648, "tags": []}