{"rects": [[[461.21142857142854, 19.54285714285714, 4963.885714285714, 3599.7942857142857], ["window"]]], "width": 5472, "height": 3648, "tags": []}