{"rects": [[[1282.0114285714285, 11.725714285714286, 4928.708571428571, 3580.2514285714283], ["window"]]], "width": 5472, "height": 3648, "tags": []}