{"rects": [[[91.19999999999999, 451.43999999999994, 3643.4399999999996, 5394.48], ["window"]]], "width": 3648, "height": 5472, "tags": []}