{"rects": [[[22.799999999999997, 761.52, 3629.7599999999998, 4829.04], ["window"]]], "width": 3648, "height": 5472, "tags": []}