{"rects": [[[3.9085714285714284, 3.9085714285714284, 2040.2742857142855, 3627.1542857142854], ["window"]], [[2063.7257142857143, 19.54285714285714, 5374.285714285714, 3619.3371428571427], ["window"]]], "width": 5472, "height": 3648, "tags": []}