{"rects": [[[74.26285714285714, 46.902857142857144, 2466.308571428571, 3556.7999999999997], ["window"]], [[2489.7599999999998, 39.08571428571428, 5460.274285714286, 3627.1542857142854], ["window"]]], "width": 5472, "height": 3648, "tags": []}