{"rects": [[[250.14857142857142, 297.0514285714286, 5436.822857142857, 3310.56], ["window"]]], "width": 5472, "height": 3648, "tags": []}