{"rects": [[[396.71999999999997, 383.03999999999996, 3588.72, 5357.999999999999], ["window"]]], "width": 3648, "height": 5472, "tags": []}