{"rects": [[[264.47999999999996, 1386.2399999999998, 3552.24, 5357.999999999999], ["window"]]], "width": 3648, "height": 5472, "tags": []}