{"rects": [[[863.7942857142857, 97.71428571428571, 5186.674285714285, 3595.885714285714], ["window"]]], "width": 5472, "height": 3648, "tags": []}