{"rects": [[[179.7942857142857, 168.06857142857143, 5378.194285714286, 3619.3371428571427], ["window"]]], "width": 5472, "height": 3648, "tags": []}