{"rects": [[[152.4342857142857, 11.725714285714286, 4858.354285714286, 3638.8799999999997], ["window"]]], "width": 5472, "height": 3648, "tags": []}