{"rects": [[[336.13714285714286, 328.32, 4838.811428571428, 3623.2457142857143], ["window"]]], "width": 5472, "height": 3648, "tags": []}