{"rects": [[[0, 0, 5472, 3648], ["facade"]], [[422.12571428571425, 1325.0057142857142, 5057.691428571428, 3599.7942857142857], ["window"]]], "width": 5472, "height": 3648, "tags": []}