{"rects": [[[156.34285714285713, 66.44571428571429, 5190.5828571428565, 3595.885714285714], ["window"]]], "width": 5472, "height": 3648, "tags": []}