{"rects": [[[387.59999999999997, 346.55999999999995, 3497.5199999999995, 5467.44], ["window"]]], "width": 3648, "height": 5472, "tags": []}