{"rects": [[[797.3485714285714, 19.54285714285714, 4991.245714285714, 3607.6114285714284], ["window"]]], "width": 5472, "height": 3648, "tags": []}