{"rects": [[[11.725714285714286, 19.54285714285714, 2720.365714285714, 3619.3371428571427], ["window"]], [[2751.6342857142854, 23.451428571428572, 5284.388571428572, 3611.52], ["window"]]], "width": 5472, "height": 3648, "tags": []}