{"rects": [[[324.41142857142853, 46.902857142857144, 5362.5599999999995, 3603.702857142857], ["window"]]], "width": 5472, "height": 3648, "tags": []}