{"rects": [[[508.1142857142857, 46.902857142857144, 5053.782857142857, 3560.7085714285713], ["window"]]], "width": 5472, "height": 3648, "tags": []}