{"rects": [[[300.96, 160.25142857142856, 5221.851428571428, 3588.0685714285714], ["window"]]], "width": 5472, "height": 3648, "tags": []}