{"rects": [[[441.6685714285714, 46.902857142857144, 5151.4971428571425, 3552.8914285714286], ["window"]]], "width": 5472, "height": 3648, "tags": []}