{"rects": [[[100.32, 36.48, 3479.2799999999997, 5421.839999999999], ["window"]]], "width": 3648, "height": 5472, "tags": []}