{"rects": [[[0, 0, 3648, 5472], ["facade"]], [[323.76, 54.72, 3287.7599999999998, 2357.52], ["window"]], [[113.99999999999999, 2375.7599999999998, 3611.5199999999995, 5426.4], ["window"]]], "width": 3648, "height": 5472, "tags": []}