{"rects": [[[132.23999999999998, 474.23999999999995, 3369.8399999999997, 4783.44], ["window"]]], "width": 3648, "height": 5472, "tags": []}