{"rects": [[[316.5942857142857, 144.61714285714285, 5362.5599999999995, 3642.7885714285712], ["window"]]], "width": 5472, "height": 3648, "tags": []}