{"rects": [[[91.19999999999999, 1422.7199999999998, 3597.8399999999997, 5426.4], ["window"]]], "width": 3648, "height": 5472, "tags": []}