{"rects": [[[2864.982857142857, 7.817142857142857, 5331.291428571429, 3580.2514285714283], ["window"]]], "width": 5472, "height": 3648, "tags": []}