{"rects": [[[113.99999999999999, 816.2399999999999, 3588.72, 5467.44], ["window"]]], "width": 3648, "height": 5472, "tags": []}