{"rects": [[[828.6171428571428, 15.634285714285713, 4924.8, 3611.52], ["window", "shop"]]], "width": 5472, "height": 3648, "tags": []}