{"rects": [[[132.89142857142858, 433.8514285714285, 4913.074285714286, 3627.1542857142854], ["window"]]], "width": 5472, "height": 3648, "tags": []}