{"rects": [[[812.9828571428571, 117.25714285714285, 5018.605714285714, 3564.617142857143], ["window"]]], "width": 5472, "height": 3648, "tags": []}