{"rects": [[[418.21714285714285, 46.902857142857144, 5182.765714285714, 3580.2514285714283], ["window"]]], "width": 5472, "height": 3648, "tags": []}