{"rects": [[[1180.3885714285714, 183.70285714285714, 4682.4685714285715, 3648], ["window"]]], "width": 5472, "height": 3648, "tags": []}