{"rects": [[[19.54285714285714, 1262.4685714285713, 5464.182857142857, 3627.1542857142854], ["window"]]], "width": 5472, "height": 3648, "tags": []}