{"rects": [[[186.95999999999998, 642.9599999999999, 3584.16, 5435.5199999999995], ["window"]]], "width": 3648, "height": 5472, "tags": []}