{"rects": [[[433.2, 565.4399999999999, 3287.7599999999998, 5462.879999999999], ["window"]]], "width": 3648, "height": 5472, "tags": []}