{"rects": [[[63.839999999999996, 27.36, 3264.9599999999996, 5449.2], ["window"]]], "width": 3648, "height": 5472, "tags": []}