{"rects": [[[515.9314285714286, 207.1542857142857, 5327.382857142857, 3580.2514285714283], ["window"]]], "width": 5472, "height": 3648, "tags": []}