{"rects": [[[177.83999999999997, 474.23999999999995, 3511.2, 5444.639999999999], ["window"]]], "width": 3648, "height": 5472, "tags": []}