{"rects": [[[2970.5142857142855, 285.3257142857143, 5429.005714285714, 3541.165714285714], ["window"]], [[1266.3771428571429, 746.5371428571428, 2950.9714285714285, 3541.165714285714], ["door"]]], "width": 5472, "height": 3648, "tags": []}