{"rects": [[[611.04, 118.55999999999999, 3611.5199999999995, 5426.4], ["window"]]], "width": 3648, "height": 5472, "tags": []}