{"rects": [[[160.25142857142856, 50.81142857142857, 5272.662857142856, 3607.6114285714284], ["window"]]], "width": 5472, "height": 3648, "tags": []}