{"rects": [[[504.20571428571424, 340.04571428571427, 5393.828571428571, 3588.0685714285714], ["window"]]], "width": 5472, "height": 3648, "tags": []}