{"rects": [[[363.4971428571428, 7.817142857142857, 5393.828571428571, 3627.1542857142854], ["window"]]], "width": 5472, "height": 3648, "tags": []}