{"rects": [[[121.16571428571427, 476.8457142857143, 5382.102857142857, 3474.72], ["window"]]], "width": 5472, "height": 3648, "tags": []}