{"rects": [[[1582.9714285714285, 23.451428571428572, 5393.828571428571, 1375.8171428571427], ["window"]], [[984.9599999999999, 1399.2685714285712, 5378.194285714286, 3648], ["window"]]], "width": 5472, "height": 3648, "tags": []}