{"rects": [[[160.25142857142856, 570.6514285714286, 5460.274285714286, 3591.9771428571426], ["window"]]], "width": 5472, "height": 3648, "tags": []}