{"rects": [[[492.47999999999996, 35.177142857142854, 4815.36, 3525.5314285714285], ["window"]]], "width": 5472, "height": 3648, "tags": []}