{"rects": [[[58.628571428571426, 250.14857142857142, 4959.977142857143, 3568.525714285714], ["window"]]], "width": 5472, "height": 3648, "tags": []}