{"rects": [[[273.59999999999997, 0, 3502.08, 5421.839999999999], ["window", "shop"]]], "width": 3648, "height": 5472, "tags": []}