{"rects": [[[340.04571428571427, 19.54285714285714, 5358.651428571428, 3580.2514285714283], ["window"]]], "width": 5472, "height": 3648, "tags": []}