{"rects": [[[551.76, 155.04, 2818.08, 2321.04], ["window"]], [[364.79999999999995, 2375.7599999999998, 3565.9199999999996, 5430.959999999999], ["window"]]], "width": 3648, "height": 5472, "tags": []}