{"rects": [[[642.9599999999999, 401.28, 3556.7999999999997, 5440.08], ["window"]]], "width": 3648, "height": 5472, "tags": []}