{"rects": [[[402.5828571428571, 441.6685714285714, 5409.462857142857, 3595.885714285714], ["window"]]], "width": 5472, "height": 3648, "tags": []}