{"rects": [[[177.83999999999997, 565.4399999999999, 3301.4399999999996, 5426.4], ["window"]]], "width": 3648, "height": 5472, "tags": []}