{"rects": [[[824.7085714285714, 27.36, 5042.057142857143, 3599.7942857142857], ["window"]]], "width": 5472, "height": 3648, "tags": []}