{"rects": [[[9.12, 196.07999999999998, 3616.0799999999995, 4933.919999999999], ["window"]]], "width": 3648, "height": 5472, "tags": []}