{"rects": [[[1579.062857142857, 11.725714285714286, 4275.977142857143, 3576.342857142857], ["window"]]], "width": 5472, "height": 3648, "tags": []}