{"rects": [[[1199.28, 27.36, 5321.5199999999995, 3497.5199999999995], ["window"]]], "width": 5472, "height": 3648, "tags": ["rot270"]}