{"rects": [[[797.3485714285714, 3.9085714285714284, 5171.04, 3591.9771428571426], ["window"]]], "width": 5472, "height": 3648, "tags": []}