{"rects": [[[72.96, 497.03999999999996, 3625.2, 4760.639999999999], ["window"]]], "width": 3648, "height": 5472, "tags": []}