{"rects": [[[734.8114285714286, 977.1428571428571, 4791.908571428571, 3634.9714285714285], ["window"]]], "width": 5472, "height": 3648, "tags": []}