{"rects": [[[660.5485714285714, 58.628571428571426, 4776.274285714286, 3634.9714285714285], ["window"]]], "width": 5472, "height": 3648, "tags": []}