{"rects": [[[27.36, 674.88, 3593.2799999999997, 5444.639999999999], ["window"]]], "width": 3648, "height": 5472, "tags": []}