{"rects": [[[1149.12, 218.88, 5190.5828571428565, 3529.4399999999996], ["window"]]], "width": 5472, "height": 3648, "tags": []}