{"rects": [[[173.27999999999997, 638.4, 3570.4799999999996, 5221.2], ["window"]]], "width": 3648, "height": 5472, "tags": []}