{"rects": [[[27.36, 1112.6399999999999, 3625.2, 5453.759999999999], ["window"]]], "width": 3648, "height": 5472, "tags": []}