{"rects": [[[582.3771428571429, 19.54285714285714, 4381.5085714285715, 3584.16], ["window"]]], "width": 5472, "height": 3648, "tags": []}