{"rects": [[[27.36, 177.83999999999997, 3584.16, 5330.639999999999], ["window"]]], "width": 3648, "height": 5472, "tags": []}