{"rects": [[[797.3485714285714, 3.9085714285714284, 5233.5771428571425, 3619.3371428571427], ["window"]]], "width": 5472, "height": 3648, "tags": []}