{"rects": [[[23.451428571428572, 449.48571428571427, 4479.222857142857, 3607.6114285714284], ["window"]]], "width": 5472, "height": 3648, "tags": []}