{"rects": [[[19.54285714285714, 101.62285714285714, 5358.651428571428, 3619.3371428571427], ["window"]]], "width": 5472, "height": 3648, "tags": []}