{"rects": [[[832.5257142857142, 19.54285714285714, 2892.342857142857, 3115.1314285714284], ["window"]]], "width": 5472, "height": 3648, "tags": []}