{"rects": [[[1098.3085714285714, 0, 4936.5257142857145, 3623.2457142857143], ["window", "shop"]]], "width": 5472, "height": 3648, "tags": []}