{"rects": [[[0, 977.1428571428571, 5300.022857142857, 3646.697142857143], ["window"]]], "width": 5472, "height": 3648, "tags": []}