{"rects": [[[300.96, 1481.9999999999998, 3520.3199999999997, 5248.5599999999995], ["window"]]], "width": 3648, "height": 5472, "tags": []}