{"rects": [[[746.5371428571428, 62.537142857142854, 3033.0514285714285, 3627.1542857142854], ["window"]], [[3040.868571428571, 35.177142857142854, 5460.274285714286, 3615.428571428571], ["window"]]], "width": 5472, "height": 3648, "tags": []}