{"rects": [[[691.8171428571428, 19.54285714285714, 5315.657142857142, 3627.1542857142854], ["window"]]], "width": 5472, "height": 3648, "tags": []}