{"rects": [[[524.4, 186.95999999999998, 3374.3999999999996, 5417.28], ["window"]]], "width": 3648, "height": 5472, "tags": []}