{"rects": [[[42.99428571428571, 175.88571428571427, 5343.017142857143, 3353.5542857142855], ["window"]]], "width": 5472, "height": 3648, "tags": []}