{"rects": [[[45.599999999999994, 27.36, 3456.4799999999996, 5412.719999999999], ["window"]]], "width": 3648, "height": 5472, "tags": []}