{"rects": [[[31.268571428571427, 769.9885714285714, 2849.348571428571, 3607.6114285714284], ["window"]], [[2884.525714285714, 824.7085714285714, 5468.091428571428, 3619.3371428571427], ["window"]]], "width": 5472, "height": 3648, "tags": []}