{"rects": [[[22.799999999999997, 702.2399999999999, 3648, 5467.44], ["window"]]], "width": 3648, "height": 5472, "tags": []}