{"rects": [[[992.7771428571428, 15.634285714285713, 5311.748571428571, 3623.2457142857143], ["window"]]], "width": 5472, "height": 3648, "tags": []}