{"rects": [[[19.54285714285714, 734.8114285714286, 2806.3542857142857, 3627.1542857142854], ["window"]], [[2829.805714285714, 570.6514285714286, 5468.091428571428, 3631.062857142857], ["window"]]], "width": 5472, "height": 3648, "tags": []}