{"rects": [[[70.35428571428571, 58.628571428571426, 4232.982857142857, 3607.6114285714284], ["window"]]], "width": 5472, "height": 3648, "tags": []}