{"rects": [[[238.42285714285714, 23.451428571428572, 4526.125714285714, 3631.062857142857], ["window"]]], "width": 5472, "height": 3648, "tags": []}