{"rects": [[[844.2514285714285, 476.8457142857143, 5073.325714285714, 3584.16], ["window"]]], "width": 5472, "height": 3648, "tags": []}