{"rects": [[[3.9085714285714284, 269.69142857142856, 2950.9714285714285, 3642.7885714285712], ["window"]], [[2974.422857142857, 257.9657142857143, 5303.931428571428, 3648], ["window"]]], "width": 5472, "height": 3648, "tags": []}