{"rects": [[[218.88, 715.2685714285714, 4999.062857142857, 3607.6114285714284], ["window"]]], "width": 5472, "height": 3648, "tags": []}