{"rects": [[[461.21142857142854, 7.817142857142857, 5143.679999999999, 3634.9714285714285], ["window"]]], "width": 5472, "height": 3648, "tags": []}