{"rects": [[[680.0914285714285, 11.725714285714286, 5331.291428571429, 3611.52], ["window"]]], "width": 5472, "height": 3648, "tags": []}