{"rects": [[[750.4457142857143, 62.537142857142854, 5190.5828571428565, 3541.165714285714], ["window"]]], "width": 5472, "height": 3648, "tags": []}