{"rects": [[[281.41714285714284, 398.6742857142857, 5315.657142857142, 3588.0685714285714], ["window"]]], "width": 5472, "height": 3648, "tags": []}