{"rects": [[[0, 0, 3648, 5472], ["facade"]], [[9.12, 3233.0399999999995, 2280.0, 5421.839999999999], ["window"]]], "width": 3648, "height": 5472, "tags": ["rot90"]}