{"rects": [[[816.8914285714285, 74.26285714285714, 4662.925714285714, 3638.8799999999997], ["window"]]], "width": 5472, "height": 3648, "tags": []}