{"rects": [[[1145.2114285714285, 195.42857142857142, 5014.697142857142, 3611.52], ["window"]]], "width": 5472, "height": 3648, "tags": []}