{"rects": [[[46.902857142857144, 480.7542857142857, 5432.914285714285, 3255.8399999999997], ["window"]]], "width": 5472, "height": 3648, "tags": []}