{"rects": [[[35.177142857142854, 66.44571428571429, 5409.462857142857, 3580.2514285714283], ["window"]]], "width": 5472, "height": 3648, "tags": []}