{"rects": [[[1219.4742857142855, 15.634285714285713, 4440.137142857143, 3615.428571428571], ["window"]]], "width": 5472, "height": 3648, "tags": []}