{"rects": [[[54.72, 510.71999999999997, 3638.8799999999997, 5034.24], ["window"]]], "width": 3648, "height": 5472, "tags": []}