{"rects": [[[22.799999999999997, 36.48, 3634.3199999999997, 5294.16], ["window"]]], "width": 3648, "height": 5472, "tags": []}