{"rects": [[[875.52, 121.16571428571427, 5276.571428571428, 3615.428571428571], ["window"]]], "width": 5472, "height": 3648, "tags": []}