{"rects": [[[0, 18.24, 3625.2, 2407.68], ["window"]], [[18.24, 2425.9199999999996, 3616.0799999999995, 5357.999999999999], ["window"]]], "width": 3648, "height": 5472, "tags": []}