{"rects": [[[238.42285714285714, 19.54285714285714, 5436.822857142857, 3634.9714285714285], ["window"]]], "width": 5472, "height": 3648, "tags": []}