{"rects": [[[582.3771428571429, 19.54285714285714, 5339.108571428571, 3638.8799999999997], ["window"]]], "width": 5472, "height": 3648, "tags": []}