{"rects": [[[63.839999999999996, 396.71999999999997, 3611.5199999999995, 5321.5199999999995], ["window"]]], "width": 3648, "height": 5472, "tags": []}