{"rects": [[[141.35999999999999, 556.3199999999999, 3561.3599999999997, 5335.2], ["window"]]], "width": 3648, "height": 5472, "tags": []}