{"rects": [[[200.64, 861.8399999999999, 3524.8799999999997, 5417.28], ["window"]]], "width": 3648, "height": 5472, "tags": []}