{"rects": [[[719.1771428571428, 300.96, 5053.782857142857, 3619.3371428571427], ["window"]]], "width": 5472, "height": 3648, "tags": []}