{"rects": [[[843.5999999999999, 1039.6799999999998, 3214.7999999999997, 5380.799999999999], ["window"]]], "width": 3648, "height": 5472, "tags": []}