{"rects": [[[1641.6, 3.9085714285714284, 4584.754285714285, 3623.2457142857143], ["window"]]], "width": 5472, "height": 3648, "tags": []}