{"rects": [[[1113.942857142857, 7.817142857142857, 4791.908571428571, 3619.3371428571427], ["window"]]], "width": 5472, "height": 3648, "tags": []}