{"rects": [[[259.91999999999996, 269.03999999999996, 3561.3599999999997, 5467.44], ["window"]]], "width": 3648, "height": 5472, "tags": []}