{"rects": [[[588.2399999999999, 31.919999999999998, 3388.08, 5430.959999999999], ["window"]]], "width": 3648, "height": 5472, "tags": []}