{"rects": [[[570.0, 59.279999999999994, 3552.24, 5412.719999999999], ["window"]]], "width": 3648, "height": 5472, "tags": []}