{"rects": [[[58.628571428571426, 31.268571428571427, 5358.651428571428, 3588.0685714285714], ["window"]]], "width": 5472, "height": 3648, "tags": []}