{"rects": [[[1258.56, 85.98857142857142, 4166.5371428571425, 3611.52], ["window"]]], "width": 5472, "height": 3648, "tags": []}