{"rects": [[[472.9371428571428, 15.634285714285713, 4479.222857142857, 3521.622857142857], ["window"]]], "width": 5472, "height": 3648, "tags": []}