{"rects": [[[754.3542857142857, 3.9085714285714284, 4713.737142857142, 3603.702857142857], ["window"]]], "width": 5472, "height": 3648, "tags": []}