{"rects": [[[7.817142857142857, 226.69714285714284, 3443.4514285714286, 3631.062857142857], ["window"]], [[3451.2685714285712, 171.97714285714284, 5468.091428571428, 3611.52], ["window"]]], "width": 5472, "height": 3648, "tags": []}