{"rects": [[[308.77714285714285, 15.634285714285713, 5151.4971428571425, 3584.16], ["window"]]], "width": 5472, "height": 3648, "tags": []}