{"rects": [[[173.27999999999997, 86.63999999999999, 3447.3599999999997, 5467.44], ["window"]]], "width": 3648, "height": 5472, "tags": []}