{"rects": [[[766.0799999999999, 31.268571428571427, 5190.5828571428565, 3588.0685714285714], ["window"]]], "width": 5472, "height": 3648, "tags": []}