{"rects": [[[264.47999999999996, 948.4799999999999, 3524.8799999999997, 5389.919999999999], ["window"]]], "width": 3648, "height": 5472, "tags": []}