{"rects": [[[697.68, 793.4399999999999, 3606.9599999999996, 5339.759999999999], ["window"]]], "width": 3648, "height": 5472, "tags": []}