{"rects": [[[72.96, 816.2399999999999, 3588.72, 5430.959999999999], ["window"]]], "width": 3648, "height": 5472, "tags": []}