{"rects": [[[238.42285714285714, 78.17142857142856, 2790.72, 3603.702857142857], ["window"]], [[2821.9885714285715, 74.26285714285714, 5464.182857142857, 3607.6114285714284], ["window"]]], "width": 5472, "height": 3648, "tags": []}