{"rects": [[[1407.0857142857142, 359.5885714285714, 4412.777142857142, 3591.9771428571426], ["window"]]], "width": 5472, "height": 3648, "tags": []}