{"rects": [[[0, 0, 5276.571428571428, 3646.697142857143], ["window"]]], "width": 5472, "height": 3648, "tags": []}