{"rects": [[[95.75999999999999, 95.75999999999999, 3511.2, 5389.919999999999], ["window"]]], "width": 3648, "height": 5472, "tags": []}