{"rects": [[[1180.3885714285714, 19.54285714285714, 5194.4914285714285, 3623.2457142857143], ["window"]]], "width": 5472, "height": 3648, "tags": []}