{"rects": [[[424.08, 351.11999999999995, 2986.7999999999997, 5380.799999999999], ["window"]]], "width": 3648, "height": 5472, "tags": []}