{"rects": [[[1246.8342857142857, 3.9085714285714284, 5104.594285714285, 3646.697142857143], ["window"]]], "width": 5472, "height": 3648, "tags": []}