{"rects": [[[742.6285714285714, 11.725714285714286, 5124.137142857143, 1176.48], ["window"]], [[453.3942857142857, 1196.022857142857, 5448.548571428571, 3548.982857142857], ["window"]]], "width": 5472, "height": 3648, "tags": []}