{"rects": [[[13.68, 22.799999999999997, 3360.72, 5444.639999999999], ["window"]]], "width": 3648, "height": 5472, "tags": []}