{"rects": [[[501.59999999999997, 164.16, 3593.2799999999997, 5376.24], ["window"]]], "width": 3648, "height": 5472, "tags": []}