{"rects": [[[93.80571428571429, 1692.4114285714286, 3521.622857142857, 4662.925714285714], ["window"]]], "width": 3648, "height": 5472, "tags": ["rot90"]}