{"rects": [[[715.2685714285714, 3.9085714285714284, 5194.4914285714285, 3607.6114285714284], ["window"]]], "width": 5472, "height": 3648, "tags": []}