{"rects": [[[9.12, 401.28, 3634.3199999999997, 5298.719999999999], ["window"]]], "width": 3648, "height": 5472, "tags": []}