{"rects": [[[758.2628571428571, 31.268571428571427, 5217.942857142857, 3611.52], ["window"]]], "width": 5472, "height": 3648, "tags": []}