{"rects": [[[13.68, 661.1999999999999, 3625.2, 5389.919999999999], ["window"]]], "width": 3648, "height": 5472, "tags": []}