{"rects": [[[218.88, 74.26285714285714, 5346.925714285714, 3615.428571428571], ["window"]]], "width": 5472, "height": 3648, "tags": []}