{"rects": [[[31.268571428571427, 2048.0914285714284, 2739.908571428571, 3631.062857142857], ["window"]], [[2771.177142857143, 2052.0, 5468.091428571428, 3623.2457142857143], ["window"]], [[308.77714285714285, 551.1085714285714, 4834.902857142857, 2032.4571428571428], ["window"]]], "width": 5472, "height": 3648, "tags": []}