{"rects": [[[168.06857142857143, 410.4, 2990.0571428571425, 3580.2514285714283], ["window"]], [[3005.6914285714283, 78.17142857142856, 5464.182857142857, 3595.885714285714], ["window"]]], "width": 5472, "height": 3648, "tags": []}