{"rects": [[[364.79999999999995, 560.88, 3538.5599999999995, 5458.32], ["window"]]], "width": 3648, "height": 5472, "tags": []}