{"rects": [[[707.4514285714286, 58.628571428571426, 5319.565714285714, 3537.2571428571428], ["window"]]], "width": 5472, "height": 3648, "tags": []}