{"rects": [[[82.08, 711.3599999999999, 3543.12, 5380.799999999999], ["window"]]], "width": 3648, "height": 5472, "tags": []}