{"rects": [[[11.725714285714286, 85.98857142857142, 3013.5085714285715, 3611.52], ["window"]], [[3029.142857142857, 109.44, 5456.365714285714, 3648], ["window"]]], "width": 5472, "height": 3648, "tags": []}