{"rects": [[[63.839999999999996, 907.4399999999999, 3575.0399999999995, 5403.599999999999], ["window"]]], "width": 3648, "height": 5472, "tags": []}