{"rects": [[[652.7314285714285, 476.8457142857143, 5292.205714285714, 3525.5314285714285], ["window"]]], "width": 5472, "height": 3648, "tags": []}