{"rects": [[[598.0114285714285, 214.97142857142856, 5085.051428571428, 3611.52], ["window"]]], "width": 5472, "height": 3648, "tags": []}