{"rects": [[[676.1828571428571, 23.451428571428572, 4916.982857142857, 3595.885714285714], ["window"]]], "width": 5472, "height": 3648, "tags": []}