{"rects": [[[91.19999999999999, 861.8399999999999, 3520.3199999999997, 5294.16], ["window"]]], "width": 3648, "height": 5472, "tags": []}