{"rects": [[[19.54285714285714, 62.537142857142854, 2724.2742857142857, 3634.9714285714285], ["window"]], [[2782.902857142857, 74.26285714285714, 5444.639999999999, 3623.2457142857143], ["window"]]], "width": 5472, "height": 3648, "tags": []}