{"rects": [[[203.24571428571429, 50.81142857142857, 5077.234285714286, 3580.2514285714283], ["window"]]], "width": 5472, "height": 3648, "tags": []}