{"rects": [[[159.6, 870.9599999999999, 3561.3599999999997, 5394.48], ["window"]]], "width": 3648, "height": 5472, "tags": []}