{"rects": [[[187.61142857142858, 121.16571428571427, 4748.914285714285, 3623.2457142857143], ["window"]]], "width": 5472, "height": 3648, "tags": []}