{"rects": [[[241.67999999999998, 2079.3599999999997, 3625.2, 5339.759999999999], ["window"]]], "width": 3648, "height": 5472, "tags": []}