{"rects": [[[633.1885714285714, 156.34285714285713, 5370.377142857143, 3638.8799999999997], ["window"]]], "width": 5472, "height": 3648, "tags": []}