{"rects": [[[300.96, 725.04, 3565.9199999999996, 5412.719999999999], ["window"]]], "width": 3648, "height": 5472, "tags": []}