{"rects": [[[355.68, 70.35428571428571, 5335.2, 3560.7085714285713], ["window"]]], "width": 5472, "height": 3648, "tags": []}