{"rects": [[[78.17142857142856, 58.628571428571426, 4999.062857142857, 3521.622857142857], ["window"]]], "width": 5472, "height": 3648, "tags": []}