{"rects": [[[1086.5828571428572, 11.725714285714286, 5092.868571428571, 3638.8799999999997], ["window"]]], "width": 5472, "height": 3648, "tags": []}