{"rects": [[[125.07428571428571, 637.0971428571428, 5460.274285714286, 3552.8914285714286], ["window"]]], "width": 5472, "height": 3648, "tags": []}