{"rects": [[[19.54285714285714, 31.268571428571427, 3361.371428571428, 3648], ["window"]], [[3380.9142857142856, 35.177142857142854, 5460.274285714286, 3642.7885714285712], ["window"]]], "width": 5472, "height": 3648, "tags": []}