{"rects": [[[141.35999999999999, 323.76, 3415.4399999999996, 5440.08], ["window"]]], "width": 3648, "height": 5472, "tags": []}