{"rects": [[[74.26285714285714, 39.08571428571428, 5049.874285714285, 3619.3371428571427], ["window", "shop"]]], "width": 5472, "height": 3648, "tags": []}