{"rects": [[[1254.6514285714286, 11.725714285714286, 5311.748571428571, 2614.8342857142857], ["window"]]], "width": 5472, "height": 3648, "tags": []}