{"rects": [[[118.55999999999999, 747.8399999999999, 3584.16, 5467.44], ["window"]]], "width": 3648, "height": 5472, "tags": []}