{"rects": [[[226.69714285714284, 35.177142857142854, 5147.588571428571, 3572.4342857142856], ["window"]]], "width": 5472, "height": 3648, "tags": []}