{"rects": [[[1031.8628571428571, 58.628571428571426, 4721.5542857142855, 3627.1542857142854], ["window"]]], "width": 5472, "height": 3648, "tags": []}