{"rects": [[[3.9085714285714284, 609.7371428571428, 2841.5314285714285, 3623.2457142857143], ["window"]], [[2845.44, 609.7371428571428, 5456.365714285714, 3642.7885714285712], ["window"]]], "width": 5472, "height": 3648, "tags": []}