{"rects": [[[1004.5028571428571, 15.634285714285713, 5346.925714285714, 3607.6114285714284], ["window"]]], "width": 5472, "height": 3648, "tags": []}