{"rects": [[[922.4228571428571, 156.34285714285713, 5077.234285714286, 3627.1542857142854], ["window"]]], "width": 5472, "height": 3648, "tags": []}