{"rects": [[[641.0057142857142, 62.537142857142854, 4924.8, 3611.52], ["window"]]], "width": 5472, "height": 3648, "tags": []}