{"rects": [[[238.42285714285714, 62.537142857142854, 5085.051428571428, 3595.885714285714], ["window"]]], "width": 5472, "height": 3648, "tags": []}