{"rects": [[[738.7199999999999, 58.628571428571426, 4948.251428571429, 3599.7942857142857], ["window"]]], "width": 5472, "height": 3648, "tags": []}