{"rects": [[[72.96, 196.07999999999998, 3616.0799999999995, 4829.04], ["window"]]], "width": 3648, "height": 5472, "tags": []}