{"rects": [[[1051.4057142857143, 27.36, 5268.754285714285, 3599.7942857142857], ["window"]]], "width": 5472, "height": 3648, "tags": []}