{"rects": [[[347.86285714285714, 121.16571428571427, 5206.217142857143, 3533.348571428571], ["window"]]], "width": 5472, "height": 3648, "tags": []}