{"rects": [[[7.817142857142857, 363.4971428571428, 2415.4971428571425, 3427.8171428571427], ["window"]], [[2481.942857142857, 379.13142857142856, 5444.639999999999, 3396.5485714285714], ["window"]]], "width": 5472, "height": 3648, "tags": []}