{"rects": [[[45.599999999999994, 930.2399999999999, 3597.8399999999997, 5440.08], ["window"]]], "width": 3648, "height": 5472, "tags": []}