{"rects": [[[191.51999999999998, 11.725714285714286, 5249.211428571428, 3619.3371428571427], ["window"]]], "width": 5472, "height": 3648, "tags": []}