{"rects": [[[207.1542857142857, 7.817142857142857, 5135.862857142857, 3611.52], ["window"]]], "width": 5472, "height": 3648, "tags": []}