{"rects": [[[1082.6742857142856, 93.80571428571429, 5311.748571428571, 3533.348571428571], ["window"]]], "width": 5472, "height": 3648, "tags": []}