{"rects": [[[254.05714285714285, 35.177142857142854, 3001.782857142857, 3638.8799999999997], ["window"]], [[3025.2342857142858, 31.268571428571427, 5303.931428571428, 3603.702857142857], ["window"]]], "width": 5472, "height": 3648, "tags": []}