{"rects": [[[519.8399999999999, 1199.28, 3520.3199999999997, 5371.679999999999], ["window"]]], "width": 3648, "height": 5472, "tags": []}