{"rects": [[[773.8971428571429, 66.44571428571429, 4842.719999999999, 3568.525714285714], ["window"]]], "width": 5472, "height": 3648, "tags": []}