{"rects": [[[392.15999999999997, 27.36, 3648, 2425.9199999999996], ["window"]], [[278.15999999999997, 2448.72, 3629.7599999999998, 5467.44], ["window"]]], "width": 3648, "height": 5472, "tags": []}