{"rects": [[[441.6685714285714, 211.06285714285713, 5311.748571428571, 3619.3371428571427], ["window"]]], "width": 5472, "height": 3648, "tags": []}