{"rects": [[[797.3485714285714, 23.451428571428572, 4948.251428571429, 3599.7942857142857], ["window"]]], "width": 5472, "height": 3648, "tags": []}