{"rects": [[[1227.2914285714285, 113.34857142857142, 4150.902857142857, 3634.9714285714285], ["window"]]], "width": 5472, "height": 3648, "tags": []}