{"rects": [[[203.24571428571429, 3.9085714285714284, 5292.205714285714, 3623.2457142857143], ["window"]]], "width": 5472, "height": 3648, "tags": []}