{"rects": [[[41.04, 506.15999999999997, 3616.0799999999995, 5216.639999999999], ["window"]]], "width": 3648, "height": 5472, "tags": []}