{"rects": [[[19.54285714285714, 27.36, 4834.902857142857, 3627.1542857142854], ["window"]]], "width": 5472, "height": 3648, "tags": []}