{"rects": [[[63.839999999999996, 642.9599999999999, 3465.6, 5348.879999999999], ["window"]]], "width": 3648, "height": 5472, "tags": []}