{"rects": [[[54.72, 246.23999999999998, 3606.9599999999996, 5157.36], ["window"]]], "width": 3648, "height": 5472, "tags": []}