{"rects": [[[578.4685714285714, 277.50857142857143, 5327.382857142857, 3619.3371428571427], ["window"]]], "width": 5472, "height": 3648, "tags": []}