{"rects": [[[31.919999999999998, 282.71999999999997, 3625.2, 5421.839999999999], ["window"]]], "width": 3648, "height": 5472, "tags": []}