{"rects": [[[58.628571428571426, 140.70857142857142, 2630.468571428571, 3537.2571428571428], ["window"]], [[2708.64, 128.98285714285714, 5323.4742857142855, 3552.8914285714286], ["window"]]], "width": 5472, "height": 3648, "tags": []}