{"rects": [[[570.0, 1076.1599999999999, 3606.9599999999996, 5294.16], ["window"]]], "width": 3648, "height": 5472, "tags": []}