{"rects": [[[27.36, 54.72, 3565.9199999999996, 5453.759999999999], ["window"]]], "width": 3648, "height": 5472, "tags": []}