{"rects": [[[484.6628571428571, 214.97142857142856, 5468.091428571428, 1645.5085714285713], ["window"]], [[7.817142857142857, 1668.9599999999998, 5464.182857142857, 3634.9714285714285], ["window"]]], "width": 5472, "height": 3648, "tags": []}