{"rects": [[[95.75999999999999, 775.1999999999999, 3579.6, 5321.5199999999995], ["window"]]], "width": 3648, "height": 5472, "tags": []}