{"rects": [[[100.32, 506.15999999999997, 3547.68, 5161.919999999999], ["window"]]], "width": 3648, "height": 5472, "tags": []}