{"rects": [[[150.48, 50.16, 3228.4799999999996, 5412.719999999999], ["window"]]], "width": 3648, "height": 5472, "tags": []}