{"rects": [[[336.13714285714286, 15.634285714285713, 3107.3142857142857, 3591.9771428571426], ["window"]]], "width": 5472, "height": 3648, "tags": []}