{"rects": [[[19.54285714285714, 11.725714285714286, 2700.822857142857, 3634.9714285714285], ["window"]], [[2728.182857142857, 15.634285714285713, 5288.297142857143, 3638.8799999999997], ["window"]]], "width": 5472, "height": 3648, "tags": []}