{"rects": [[[402.5828571428571, 1352.3657142857141, 5456.365714285714, 3631.062857142857], ["window"]]], "width": 5472, "height": 3648, "tags": []}