{"rects": [[[1473.5314285714285, 42.99428571428571, 5010.788571428571, 3595.885714285714], ["window"]]], "width": 5472, "height": 3648, "tags": []}