{"rects": [[[1106.1257142857141, 70.35428571428571, 5061.599999999999, 3584.16], ["window"]]], "width": 5472, "height": 3648, "tags": []}