{"rects": [[[50.16, 100.32, 3533.9999999999995, 5430.959999999999], ["window"]]], "width": 3648, "height": 5472, "tags": []}