{"rects": [[[45.599999999999994, 652.0799999999999, 3629.7599999999998, 5335.2], ["window"]]], "width": 3648, "height": 5472, "tags": []}