{"rects": [[[617.5542857142857, 121.16571428571427, 5092.868571428571, 3607.6114285714284], ["window"]]], "width": 5472, "height": 3648, "tags": []}