{"rects": [[[0, 0, 3648, 5472], ["facade"]], [[255.35999999999999, 2325.6, 2740.56, 4190.639999999999], ["window"]]], "width": 3648, "height": 5472, "tags": ["rot90"]}