{"rects": [[[13.68, 18.24, 3638.8799999999997, 2362.08], ["window"]], [[27.36, 2416.7999999999997, 3643.4399999999996, 5435.5199999999995], ["window"]]], "width": 3648, "height": 5472, "tags": []}