{"rects": [[[91.19999999999999, 1062.48, 3502.08, 5421.839999999999], ["window"]]], "width": 3648, "height": 5472, "tags": []}