{"rects": [[[476.8457142857143, 164.16, 5429.005714285714, 3623.2457142857143], ["window"]]], "width": 5472, "height": 3648, "tags": []}