{"rects": [[[182.39999999999998, 706.8, 3520.3199999999997, 5389.919999999999], ["window"]]], "width": 3648, "height": 5472, "tags": []}