{"rects": [[[140.70857142857142, 3.9085714285714284, 5444.639999999999, 2708.64], ["window"]]], "width": 5472, "height": 3648, "tags": []}