{"rects": [[[183.70285714285714, 0, 5307.84, 3634.9714285714285], ["window"]]], "width": 5472, "height": 3648, "tags": []}