{"rects": [[[183.70285714285714, 78.17142857142856, 4440.137142857143, 3599.7942857142857], ["window"]]], "width": 5472, "height": 3648, "tags": []}