{"rects": [[[95.75999999999999, 984.9599999999999, 3570.4799999999996, 5253.12], ["window"]]], "width": 3648, "height": 5472, "tags": []}