{"rects": [[[156.34285714285713, 598.0114285714285, 3611.52, 4670.742857142857], ["window"]]], "width": 3648, "height": 5472, "tags": ["rot90"]}