{"rects": [[[77.52, 565.4399999999999, 3575.0399999999995, 5225.759999999999], ["window"]]], "width": 3648, "height": 5472, "tags": []}