{"rects": [[[259.91999999999996, 13.68, 3465.6, 5444.639999999999], ["window"]]], "width": 3648, "height": 5472, "tags": []}