{"rects": [[[70.35428571428571, 363.4971428571428, 5432.914285714285, 3588.0685714285714], ["window"]]], "width": 5472, "height": 3648, "tags": []}