{"rects": [[[140.70857142857142, 304.8685714285714, 5425.097142857143, 3462.9942857142855], ["window"]]], "width": 5472, "height": 3648, "tags": []}