{"rects": [[[41.04, 683.9999999999999, 3570.4799999999996, 5399.04], ["window"]]], "width": 3648, "height": 5472, "tags": []}