{"rects": [[[766.0799999999999, 11.725714285714286, 5124.137142857143, 3619.3371428571427], ["window"]]], "width": 5472, "height": 3648, "tags": []}