{"rects": [[[207.1542857142857, 19.54285714285714, 3416.0914285714284, 2079.3599999999997], ["window"]], [[97.71428571428571, 2102.8114285714287, 3525.5314285714285, 4686.377142857143], ["window"]]], "width": 3648, "height": 5472, "tags": ["rot90"]}