{"rects": [[[441.6685714285714, 105.53142857142856, 5303.931428571428, 3576.342857142857], ["window"]]], "width": 5472, "height": 3648, "tags": []}