{"rects": [[[316.5942857142857, 7.817142857142857, 4584.754285714285, 3611.52], ["window"]]], "width": 5472, "height": 3648, "tags": []}