{"rects": [[[281.41714285714284, 19.54285714285714, 5456.365714285714, 3490.3542857142857], ["window"]]], "width": 5472, "height": 3648, "tags": []}