{"rects": [[[289.2342857142857, 11.725714285714286, 3283.2, 3541.165714285714], ["window"]]], "width": 5472, "height": 3648, "tags": []}