{"rects": [[[13.68, 27.36, 3616.0799999999995, 4728.719999999999], ["window"]]], "width": 3648, "height": 5472, "tags": []}