{"rects": [[[644.9142857142857, 82.08, 5464.182857142857, 3525.5314285714285], ["window"]]], "width": 5472, "height": 3648, "tags": []}