{"rects": [[[144.61714285714285, 3.9085714285714284, 5343.017142857143, 3603.702857142857], ["window"]]], "width": 5472, "height": 3648, "tags": []}