{"rects": [[[566.7428571428571, 11.725714285714286, 5034.24, 3619.3371428571427], ["window"]]], "width": 5472, "height": 3648, "tags": []}