{"rects": [[[250.79999999999998, 13.68, 3620.64, 5462.879999999999], ["window"]]], "width": 3648, "height": 5472, "tags": []}