{"rects": [[[695.7257142857143, 31.268571428571427, 5229.668571428571, 3627.1542857142854], ["window"]]], "width": 5472, "height": 3648, "tags": []}