{"rects": [[[136.79999999999998, 802.56, 3561.3599999999997, 5394.48], ["window"]]], "width": 3648, "height": 5472, "tags": []}