{"rects": [[[1082.6742857142856, 0, 4745.005714285714, 3521.622857142857], ["window"]]], "width": 5472, "height": 3648, "tags": []}