{"rects": [[[343.9542857142857, 15.634285714285713, 4741.097142857143, 3611.52], ["window"]]], "width": 5472, "height": 3648, "tags": []}