{"rects": [[[566.7428571428571, 742.6285714285714, 5464.182857142857, 3623.2457142857143], ["window"]]], "width": 5472, "height": 3648, "tags": []}