{"rects": [[[1485.2571428571428, 23.451428571428572, 4948.251428571429, 3595.885714285714], ["window", "shop"]]], "width": 5472, "height": 3648, "tags": []}