{"rects": [[[812.9828571428571, 39.08571428571428, 5030.331428571429, 3388.7314285714283], ["window"]]], "width": 5472, "height": 3648, "tags": []}