{"rects": [[[31.919999999999998, 50.16, 3433.68, 5435.5199999999995], ["window"]]], "width": 3648, "height": 5472, "tags": []}