{"rects": [[[629.28, 50.81142857142857, 5100.685714285714, 3595.885714285714], ["window"]]], "width": 5472, "height": 3648, "tags": []}