{"rects": [[[613.6457142857142, 226.69714285714284, 3095.5885714285714, 3607.6114285714284], ["window"]], [[3154.217142857143, 199.33714285714285, 5468.091428571428, 3615.428571428571], ["window"]]], "width": 5472, "height": 3648, "tags": []}