{"rects": [[[136.79999999999998, 63.839999999999996, 3611.5199999999995, 5353.44], ["window", "shop"]]], "width": 3648, "height": 5472, "tags": []}