{"rects": [[[113.99999999999999, 857.28, 3529.4399999999996, 5453.759999999999], ["window"]]], "width": 3648, "height": 5472, "tags": []}