{"rects": [[[214.32, 337.44, 3461.0399999999995, 5453.759999999999], ["window"]]], "width": 3648, "height": 5472, "tags": []}