{"rects": [[[118.55999999999999, 9.12, 3647.9999999999995, 2717.7599999999998], ["window"]], [[113.99999999999999, 2758.7999999999997, 3597.8399999999997, 5453.759999999999], ["window"]]], "width": 3648, "height": 5472, "tags": []}