{"rects": [[[261.8742857142857, 82.08, 5374.285714285714, 3564.617142857143], ["window"]]], "width": 5472, "height": 3648, "tags": []}