{"rects": [[[785.6228571428571, 3.9085714285714284, 5124.137142857143, 3615.428571428571], ["window"]]], "width": 5472, "height": 3648, "tags": []}