{"rects": [[[531.5657142857143, 31.268571428571427, 4651.2, 3564.617142857143], ["window"]]], "width": 5472, "height": 3648, "tags": []}