{"rects": [[[719.1771428571428, 82.08, 4995.154285714286, 3603.702857142857], ["window"]]], "width": 5472, "height": 3648, "tags": []}