{"rects": [[[13.68, 2503.4399999999996, 3647.9999999999995, 5453.759999999999], ["window"]], [[4.56, 328.32, 3648, 2448.72], ["window"]]], "width": 3648, "height": 5472, "tags": []}