{"rects": [[[54.72, 820.8, 5460.274285714286, 3517.7142857142853], ["window"]]], "width": 5472, "height": 3648, "tags": []}