{"rects": [[[1067.04, 23.451428571428572, 5061.599999999999, 3619.3371428571427], ["window"]]], "width": 5472, "height": 3648, "tags": []}