{"rects": [[[128.98285714285714, 23.451428571428572, 5178.857142857142, 3588.0685714285714], ["window"]]], "width": 5472, "height": 3648, "tags": []}