{"rects": [[[323.76, 123.11999999999999, 3305.9999999999995, 5426.4], ["window"]]], "width": 3648, "height": 5472, "tags": []}