{"rects": [[[609.7371428571428, 70.35428571428571, 5131.954285714285, 3638.8799999999997], ["facade"]], [[652.7314285714285, 109.44, 5077.234285714286, 1911.2914285714285], ["window"]], [[656.64, 1938.6514285714284, 5116.32, 3615.428571428571], ["window"]]], "width": 5472, "height": 3648, "tags": []}