{"rects": [[[18.24, 378.47999999999996, 3634.3199999999997, 5093.5199999999995], ["window"]]], "width": 3648, "height": 5472, "tags": []}