{"rects": [[[168.72, 560.88, 3593.2799999999997, 5321.5199999999995], ["window"]]], "width": 3648, "height": 5472, "tags": []}