{"rects": [[[515.9314285714286, 19.54285714285714, 5034.24, 3631.062857142857], ["window"]]], "width": 5472, "height": 3648, "tags": []}