{"rects": [[[148.5257142857143, 7.817142857142857, 5096.777142857142, 3607.6114285714284], ["window"]]], "width": 5472, "height": 3648, "tags": []}