{"rects": [[[82.08, 46.902857142857144, 5249.211428571428, 3615.428571428571], ["window"]]], "width": 5472, "height": 3648, "tags": []}