{"rects": [[[35.177142857142854, 3.9085714285714284, 5069.417142857143, 3572.4342857142856], ["window"]]], "width": 5472, "height": 3648, "tags": []}