{"rects": [[[7.817142857142857, 42.99428571428571, 2993.965714285714, 3634.9714285714285], ["window"]], [[3009.6, 50.81142857142857, 5444.639999999999, 3619.3371428571427], ["window"]]], "width": 5472, "height": 3648, "tags": []}