{"rects": [[[941.9657142857143, 15.634285714285713, 5061.599999999999, 2689.097142857143], ["window"]]], "width": 5472, "height": 3648, "tags": []}