{"rects": [[[469.67999999999995, 319.2, 3629.7599999999998, 5467.44], ["window"]]], "width": 3648, "height": 5472, "tags": []}