{"rects": [[[586.2857142857142, 168.06857142857143, 5300.022857142857, 3646.697142857143], ["window"]]], "width": 5472, "height": 3648, "tags": []}