{"rects": [[[680.0914285714285, 285.3257142857143, 5190.5828571428565, 3623.2457142857143], ["window"]]], "width": 5472, "height": 3648, "tags": []}