{"rects": [[[242.33142857142855, 50.81142857142857, 5206.217142857143, 3627.1542857142854], ["window"]]], "width": 5472, "height": 3648, "tags": []}