{"rects": [[[86.63999999999999, 36.48, 3301.4399999999996, 5444.639999999999], ["window"]]], "width": 3648, "height": 5472, "tags": []}