{"rects": [[[177.83999999999997, 624.7199999999999, 3606.9599999999996, 5467.44], ["window"]]], "width": 3648, "height": 5472, "tags": []}