{"rects": [[[246.23999999999998, 378.47999999999996, 3579.6, 5385.36], ["window"]]], "width": 3648, "height": 5472, "tags": []}