{"rects": [[[50.81142857142857, 496.3885714285714, 5386.011428571428, 3603.702857142857], ["window"]]], "width": 5472, "height": 3648, "tags": []}