{"rects": [[[22.799999999999997, 1117.1999999999998, 3602.3999999999996, 5440.08], ["window"]]], "width": 3648, "height": 5472, "tags": []}