{"rects": [[[734.8114285714286, 207.1542857142857, 2759.4514285714286, 3631.062857142857], ["window", "shop"]], [[2771.177142857143, 152.4342857142857, 4373.691428571428, 3623.2457142857143], ["window", "shop"]]], "width": 5472, "height": 3648, "tags": []}