{"rects": [[[898.9714285714285, 62.537142857142854, 4924.8, 3603.702857142857], ["window"]]], "width": 5472, "height": 3648, "tags": []}