{"rects": [[[50.81142857142857, 961.5085714285714, 3603.702857142857, 4670.742857142857], ["window"]]], "width": 3648, "height": 5472, "tags": ["rot90"]}