{"rects": [[[186.95999999999998, 683.9999999999999, 3474.72, 5394.48], ["window"]]], "width": 3648, "height": 5472, "tags": []}