{"rects": [[[641.0057142857142, 11.725714285714286, 4850.5371428571425, 3648], ["window"]]], "width": 5472, "height": 3648, "tags": []}