{"rects": [[[707.4514285714286, 70.35428571428571, 5217.942857142857, 3611.52], ["window"]]], "width": 5472, "height": 3648, "tags": []}