{"rects": [[[269.69142857142856, 445.57714285714286, 5374.285714285714, 3631.062857142857], ["window"]]], "width": 5472, "height": 3648, "tags": []}