{"rects": [[[793.4399999999999, 54.72, 4780.182857142857, 3474.72], ["window"]]], "width": 5472, "height": 3648, "tags": []}