{"rects": [[[1016.2285714285714, 42.99428571428571, 5006.88, 3603.702857142857], ["window"]]], "width": 5472, "height": 3648, "tags": []}