{"rects": [[[50.16, 45.599999999999994, 3442.7999999999997, 5408.16], ["window"]]], "width": 3648, "height": 5472, "tags": []}