{"rects": [[[672.2742857142857, 504.20571428571424, 5346.925714285714, 3537.2571428571428], ["window"]]], "width": 5472, "height": 3648, "tags": []}