{"rects": [[[50.81142857142857, 203.24571428571429, 5386.011428571428, 3588.0685714285714], ["window"]]], "width": 5472, "height": 3648, "tags": []}