{"rects": [[[68.39999999999999, 177.83999999999997, 3470.16, 5467.44], ["window"]]], "width": 3648, "height": 5472, "tags": []}