{"rects": [[[437.76, 35.177142857142854, 5319.565714285714, 3556.7999999999997], ["window"]]], "width": 5472, "height": 3648, "tags": []}