{"rects": [[[547.1999999999999, 1044.24, 3547.68, 5380.799999999999], ["window"]]], "width": 3648, "height": 5472, "tags": []}