{"rects": [[[144.61714285714285, 35.177142857142854, 5221.851428571428, 3537.2571428571428], ["window"]]], "width": 5472, "height": 3648, "tags": []}