{"rects": [[[19.54285714285714, 11.725714285714286, 2849.348571428571, 3599.7942857142857], ["window"]], [[2876.7085714285713, 23.451428571428572, 5436.822857142857, 3607.6114285714284], ["window"]]], "width": 5472, "height": 3648, "tags": []}