{"rects": [[[211.06285714285713, 1141.3028571428572, 5460.274285714286, 3599.7942857142857], ["window"]]], "width": 5472, "height": 3648, "tags": []}