{"rects": [[[19.54285714285714, 66.44571428571429, 5417.28, 3568.525714285714], ["window"]]], "width": 5472, "height": 3648, "tags": []}