{"rects": [[[145.92, 1076.1599999999999, 3529.4399999999996, 5367.12], ["window"]]], "width": 3648, "height": 5472, "tags": []}