{"rects": [[[386.9485714285714, 62.537142857142854, 5135.862857142857, 3580.2514285714283], ["window"]]], "width": 5472, "height": 3648, "tags": []}