{"rects": [[[343.9542857142857, 265.78285714285715, 5147.588571428571, 3451.2685714285712], ["window"]]], "width": 5472, "height": 3648, "tags": []}