{"rects": [[[31.919999999999998, 962.16, 3123.6, 5412.719999999999], ["window"]]], "width": 3648, "height": 5472, "tags": []}