{"rects": [[[72.96, 487.91999999999996, 3611.5199999999995, 5221.2], ["window"]]], "width": 3648, "height": 5472, "tags": []}