{"rects": [[[323.76, 22.799999999999997, 3255.8399999999997, 5467.44], ["window"]]], "width": 3648, "height": 5472, "tags": []}