{"rects": [[[387.59999999999997, 27.36, 3378.9599999999996, 5458.32], ["window"]]], "width": 3648, "height": 5472, "tags": []}