{"rects": [[[168.06857142857143, 23.451428571428572, 5425.097142857143, 3564.617142857143], ["window"]]], "width": 5472, "height": 3648, "tags": []}