{"rects": [[[293.1428571428571, 23.451428571428572, 5354.742857142857, 3537.2571428571428], ["window"]]], "width": 5472, "height": 3648, "tags": []}