{"rects": [[[22.799999999999997, 410.4, 3602.3999999999996, 5385.36], ["window"]]], "width": 3648, "height": 5472, "tags": []}