{"rects": [[[13.68, 59.279999999999994, 3269.5199999999995, 5467.44], ["window"]]], "width": 3648, "height": 5472, "tags": []}