{"rects": [[[7.817142857142857, 46.902857142857144, 2728.182857142857, 3619.3371428571427], ["window"]], [[2747.7257142857143, 46.902857142857144, 5444.639999999999, 3615.428571428571], ["window"]]], "width": 5472, "height": 3648, "tags": []}