{"rects": [[[332.2285714285714, 277.50857142857143, 5124.137142857143, 3611.52], ["window"]]], "width": 5472, "height": 3648, "tags": []}