{"rects": [[[287.28, 693.1199999999999, 3602.3999999999996, 5403.599999999999], ["window"]]], "width": 3648, "height": 5472, "tags": []}