{"rects": [[[3.9085714285714284, 973.2342857142856, 2775.085714285714, 3642.7885714285712], ["window"]], [[2786.811428571428, 969.3257142857142, 5468.091428571428, 3642.7885714285712], ["window"]]], "width": 5472, "height": 3648, "tags": []}