{"rects": [[[27.36, 3.9085714285714284, 2990.0571428571425, 3634.9714285714285], ["window"]], [[2990.0571428571425, 11.725714285714286, 5452.457142857143, 3634.9714285714285], ["window"]]], "width": 5472, "height": 3648, "tags": []}