{"rects": [[[805.1657142857142, 281.41714285714284, 4678.5599999999995, 3568.525714285714], ["window"]]], "width": 5472, "height": 3648, "tags": []}