{"rects": [[[684.0, 15.634285714285713, 5288.297142857143, 3588.0685714285714], ["window"]]], "width": 5472, "height": 3648, "tags": []}