{"rects": [[[726.9942857142856, 31.268571428571427, 5202.308571428571, 3627.1542857142854], ["window"]]], "width": 5472, "height": 3648, "tags": []}