{"rects": [[[367.4057142857143, 0, 4956.068571428571, 3572.4342857142856], ["window"]]], "width": 5472, "height": 3648, "tags": []}