{"rects": [[[422.12571428571425, 3.9085714285714284, 4842.719999999999, 3548.982857142857], ["window"]]], "width": 5472, "height": 3648, "tags": []}