{"rects": [[[187.61142857142858, 66.44571428571429, 5178.857142857142, 3572.4342857142856], ["window"]]], "width": 5472, "height": 3648, "tags": []}