{"rects": [[[63.839999999999996, 68.39999999999999, 3237.6, 5462.879999999999], ["window"]]], "width": 3648, "height": 5472, "tags": []}