{"rects": [[[9.12, 4.56, 3497.5199999999995, 4979.5199999999995], ["window"]]], "width": 3648, "height": 5472, "tags": []}