{"rects": [[[36.48, 633.8399999999999, 3625.2, 5380.799999999999], ["window"]]], "width": 3648, "height": 5472, "tags": []}