{"rects": [[[121.16571428571427, 762.1714285714286, 5229.668571428571, 3462.9942857142855], ["window"]]], "width": 5472, "height": 3648, "tags": []}