{"rects": [[[35.177142857142854, 945.8742857142856, 5300.022857142857, 3642.7885714285712], ["window"]]], "width": 5472, "height": 3648, "tags": []}