{"rects": [[[246.23999999999998, 0, 3214.7999999999997, 5449.2], ["window"]]], "width": 3648, "height": 5472, "tags": []}