{"rects": [[[472.9371428571428, 988.8685714285714, 5354.742857142857, 3525.5314285714285], ["window"]]], "width": 5472, "height": 3648, "tags": []}