{"rects": [[[1305.462857142857, 15.634285714285713, 4991.245714285714, 3599.7942857142857], ["window"]]], "width": 5472, "height": 3648, "tags": []}