{"rects": [[[472.9371428571428, 152.4342857142857, 5088.96, 3615.428571428571], ["window"]]], "width": 5472, "height": 3648, "tags": []}