{"rects": [[[22.799999999999997, 1258.56, 3634.3199999999997, 5453.759999999999], ["window"]]], "width": 3648, "height": 5472, "tags": []}