{"rects": [[[246.23999999999998, 145.92, 3415.4399999999996, 5376.24], ["window"]]], "width": 3648, "height": 5472, "tags": []}