{"rects": [[[250.14857142857142, 855.9771428571428, 5362.5599999999995, 3486.445714285714], ["window"]]], "width": 5472, "height": 3648, "tags": []}