{"rects": [[[742.6285714285714, 93.80571428571429, 4963.885714285714, 3595.885714285714], ["window"]]], "width": 5472, "height": 3648, "tags": []}