{"rects": [[[238.42285714285714, 62.537142857142854, 5171.04, 3556.7999999999997], ["window"]]], "width": 5472, "height": 3648, "tags": []}