{"rects": [[[105.53142857142856, 74.26285714285714, 5096.777142857142, 3623.2457142857143], ["window"]]], "width": 5472, "height": 3648, "tags": []}