{"rects": [[[127.67999999999999, 1231.1999999999998, 3588.72, 5312.4], ["window"]]], "width": 3648, "height": 5472, "tags": []}