{"rects": [[[543.2914285714286, 132.89142857142858, 5128.045714285714, 3607.6114285714284], ["window"]]], "width": 5472, "height": 3648, "tags": []}