{"rects": [[[426.0342857142857, 27.36, 5147.588571428571, 3552.8914285714286], ["window"]]], "width": 5472, "height": 3648, "tags": []}