{"rects": [[[308.77714285714285, 15.634285714285713, 5237.485714285714, 3572.4342857142856], ["window"]]], "width": 5472, "height": 3648, "tags": []}