{"rects": [[[113.34857142857142, 871.6114285714285, 5386.011428571428, 3462.9942857142855], ["window"]]], "width": 5472, "height": 3648, "tags": []}