{"rects": [[[77.52, 123.11999999999999, 3529.4399999999996, 5125.44], ["window"]]], "width": 3648, "height": 5472, "tags": []}