{"rects": [[[360.23999999999995, 22.799999999999997, 3260.3999999999996, 5330.639999999999], ["window"]]], "width": 3648, "height": 5472, "tags": []}