{"rects": [[[93.80571428571429, 105.53142857142856, 5237.485714285714, 3591.9771428571426], ["window"]]], "width": 5472, "height": 3648, "tags": []}