{"rects": [[[316.5942857142857, 19.54285714285714, 4154.811428571428, 3607.6114285714284], ["window"]]], "width": 5472, "height": 3648, "tags": []}