{"rects": [[[734.8114285714286, 199.33714285714285, 4799.725714285714, 3584.16], ["window"]]], "width": 5472, "height": 3648, "tags": []}