{"rects": [[[150.48, 624.7199999999999, 3570.4799999999996, 5403.599999999999], ["window"]]], "width": 3648, "height": 5472, "tags": []}