{"rects": [[[289.2342857142857, 422.12571428571425, 3482.5371428571425, 4686.377142857143], ["window"]]], "width": 3648, "height": 5472, "tags": ["rot90"]}