{"rects": [[[687.9085714285713, 23.451428571428572, 5088.96, 3623.2457142857143], ["window"]]], "width": 5472, "height": 3648, "tags": []}