{"rects": [[[373.91999999999996, 141.35999999999999, 3584.16, 5444.639999999999], ["window"]]], "width": 3648, "height": 5472, "tags": []}