{"rects": [[[160.25142857142856, 78.17142857142856, 5143.679999999999, 3576.342857142857], ["window"]]], "width": 5472, "height": 3648, "tags": []}