{"rects": [[[336.13714285714286, 19.54285714285714, 5229.668571428571, 3533.348571428571], ["window"]]], "width": 5472, "height": 3648, "tags": []}