{"rects": [[[538.0799999999999, 141.35999999999999, 3575.0399999999995, 5312.4], ["window"]]], "width": 3648, "height": 5472, "tags": []}