{"rects": [[[182.39999999999998, 104.88, 3524.8799999999997, 5426.4], ["window"]]], "width": 3648, "height": 5472, "tags": []}