{"rects": [[[367.4057142857143, 39.08571428571428, 5092.868571428571, 3591.9771428571426], ["window"]]], "width": 5472, "height": 3648, "tags": []}