{"rects": [[[168.06857142857143, 11.725714285714286, 5131.954285714285, 3623.2457142857143], ["window"]]], "width": 5472, "height": 3648, "tags": []}