{"rects": [[[469.0285714285714, 15.634285714285713, 5354.742857142857, 3607.6114285714284], ["window"]]], "width": 5472, "height": 3648, "tags": []}