{"rects": [[[86.63999999999999, 674.88, 3606.9599999999996, 5216.639999999999], ["window"]]], "width": 3648, "height": 5472, "tags": []}