{"rects": [[[3.9085714285714284, 19.54285714285714, 2915.7942857142857, 3642.7885714285712], ["window"]], [[2919.702857142857, 31.268571428571427, 5460.274285714286, 3627.1542857142854], ["window"]]], "width": 5472, "height": 3648, "tags": []}