{"rects": [[[74.26285714285714, 144.61714285714285, 4002.3771428571426, 3588.0685714285714], ["window"]]], "width": 5472, "height": 3648, "tags": []}