{"rects": [[[160.25142857142856, 320.5028571428571, 5444.639999999999, 3576.342857142857], ["window"]]], "width": 5472, "height": 3648, "tags": []}