{"rects": [[[918.5142857142856, 15.634285714285713, 4377.599999999999, 3646.697142857143], ["window"]]], "width": 5472, "height": 3648, "tags": []}