{"rects": [[[241.67999999999998, 1071.6, 3547.68, 5403.599999999999], ["window"]]], "width": 3648, "height": 5472, "tags": []}