{"rects": [[[91.19999999999999, 756.9599999999999, 3524.8799999999997, 5435.5199999999995], ["window"]]], "width": 3648, "height": 5472, "tags": []}