{"rects": [[[19.54285714285714, 121.16571428571427, 2204.4342857142856, 3623.2457142857143], ["window"]], [[2231.7942857142857, 140.70857142857142, 5440.731428571428, 3619.3371428571427], ["window"]]], "width": 5472, "height": 3648, "tags": []}