{"rects": [[[469.0285714285714, 797.3485714285714, 5260.937142857142, 3599.7942857142857], ["window"]]], "width": 5472, "height": 3648, "tags": []}