{"rects": [[[45.599999999999994, 1395.36, 3638.8799999999997, 5449.2], ["window"]]], "width": 3648, "height": 5472, "tags": []}