{"rects": [[[259.91999999999996, 775.1999999999999, 3552.24, 5376.24], ["window"]]], "width": 3648, "height": 5472, "tags": []}