{"rects": [[[445.57714285714286, 320.5028571428571, 5049.874285714285, 3556.7999999999997], ["window"]]], "width": 5472, "height": 3648, "tags": []}