{"rects": [[[308.77714285714285, 39.08571428571428, 4940.434285714286, 3611.52], ["window"]]], "width": 5472, "height": 3648, "tags": []}