{"rects": [[[13.68, 957.5999999999999, 3611.5199999999995, 5449.2], ["window"]]], "width": 3648, "height": 5472, "tags": []}