{"rects": [[[58.628571428571426, 1360.182857142857, 5292.205714285714, 3634.9714285714285], ["window"]]], "width": 5472, "height": 3648, "tags": []}