{"rects": [[[938.0571428571428, 7.817142857142857, 4971.702857142857, 1696.32], ["window"]], [[285.3257142857143, 1715.8628571428571, 5303.931428571428, 3627.1542857142854], ["window"]]], "width": 5472, "height": 3648, "tags": []}