{"rects": [[[332.2285714285714, 246.23999999999998, 5440.731428571428, 3513.805714285714], ["window"]]], "width": 5472, "height": 3648, "tags": []}