{"rects": [[[27.36, 46.902857142857144, 5143.679999999999, 3564.617142857143], ["window"]]], "width": 5472, "height": 3648, "tags": []}