{"rects": [[[168.06857142857143, 50.81142857142857, 5323.4742857142855, 3646.697142857143], ["window"]]], "width": 5472, "height": 3648, "tags": []}