{"rects": [[[437.76, 11.725714285714286, 5346.925714285714, 1723.6799999999998], ["window"]], [[214.97142857142856, 1758.8571428571427, 5456.365714285714, 3627.1542857142854], ["window"]]], "width": 5472, "height": 3648, "tags": []}