{"rects": [[[117.25714285714285, 7.817142857142857, 4760.639999999999, 3615.428571428571], ["window"]]], "width": 5472, "height": 3648, "tags": []}