{"rects": [[[336.13714285714286, 42.99428571428571, 5268.754285714285, 3595.885714285714], ["window"]]], "width": 5472, "height": 3648, "tags": []}