{"rects": [[[4.56, 492.47999999999996, 3606.9599999999996, 5394.48], ["window"]]], "width": 3648, "height": 5472, "tags": []}