{"rects": [[[264.47999999999996, 191.51999999999998, 3570.4799999999996, 5353.44], ["window"]]], "width": 3648, "height": 5472, "tags": []}