{"rects": [[[59.279999999999994, 984.9599999999999, 3588.72, 5303.28], ["window"]]], "width": 3648, "height": 5472, "tags": []}