{"rects": [[[121.16571428571427, 406.49142857142857, 4924.8, 3556.7999999999997], ["window"]]], "width": 5472, "height": 3648, "tags": []}