{"rects": [[[214.32, 975.8399999999999, 3584.16, 5357.999999999999], ["window"]]], "width": 3648, "height": 5472, "tags": []}