{"rects": [[[77.52, 323.76, 3515.7599999999998, 5371.679999999999], ["window"]]], "width": 3648, "height": 5472, "tags": []}