{"rects": [[[429.9428571428571, 19.54285714285714, 4920.891428571428, 3615.428571428571], ["window"]]], "width": 5472, "height": 3648, "tags": []}