{"rects": [[[39.08571428571428, 250.14857142857142, 5378.194285714286, 3560.7085714285713], ["window"]]], "width": 5472, "height": 3648, "tags": []}