{"rects": [[[418.21714285714285, 11.725714285714286, 4811.451428571429, 3588.0685714285714], ["window"]]], "width": 5472, "height": 3648, "tags": []}