{"rects": [[[23.451428571428572, 35.177142857142854, 2904.0685714285714, 3623.2457142857143], ["window"]], [[2923.6114285714284, 46.902857142857144, 5460.274285714286, 3638.8799999999997], ["window"]]], "width": 5472, "height": 3648, "tags": []}