{"rects": [[[319.2, 501.59999999999997, 3333.3599999999997, 4628.4], ["window"]]], "width": 3648, "height": 5472, "tags": []}