{"rects": [[[668.3657142857143, 19.54285714285714, 5057.691428571428, 3631.062857142857], ["window"]]], "width": 5472, "height": 3648, "tags": []}