{"rects": [[[22.799999999999997, 196.07999999999998, 3634.3199999999997, 5335.2], ["window"]]], "width": 3648, "height": 5472, "tags": []}