{"rects": [[[293.1428571428571, 183.70285714285714, 5276.571428571428, 3607.6114285714284], ["window"]]], "width": 5472, "height": 3648, "tags": []}