{"rects": [[[433.8514285714285, 27.36, 4905.257142857143, 3607.6114285714284], ["window"]]], "width": 5472, "height": 3648, "tags": []}