{"rects": [[[0, 0, 3648, 2685.8399999999997], ["window"]], [[13.68, 2694.9599999999996, 3643.4399999999996, 5435.5199999999995], ["window"]]], "width": 3648, "height": 5472, "tags": []}