{"rects": [[[364.79999999999995, 4.56, 3492.9599999999996, 5298.719999999999], ["window"]]], "width": 3648, "height": 5472, "tags": []}