{"rects": [[[54.72, 109.44, 5327.382857142857, 3541.165714285714], ["window"]]], "width": 5472, "height": 3648, "tags": []}