{"rects": [[[15.634285714285713, 39.08571428571428, 2892.342857142857, 3638.8799999999997], ["window"]], [[2907.9771428571426, 19.54285714285714, 5460.274285714286, 3631.062857142857], ["window"]]], "width": 5472, "height": 3648, "tags": []}