{"rects": [[[241.67999999999998, 186.95999999999998, 3593.2799999999997, 5316.959999999999], ["window"]]], "width": 3648, "height": 5472, "tags": []}