{"rects": [[[36.48, 478.79999999999995, 3634.3199999999997, 5189.28], ["window"]]], "width": 3648, "height": 5472, "tags": []}