{"rects": [[[287.28, 82.08, 3606.9599999999996, 2927.5199999999995], ["window"]], [[41.04, 2950.3199999999997, 3634.3199999999997, 5467.44], ["window"]]], "width": 3648, "height": 5472, "tags": []}