{"rects": [[[437.76, 7.817142857142857, 5096.777142857142, 1504.8], ["window"]], [[148.5257142857143, 1543.8857142857141, 5393.828571428571, 3619.3371428571427], ["window"]]], "width": 5472, "height": 3648, "tags": []}