{"rects": [[[379.13142857142856, 637.0971428571428, 5284.388571428572, 3591.9771428571426], ["window"]]], "width": 5472, "height": 3648, "tags": []}