{"rects": [[[281.41714285714284, 533.2114285714285, 4802.605714285714, 2940.0685714285714], ["window"]]], "width": 5184, "height": 3456, "tags": []}