{"rects": [[[1045.44, 1611.3600000000001, 2397.6000000000004, 3170.88], ["window"]], [[812.1600000000001, 0, 2116.8, 1062.72], ["window"]]], "width": 3456, "height": 5184, "tags": []}