{"rects": [[[855.36, 419.04, 2548.8, 1965.6000000000001], ["window"]], [[760.32, 2017.44, 2613.6000000000004, 4790.88], ["window"]]], "width": 3456, "height": 5184, "tags": []}