{"rects": [[[1251.5657142857142, 240.68571428571428, 4695.222857142857, 3151.1314285714284], ["window"]]], "width": 5184, "height": 3456, "tags": []}