{"rects": [[[1114.56, 211.06285714285715, 4284.205714285714, 3147.4285714285716], ["window"]]], "width": 5184, "height": 3456, "tags": []}