{"rects": [[[844.2514285714286, 148.1142857142857, 4610.057142857143, 3151.1314285714284], ["window"]]], "width": 5184, "height": 3456, "tags": []}