{"rects": [[[1303.4057142857143, 899.7942857142857, 3402.925714285714, 2906.7428571428572], ["window"]]], "width": 5184, "height": 3456, "tags": []}