{"rects": [[[829.44, 1766.2628571428572, 4158.308571428572, 2895.634285714286], ["window"]]], "width": 5184, "height": 3456, "tags": []}