{"rects": [[[885.6, 1667.5200000000002, 2449.44, 3814.5600000000004], ["window"]]], "width": 3456, "height": 5184, "tags": []}