{"rects": [[[1421.2800000000002, 933.1200000000001, 3278.88, 4955.04], ["window"]]], "width": 3456, "height": 5184, "tags": []}