{"rects": [[[703.5428571428571, 851.6571428571428, 1877.3485714285714, 3310.3542857142857], ["door"]], [[1906.9714285714285, 696.1371428571429, 3317.76, 2443.885714285714], ["window"]]], "width": 5184, "height": 3456, "tags": []}