{"rects": [[[618.3771428571429, 559.1314285714286, 4624.868571428571, 2895.634285714286], ["window"]]], "width": 5184, "height": 3456, "tags": []}