{"rects": [[[499.8857142857143, 174.03428571428572, 4317.5314285714285, 3254.8114285714287], ["window"]]], "width": 5184, "height": 3456, "tags": []}