{"rects": [[[74.05714285714285, 1018.2857142857143, 5043.291428571429, 2595.7028571428573], ["window"]]], "width": 5184, "height": 3456, "tags": []}