{"rects": [[[298.08000000000004, 803.5200000000001, 3032.6400000000003, 4518.72], ["window"]]], "width": 3456, "height": 5184, "tags": []}