{"rects": [[[910.9028571428571, 18.514285714285712, 3880.594285714286, 3456], ["window"]]], "width": 5184, "height": 3456, "tags": []}