{"rects": [[[803.5200000000001, 1218.24, 2626.5600000000004, 3970.0800000000004], ["window"]]], "width": 3456, "height": 5184, "tags": []}