{"rects": [[[194.4, 341.28000000000003, 3443.0400000000004, 4566.240000000001], ["window"]]], "width": 3456, "height": 5184, "tags": []}