{"rects": [[[1049.76, 734.4000000000001, 3343.6800000000003, 3754.0800000000004], ["window"]]], "width": 3456, "height": 5184, "tags": []}