{"rects": [[[185.76000000000002, 56.160000000000004, 3447.36, 4285.4400000000005], ["window"]]], "width": 3456, "height": 5184, "tags": []}