{"rects": [[[1036.8, 662.8114285714286, 3902.8114285714287, 2480.9142857142856], ["window"]], [[1036.8, 2484.617142857143, 4025.0057142857145, 3395.52], ["window"]]], "width": 5184, "height": 3456, "tags": []}