{"rects": [[[596.16, 570.24, 3673.2342857142858, 3247.405714285714], ["window"]]], "width": 5184, "height": 3456, "tags": []}