{"rects": [[[967.6800000000001, 1546.5600000000002, 2138.4, 3343.6800000000003], ["window"]]], "width": 3456, "height": 5184, "tags": []}