{"rects": [[[756.0, 1226.88, 2846.88, 2700.0], ["window"]], [[518.4000000000001, 2872.8, 2864.1600000000003, 4587.84], ["window"]]], "width": 3456, "height": 5184, "tags": []}