{"rects": [[[862.7657142857142, 274.01142857142855, 4565.622857142857, 3436.2514285714287], ["window"]]], "width": 5184, "height": 3456, "tags": []}