{"rects": [[[844.2514285714286, 288.8228571428571, 4380.48, 3295.542857142857], ["window"]]], "width": 5184, "height": 3456, "tags": []}