{"rects": [[[1832.9142857142856, 796.1142857142858, 3695.4514285714286, 3032.64], ["window"]]], "width": 5184, "height": 3456, "tags": []}