{"rects": [[[762.7885714285715, 492.48, 4391.588571428571, 3206.674285714286], ["window"]]], "width": 5184, "height": 3456, "tags": []}