{"rects": [[[73.44, 889.9200000000001, 3356.6400000000003, 4285.4400000000005], ["window"]]], "width": 3456, "height": 5184, "tags": []}