{"rects": [[[1325.6228571428571, 722.0571428571428, 3495.497142857143, 2658.6514285714284], ["window"]]], "width": 5184, "height": 3456, "tags": []}