{"rects": [[[910.9028571428571, 1192.32, 3969.462857142857, 2577.1885714285713], ["window"]]], "width": 5184, "height": 3456, "tags": []}