{"rects": [[[1503.36, 396.2057142857143, 4224.96, 3402.925714285714], ["window"]]], "width": 5184, "height": 3456, "tags": []}