{"rects": [[[1684.8, 892.3885714285715, 3443.657142857143, 2629.0285714285715], ["window"]]], "width": 5184, "height": 3456, "tags": []}