{"rects": [[[2440.1828571428573, 1570.0114285714285, 4025.0057142857145, 2817.8742857142856], ["window"]], [[436.9371428571429, 1177.5085714285715, 2129.1428571428573, 3417.7371428571428], ["door"]]], "width": 5184, "height": 3456, "tags": []}