{"rects": [[[1603.337142857143, 940.5257142857142, 4139.794285714285, 2695.68], ["window"]]], "width": 5184, "height": 3456, "tags": []}