{"rects": [[[984.96, 255.49714285714285, 4054.6285714285714, 3406.6285714285714], ["window"]]], "width": 5184, "height": 3456, "tags": []}