{"rects": [[[762.7885714285715, 514.6971428571428, 4213.851428571428, 2954.88], ["window"]]], "width": 5184, "height": 3456, "tags": []}