{"rects": [[[766.4914285714285, 581.3485714285714, 4102.765714285714, 3262.217142857143], ["window"]]], "width": 5184, "height": 3456, "tags": []}