{"rects": [[[864.0, 673.9200000000001, 2203.2000000000003, 4777.92], ["window"]]], "width": 3456, "height": 5184, "tags": []}