{"rects": [[[992.3657142857143, 977.5542857142857, 3725.074285714286, 2954.88], ["window"]]], "width": 5184, "height": 3456, "tags": []}