{"rects": [[[1103.4514285714286, 633.1885714285714, 3621.3942857142856, 3132.617142857143], ["window"]]], "width": 5184, "height": 3456, "tags": []}