{"rects": [[[840.5485714285714, 92.57142857142857, 4691.52, 3310.3542857142857], ["window"]]], "width": 5184, "height": 3456, "tags": []}