{"rects": [[[0, 0, 5184, 3456], ["facade"]], [[481.37142857142857, 481.37142857142857, 2451.2914285714287, 1918.08], ["window"]], [[3077.074285714286, 899.7942857142857, 3802.8342857142857, 2977.097142857143], ["window"]]], "width": 5184, "height": 3456, "tags": []}