{"rects": [[[411.01714285714286, 0, 4695.222857142857, 3456], ["window"]]], "width": 5184, "height": 3456, "tags": []}