{"rects": [[[635.0400000000001, 1326.24, 3045.6000000000004, 3689.28], ["window"]]], "width": 3456, "height": 5184, "tags": []}