{"rects": [[[385.09714285714284, 725.76, 2258.7428571428572, 3325.1657142857143], ["window"]], [[2903.04, 877.5771428571428, 4843.337142857143, 3399.2228571428573], ["window"]], [[2277.2571428571428, 692.4342857142857, 2895.634285714286, 3158.537142857143], ["door"]]], "width": 5184, "height": 3456, "tags": []}