{"rects": [[[492.48, 355.4742857142857, 4732.251428571429, 3143.7257142857143], ["window"]]], "width": 5184, "height": 3456, "tags": []}