{"rects": [[[375.84000000000003, 112.32000000000001, 2803.6800000000003, 4911.84], ["window"]]], "width": 3456, "height": 5184, "tags": []}