{"rects": [[[0, 0, 5184, 3456], ["facade"]], [[862.7657142857142, 359.1771428571429, 2251.3371428571427, 2962.285714285714], ["window"]], [[2706.7885714285712, 573.9428571428572, 3958.3542857142857, 2910.445714285714], ["window"]]], "width": 5184, "height": 3456, "tags": []}