{"rects": [[[892.3885714285715, 233.28, 3688.0457142857144, 3173.3485714285716], ["window"]], [[3780.617142857143, 70.35428571428571, 4695.222857142857, 3065.965714285714], ["window"]]], "width": 5184, "height": 3456, "tags": []}