{"rects": [[[814.6285714285714, 899.7942857142857, 3643.6114285714284, 3143.7257142857143], ["window"]], [[3843.5657142857144, 1207.1314285714286, 4724.845714285714, 2721.6], ["window"]]], "width": 5184, "height": 3456, "tags": []}