{"rects": [[[1433.0057142857142, 681.3257142857143, 3302.9485714285715, 2803.062857142857], ["window"]]], "width": 5184, "height": 3456, "tags": []}