{"rects": [[[718.3542857142858, 659.1085714285714, 4121.28, 3173.3485714285716], ["window"]]], "width": 5184, "height": 3456, "tags": []}