{"rects": [[[566.5371428571428, 984.96, 2543.862857142857, 3210.3771428571426], ["window"]], [[2584.594285714286, 733.1657142857143, 4665.6, 3040.0457142857144], ["window"]]], "width": 5184, "height": 3456, "tags": []}