{"rects": [[[573.9428571428572, 111.08571428571429, 4628.571428571428, 3365.8971428571426], ["window"]]], "width": 5184, "height": 3456, "tags": []}