{"rects": [[[881.28, 577.6457142857142, 4747.062857142857, 3254.8114285714287], ["window"]]], "width": 5184, "height": 3456, "tags": []}