{"rects": [[[1196.0228571428572, 192.54857142857142, 4658.194285714286, 3184.457142857143], ["window"]]], "width": 5184, "height": 3456, "tags": []}