{"rects": [[[1155.2914285714285, 388.8, 3876.8914285714286, 3091.885714285714], ["window"]]], "width": 5184, "height": 3456, "tags": []}