{"rects": [[[481.37142857142857, 859.0628571428572, 4724.845714285714, 3017.828571428571], ["window"]]], "width": 5184, "height": 3456, "tags": []}