{"rects": [[[473.9657142857143, 18.514285714285712, 4461.942857142857, 3414.0342857142855], ["window"]]], "width": 5184, "height": 3456, "tags": []}