{"rects": [[[315.36, 997.9200000000001, 3399.84, 4164.4800000000005], ["window"]]], "width": 3456, "height": 5184, "tags": []}