{"rects": [[[1129.3714285714286, 25.92, 4617.4628571428575, 3456], ["window"]]], "width": 5184, "height": 3456, "tags": []}