{"rects": [[[318.4457142857143, 573.9428571428572, 4813.714285714285, 3117.805714285714], ["window"]]], "width": 5184, "height": 3456, "tags": []}