{"rects": [[[818.3314285714285, 18.514285714285712, 4658.194285714286, 3295.542857142857], ["window"]]], "width": 5184, "height": 3456, "tags": []}