{"rects": [[[329.5542857142857, 859.0628571428572, 1944.0, 2488.32], ["window"]], [[1977.3257142857142, 1018.2857142857143, 3495.497142857143, 2466.102857142857], ["window"]], [[3521.417142857143, 1066.422857142857, 5072.914285714286, 2410.56], ["window"]]], "width": 5184, "height": 3456, "tags": []}