{"rects": [[[785.0057142857142, 192.54857142857142, 4502.674285714285, 2954.88], ["window"]]], "width": 5184, "height": 3456, "tags": []}