{"rects": [[[665.2800000000001, 1913.7600000000002, 2587.6800000000003, 3939.84], ["window"]]], "width": 3456, "height": 5184, "tags": []}