{"rects": [[[1236.7542857142857, 740.5714285714286, 3580.6628571428573, 2658.6514285714284], ["window"]]], "width": 5184, "height": 3456, "tags": []}