{"rects": [[[475.20000000000005, 1067.04, 2829.6000000000004, 4989.6], ["window"]]], "width": 3456, "height": 5184, "tags": []}