{"rects": [[[613.44, 1200.96, 1991.5200000000002, 4600.8], ["window"]], [[2052.0, 1304.64, 3382.5600000000004, 4656.96], ["door"]]], "width": 3456, "height": 5184, "tags": []}