{"rects": [[[397.44000000000005, 1356.48, 3274.5600000000004, 4428.0], ["window"]]], "width": 3456, "height": 5184, "tags": []}