{"rects": [[[324.0, 691.2, 3274.5600000000004, 4661.280000000001], ["window"]]], "width": 3456, "height": 5184, "tags": []}