{"rects": [[[984.96, 55.542857142857144, 2343.9085714285716, 3091.885714285714], ["window"]], [[3095.5885714285714, 325.8514285714286, 4824.822857142857, 2925.2571428571428], ["window"]]], "width": 5184, "height": 3456, "tags": []}