{"rects": [[[1047.9085714285713, 348.06857142857143, 4017.6, 2980.8], ["window"]]], "width": 5184, "height": 3456, "tags": []}