{"rects": [[[703.5428571428571, 1284.8914285714286, 2317.9885714285715, 3043.7485714285713], ["window"]], [[2858.6057142857144, 810.9257142857143, 4835.931428571428, 3010.422857142857], ["window"]]], "width": 5184, "height": 3456, "tags": []}