{"rects": [[[1047.9085714285713, 336.96, 4728.548571428571, 2995.6114285714284], ["window"]]], "width": 5184, "height": 3456, "tags": []}