{"rects": [[[177.12, 967.6800000000001, 3291.84, 4026.2400000000002], ["window"]]], "width": 3456, "height": 5184, "tags": []}