{"rects": [[[1251.5657142857142, 533.2114285714285, 4391.588571428571, 3169.6457142857143], ["window"]]], "width": 5184, "height": 3456, "tags": []}