{"rects": [[[959.0400000000001, 1550.88, 2622.2400000000002, 4281.12], ["window"]]], "width": 3456, "height": 5184, "tags": []}