{"rects": [[[896.0914285714285, 914.6057142857143, 4139.794285714285, 2484.617142857143], ["window"]]], "width": 5184, "height": 3456, "tags": []}