{"rects": [[[1273.7828571428572, 1081.2342857142858, 2303.177142857143, 3003.017142857143], ["window"]], [[2525.3485714285716, 1333.0285714285715, 3539.9314285714286, 3003.017142857143], ["window"]], [[4021.302857142857, 951.6342857142857, 4961.828571428571, 2258.7428571428572], ["window"]]], "width": 5184, "height": 3456, "tags": []}