{"rects": [[[799.8171428571428, 436.9371428571429, 3514.0114285714285, 3195.5657142857144], ["window"]]], "width": 5184, "height": 3456, "tags": []}