{"rects": [[[955.3371428571429, 296.2285714285714, 4173.12, 3369.6], ["window"]]], "width": 5184, "height": 3456, "tags": []}