{"rects": [[[1021.9885714285714, 385.09714285714284, 3987.977142857143, 3299.2457142857143], ["window"]]], "width": 5184, "height": 3456, "tags": []}