{"rects": [[[1518.1714285714286, 362.88, 4554.5142857142855, 2891.9314285714286], ["window"]]], "width": 5184, "height": 3456, "tags": []}