{"rects": [[[440.64000000000004, 959.0400000000001, 2993.76, 4056.4800000000005], ["window"]]], "width": 3456, "height": 5184, "tags": []}