{"rects": [[[744.2742857142857, 607.2685714285715, 3739.885714285714, 3065.965714285714], ["window"]]], "width": 5184, "height": 3456, "tags": []}