{"rects": [[[1110.857142857143, 566.5371428571428, 4580.434285714286, 3151.1314285714284], ["window"]]], "width": 5184, "height": 3456, "tags": []}