{"rects": [[[788.7085714285714, 366.58285714285716, 4617.4628571428575, 3454.7657142857142], ["window"]]], "width": 5184, "height": 3456, "tags": []}