{"rects": [[[625.7828571428571, 407.3142857142857, 4210.148571428572, 3154.8342857142857], ["window"]]], "width": 5184, "height": 3456, "tags": []}