{"rects": [[[192.54857142857142, 536.9142857142857, 4887.771428571428, 3043.7485714285713], ["window"]]], "width": 5184, "height": 3456, "tags": []}