{"rects": [[[1002.24, 1252.8000000000002, 2743.2000000000003, 4229.280000000001], ["window"]]], "width": 3456, "height": 5184, "tags": []}