{"rects": [[[603.5657142857143, 99.97714285714285, 4635.977142857143, 3232.594285714286], ["window"]]], "width": 5184, "height": 3456, "tags": []}