{"rects": [[[1225.6457142857143, 399.9085714285714, 4150.902857142857, 3158.537142857143], ["window"]]], "width": 5184, "height": 3456, "tags": []}