{"rects": [[[636.8914285714286, 1173.8057142857142, 2177.28, 3110.4], ["window"]], [[3339.977142857143, 799.8171428571428, 5058.102857142857, 2977.097142857143], ["window"]]], "width": 5184, "height": 3456, "tags": []}