{"rects": [[[622.08, 751.6800000000001, 2946.2400000000002, 4505.76], ["window"]]], "width": 3456, "height": 5184, "tags": []}