{"rects": [[[203.04000000000002, 280.8, 3093.1200000000003, 4082.4], ["window"]]], "width": 3456, "height": 5184, "tags": []}