{"rects": [[[710.9485714285714, 692.4342857142857, 2510.537142857143, 3262.217142857143], ["window"]], [[2536.457142857143, 188.84571428571428, 4569.325714285715, 3195.5657142857144], ["window"]]], "width": 5184, "height": 3456, "tags": []}