{"rects": [[[1070.1257142857144, 22.217142857142857, 4617.4628571428575, 3110.4], ["window"]]], "width": 5184, "height": 3456, "tags": []}