{"rects": [[[448.04571428571427, 370.2857142857143, 4780.388571428572, 3125.2114285714288], ["window"]]], "width": 5184, "height": 3456, "tags": []}