{"rects": [[[246.24, 1533.6000000000001, 2561.76, 4285.4400000000005], ["window"]]], "width": 3456, "height": 5184, "tags": []}