{"rects": [[[1040.5028571428572, 577.6457142857142, 4387.885714285714, 3128.9142857142856], ["window"]]], "width": 5184, "height": 3456, "tags": []}