{"rects": [[[203.04000000000002, 959.0400000000001, 3261.6000000000004, 4471.200000000001], ["window"]]], "width": 3456, "height": 5184, "tags": []}