{"rects": [[[1203.4285714285713, 433.2342857142857, 4095.36, 3236.2971428571427], ["window"]]], "width": 5184, "height": 3456, "tags": []}