{"rects": [[[781.9200000000001, 1028.16, 2898.7200000000003, 3926.88], ["window"]]], "width": 3456, "height": 5184, "tags": []}