{"rects": [[[844.2514285714286, 248.09142857142857, 4465.645714285714, 3247.405714285714], ["window"]]], "width": 5184, "height": 3456, "tags": []}