{"rects": [[[1281.1885714285713, 336.96, 4413.805714285714, 2880.822857142857], ["window"]]], "width": 5184, "height": 3456, "tags": []}