{"rects": [[[336.96, 1177.5085714285715, 4884.068571428571, 2917.8514285714286], ["window"]]], "width": 5184, "height": 3456, "tags": []}