{"rects": [[[1099.7485714285715, 348.06857142857143, 2614.217142857143, 1840.32], ["window"]], [[2988.2057142857143, 211.06285714285715, 4909.988571428571, 1629.2571428571428], ["window"]], [[3036.342857142857, 2051.382857142857, 4950.72, 3384.4114285714286], ["window"]], [[944.2285714285714, 2014.3542857142857, 2573.4857142857145, 3406.6285714285714], ["window"]]], "width": 5184, "height": 3456, "tags": []}