{"rects": [[[625.7828571428571, 866.4685714285714, 2469.805714285714, 2651.2457142857143], ["window"]], [[3051.154285714286, 981.2571428571429, 4984.045714285714, 2503.1314285714284], ["window"]]], "width": 5184, "height": 3456, "tags": []}