{"rects": [[[440.64000000000004, 1287.3600000000001, 2790.7200000000003, 4708.8], ["window"]], [[540.0, 8.64, 2725.92, 1239.8400000000001], ["window"]]], "width": 3456, "height": 5184, "tags": []}