{"rects": [[[718.3542857142858, 666.5142857142857, 4695.222857142857, 3136.32], ["window"]]], "width": 5184, "height": 3456, "tags": []}