{"rects": [[[836.8457142857143, 522.1028571428571, 4032.4114285714286, 3262.217142857143], ["window"]]], "width": 5184, "height": 3456, "tags": []}