{"rects": [[[375.84000000000003, 691.2, 1689.1200000000001, 4008.96], ["window"]], [[1771.2, 842.4000000000001, 3283.2000000000003, 4177.4400000000005], ["window"]]], "width": 3456, "height": 5184, "tags": []}