{"rects": [[[1273.7828571428572, 714.6514285714286, 3543.634285714286, 3028.937142857143], ["window"]]], "width": 5184, "height": 3456, "tags": []}