{"rects": [[[1025.6914285714286, 29.622857142857143, 4843.337142857143, 3436.2514285714287], ["window", "shop"]]], "width": 5184, "height": 3456, "tags": []}