{"rects": [[[907.2, 274.01142857142855, 4580.434285714286, 3273.325714285714], ["window"]]], "width": 5184, "height": 3456, "tags": []}