{"rects": [[[440.64, 0, 4102.765714285714, 3277.0285714285715], ["window"]]], "width": 5184, "height": 3456, "tags": []}