{"rects": [[[1125.6685714285713, 718.3542857142858, 4743.36, 2814.1714285714284], ["window"]]], "width": 5184, "height": 3456, "tags": []}