{"rects": [[[644.2971428571428, 55.542857142857144, 4391.588571428571, 3456], ["window"]]], "width": 5184, "height": 3456, "tags": []}