{"rects": [[[652.32, 1425.6000000000001, 3062.88, 4393.4400000000005], ["window"]]], "width": 3456, "height": 5184, "tags": []}