{"rects": [[[785.0057142857142, 1325.6228571428571, 2347.6114285714284, 2547.5657142857144], ["window"]], [[2362.422857142857, 1477.44, 3117.805714285714, 2554.9714285714285], ["window"]], [[3147.4285714285716, 1433.0057142857142, 4447.131428571429, 2525.3485714285716], ["window"]]], "width": 5184, "height": 3456, "tags": []}