{"rects": [[[738.72, 1529.2800000000002, 2786.4, 3883.6800000000003], ["window"]]], "width": 3456, "height": 5184, "tags": []}