{"rects": [[[681.3257142857143, 307.33714285714285, 4347.154285714286, 2921.554285714286], ["window"]]], "width": 5184, "height": 3456, "tags": []}