{"rects": [[[2003.2457142857143, 1203.4285714285713, 4398.994285714286, 3177.0514285714285], ["window"]]], "width": 5184, "height": 3456, "tags": []}