{"rects": [[[1777.3714285714286, 655.4057142857143, 4236.068571428571, 2936.365714285714], ["window"]]], "width": 5184, "height": 3456, "tags": []}