{"rects": [[[596.1600000000001, 488.16, 2229.1200000000003, 2034.72], ["window"]], [[730.08, 2142.7200000000003, 2751.84, 3183.84], ["window"]], [[622.08, 3209.76, 2475.36, 4764.96], ["window"]]], "width": 3456, "height": 5184, "tags": []}