{"rects": [[[777.6, 503.5885714285714, 3610.285714285714, 3188.16], ["window"]]], "width": 5184, "height": 3456, "tags": []}