{"rects": [[[267.84000000000003, 349.92, 2661.1200000000003, 4847.04], ["window"]]], "width": 3456, "height": 5184, "tags": []}