{"rects": [[[617.76, 980.6400000000001, 3248.6400000000003, 4708.8], ["window"]]], "width": 3456, "height": 5184, "tags": []}