{"rects": [[[847.9542857142857, 977.5542857142857, 2417.965714285714, 3069.6685714285713], ["window"]], [[2462.4, 1096.0457142857142, 4065.7371428571428, 2910.445714285714], ["window"]]], "width": 5184, "height": 3456, "tags": []}