{"rects": [[[259.20000000000005, 980.6400000000001, 2980.8, 4764.96], ["window"]]], "width": 3456, "height": 5184, "tags": []}