{"rects": [[[773.2800000000001, 1183.68, 2898.7200000000003, 4281.12], ["window"]]], "width": 3456, "height": 5184, "tags": []}