{"rects": [[[185.76000000000002, 241.92000000000002, 3166.5600000000004, 1663.2], ["window"]], [[190.08, 1702.0800000000002, 3322.0800000000004, 3304.8], ["window"]]], "width": 3456, "height": 5184, "tags": []}