{"rects": [[[744.2742857142857, 803.52, 2058.7885714285712, 3243.7028571428573], ["window"]], [[2969.691428571429, 403.6114285714286, 4324.937142857143, 3173.3485714285716], ["window"]]], "width": 5184, "height": 3456, "tags": []}