{"rects": [[[1621.8514285714286, 670.2171428571429, 3402.925714285714, 2943.7714285714287], ["window"]]], "width": 5184, "height": 3456, "tags": []}