{"rects": [[[362.88, 423.36, 3175.2000000000003, 4959.360000000001], ["window"]]], "width": 3456, "height": 5184, "tags": []}