{"rects": [[[725.76, 581.3485714285714, 4428.617142857142, 3225.1885714285713], ["window"]]], "width": 5184, "height": 3456, "tags": []}