{"rects": [[[717.12, 1131.8400000000001, 3006.7200000000003, 4281.12], ["window"]]], "width": 3456, "height": 5184, "tags": []}