{"rects": [[[1018.2857142857143, 444.34285714285716, 4287.908571428571, 3010.422857142857], ["window"]]], "width": 5184, "height": 3456, "tags": []}