{"rects": [[[60.480000000000004, 868.32, 3434.4, 3888.0000000000005], ["window"]]], "width": 3456, "height": 5184, "tags": []}