{"rects": [[[562.8342857142857, 296.2285714285714, 4080.5485714285714, 3456], ["window"]]], "width": 5184, "height": 3456, "tags": []}