{"rects": [[[518.4, 422.1257142857143, 4917.394285714286, 3306.6514285714284], ["window"]]], "width": 5184, "height": 3456, "tags": []}