{"rects": [[[859.0628571428572, 859.0628571428572, 2506.8342857142857, 2610.5142857142855], ["window"]], [[2962.285714285714, 1188.6171428571429, 4173.12, 2554.9714285714285], ["window"]]], "width": 5184, "height": 3456, "tags": []}