{"rects": [[[1614.4457142857143, 522.1028571428571, 3465.8742857142856, 2799.36], ["window"]]], "width": 5184, "height": 3456, "tags": []}