{"rects": [[[836.8457142857143, 40.73142857142857, 4669.302857142857, 3380.7085714285713], ["window"]]], "width": 5184, "height": 3456, "tags": []}