{"rects": [[[302.40000000000003, 168.48000000000002, 3093.1200000000003, 4203.360000000001], ["window"]], [[263.52000000000004, 4237.92, 3144.96, 5132.160000000001], ["window"]]], "width": 3456, "height": 5184, "tags": []}