{"rects": [[[1125.6685714285713, 596.16, 3847.2685714285712, 2962.285714285714], ["window"]]], "width": 5184, "height": 3456, "tags": []}