{"rects": [[[214.7657142857143, 473.9657142857143, 5146.971428571429, 2643.84], ["window"]]], "width": 5184, "height": 3456, "tags": []}