{"rects": [[[1059.0171428571427, 222.17142857142858, 4143.4971428571425, 3321.462857142857], ["window"]]], "width": 5184, "height": 3456, "tags": []}