{"rects": [[[444.34285714285716, 177.73714285714286, 4336.045714285714, 3095.5885714285714], ["window"]]], "width": 5184, "height": 3456, "tags": []}