{"rects": [[[859.0628571428572, 844.2514285714286, 2203.2, 2603.1085714285714], ["window"]], [[2273.554285714286, 933.12, 4154.605714285714, 2395.7485714285713], ["window"]]], "width": 5184, "height": 3456, "tags": []}