{"rects": [[[1251.5657142857142, 729.4628571428572, 3947.2457142857143, 2925.2571428571428], ["window"]]], "width": 5184, "height": 3456, "tags": []}