{"rects": [[[670.2171428571429, 333.25714285714287, 4236.068571428571, 3399.2228571428573], ["window"]]], "width": 5184, "height": 3456, "tags": []}