{"rects": [[[851.6571428571428, 388.8, 4202.742857142857, 3269.6228571428574], ["window"]]], "width": 5184, "height": 3456, "tags": []}