{"rects": [[[414.72, 396.2057142857143, 4610.057142857143, 2825.28], ["window"]]], "width": 5184, "height": 3456, "tags": []}