{"rects": [[[1395.9771428571428, 636.8914285714286, 3484.3885714285716, 2943.7714285714287], ["window"]], [[3921.325714285714, 914.6057142857143, 4765.5771428571425, 2995.6114285714284], ["door"]]], "width": 5184, "height": 3456, "tags": []}