{"rects": [[[47.52, 881.2800000000001, 3373.92, 4890.240000000001], ["window"]]], "width": 3456, "height": 5184, "tags": []}