{"rects": [[[1231.2, 2155.6800000000003, 3049.92, 4812.4800000000005], ["window"]], [[1067.04, 220.32000000000002, 3132.0, 2000.16], ["window"]]], "width": 3456, "height": 5184, "tags": []}