{"rects": [[[44.434285714285714, 633.1885714285714, 5061.805714285714, 3380.7085714285713], ["window"]]], "width": 5184, "height": 3456, "tags": []}