{"rects": [[[1229.3485714285714, 422.1257142857143, 4461.942857142857, 3202.9714285714285], ["window"]]], "width": 5184, "height": 3456, "tags": []}