{"rects": [[[34.56, 889.9200000000001, 3412.8, 4514.400000000001], ["window"]]], "width": 3456, "height": 5184, "tags": []}