{"rects": [[[707.2457142857143, 277.7142857142857, 3947.2457142857143, 3251.1085714285714], ["window"]]], "width": 5184, "height": 3456, "tags": []}