{"rects": [[[1144.182857142857, 1033.097142857143, 2451.2914285714287, 2592.0], ["window"]], [[2625.325714285714, 1214.537142857143, 3795.4285714285716, 2499.4285714285716], ["window"]]], "width": 5184, "height": 3456, "tags": []}