{"rects": [[[311.04, 677.6228571428571, 2177.28, 2914.1485714285714], ["window"]], [[2695.68, 618.3771428571429, 4939.611428571428, 3003.017142857143], ["window"]]], "width": 5184, "height": 3456, "tags": []}