{"rects": [[[86.4, 1365.1200000000001, 1524.96, 3926.88], ["window"]], [[1546.5600000000002, 1645.92, 2795.04, 4013.28], ["window"]]], "width": 3456, "height": 5184, "tags": []}