{"rects": [[[82.08000000000001, 652.32, 3313.44, 4890.240000000001], ["window"]]], "width": 3456, "height": 5184, "tags": []}