{"rects": [[[669.6, 1494.72, 2168.6400000000003, 4056.4800000000005], ["window"]]], "width": 3456, "height": 5184, "tags": []}