{"rects": [[[1162.6971428571428, 162.9257142857143, 4402.697142857143, 3314.057142857143], ["window"]]], "width": 5184, "height": 3456, "tags": []}