{"rects": [[[1729.2342857142858, 1036.8, 4095.36, 2884.5257142857145], ["window"]]], "width": 5184, "height": 3456, "tags": []}