{"rects": [[[354.24, 133.92000000000002, 2803.6800000000003, 5002.56], ["window"]]], "width": 3456, "height": 5184, "tags": []}