{"rects": [[[371.52000000000004, 367.20000000000005, 3343.6800000000003, 5123.52], ["window"]]], "width": 3456, "height": 5184, "tags": []}