{"rects": [[[82.08000000000001, 466.56000000000006, 3304.8, 5171.04], ["window"]]], "width": 3456, "height": 5184, "tags": []}