{"rects": [[[914.6057142857143, 262.90285714285716, 4310.125714285714, 3210.3771428571426], ["window"]]], "width": 5184, "height": 3456, "tags": []}