{"rects": [[[792.4114285714286, 140.70857142857142, 3943.542857142857, 3228.8914285714286], ["window"]]], "width": 5184, "height": 3456, "tags": []}