{"rects": [[[1179.3600000000001, 881.2800000000001, 2306.88, 5050.08], ["window"]]], "width": 3456, "height": 5184, "tags": []}