{"rects": [[[659.1085714285714, 236.98285714285714, 4202.742857142857, 3456], ["window"]]], "width": 5184, "height": 3456, "tags": []}