{"rects": [[[866.4685714285714, 685.0285714285715, 2677.1657142857143, 3317.76], ["window"]], [[2743.8171428571427, 677.6228571428571, 4854.4457142857145, 3210.3771428571426], ["window"]]], "width": 5184, "height": 3456, "tags": []}