{"rects": [[[1636.662857142857, 559.1314285714286, 3936.137142857143, 3225.1885714285713], ["window"]]], "width": 5184, "height": 3456, "tags": []}