{"rects": [[[1869.942857142857, 807.2228571428572, 4154.605714285714, 2540.16], ["window"]], [[362.88, 70.35428571428571, 1181.2114285714285, 1795.8857142857144], ["window"]], [[414.72, 1995.84, 1281.1885714285713, 3443.657142857143], ["door"]]], "width": 5184, "height": 3456, "tags": []}