{"rects": [[[483.84000000000003, 1071.3600000000001, 3045.6000000000004, 4790.88], ["window"]]], "width": 3456, "height": 5184, "tags": []}