{"rects": [[[393.12, 1395.3600000000001, 2786.4, 4337.280000000001], ["window"]]], "width": 3456, "height": 5184, "tags": []}