{"rects": [[[514.6971428571428, 781.3028571428572, 4602.651428571428, 3314.057142857143], ["window"]]], "width": 5184, "height": 3456, "tags": []}