{"rects": [[[392.5028571428571, 229.57714285714286, 4843.337142857143, 3199.2685714285712], ["window"]]], "width": 5184, "height": 3456, "tags": []}