{"rects": [[[533.2114285714285, 355.4742857142857, 4639.68, 3295.542857142857], ["window"]]], "width": 5184, "height": 3456, "tags": []}