{"rects": [[[1410.7885714285715, 770.1942857142857, 3695.4514285714286, 3206.674285714286], ["window"]]], "width": 5184, "height": 3456, "tags": []}