{"rects": [[[666.5142857142857, 259.2, 4269.394285714286, 3432.5485714285714], ["window"]]], "width": 5184, "height": 3456, "tags": []}