{"rects": [[[129.60000000000002, 254.88000000000002, 3149.28, 4734.72], ["window"]]], "width": 3456, "height": 5184, "tags": []}