{"rects": [[[759.0857142857143, 411.01714285714286, 4510.08, 3306.6514285714284], ["window"]]], "width": 5184, "height": 3456, "tags": []}