{"rects": [[[315.36, 358.56, 2138.4, 1645.92], ["window"]], [[483.84000000000003, 2090.88, 1529.2800000000002, 2993.76], ["window"]], [[1486.0800000000002, 3330.7200000000003, 2216.1600000000003, 4207.68], ["window"]]], "width": 3456, "height": 5184, "tags": []}