{"rects": [[[851.6571428571428, 1266.3771428571429, 2828.982857142857, 2762.3314285714287], ["window"]], [[2899.3371428571427, 1199.7257142857143, 4536.0, 2688.2742857142857], ["window"]]], "width": 5184, "height": 3456, "tags": []}