{"rects": [[[1127.52, 1801.44, 2462.4, 3728.1600000000003], ["window"]], [[436.32000000000005, 2492.6400000000003, 1140.48, 4540.320000000001], ["door"]]], "width": 3456, "height": 5184, "tags": []}