{"rects": [[[1136.777142857143, 196.25142857142856, 4091.657142857143, 3280.7314285714288], ["window"]]], "width": 5184, "height": 3456, "tags": []}