{"rects": [[[599.8628571428571, 603.5657142857143, 2928.96, 3128.9142857142856], ["window"]]], "width": 5184, "height": 3456, "tags": []}