{"rects": [[[507.2914285714286, 559.1314285714286, 2332.8, 3106.697142857143], ["window"]], [[2825.28, 444.34285714285716, 4843.337142857143, 3028.937142857143], ["window"]]], "width": 5184, "height": 3456, "tags": []}