{"rects": [[[925.7142857142857, 488.77714285714285, 3950.9485714285715, 3202.9714285714285], ["window"]]], "width": 5184, "height": 3456, "tags": []}