{"rects": [[[803.5200000000001, 583.2, 2466.7200000000003, 2846.88], ["window"]], [[915.84, 3106.0800000000004, 2484.0, 4976.64], ["window"]]], "width": 3456, "height": 5184, "tags": []}