{"rects": [[[1481.142857142857, 692.4342857142857, 2551.2685714285712, 2925.2571428571428], ["window"]], [[2969.691428571429, 470.2628571428571, 4147.2, 2666.057142857143], ["window"]]], "width": 5184, "height": 3456, "tags": []}