{"rects": [[[581.3485714285714, 485.07428571428574, 4613.76, 3191.862857142857], ["window"]]], "width": 5184, "height": 3456, "tags": []}