{"rects": [[[1503.36, 884.9828571428571, 4073.1428571428573, 3025.2342857142858], ["window"]], [[359.1771428571429, 884.9828571428571, 1462.6285714285714, 3432.5485714285714], ["door"]]], "width": 5184, "height": 3456, "tags": []}