{"rects": [[[1021.9885714285714, 444.34285714285716, 4436.022857142857, 3265.92], ["window"]]], "width": 5184, "height": 3456, "tags": []}