{"rects": [[[1262.6742857142858, 507.2914285714286, 4628.571428571428, 3254.8114285714287], ["window"]]], "width": 5184, "height": 3456, "tags": []}