{"rects": [[[429.5314285714286, 359.1771428571429, 4610.057142857143, 3228.8914285714286], ["window"]]], "width": 5184, "height": 3456, "tags": []}