{"rects": [[[599.8628571428571, 270.30857142857144, 1699.6114285714286, 2821.577142857143], ["window"]], [[1725.5314285714285, 359.1771428571429, 3613.9885714285715, 2766.0342857142855], ["window"]], [[3639.9085714285716, 451.74857142857144, 4784.091428571429, 2766.0342857142855], ["window"]]], "width": 5184, "height": 3456, "tags": []}