{"rects": [[[655.4057142857143, 566.5371428571428, 4132.388571428572, 3251.1085714285714], ["window"]]], "width": 5184, "height": 3456, "tags": []}