{"rects": [[[296.2285714285714, 955.3371428571429, 2132.845714285714, 3191.862857142857], ["window"]], [[2310.582857142857, 614.6742857142857, 4987.748571428571, 3140.022857142857], ["window"]]], "width": 5184, "height": 3456, "tags": []}