{"rects": [[[1210.8342857142857, 425.8285714285714, 3910.217142857143, 2754.925714285714], ["window"]]], "width": 5184, "height": 3456, "tags": []}