{"rects": [[[1221.942857142857, 892.3885714285715, 3469.577142857143, 2699.382857142857], ["window"]]], "width": 5184, "height": 3456, "tags": []}