{"rects": [[[423.36, 505.44000000000005, 3209.76, 4242.240000000001], ["window"]]], "width": 3456, "height": 5184, "tags": []}