{"rects": [[[448.04571428571427, 973.8514285714285, 4824.822857142857, 2532.7542857142857], ["window"]]], "width": 5184, "height": 3456, "tags": []}