{"rects": [[[551.7257142857143, 74.05714285714285, 4806.308571428572, 3354.7885714285712], ["window"]]], "width": 5184, "height": 3456, "tags": []}