{"rects": [[[164.16000000000003, 116.64000000000001, 2795.04, 4989.6], ["window"]]], "width": 3456, "height": 5184, "tags": []}