{"rects": [[[381.39428571428573, 225.87428571428572, 5017.371428571429, 2806.7657142857142], ["window"]]], "width": 5184, "height": 3456, "tags": []}