{"rects": [[[444.34285714285716, 18.514285714285712, 3799.1314285714284, 3414.0342857142855], ["window"]]], "width": 5184, "height": 3456, "tags": []}