{"rects": [[[1403.3828571428571, 348.06857142857143, 5043.291428571429, 3210.3771428571426], ["window"]]], "width": 5184, "height": 3456, "tags": []}