{"rects": [[[540.0, 1749.6000000000001, 2963.52, 4466.88], ["window"]], [[133.92000000000002, 682.5600000000001, 1542.24, 1624.3200000000002], ["window"]]], "width": 3456, "height": 5184, "tags": []}