{"rects": [[[1149.1200000000001, 509.76000000000005, 3214.0800000000004, 5140.8], ["window"]]], "width": 3456, "height": 5184, "tags": []}