{"rects": [[[444.96000000000004, 1170.72, 3322.0800000000004, 3818.88], ["window"]]], "width": 3456, "height": 5184, "tags": []}