{"rects": [[[440.64, 407.3142857142857, 4554.5142857142855, 3262.217142857143], ["window"]]], "width": 5184, "height": 3456, "tags": []}