{"rects": [[[626.4000000000001, 483.84000000000003, 2743.2000000000003, 5041.4400000000005], ["window"]]], "width": 3456, "height": 5184, "tags": []}