{"rects": [[[366.58285714285716, 918.3085714285714, 2414.2628571428572, 2888.2285714285713], ["window"]], [[3073.3714285714286, 766.4914285714285, 4976.64, 2673.462857142857], ["window"]]], "width": 5184, "height": 3456, "tags": []}