{"rects": [[[241.92000000000002, 695.5200000000001, 3369.6000000000004, 4078.0800000000004], ["window"]]], "width": 3456, "height": 5184, "tags": []}