{"rects": [[[77.76, 710.9485714285714, 1736.64, 3084.48], ["window"]], [[1784.777142857143, 703.5428571428571, 3162.24, 3121.5085714285715], ["window"]], [[3228.8914285714286, 625.7828571428571, 4858.148571428572, 3095.5885714285714], ["window"]]], "width": 5184, "height": 3456, "tags": []}