{"rects": [[[967.6800000000001, 1788.48, 2423.52, 3935.5200000000004], ["window"]]], "width": 3456, "height": 5184, "tags": []}