{"rects": [[[332.64000000000004, 1235.52, 3209.76, 4514.400000000001], ["window"]]], "width": 3456, "height": 5184, "tags": []}