{"rects": [[[1077.5314285714285, 451.74857142857144, 4095.36, 2995.6114285714284], ["window"]]], "width": 5184, "height": 3456, "tags": []}