{"rects": [[[1062.72, 11.108571428571429, 4306.4228571428575, 3439.9542857142856], ["window"]]], "width": 5184, "height": 3456, "tags": []}