{"rects": [[[250.56, 1343.52, 3343.6800000000003, 4086.7200000000003], ["window"]]], "width": 3456, "height": 5184, "tags": []}