{"rects": [[[224.64000000000001, 902.8800000000001, 3205.44, 4419.360000000001], ["window"]]], "width": 3456, "height": 5184, "tags": []}