{"rects": [[[1121.9657142857143, 270.30857142857144, 4987.748571428571, 3054.8571428571427], ["window"]]], "width": 5184, "height": 3456, "tags": []}