{"rects": [[[397.44000000000005, 604.8000000000001, 3011.0400000000004, 4652.64], ["window"]]], "width": 3456, "height": 5184, "tags": []}