{"rects": [[[377.69142857142856, 1299.702857142857, 2399.4514285714286, 2769.7371428571428], ["window"]], [[2503.1314285714284, 1292.297142857143, 4536.0, 2825.28], ["window"]], [[1344.1371428571429, 507.2914285714286, 2429.074285714286, 1270.08], ["window"]], [[2503.1314285714284, 529.5085714285714, 3595.4742857142855, 1214.537142857143], ["window"]], [[3702.8571428571427, 499.8857142857143, 4865.5542857142855, 1173.8057142857142], ["window"]]], "width": 5184, "height": 3456, "tags": []}