{"rects": [[[203.04000000000002, 133.92000000000002, 3058.5600000000004, 4829.76], ["window"]]], "width": 3456, "height": 5184, "tags": []}