{"rects": [[[988.6628571428571, 448.04571428571427, 4162.011428571429, 2965.9885714285715], ["window"]]], "width": 5184, "height": 3456, "tags": []}