{"rects": [[[401.76000000000005, 1127.52, 3252.96, 4052.1600000000003], ["window"]]], "width": 3456, "height": 5184, "tags": []}