{"rects": [[[851.0400000000001, 1421.2800000000002, 2298.2400000000002, 3831.84], ["window"]]], "width": 3456, "height": 5184, "tags": []}