{"rects": [[[1377.462857142857, 729.4628571428572, 3680.64, 3177.0514285714285], ["window"]]], "width": 5184, "height": 3456, "tags": []}