{"rects": [[[738.72, 1589.7600000000002, 2708.6400000000003, 3818.88], ["window"]]], "width": 3456, "height": 5184, "tags": []}