{"rects": [[[401.76000000000005, 151.20000000000002, 2868.48, 4177.4400000000005], ["window"]]], "width": 3456, "height": 5184, "tags": []}