{"rects": [[[423.36, 682.5600000000001, 2911.6800000000003, 3080.1600000000003], ["window"]]], "width": 3456, "height": 5184, "tags": []}