{"rects": [[[429.5314285714286, 340.66285714285715, 4643.382857142858, 3177.0514285714285], ["window"]]], "width": 5184, "height": 3456, "tags": []}