{"rects": [[[1210.8342857142857, 118.49142857142857, 4580.434285714286, 3084.48], ["window"]]], "width": 5184, "height": 3456, "tags": []}