{"rects": [[[177.12, 1442.88, 3045.6000000000004, 5179.68], ["window"]], [[1071.3600000000001, 172.8, 3106.0800000000004, 1365.1200000000001], ["window"]]], "width": 3456, "height": 5184, "tags": []}