{"rects": [[[289.44, 889.9200000000001, 3395.5200000000004, 4760.64], ["window"]]], "width": 3456, "height": 5184, "tags": []}