{"rects": [[[1588.5257142857142, 914.6057142857143, 3510.308571428571, 2610.5142857142855], ["window"]], [[3591.7714285714287, 1136.777142857143, 4232.365714285715, 2762.3314285714287], ["door"]]], "width": 5184, "height": 3456, "tags": []}