{"rects": [[[306.72, 751.6800000000001, 2721.6000000000004, 4380.4800000000005], ["window"]]], "width": 3456, "height": 5184, "tags": []}