{"rects": [[[1281.1885714285713, 599.8628571428571, 3302.9485714285715, 3058.56], ["window"]], [[3369.6, 607.2685714285715, 4610.057142857143, 3191.862857142857], ["door"]]], "width": 5184, "height": 3456, "tags": []}