{"rects": [[[565.9200000000001, 1499.0400000000002, 2721.6000000000004, 4138.56], ["window"]], [[1421.2800000000002, 444.96000000000004, 2419.2000000000003, 1343.52], ["window"]]], "width": 3456, "height": 5184, "tags": []}