{"rects": [[[1110.857142857143, 736.8685714285714, 4376.777142857143, 3195.5657142857144], ["window"]]], "width": 5184, "height": 3456, "tags": []}