{"rects": [[[762.7885714285715, 192.54857142857142, 5061.805714285714, 2999.3142857142857], ["window"]]], "width": 5184, "height": 3456, "tags": []}