{"rects": [[[1429.3028571428572, 822.0342857142857, 3217.782857142857, 3128.9142857142856], ["window"]]], "width": 5184, "height": 3456, "tags": []}