{"rects": [[[622.08, 367.20000000000005, 3417.1200000000003, 4821.12], ["window"]]], "width": 3456, "height": 5184, "tags": []}