{"rects": [[[220.32000000000002, 367.20000000000005, 3317.76, 4371.84], ["window"]]], "width": 3456, "height": 5184, "tags": []}