{"rects": [[[859.0628571428572, 348.06857142857143, 5065.5085714285715, 3143.7257142857143], ["window"]]], "width": 5184, "height": 3456, "tags": []}