{"rects": [[[933.12, 710.9485714285714, 4006.4914285714285, 3173.3485714285716], ["window"]]], "width": 5184, "height": 3456, "tags": []}