{"rects": [[[1032.48, 548.64, 2864.1600000000003, 4743.360000000001], ["window"]]], "width": 3456, "height": 5184, "tags": []}