{"rects": [[[332.64000000000004, 743.0400000000001, 3054.2400000000002, 4099.68], ["window"]]], "width": 3456, "height": 5184, "tags": []}