{"rects": [[[1231.2, 1784.16, 2829.6000000000004, 4363.200000000001], ["window"]], [[8.64, 2738.88, 699.84, 4445.280000000001], ["window"]]], "width": 3456, "height": 5184, "tags": []}