{"rects": [[[1181.2114285714285, 525.8057142857143, 4406.4, 2969.691428571429], ["window"]]], "width": 5184, "height": 3456, "tags": []}