{"rects": [[[108.0, 1697.7600000000002, 924.48, 4095.36], ["window"]], [[2535.84, 829.44, 3201.1200000000003, 2985.1200000000003], ["window"]], [[1041.1200000000001, 1183.68, 2298.2400000000002, 3265.92], ["window"]]], "width": 3456, "height": 5184, "tags": []}