{"rects": [[[475.20000000000005, 34.56, 2937.6000000000004, 5119.200000000001], ["window"]]], "width": 3456, "height": 5184, "tags": []}