{"rects": [[[318.4457142857143, 1388.5714285714287, 4813.714285714285, 2832.6857142857143], ["window"]]], "width": 5184, "height": 3456, "tags": []}