{"rects": [[[525.8057142857143, 48.137142857142855, 4665.6, 3402.925714285714], ["window"]]], "width": 5184, "height": 3456, "tags": []}