{"rects": [[[562.8342857142857, 348.06857142857143, 3817.6457142857143, 3102.9942857142855], ["window"]]], "width": 5184, "height": 3456, "tags": []}