{"rects": [[[475.20000000000005, 1248.48, 3175.2000000000003, 4272.4800000000005], ["window"]]], "width": 3456, "height": 5184, "tags": []}