{"rects": [[[1121.9657142857143, 914.6057142857143, 4299.017142857143, 2629.0285714285715], ["window"]]], "width": 5184, "height": 3456, "tags": []}