{"rects": [[[884.9828571428571, 462.85714285714283, 3162.24, 2991.9085714285716], ["window"]]], "width": 5184, "height": 3456, "tags": []}