{"rects": [[[1199.7257142857143, 633.1885714285714, 4373.074285714286, 3084.48], ["window"]]], "width": 5184, "height": 3456, "tags": []}