{"rects": [[[473.9657142857143, 129.6, 5069.211428571429, 3354.7885714285712], ["window"]]], "width": 5184, "height": 3456, "tags": []}