{"rects": [[[485.07428571428574, 1240.4571428571428, 1399.68, 2629.0285714285715], ["window"]], [[1773.6685714285713, 1114.56, 3302.9485714285715, 2740.114285714286], ["window"]], [[3373.302857142857, 1229.3485714285714, 4987.748571428571, 2536.457142857143], ["window"]]], "width": 5184, "height": 3456, "tags": []}