{"rects": [[[449.28000000000003, 1732.3200000000002, 2963.52, 4289.76], ["window"]], [[1205.28, 129.60000000000002, 2207.52, 1715.0400000000002], ["window"]]], "width": 3456, "height": 5184, "tags": []}