{"rects": [[[622.08, 410.40000000000003, 2596.32, 1931.0400000000002], ["window"]], [[570.24, 1982.88, 2592.0, 3451.6800000000003], ["window"]], [[328.32000000000005, 3512.1600000000003, 2665.44, 5088.96], ["window"]]], "width": 3456, "height": 5184, "tags": []}