{"rects": [[[1210.8342857142857, 322.1485714285714, 3865.782857142857, 3456], ["window"]], [[3906.5142857142855, 296.2285714285714, 5176.594285714285, 3456], ["door"]]], "width": 5184, "height": 3456, "tags": []}