{"rects": [[[559.1314285714286, 262.90285714285716, 4565.622857142857, 3351.0857142857144], ["window"]]], "width": 5184, "height": 3456, "tags": []}