{"rects": [[[868.32, 1036.8000000000002, 3179.5200000000004, 4937.76], ["window"]]], "width": 3456, "height": 5184, "tags": []}