{"rects": [[[251.7942857142857, 1055.3142857142857, 4839.634285714285, 3043.7485714285713], ["window"]]], "width": 5184, "height": 3456, "tags": []}