{"rects": [[[866.4685714285714, 566.5371428571428, 4484.16, 3014.1257142857144], ["window"]]], "width": 5184, "height": 3456, "tags": []}