{"rects": [[[488.77714285714285, 581.3485714285714, 4673.005714285714, 3003.017142857143], ["window"]]], "width": 5184, "height": 3456, "tags": []}