{"rects": [[[459.1542857142857, 355.4742857142857, 4721.142857142857, 3028.937142857143], ["window"]]], "width": 5184, "height": 3456, "tags": []}