{"rects": [[[984.96, 74.05714285714285, 4869.257142857143, 3391.8171428571427], ["window"]]], "width": 5184, "height": 3456, "tags": []}