{"rects": [[[1381.1657142857143, 288.8228571428571, 3876.8914285714286, 2862.308571428571], ["window"]]], "width": 5184, "height": 3456, "tags": []}