{"rects": [[[914.6057142857143, 285.12, 3643.6114285714284, 3077.074285714286], ["window"]]], "width": 5184, "height": 3456, "tags": []}