{"rects": [[[503.5885714285714, 592.4571428571428, 4247.177142857143, 3184.457142857143], ["window"]]], "width": 5184, "height": 3456, "tags": []}