{"rects": [[[877.5771428571428, 903.4971428571429, 3943.542857142857, 2973.3942857142856], ["window"]]], "width": 5184, "height": 3456, "tags": []}