{"rects": [[[907.2, 1073.8285714285714, 1892.16, 2862.308571428571], ["window"]], [[2295.7714285714287, 977.5542857142857, 3843.5657142857144, 2754.925714285714], ["window"]]], "width": 5184, "height": 3456, "tags": []}