{"rects": [[[406.08000000000004, 1188.0, 3248.6400000000003, 4458.240000000001], ["window"]]], "width": 3456, "height": 5184, "tags": []}