{"rects": [[[466.56, 122.19428571428571, 4895.177142857143, 3243.7028571428573], ["window"]]], "width": 5184, "height": 3456, "tags": []}