{"rects": [[[2762.3314285714287, 325.8514285714286, 4795.2, 2791.9542857142856], ["window"]], [[1066.422857142857, 518.4, 2677.1657142857143, 2880.822857142857], ["window"]]], "width": 5184, "height": 3456, "tags": []}