{"rects": [[[639.36, 872.6400000000001, 2903.04, 4393.4400000000005], ["window"]]], "width": 3456, "height": 5184, "tags": []}