{"rects": [[[622.08, 1382.4, 2384.6400000000003, 4056.4800000000005], ["window"]], [[2544.48, 1507.68, 3395.5200000000004, 3913.92], ["door"]]], "width": 3456, "height": 5184, "tags": []}