{"rects": [[[218.46857142857144, 496.18285714285713, 2614.217142857143, 3214.08], ["window"]], [[2932.6628571428573, 644.2971428571428, 5087.725714285714, 3351.0857142857144], ["window"]]], "width": 5184, "height": 3456, "tags": []}