{"rects": [[[622.08, 862.7657142857142, 4880.365714285715, 2962.285714285714], ["window"]]], "width": 5184, "height": 3456, "tags": []}