{"rects": [[[419.04, 1840.3200000000002, 1861.92, 4116.96], ["window"]], [[2047.68, 1831.68, 2924.6400000000003, 4246.56], ["window"]]], "width": 3456, "height": 5184, "tags": []}