{"rects": [[[82.08000000000001, 721.44, 3123.36, 4808.160000000001], ["window"]]], "width": 3456, "height": 5184, "tags": []}