{"rects": [[[996.0685714285714, 651.7028571428572, 3873.1885714285713, 2932.6628571428573], ["window"]]], "width": 5184, "height": 3456, "tags": []}