{"rects": [[[475.20000000000005, 626.4000000000001, 2838.2400000000002, 5084.64], ["window"]]], "width": 3456, "height": 5184, "tags": []}