{"rects": [[[873.8742857142857, 296.2285714285714, 4665.6, 3321.462857142857], ["window"]]], "width": 5184, "height": 3456, "tags": []}