{"rects": [[[485.07428571428574, 122.19428571428571, 4628.571428571428, 3114.102857142857], ["window"]]], "width": 5184, "height": 3456, "tags": []}