{"rects": [[[299.93142857142857, 422.1257142857143, 2621.6228571428574, 3184.457142857143], ["window"]], [[2662.3542857142857, 248.09142857142857, 4580.434285714286, 3151.1314285714284], ["window"]]], "width": 5184, "height": 3456, "tags": []}