{"rects": [[[984.96, 533.2114285714285, 4273.097142857143, 2999.3142857142857], ["window"]]], "width": 5184, "height": 3456, "tags": []}