{"rects": [[[703.5428571428571, 359.1771428571429, 4384.182857142857, 3428.845714285714], ["window"]]], "width": 5184, "height": 3456, "tags": []}