{"rects": [[[677.6228571428571, 14.811428571428571, 4821.12, 3443.657142857143], ["window"]]], "width": 5184, "height": 3456, "tags": []}