{"rects": [[[962.7428571428571, 599.8628571428571, 3317.76, 3140.022857142857], ["window"]]], "width": 5184, "height": 3456, "tags": []}