{"rects": [[[1029.3942857142856, 614.6742857142857, 3995.382857142857, 2954.88], ["window"]]], "width": 5184, "height": 3456, "tags": []}