{"rects": [[[533.2114285714285, 244.38857142857142, 4658.194285714286, 3306.6514285714284], ["window"]]], "width": 5184, "height": 3456, "tags": []}