{"rects": [[[552.96, 315.36, 2319.84, 1602.72], ["window"]], [[289.44, 2820.96, 2216.1600000000003, 4717.4400000000005], ["window"]]], "width": 3456, "height": 5184, "tags": []}