{"rects": [[[1036.8, 381.39428571428573, 2510.537142857143, 3321.462857142857], ["window"]], [[2588.2971428571427, 262.90285714285716, 4210.148571428572, 3380.7085714285713], ["window"]]], "width": 5184, "height": 3456, "tags": []}