{"rects": [[[881.2800000000001, 1408.3200000000002, 2989.44, 3987.36], ["window"]], [[1581.1200000000001, 12.96, 2941.92, 1049.76], ["window"]]], "width": 3456, "height": 5184, "tags": []}