{"rects": [[[1769.9657142857143, 866.4685714285714, 3462.1714285714284, 2980.8], ["window"]]], "width": 5184, "height": 3456, "tags": []}