{"rects": [[[1573.7142857142858, 233.28, 4673.005714285714, 3177.0514285714285], ["window"]]], "width": 5184, "height": 3456, "tags": []}