{"rects": [[[60.480000000000004, 833.7600000000001, 3343.6800000000003, 4890.240000000001], ["window"]]], "width": 3456, "height": 5184, "tags": []}