{"rects": [[[164.16000000000003, 1058.4, 3270.2400000000002, 4268.16], ["window"]]], "width": 3456, "height": 5184, "tags": []}