{"rects": [[[329.5542857142857, 399.9085714285714, 4810.011428571429, 3258.5142857142855], ["window"]]], "width": 5184, "height": 3456, "tags": []}