{"rects": [[[629.4857142857143, 562.8342857142857, 4584.137142857143, 3154.8342857142857], ["window"]]], "width": 5184, "height": 3456, "tags": []}