{"rects": [[[803.52, 899.7942857142857, 4291.611428571428, 2795.657142857143], ["window"]]], "width": 5184, "height": 3456, "tags": []}