{"rects": [[[1347.8400000000001, 1404.0, 3378.2400000000002, 4462.56], ["window"]]], "width": 3456, "height": 5184, "tags": []}