{"rects": [[[440.64000000000004, 1054.0800000000002, 2596.32, 4194.72], ["window"]], [[2527.2000000000003, 1360.8000000000002, 3274.5600000000004, 4406.400000000001], ["window"]]], "width": 3456, "height": 5184, "tags": []}