{"rects": [[[1173.8057142857142, 229.57714285714286, 4487.862857142857, 3351.0857142857144], ["window"]], [[137.00571428571428, 477.66857142857145, 1151.5885714285714, 3354.7885714285712], ["door"]]], "width": 5184, "height": 3456, "tags": []}