{"rects": [[[77.76, 285.12, 2220.48, 2574.7200000000003], ["window"]], [[56.160000000000004, 2579.04, 2324.1600000000003, 4605.12], ["window"]]], "width": 3456, "height": 5184, "tags": []}