{"rects": [[[1288.5942857142857, 240.68571428571428, 4165.714285714285, 3299.2457142857143], ["window"]]], "width": 5184, "height": 3456, "tags": []}