{"rects": [[[2780.845714285714, 407.3142857142857, 4721.142857142857, 3080.7771428571427], ["window"]], [[770.1942857142857, 510.9942857142857, 2495.7257142857143, 3202.9714285714285], ["window"]]], "width": 5184, "height": 3456, "tags": []}