{"rects": [[[1033.097142857143, 773.8971428571429, 4084.2514285714287, 2991.9085714285716], ["window"]]], "width": 5184, "height": 3456, "tags": []}