{"rects": [[[99.97714285714285, 70.35428571428571, 4958.125714285714, 3306.6514285714284], ["window"]]], "width": 5184, "height": 3456, "tags": []}