{"rects": [[[148.1142857142857, 266.60571428571427, 1681.097142857143, 3258.5142857142855], ["window", "shop"]], [[1777.3714285714286, 299.93142857142857, 4084.2514285714287, 3258.5142857142855], ["window", "shop"]], [[4110.171428571429, 562.8342857142857, 5117.348571428572, 3084.48], ["window", "shop"]]], "width": 5184, "height": 3456, "tags": []}