{"rects": [[[311.04, 177.73714285714286, 3114.102857142857, 2984.502857142857], ["window"]], [[3143.7257142857143, 829.44, 4473.051428571429, 2788.2514285714287], ["window"]]], "width": 5184, "height": 3456, "tags": []}