{"rects": [[[751.68, 644.2971428571428, 3987.977142857143, 3299.2457142857143], ["window"]]], "width": 5184, "height": 3456, "tags": []}