{"rects": [[[272.16, 263.52000000000004, 2782.0800000000004, 4656.96], ["window"]]], "width": 3456, "height": 5184, "tags": []}