{"rects": [[[348.06857142857143, 118.49142857142857, 5132.16, 3121.5085714285715], ["window"]]], "width": 5184, "height": 3456, "tags": []}