{"rects": [[[551.7257142857143, 55.542857142857144, 4550.811428571428, 3406.6285714285714], ["window"]]], "width": 5184, "height": 3456, "tags": []}