{"rects": [[[1088.64, 1092.3428571428572, 3817.6457142857143, 2680.8685714285716], ["window"]]], "width": 5184, "height": 3456, "tags": []}