{"rects": [[[814.6285714285714, 262.90285714285716, 4772.982857142857, 2947.4742857142855], ["window"]]], "width": 5184, "height": 3456, "tags": []}