{"rects": [[[625.7828571428571, 229.57714285714286, 4276.8, 3317.76], ["window"]]], "width": 5184, "height": 3456, "tags": []}