{"rects": [[[1758.857142857143, 718.3542857142858, 4610.057142857143, 3114.102857142857], ["window"]]], "width": 5184, "height": 3456, "tags": []}