{"rects": [[[907.2, 344.36571428571426, 4202.742857142857, 3195.5657142857144], ["window"]]], "width": 5184, "height": 3456, "tags": []}