{"rects": [[[397.44000000000005, 660.96, 3317.76, 4527.360000000001], ["window"]]], "width": 3456, "height": 5184, "tags": []}