{"rects": [[[747.9771428571429, 114.78857142857143, 5032.182857142857, 3291.84], ["window"]]], "width": 5184, "height": 3456, "tags": []}