{"rects": [[[448.04571428571427, 174.03428571428572, 4935.908571428571, 3191.862857142857], ["window"]]], "width": 5184, "height": 3456, "tags": []}