{"rects": [[[747.9771428571429, 133.30285714285714, 5058.102857142857, 2888.2285714285713], ["window"]]], "width": 5184, "height": 3456, "tags": []}