{"rects": [[[613.44, 1257.1200000000001, 2838.2400000000002, 4069.44], ["window"]]], "width": 3456, "height": 5184, "tags": []}