{"rects": [[[1451.52, 703.5428571428571, 3717.6685714285713, 2717.8971428571426], ["window"]]], "width": 5184, "height": 3456, "tags": []}