{"rects": [[[725.76, 51.84, 4735.954285714286, 3414.0342857142855], ["window"]]], "width": 5184, "height": 3456, "tags": []}