{"rects": [[[73.44, 565.9200000000001, 3270.2400000000002, 4777.92], ["window"]]], "width": 3456, "height": 5184, "tags": []}