{"rects": [[[922.0114285714286, 677.6228571428571, 4347.154285714286, 3058.56], ["window"]]], "width": 5184, "height": 3456, "tags": []}