{"rects": [[[453.6, 1615.68, 1170.72, 3317.76], ["window"]], [[1175.04, 1684.8000000000002, 1779.8400000000001, 3291.84], ["window"]], [[1866.2400000000002, 1784.16, 2557.44, 3348.0], ["window"]]], "width": 3456, "height": 5184, "tags": []}