{"rects": [[[1051.6114285714286, 1084.9371428571428, 2699.382857142857, 2965.9885714285715], ["window"]], [[2725.302857142857, 1084.9371428571428, 3780.617142857143, 3373.302857142857], ["door"]], [[25.92, 1299.702857142857, 999.7714285714286, 3443.657142857143], []]], "width": 5184, "height": 3456, "tags": []}