{"rects": [[[733.1657142857143, 922.0114285714286, 4858.148571428572, 2847.497142857143], ["window"]]], "width": 5184, "height": 3456, "tags": []}