{"rects": [[[740.5714285714286, 540.6171428571429, 4025.0057142857145, 3284.4342857142856], ["window"]]], "width": 5184, "height": 3456, "tags": []}