{"rects": [[[1101.6000000000001, 894.24, 2047.68, 4890.240000000001], ["window"]]], "width": 3456, "height": 5184, "tags": []}