{"rects": [[[587.52, 648.0, 2220.48, 4782.240000000001], ["window"]], [[2298.2400000000002, 760.32, 3218.4, 4980.96], ["window"]]], "width": 3456, "height": 5184, "tags": []}