{"rects": [[[1073.8285714285714, 588.7542857142857, 3958.3542857142857, 3295.542857142857], ["window"]]], "width": 5184, "height": 3456, "tags": []}