{"rects": [[[1107.1542857142856, 622.08, 4176.822857142857, 3184.457142857143], ["window"]]], "width": 5184, "height": 3456, "tags": []}