{"rects": [[[730.08, 1922.4, 1581.1200000000001, 3758.4], ["window"]], [[1607.0400000000002, 1896.48, 2466.7200000000003, 3849.1200000000003], ["window"]]], "width": 3456, "height": 5184, "tags": []}