{"rects": [[[341.28000000000003, 751.6800000000001, 3067.2000000000003, 5045.76], ["facade"]], [[479.52000000000004, 1218.24, 1209.6000000000001, 2293.92], ["window"]], [[1231.2, 2298.2400000000002, 2782.0800000000004, 3365.28], ["window"]], [[1879.2, 3408.48, 2838.2400000000002, 4557.6], ["window"]]], "width": 3456, "height": 5184, "tags": []}