{"rects": [[[259.20000000000005, 1105.92, 3006.7200000000003, 4402.08], ["window"]]], "width": 3456, "height": 5184, "tags": []}