{"rects": [[[648.0, 1710.72, 3106.0800000000004, 4056.4800000000005], ["window"]]], "width": 3456, "height": 5184, "tags": []}