{"rects": [[[151.20000000000002, 108.0, 3438.7200000000003, 4224.96], ["window"]]], "width": 3456, "height": 5184, "tags": []}