{"rects": [[[457.92, 1041.1200000000001, 3222.7200000000003, 3918.2400000000002], ["window"]]], "width": 3456, "height": 5184, "tags": []}