{"rects": [[[25.92, 1066.422857142857, 1914.3771428571429, 2769.7371428571428], ["window"]], [[1958.8114285714287, 962.7428571428571, 3306.6514285714284, 2788.2514285714287], ["window"]], [[3384.4114285714286, 785.0057142857142, 5106.24, 2684.5714285714284], ["window"]]], "width": 5184, "height": 3456, "tags": []}