{"rects": [[[362.88, 470.88000000000005, 3183.84, 4579.200000000001], ["window"]]], "width": 3456, "height": 5184, "tags": []}