{"rects": [[[1310.8114285714287, 348.06857142857143, 3962.057142857143, 3040.0457142857144], ["window"]]], "width": 5184, "height": 3456, "tags": []}