{"rects": [[[829.44, 333.25714285714287, 4561.92, 3247.405714285714], ["window"]]], "width": 5184, "height": 3456, "tags": []}