{"rects": [[[1129.3714285714286, 666.5142857142857, 4184.228571428572, 3047.4514285714286], ["window"]]], "width": 5184, "height": 3456, "tags": []}