{"rects": [[[203.04000000000002, 133.92000000000002, 1723.68, 2077.92], ["window"]], [[1110.24, 1909.44, 2846.88, 4661.280000000001], ["window"]]], "width": 3456, "height": 5184, "tags": []}