{"rects": [[[877.5771428571428, 1107.1542857142856, 4299.017142857143, 2965.9885714285715], ["window"]]], "width": 5184, "height": 3456, "tags": []}