{"rects": [[[918.3085714285714, 33.325714285714284, 4743.36, 3317.76], ["window"]]], "width": 5184, "height": 3456, "tags": []}