{"rects": [[[562.8342857142857, 162.9257142857143, 4854.4457142857145, 3225.1885714285713], ["window"]]], "width": 5184, "height": 3456, "tags": []}