{"rects": [[[714.6514285714286, 918.3085714285714, 2810.4685714285715, 3062.2628571428572], ["window"]], [[3347.382857142857, 1044.2057142857143, 4987.748571428571, 2869.714285714286], ["window"]]], "width": 5184, "height": 3456, "tags": []}