{"rects": [[[198.72000000000003, 604.8000000000001, 1071.3600000000001, 1840.3200000000002], ["window"]], [[492.48, 2073.6000000000004, 1075.68, 3572.6400000000003], ["window"]], [[1589.7600000000002, 1853.2800000000002, 2496.96, 2872.8], ["window"]]], "width": 3456, "height": 5184, "tags": []}