{"rects": [[[1162.6971428571428, 1155.2914285714285, 1810.6971428571428, 2469.805714285714], ["window"]], [[1803.2914285714285, 1196.0228571428572, 2862.308571428571, 2506.8342857142857], ["window"]], [[2925.2571428571428, 1236.7542857142857, 3491.7942857142857, 2595.7028571428573], ["window"]], [[3528.822857142857, 1325.6228571428571, 4332.342857142857, 2495.7257142857143], ["window"]], [[1940.297142857143, 266.60571428571427, 3095.5885714285714, 951.6342857142857], ["window"]], [[3243.7028571428573, 318.4457142857143, 4465.645714285714, 981.2571428571429], ["window"]]], "width": 5184, "height": 3456, "tags": []}