{"rects": [[[665.2800000000001, 1736.64, 2471.04, 4134.240000000001], ["window"]]], "width": 3456, "height": 5184, "tags": []}