{"rects": [[[138.24, 786.24, 3343.6800000000003, 4164.4800000000005], ["window"]]], "width": 3456, "height": 5184, "tags": []}