{"rects": [[[629.4857142857143, 518.4, 4165.714285714285, 3277.0285714285715], ["window"]]], "width": 5184, "height": 3456, "tags": []}