{"rects": [[[792.4114285714286, 55.542857142857144, 5072.914285714286, 3284.4342857142856], ["window"]]], "width": 5184, "height": 3456, "tags": []}