{"rects": [[[1514.4685714285715, 844.2514285714286, 3699.154285714286, 2884.5257142857145], ["window"]]], "width": 5184, "height": 3456, "tags": []}