{"rects": [[[397.44000000000005, 4.32, 3188.1600000000003, 5024.160000000001], ["window"]]], "width": 3456, "height": 5184, "tags": []}