{"rects": [[[505.44000000000005, 1537.92, 3041.28, 4272.4800000000005], ["window"]]], "width": 3456, "height": 5184, "tags": []}