{"rects": [[[137.00571428571428, 959.04, 1973.6228571428571, 3114.102857142857], ["window"]], [[2106.925714285714, 1062.72, 3273.325714285714, 3114.102857142857], ["window"]], [[3391.8171428571427, 1214.537142857143, 4598.948571428571, 3140.022857142857], ["window"]]], "width": 5184, "height": 3456, "tags": []}