{"rects": [[[466.56000000000006, 349.92, 2976.48, 5028.4800000000005], ["window"]]], "width": 3456, "height": 5184, "tags": []}