{"rects": [[[1384.8685714285714, 307.33714285714285, 3765.805714285714, 3258.5142857142855], ["window"]], [[3821.3485714285716, 259.2, 5002.56, 3325.1657142857143], ["door"]], [[336.96, 577.6457142857142, 1366.3542857142857, 3358.4914285714285], ["door"]]], "width": 5184, "height": 3456, "tags": []}