{"rects": [[[1003.4742857142857, 692.4342857142857, 3758.4, 2866.0114285714285], ["window"]]], "width": 5184, "height": 3456, "tags": []}