{"rects": [[[0, 0, 5184, 3456], ["facade"]], [[148.1142857142857, 873.8742857142857, 1292.297142857143, 2410.56], ["window"]], [[1566.3085714285714, 499.8857142857143, 2358.72, 2229.12], ["window"]], [[2743.8171428571427, 1181.2114285714285, 4436.022857142857, 2625.325714285714], ["window"]]], "width": 5184, "height": 3456, "tags": []}