{"rects": [[[851.6571428571428, 825.7371428571429, 2662.3542857142857, 2677.1657142857143], ["window"]], [[2762.3314285714287, 914.6057142857143, 4465.645714285714, 2606.8114285714287], ["window"]]], "width": 5184, "height": 3456, "tags": []}