{"rects": [[[884.9828571428571, 1147.8857142857144, 3036.342857142857, 2643.84], ["window"]], [[3062.2628571428572, 1118.2628571428572, 3969.462857142857, 3154.8342857142857], ["window"]]], "width": 5184, "height": 3456, "tags": []}