{"rects": [[[992.3657142857143, 99.97714285714285, 4517.4857142857145, 3288.137142857143], ["window"]]], "width": 5184, "height": 3456, "tags": []}