{"rects": [[[1447.817142857143, 625.7828571428571, 4243.4742857142855, 3332.5714285714284], ["window"]]], "width": 5184, "height": 3456, "tags": []}