{"rects": [[[403.6114285714286, 48.137142857142855, 2658.6514285714284, 1747.7485714285715], ["window"]], [[603.5657142857143, 1866.24, 3995.382857142857, 2969.691428571429], ["window"]]], "width": 5184, "height": 3456, "tags": []}