{"rects": [[[844.2514285714286, 448.04571428571427, 2851.2, 2517.942857142857], ["window"]]], "width": 5184, "height": 3456, "tags": []}