{"rects": [[[90.72, 730.08, 3261.6000000000004, 3918.2400000000002], ["window"]]], "width": 3456, "height": 5184, "tags": []}