{"rects": [[[847.9542857142857, 188.84571428571428, 4673.005714285714, 3314.057142857143], ["window"]]], "width": 5184, "height": 3456, "tags": []}