{"rects": [[[755.3828571428571, 492.48, 4528.594285714285, 3040.0457142857144], ["window"]]], "width": 5184, "height": 3456, "tags": []}