{"rects": [[[740.5714285714286, 381.39428571428573, 3913.92, 3406.6285714285714], ["window"]]], "width": 5184, "height": 3456, "tags": []}