{"rects": [[[296.2285714285714, 314.74285714285713, 4850.742857142857, 2514.24], ["window"]]], "width": 5184, "height": 3456, "tags": []}