{"rects": [[[592.4571428571428, 203.65714285714284, 4610.057142857143, 3328.8685714285716], ["window"]]], "width": 5184, "height": 3456, "tags": []}