{"rects": [[[844.2514285714286, 651.7028571428572, 3869.4857142857145, 2903.04], ["window"]]], "width": 5184, "height": 3456, "tags": []}