{"rects": [[[814.6285714285714, 533.2114285714285, 3943.542857142857, 2973.3942857142856], ["window"]]], "width": 5184, "height": 3456, "tags": []}