{"rects": [[[540.0, 60.480000000000004, 3058.5600000000004, 4920.4800000000005], ["window"]]], "width": 3456, "height": 5184, "tags": []}