{"rects": [[[159.22285714285715, 270.30857142857144, 4006.4914285714285, 3328.8685714285716], ["window"]]], "width": 5184, "height": 3456, "tags": []}