{"rects": [[[947.9314285714286, 529.5085714285714, 2466.102857142857, 3080.7771428571427], ["window"]], [[2532.7542857142857, 707.2457142857143, 4010.194285714286, 2973.3942857142856], ["window"]]], "width": 5184, "height": 3456, "tags": []}