{"rects": [[[1080.0, 1283.0400000000002, 2795.04, 4488.4800000000005], ["window"]]], "width": 3456, "height": 5184, "tags": []}