{"rects": [[[1325.6228571428571, 888.6857142857143, 3669.5314285714285, 2936.365714285714], ["window"]]], "width": 5184, "height": 3456, "tags": []}