{"rects": [[[914.6057142857143, 88.86857142857143, 4350.857142857143, 3328.8685714285716], ["window"]]], "width": 5184, "height": 3456, "tags": []}