{"rects": [[[44.434285714285714, 651.7028571428572, 1758.857142857143, 1914.3771428571429], ["window"]], [[1781.0742857142857, 825.7371428571429, 3491.7942857142857, 1858.8342857142857], ["window"]], [[3473.28, 799.8171428571428, 5180.297142857143, 1829.2114285714285], ["window"]]], "width": 5184, "height": 3456, "tags": []}