{"rects": [[[829.44, 555.4285714285714, 4069.44, 3184.457142857143], ["window"]]], "width": 5184, "height": 3456, "tags": []}