{"rects": [[[1021.9885714285714, 510.9942857142857, 3788.022857142857, 3077.074285714286], ["window"]]], "width": 5184, "height": 3456, "tags": []}