{"rects": [[[807.2228571428572, 199.9542857142857, 4428.617142857142, 3143.7257142857143], ["window"]]], "width": 5184, "height": 3456, "tags": []}