{"rects": [[[155.52, 764.6400000000001, 3270.2400000000002, 4177.4400000000005], ["window"]]], "width": 3456, "height": 5184, "tags": []}