{"rects": [[[358.56, 794.8800000000001, 3270.2400000000002, 4471.200000000001], ["window"]]], "width": 3456, "height": 5184, "tags": []}