{"rects": [[[940.5257142857142, 629.4857142857143, 4354.56, 2891.9314285714286], ["window"]]], "width": 5184, "height": 3456, "tags": []}