{"rects": [[[1233.0514285714285, 318.4457142857143, 4073.1428571428573, 3288.137142857143], ["window"]]], "width": 5184, "height": 3456, "tags": []}