{"rects": [[[807.84, 1844.64, 2583.36, 4242.240000000001], ["window"]], [[1231.2, 181.44, 2406.2400000000002, 1693.44], ["window"]]], "width": 3456, "height": 5184, "tags": []}