{"rects": [[[159.22285714285715, 536.9142857142857, 2743.8171428571427, 2840.0914285714284], ["window"]], [[2743.8171428571427, 596.16, 4824.822857142857, 2454.9942857142855], ["window"]]], "width": 5184, "height": 3456, "tags": []}