{"rects": [[[1273.7828571428572, 829.44, 4284.205714285714, 3254.8114285714287], ["window"]]], "width": 5184, "height": 3456, "tags": []}