{"rects": [[[962.7428571428571, 747.9771428571429, 3595.4742857142855, 3095.5885714285714], ["window"]]], "width": 5184, "height": 3456, "tags": []}