{"rects": [[[1481.76, 781.9200000000001, 2959.2000000000003, 4402.08], ["window"]], [[203.04000000000002, 768.96, 1490.4, 4410.72], ["window"]]], "width": 3456, "height": 5184, "tags": []}