{"rects": [[[722.0571428571428, 659.1085714285714, 4576.731428571428, 2999.3142857142857], ["window"]]], "width": 5184, "height": 3456, "tags": []}