{"rects": [[[818.3314285714285, 1051.6114285714286, 2188.3885714285716, 2803.062857142857], ["window"]], [[2477.2114285714288, 1236.7542857142857, 3588.0685714285714, 2899.3371428571427], ["window"]], [[4084.2514285714287, 1669.9885714285715, 4939.611428571428, 3040.0457142857144], ["window"]]], "width": 5184, "height": 3456, "tags": []}