{"rects": [[[1247.8628571428571, 418.42285714285714, 4187.931428571428, 3102.9942857142855], ["window"]]], "width": 5184, "height": 3456, "tags": []}