{"rects": [[[1110.857142857143, 488.77714285714285, 4065.7371428571428, 3332.5714285714284], ["window"]]], "width": 5184, "height": 3456, "tags": []}