{"rects": [[[237.60000000000002, 1131.8400000000001, 2635.2000000000003, 3905.28], ["window"]]], "width": 3456, "height": 5184, "tags": []}