{"rects": [[[1173.8057142857142, 688.7314285714285, 3465.8742857142856, 2714.194285714286], ["window"]]], "width": 5184, "height": 3456, "tags": []}