{"rects": [[[1340.4342857142858, 299.93142857142857, 4461.942857142857, 3369.6], ["window"]]], "width": 5184, "height": 3456, "tags": []}