{"rects": [[[648.0, 318.4457142857143, 4287.908571428571, 3028.937142857143], ["window"]]], "width": 5184, "height": 3456, "tags": []}