{"rects": [[[116.64000000000001, 1244.16, 3296.1600000000003, 4402.08], ["window"]]], "width": 3456, "height": 5184, "tags": []}