{"rects": [[[607.2685714285715, 562.8342857142857, 2828.982857142857, 2936.365714285714], ["window"]], [[2869.714285714286, 766.4914285714285, 4980.342857142857, 2843.7942857142857], ["window"]]], "width": 5184, "height": 3456, "tags": []}