{"rects": [[[1196.0228571428572, 366.58285714285716, 4258.285714285715, 3284.4342857142856], ["window"]]], "width": 5184, "height": 3456, "tags": []}