{"rects": [[[1399.68, 1123.2, 2484.0, 3520.8], ["window"]], [[444.96000000000004, 1447.2, 1360.8000000000002, 3551.0400000000004], ["window"]], [[2518.56, 1827.3600000000001, 3244.32, 3551.0400000000004], ["window"]]], "width": 3456, "height": 5184, "tags": []}