{"rects": [[[1070.1257142857144, 1029.3942857142856, 4332.342857142857, 2851.2], ["window"]]], "width": 5184, "height": 3456, "tags": []}