{"rects": [[[688.7314285714285, 562.8342857142857, 4184.228571428572, 3206.674285714286], ["window"]]], "width": 5184, "height": 3456, "tags": []}