{"rects": [[[246.24, 1283.0400000000002, 3054.2400000000002, 4985.280000000001], ["window"]]], "width": 3456, "height": 5184, "tags": []}