{"rects": [[[678.24, 898.5600000000001, 3136.32, 4851.360000000001], ["window"]]], "width": 3456, "height": 5184, "tags": []}