{"rects": [[[704.1600000000001, 1188.0, 2522.88, 3840.4800000000005], ["window"]]], "width": 3456, "height": 5184, "tags": []}