{"rects": [[[367.20000000000005, 1131.8400000000001, 3002.4, 4302.72], ["window"]]], "width": 3456, "height": 5184, "tags": []}