{"rects": [[[561.6, 99.36000000000001, 2579.04, 2376.0], ["window"]], [[596.1600000000001, 2475.36, 2566.0800000000004, 4587.84], ["window"]]], "width": 3456, "height": 5184, "tags": []}