{"rects": [[[166.62857142857143, 333.25714285714287, 4828.5257142857145, 3288.137142857143], ["window"]]], "width": 5184, "height": 3456, "tags": []}