{"rects": [[[1384.8685714285714, 1014.5828571428572, 4047.2228571428573, 3025.2342857142858], ["window"]]], "width": 5184, "height": 3456, "tags": []}