{"rects": [[[349.92, 747.36, 2734.5600000000004, 4540.320000000001], ["window"]]], "width": 3456, "height": 5184, "tags": []}