{"rects": [[[810.9257142857143, 207.36, 4413.805714285714, 3225.1885714285713], ["window"]]], "width": 5184, "height": 3456, "tags": []}