{"rects": [[[254.88000000000002, 565.9200000000001, 3084.48, 4656.96], ["window"]]], "width": 3456, "height": 5184, "tags": []}