{"rects": [[[449.28000000000003, 959.0400000000001, 2924.6400000000003, 4276.8], ["window"]]], "width": 3456, "height": 5184, "tags": []}