{"rects": [[[1184.9142857142856, 755.3828571428571, 3762.102857142857, 3062.2628571428572], ["window"]]], "width": 5184, "height": 3456, "tags": []}