{"rects": [[[966.4457142857143, 940.5257142857142, 3684.342857142857, 2965.9885714285715], ["window"]]], "width": 5184, "height": 3456, "tags": []}