{"rects": [[[95.04, 1637.2800000000002, 3140.6400000000003, 4609.4400000000005], ["window"]]], "width": 3456, "height": 5184, "tags": []}