{"rects": [[[959.04, 114.78857142857143, 4995.154285714286, 3147.4285714285716], ["window"]]], "width": 5184, "height": 3456, "tags": []}