{"rects": [[[410.40000000000003, 859.6800000000001, 2596.32, 4756.320000000001], ["window"]]], "width": 3456, "height": 5184, "tags": []}