{"rects": [[[1144.182857142857, 444.34285714285716, 4336.045714285714, 3065.965714285714], ["window"]]], "width": 5184, "height": 3456, "tags": []}