{"rects": [[[1136.777142857143, 996.0685714285714, 2277.2571428571428, 2906.7428571428572], ["window"]], [[2617.92, 770.1942857142857, 4228.662857142857, 2532.7542857142857], ["window"]]], "width": 5184, "height": 3456, "tags": []}