{"rects": [[[1377.462857142857, 799.8171428571428, 3432.5485714285714, 2891.9314285714286], ["window"]]], "width": 5184, "height": 3456, "tags": []}