{"rects": [[[0, 0, 3456, 5184], ["facade"]], [[181.44, 864.0, 1529.2800000000002, 5145.12], ["window"]], [[2289.6000000000004, 613.44, 3240.0, 5140.8], ["window"]]], "width": 3456, "height": 5184, "tags": []}