{"rects": [[[692.4342857142857, 659.1085714285714, 4373.074285714286, 2721.6], ["window"]]], "width": 5184, "height": 3456, "tags": []}