{"rects": [[[1244.16, 492.48, 4258.285714285715, 3339.977142857143], ["window"]]], "width": 5184, "height": 3456, "tags": []}