{"rects": [[[1077.5314285714285, 396.2057142857143, 4143.4971428571425, 3102.9942857142855], ["window"]]], "width": 5184, "height": 3456, "tags": []}