{"rects": [[[773.8971428571429, 810.9257142857143, 2625.325714285714, 2940.0685714285714], ["window"]], [[2803.062857142857, 851.6571428571428, 5084.022857142857, 2621.6228571428574], ["window"]]], "width": 5184, "height": 3456, "tags": []}