{"rects": [[[190.08, 1589.7600000000002, 3309.1200000000003, 4281.12], ["window"]]], "width": 3456, "height": 5184, "tags": []}