{"rects": [[[544.32, 685.0285714285715, 4587.84, 2951.177142857143], ["window"]]], "width": 5184, "height": 3456, "tags": []}