{"rects": [[[1062.72, 1155.2914285714285, 3976.8685714285716, 2677.1657142857143], ["window"]], [[18.514285714285712, 1266.3771428571429, 959.04, 2592.0], ["window"]]], "width": 5184, "height": 3456, "tags": []}