{"rects": [[[803.5200000000001, 838.08, 2458.0800000000004, 2920.32], ["window"]], [[730.08, 3002.4, 2829.6000000000004, 4916.160000000001], ["window"]]], "width": 3456, "height": 5184, "tags": []}