{"rects": [[[1288.5942857142857, 370.2857142857143, 4321.234285714286, 3310.3542857142857], ["window"]]], "width": 5184, "height": 3456, "tags": []}