{"rects": [[[1495.9542857142858, 11.108571428571429, 4417.5085714285715, 3456], ["window"]]], "width": 5184, "height": 3456, "tags": []}