{"rects": [[[714.6514285714286, 425.8285714285714, 4013.8971428571426, 3247.405714285714], ["window"]]], "width": 5184, "height": 3456, "tags": []}