{"rects": [[[604.8000000000001, 164.16000000000003, 2769.1200000000003, 2064.96], ["window"]], [[699.84, 2246.4, 2890.0800000000004, 4726.08], ["window"]]], "width": 3456, "height": 5184, "tags": []}