{"rects": [[[220.32000000000002, 786.24, 3248.6400000000003, 4389.12], ["window"]]], "width": 3456, "height": 5184, "tags": []}