{"rects": [[[406.08000000000004, 959.0400000000001, 1827.3600000000001, 4596.4800000000005], ["window"]], [[1935.3600000000001, 855.36, 3261.6000000000004, 4510.08], ["window"]]], "width": 3456, "height": 5184, "tags": []}