{"rects": [[[933.12, 566.5371428571428, 4347.154285714286, 3106.697142857143], ["window"]]], "width": 5184, "height": 3456, "tags": []}