{"rects": [[[1384.8685714285714, 692.4342857142857, 3458.4685714285715, 3058.56], ["window"]]], "width": 5184, "height": 3456, "tags": []}