{"rects": [[[855.36, 773.2800000000001, 2868.48, 3719.5200000000004], ["window"]]], "width": 3456, "height": 5184, "tags": []}