{"rects": [[[1239.8400000000001, 336.96000000000004, 2410.56, 5114.88], ["window"]]], "width": 3456, "height": 5184, "tags": []}