{"rects": [[[457.92, 1192.3200000000002, 2985.1200000000003, 4510.08], ["window"]]], "width": 3456, "height": 5184, "tags": []}