{"rects": [[[388.8, 872.6400000000001, 3222.7200000000003, 5063.04], ["window"]]], "width": 3456, "height": 5184, "tags": []}