{"rects": [[[1451.52, 1225.6457142857143, 2925.2571428571428, 2932.6628571428573], ["window"]], [[3491.7942857142857, 1233.0514285714285, 4724.845714285714, 2954.88], ["window"]]], "width": 5184, "height": 3456, "tags": []}