{"rects": [[[1736.64, 962.7428571428571, 4673.005714285714, 3217.782857142857], ["window"]]], "width": 5184, "height": 3456, "tags": []}