{"rects": [[[1281.1885714285713, 74.05714285714285, 4835.931428571428, 3414.0342857142855], ["window"]]], "width": 5184, "height": 3456, "tags": []}