{"rects": [[[507.2914285714286, 925.7142857142857, 1866.24, 3456], ["window"]], [[1969.92, 773.8971428571429, 3169.6457142857143, 3432.5485714285714], ["window"]], [[3288.137142857143, 1070.1257142857144, 4280.5028571428575, 3199.2685714285712], ["window"]]], "width": 5184, "height": 3456, "tags": []}