{"rects": [[[1273.7828571428572, 3.702857142857143, 4613.76, 3421.44], ["window"]]], "width": 5184, "height": 3456, "tags": []}