{"rects": [[[440.64000000000004, 483.84000000000003, 2946.2400000000002, 4402.08], ["window"]]], "width": 3456, "height": 5184, "tags": []}