{"rects": [[[1203.4285714285713, 722.0571428571428, 1862.537142857143, 3084.48], ["window"]], [[1869.942857142857, 859.0628571428572, 3688.0457142857144, 2991.9085714285716], ["window"]]], "width": 5184, "height": 3456, "tags": []}