{"rects": [[[838.08, 889.9200000000001, 2630.88, 2458.0800000000004], ["window"]], [[648.0, 3248.6400000000003, 2635.2000000000003, 4985.280000000001], ["window"]]], "width": 3456, "height": 5184, "tags": []}