{"rects": [[[1158.9942857142858, 1773.6685714285713, 2051.382857142857, 2654.9485714285715], ["window"]], [[2092.114285714286, 448.04571428571427, 2873.417142857143, 1347.84], ["window"]], [[662.8114285714286, 1273.7828571428572, 1010.88, 2158.7657142857142], ["window"]]], "width": 5184, "height": 3456, "tags": []}