{"rects": [[[729.4628571428572, 933.12, 4365.668571428571, 2773.44], ["window"]]], "width": 5184, "height": 3456, "tags": []}