{"rects": [[[64.80000000000001, 626.4000000000001, 3343.6800000000003, 4942.08], ["window"]]], "width": 3456, "height": 5184, "tags": []}