{"rects": [[[319.68, 2116.8, 3002.4, 4505.76], ["window"]], [[596.1600000000001, 565.9200000000001, 3144.96, 2043.3600000000001], ["window"]]], "width": 3456, "height": 5184, "tags": []}