{"rects": [[[1036.8, 81.46285714285715, 4732.251428571429, 3380.7085714285713], ["window"]]], "width": 5184, "height": 3456, "tags": []}