{"rects": [[[733.1657142857143, 174.03428571428572, 4573.028571428571, 3332.5714285714284], ["window"]]], "width": 5184, "height": 3456, "tags": []}