{"rects": [[[1066.422857142857, 703.5428571428571, 4728.548571428571, 2606.8114285714287], ["window"]]], "width": 5184, "height": 3456, "tags": []}