{"rects": [[[896.0914285714285, 207.36, 4473.051428571429, 3169.6457142857143], ["window"]]], "width": 5184, "height": 3456, "tags": []}