{"rects": [[[548.0228571428571, 747.9771428571429, 4647.085714285714, 3214.08], ["window"]]], "width": 5184, "height": 3456, "tags": []}