{"rects": [[[56.160000000000004, 881.2800000000001, 3183.84, 4453.92], ["window"]]], "width": 3456, "height": 5184, "tags": []}