{"rects": [[[585.0514285714286, 922.0114285714286, 4624.868571428571, 3010.422857142857], ["window"]]], "width": 5184, "height": 3456, "tags": []}