{"rects": [[[814.6285714285714, 322.1485714285714, 5080.32, 3010.422857142857], ["window"]]], "width": 5184, "height": 3456, "tags": []}