{"rects": [[[898.5600000000001, 613.44, 3274.5600000000004, 4432.320000000001], ["window"]]], "width": 3456, "height": 5184, "tags": []}