{"rects": [[[0, 0, 3456, 5184], ["facade"]], [[90.72, 2570.4, 2635.2000000000003, 4812.4800000000005], ["window"]], [[544.32, 298.08000000000004, 3084.48, 2000.16], ["window"]]], "width": 3456, "height": 5184, "tags": []}