{"rects": [[[707.2457142857143, 236.98285714285714, 4295.314285714286, 3021.5314285714285], ["window"]]], "width": 5184, "height": 3456, "tags": []}