{"rects": [[[181.44, 764.6400000000001, 3166.5600000000004, 3810.2400000000002], ["window"]]], "width": 3456, "height": 5184, "tags": []}