{"rects": [[[644.2971428571428, 166.62857142857143, 4921.097142857143, 3280.7314285714288], ["window"]]], "width": 5184, "height": 3456, "tags": []}