{"rects": [[[311.04, 781.9200000000001, 2311.2000000000003, 4756.320000000001], ["window"]]], "width": 3456, "height": 5184, "tags": []}