{"rects": [[[825.7371428571429, 255.49714285714285, 4761.874285714286, 3006.72], ["window"]]], "width": 5184, "height": 3456, "tags": []}