{"rects": [[[695.5200000000001, 963.36, 2427.84, 4177.4400000000005], ["window"]]], "width": 3456, "height": 5184, "tags": []}