{"rects": [[[218.46857142857144, 992.3657142857143, 2143.9542857142856, 3136.32], ["window"]], [[2529.0514285714285, 529.5085714285714, 4750.765714285714, 2925.2571428571428], ["window"]]], "width": 5184, "height": 3456, "tags": []}