{"rects": [[[1162.6971428571428, 1395.9771428571428, 2280.96, 2969.691428571429], ["window"]], [[2558.674285714286, 1329.3257142857142, 3710.2628571428572, 2736.4114285714286], ["window"]], [[4454.5371428571425, 1310.8114285714287, 5050.697142857143, 2466.102857142857], ["window"]]], "width": 5184, "height": 3456, "tags": []}