{"rects": [[[531.36, 833.7600000000001, 3287.5200000000004, 4510.08], ["window"]]], "width": 3456, "height": 5184, "tags": []}