{"rects": [[[272.16, 1555.2, 1378.0800000000002, 3961.44], ["window"]], [[1719.3600000000001, 1568.16, 2920.32, 4078.0800000000004], ["window"]]], "width": 3456, "height": 5184, "tags": []}