{"rects": [[[177.12, 872.6400000000001, 3287.5200000000004, 4073.76], ["window"]]], "width": 3456, "height": 5184, "tags": []}