{"rects": [[[1077.5314285714285, 377.69142857142856, 4247.177142857143, 3232.594285714286], ["window"]]], "width": 5184, "height": 3456, "tags": []}