{"rects": [[[807.2228571428572, 325.8514285714286, 3999.0857142857144, 3280.7314285714288], ["window"]]], "width": 5184, "height": 3456, "tags": []}