{"rects": [[[973.8514285714285, 525.8057142857143, 3728.7771428571427, 3125.2114285714288], ["window"]]], "width": 5184, "height": 3456, "tags": []}