{"rects": [[[989.2800000000001, 578.88, 2077.92, 2306.88], ["window"]], [[1222.5600000000002, 2557.44, 2134.08, 4557.6], ["window"]], [[2168.6400000000003, 708.48, 3373.92, 2743.2000000000003], ["window"]], [[2224.8, 2816.6400000000003, 3447.36, 4752.0], ["window"]]], "width": 3456, "height": 5184, "tags": []}