{"rects": [[[332.64000000000004, 574.5600000000001, 3391.2000000000003, 4311.360000000001], ["window"]]], "width": 3456, "height": 5184, "tags": []}