{"rects": [[[548.0228571428571, 155.52, 4580.434285714286, 3414.0342857142855], ["window"]]], "width": 5184, "height": 3456, "tags": []}