{"rects": [[[570.24, 947.9314285714286, 2732.7085714285713, 3010.422857142857], ["window"]], [[2754.925714285714, 988.6628571428571, 4635.977142857143, 2965.9885714285715], ["window"]]], "width": 5184, "height": 3456, "tags": []}