{"rects": [[[299.93142857142857, 588.7542857142857, 5076.617142857142, 3280.7314285714288], ["window"]]], "width": 5184, "height": 3456, "tags": []}