{"rects": [[[384.48, 1032.48, 2786.4, 2268.0], ["window"]], [[1771.2, 2306.88, 2734.5600000000004, 3715.2000000000003], ["window"]], [[371.52000000000004, 2410.56, 1749.6000000000001, 3654.7200000000003], ["window"]]], "width": 3456, "height": 5184, "tags": []}