{"rects": [[[759.0857142857143, 533.2114285714285, 4576.731428571428, 3151.1314285714284], ["window"]]], "width": 5184, "height": 3456, "tags": []}