{"rects": [[[509.76000000000005, 1252.8000000000002, 3430.0800000000004, 4246.56], ["window"]]], "width": 3456, "height": 5184, "tags": []}