{"rects": [[[233.28000000000003, 622.08, 3036.96, 3935.5200000000004], ["window"]]], "width": 3456, "height": 5184, "tags": []}