{"rects": [[[293.76, 920.1600000000001, 3119.0400000000004, 4432.320000000001], ["window"]]], "width": 3456, "height": 5184, "tags": []}