{"rects": [[[397.44000000000005, 544.32, 3270.2400000000002, 4743.360000000001], ["window"]]], "width": 3456, "height": 5184, "tags": []}