{"rects": [[[678.24, 1438.5600000000002, 3019.6800000000003, 3991.6800000000003], ["window"]]], "width": 3456, "height": 5184, "tags": []}