{"rects": [[[810.9257142857143, 418.42285714285714, 3999.0857142857144, 3243.7028571428573], ["window"]]], "width": 5184, "height": 3456, "tags": []}