{"rects": [[[625.7828571428571, 1266.3771428571429, 4332.342857142857, 2758.6285714285714], ["window"]]], "width": 5184, "height": 3456, "tags": []}