{"rects": [[[922.0114285714286, 399.9085714285714, 4213.851428571428, 3391.8171428571427], ["window"]]], "width": 5184, "height": 3456, "tags": []}