{"rects": [[[1466.3314285714287, 896.0914285714285, 2795.657142857143, 2614.217142857143], ["window"]], [[2973.3942857142856, 844.2514285714286, 4443.428571428572, 2425.3714285714286], ["window"]]], "width": 5184, "height": 3456, "tags": []}