{"rects": [[[1666.2857142857142, 696.1371428571429, 3362.194285714286, 2699.382857142857], ["window"]], [[2040.2742857142857, 14.811428571428571, 3910.217142857143, 666.5142857142857], ["window"]]], "width": 5184, "height": 3456, "tags": []}