{"rects": [[[77.76, 527.0400000000001, 3395.5200000000004, 4613.76], ["window"]]], "width": 3456, "height": 5184, "tags": []}