{"rects": [[[846.72, 332.64000000000004, 3119.0400000000004, 4937.76], ["window"]]], "width": 3456, "height": 5184, "tags": []}