{"rects": [[[453.6, 721.44, 3054.2400000000002, 4566.240000000001], ["window"]]], "width": 3456, "height": 5184, "tags": []}