{"rects": [[[688.7314285714285, 492.48, 2399.4514285714286, 1458.9257142857143], ["window"]], [[1147.8857142857144, 1929.1885714285713, 4043.52, 2799.36], ["window"]], [[2880.822857142857, 1021.9885714285714, 3976.8685714285716, 1803.2914285714285], ["window"]]], "width": 5184, "height": 3456, "tags": []}