{"rects": [[[1836.6171428571429, 814.6285714285714, 3062.2628571428572, 2991.9085714285716], ["window"]], [[118.49142857142857, 781.3028571428572, 1610.7428571428572, 3280.7314285714288], ["door"]], [[3388.114285714286, 962.7428571428571, 4236.068571428571, 3040.0457142857144], []]], "width": 5184, "height": 3456, "tags": []}