{"rects": [[[325.8514285714286, 137.00571428571428, 2506.8342857142857, 2836.3885714285716], ["window"]], [[2851.2, 270.30857142857144, 5032.182857142857, 2810.4685714285715], ["window"]]], "width": 5184, "height": 3456, "tags": []}