{"rects": [[[574.9399999999999, 1069.1299999999999, 2978.06, 4434.79], ["window"]]], "width": 3448, "height": 5168, "tags": []}