{"rects": [[[549.1, 1069.1299999999999, 2703.5099999999998, 4124.71], ["window"]]], "width": 3448, "height": 5168, "tags": []}