{"rects": [[[1411.48, 2629.1299999999997, 3906.4199999999996, 4398.45], ["window"]]], "width": 5304, "height": 7952, "tags": []}