{"rects": [[[1118.25, 1500.9399999999998, 4090.31, 6908.299999999999], ["window"]]], "width": 5304, "height": 7952, "tags": []}