{"rects": [[[1187.83, 2673.8599999999997, 4353.719999999999, 5009.759999999999], ["window"]]], "width": 5304, "height": 7952, "tags": []}