{"rects": [[[501.96999999999997, 397.59999999999997, 4269.23, 7261.17], ["window"]]], "width": 5304, "height": 7952, "tags": []}