{"rects": [[[1297.1699999999998, 397.59999999999997, 4458.09, 7271.11], ["window"]]], "width": 5304, "height": 7952, "tags": []}