{"rects": [[[1555.61, 844.9, 4214.5599999999995, 6644.889999999999], ["window"]]], "width": 5304, "height": 7952, "tags": []}