{"rects": [[[864.78, 1023.8199999999999, 4557.49, 6182.679999999999], ["window"]]], "width": 5304, "height": 7952, "tags": []}