{"rects": [[[332.99, 4169.83, 5153.889999999999, 6769.139999999999], ["window"]]], "width": 5304, "height": 7952, "tags": []}