{"rects": [[[730.5899999999999, 2251.41, 4428.2699999999995, 6525.61], ["window"]]], "width": 5304, "height": 7952, "tags": []}