{"rects": [[[949.27, 2649.0099999999998, 4716.53, 6948.0599999999995], ["window"]]], "width": 5304, "height": 7952, "tags": []}