{"rects": [[[1177.8899999999999, 720.65, 2778.23, 6798.96], ["window"]], [[3429.2999999999997, 2112.25, 4994.849999999999, 5129.04], ["window"]]], "width": 5304, "height": 7952, "tags": []}