{"rects": [[[228.61999999999998, 1779.26, 2808.0499999999997, 5417.3], ["window"]]], "width": 5304, "height": 7952, "tags": []}