{"rects": [[[1008.91, 1133.1599999999999, 3667.8599999999997, 6848.66], ["window"]]], "width": 5304, "height": 7952, "tags": []}