{"rects": [[[218.67999999999998, 14.91, 1451.24, 6769.139999999999], ["window"]]], "width": 5304, "height": 7952, "tags": []}