{"rects": [[[1341.8999999999999, 1381.6599999999999, 4358.69, 6108.13], ["window"]]], "width": 5304, "height": 7952, "tags": []}