{"rects": [[[844.9, 397.59999999999997, 4477.969999999999, 7335.719999999999], ["window"]]], "width": 5304, "height": 7952, "tags": []}