{"rects": [[[223.64999999999998, 705.74, 5243.349999999999, 7211.469999999999], ["window"]]], "width": 5304, "height": 7952, "tags": []}