{"rects": [[[313.10999999999996, 1600.34, 4960.0599999999995, 7251.23], ["window"]]], "width": 5304, "height": 7952, "tags": []}