{"rects": [[[914.4799999999999, 1545.6699999999998, 4408.389999999999, 6590.219999999999], ["window"]]], "width": 5304, "height": 7952, "tags": []}