{"rects": [[[1376.6899999999998, 397.59999999999997, 2942.24, 6590.219999999999], ["window"]]], "width": 5304, "height": 7952, "tags": []}