{"rects": [[[1053.6399999999999, 427.41999999999996, 4259.29, 7305.9], ["window"]]], "width": 5304, "height": 7952, "tags": []}