{"rects": [[[510.34, 736.4399999999999, 2897.31, 3914.7599999999998], ["window"]]], "width": 3448, "height": 5168, "tags": []}