{"rects": [[[467.17999999999995, 417.47999999999996, 4557.49, 6793.99], ["window"]]], "width": 5304, "height": 7952, "tags": []}