{"rects": [[[417.47999999999996, 690.8299999999999, 4815.929999999999, 6853.63], ["window"]]], "width": 5304, "height": 7952, "tags": []}