{"rects": [[[452.27, 546.6999999999999, 4651.92, 6784.049999999999], ["window"]]], "width": 5304, "height": 7952, "tags": []}