{"rects": [[[795.1999999999999, 1063.58, 3185.77, 7191.589999999999], ["window"]]], "width": 5304, "height": 7952, "tags": []}