{"rects": [[[1789.1999999999998, 1858.78, 4850.719999999999, 6878.48], ["window"]]], "width": 5304, "height": 7952, "tags": []}