{"rects": [[[1008.91, 437.35999999999996, 4637.01, 6784.049999999999], ["window"]]], "width": 5304, "height": 7952, "tags": []}