{"rects": [[[730.5899999999999, 1292.2, 4388.51, 6734.349999999999], ["window"]]], "width": 5304, "height": 7952, "tags": []}