{"rects": [[[1177.8899999999999, 1416.4499999999998, 4264.26, 7335.719999999999], ["window"]]], "width": 5304, "height": 7952, "tags": []}