{"rects": [[[407.53999999999996, 397.59999999999997, 4492.88, 7330.75], ["window"]]], "width": 5304, "height": 7952, "tags": []}