{"rects": [[[1182.86, 437.35999999999996, 4572.4, 7266.139999999999], ["window"]]], "width": 5304, "height": 7952, "tags": []}