{"rects": [[[631.1899999999999, 437.35999999999996, 4577.37, 7226.379999999999], ["window"]]], "width": 5304, "height": 7952, "tags": []}