{"rects": [[[879.6899999999999, 1098.37, 4323.9, 6982.849999999999], ["window"]]], "width": 5304, "height": 7952, "tags": []}