{"rects": [[[0, 2107.2799999999997, 5099.219999999999, 5665.799999999999], ["window"]]], "width": 5304, "height": 7952, "tags": []}