{"rects": [[[337.96, 1664.9499999999998, 4850.719999999999, 6361.599999999999], ["window"]]], "width": 5304, "height": 7952, "tags": []}