{"rects": [[[574.9399999999999, 981.92, 2816.56, 4195.7699999999995], ["window"]]], "width": 3448, "height": 5168, "tags": []}