{"rects": [[[919.4499999999999, 1083.46, 4756.29, 4835.8099999999995], ["window"]]], "width": 5304, "height": 7952, "tags": []}