{"rects": [[[795.1999999999999, 825.02, 4567.429999999999, 6719.44], ["window"]]], "width": 5304, "height": 7952, "tags": []}