{"rects": [[[1158.01, 1177.8899999999999, 3976.0, 6749.259999999999], ["window"]]], "width": 5304, "height": 7952, "tags": []}