{"rects": [[[452.27, 914.4799999999999, 5298.0199999999995, 5655.86], ["window"]]], "width": 5304, "height": 7952, "tags": []}