{"rects": [[[1023.8199999999999, 422.45, 4189.71, 7315.839999999999], ["window"]]], "width": 5304, "height": 7952, "tags": []}