{"rects": [[[1138.1299999999999, 1868.7199999999998, 5218.5, 6386.45], ["window"]]], "width": 5304, "height": 7952, "tags": []}