{"rects": [[[0, 397.59999999999997, 5293.05, 6376.509999999999], ["facade"]]], "width": 5304, "height": 7952, "tags": []}