{"rects": [[[874.7199999999999, 2166.92, 4622.099999999999, 6416.2699999999995], ["window"]]], "width": 5304, "height": 7952, "tags": []}