{"rects": [[[795.1999999999999, 864.78, 4428.2699999999995, 7136.92], ["window"]]], "width": 5304, "height": 7952, "tags": []}