{"rects": [[[1391.6, 2062.5499999999997, 4085.3399999999997, 6098.19], ["window"]]], "width": 5304, "height": 7952, "tags": []}