{"rects": [[[258.44, 427.41999999999996, 5114.13, 6803.929999999999], ["window"]]], "width": 5304, "height": 7952, "tags": []}