{"rects": [[[516.88, 397.59999999999997, 4999.82, 7266.139999999999], ["window"]]], "width": 5304, "height": 7952, "tags": []}