{"rects": [[[854.8399999999999, 526.8199999999999, 4751.32, 6366.57], ["window"]]], "width": 5304, "height": 7952, "tags": []}