{"rects": [[[114.30999999999999, 1744.4699999999998, 5298.0199999999995, 6028.61], ["window"]]], "width": 5304, "height": 7952, "tags": []}