{"rects": [[[1149.8799999999999, 1534.25, 2299.7599999999998, 4286.21], ["window"]]], "width": 3448, "height": 5168, "tags": []}