{"rects": [[[1053.6399999999999, 616.28, 4686.71, 6982.849999999999], ["window"]]], "width": 5304, "height": 7952, "tags": []}