{"rects": [[[581.49, 1555.61, 4552.5199999999995, 7191.589999999999], ["window"]]], "width": 5304, "height": 7952, "tags": []}