{"rects": [[[447.29999999999995, 1217.6499999999999, 4895.45, 5993.82], ["window"]]], "width": 5304, "height": 7952, "tags": []}