{"rects": [[[487.06, 2152.0099999999998, 5039.58, 6306.929999999999], ["window"]]], "width": 5304, "height": 7952, "tags": []}