{"rects": [[[64.61, 1138.1299999999999, 5263.23, 5049.5199999999995], ["window"]]], "width": 5304, "height": 7952, "tags": []}