{"rects": [[[1068.55, 1794.1699999999998, 4726.469999999999, 6759.2], ["window"]]], "width": 5304, "height": 7952, "tags": []}