{"rects": [[[994.0, 397.59999999999997, 4855.69, 7335.719999999999], ["window"]]], "width": 5304, "height": 7952, "tags": []}