{"rects": [[[223.64999999999998, 1734.53, 4810.96, 7315.839999999999], ["window"]]], "width": 5304, "height": 7952, "tags": []}