{"rects": [[[874.7199999999999, 820.05, 4835.8099999999995, 7256.2], ["window"]]], "width": 5304, "height": 7952, "tags": []}