{"rects": [[[1441.3, 979.0899999999999, 4030.6699999999996, 7216.44], ["window"]]], "width": 5304, "height": 7952, "tags": []}