{"rects": [[[665.98, 397.59999999999997, 4994.849999999999, 7241.29], ["window"]]], "width": 5304, "height": 7952, "tags": []}