{"rects": [[[636.16, 2678.83, 4960.0599999999995, 5293.05], ["window"]], [[29.82, 5332.8099999999995, 5302.99, 7300.929999999999], ["window"]]], "width": 5304, "height": 7952, "tags": []}