{"rects": [[[775.3199999999999, 397.59999999999997, 2644.04, 7350.629999999999], ["window"]], [[2832.8999999999996, 1322.02, 4353.719999999999, 7350.629999999999], ["window"]]], "width": 5304, "height": 7952, "tags": []}