{"rects": [[[74.55, 1764.35, 2599.31, 6649.86], ["window"]], [[3011.8199999999997, 1381.6599999999999, 4756.29, 6510.7], ["window"]]], "width": 5304, "height": 7952, "tags": []}