{"rects": [[[387.65999999999997, 1426.3899999999999, 4786.11, 6639.92], ["window"]]], "width": 5304, "height": 7952, "tags": []}