{"rects": [[[2201.71, 397.59999999999997, 3782.1699999999996, 7271.11], ["window"]], [[849.87, 2316.02, 1992.9699999999998, 6465.969999999999], ["window"]], [[3871.6299999999997, 3687.74, 4602.219999999999, 5158.86], ["window"]]], "width": 5304, "height": 7952, "tags": []}