{"rects": [[[825.02, 626.2199999999999, 4502.82, 6659.799999999999], ["window"]]], "width": 5304, "height": 7952, "tags": []}