{"rects": [[[939.3299999999999, 392.63, 4577.37, 7335.719999999999], ["window"]]], "width": 5304, "height": 7952, "tags": []}