{"rects": [[[263.40999999999997, 442.33, 4661.86, 6908.299999999999], ["window"]]], "width": 5304, "height": 7952, "tags": []}