{"rects": [[[750.4699999999999, 417.47999999999996, 4756.29, 7151.83], ["window"]]], "width": 5304, "height": 7952, "tags": []}