{"rects": [[[1590.3999999999999, 1426.3899999999999, 3737.4399999999996, 6893.389999999999], ["window"]]], "width": 5304, "height": 7952, "tags": []}