{"rects": [[[233.58999999999997, 1083.46, 5188.679999999999, 4840.78], ["window"]]], "width": 5304, "height": 7952, "tags": []}