{"rects": [[[775.3199999999999, 854.8399999999999, 4458.09, 7246.259999999999], ["window"]]], "width": 5304, "height": 7952, "tags": []}