{"rects": [[[109.33999999999999, 1267.35, 5243.349999999999, 7092.19], ["window"]]], "width": 5304, "height": 7952, "tags": []}