{"rects": [[[198.79999999999998, 1799.1399999999999, 5218.5, 5924.24], ["window"]]], "width": 5304, "height": 7952, "tags": []}