{"rects": [[[477.12, 397.59999999999997, 5134.009999999999, 7330.75], ["window"]]], "width": 5304, "height": 7952, "tags": []}