{"rects": [[[188.85999999999999, 1958.1799999999998, 5218.5, 4999.82], ["window"]]], "width": 5304, "height": 7952, "tags": []}