{"rects": [[[208.73999999999998, 397.59999999999997, 5213.53, 6053.46], ["window"]]], "width": 5304, "height": 7952, "tags": []}