{"rects": [[[273.34999999999997, 815.0799999999999, 5054.49, 7151.83], ["window"]]], "width": 5304, "height": 7952, "tags": []}