{"rects": [[[188.85999999999999, 2778.23, 5039.58, 6003.759999999999], ["window"]]], "width": 5304, "height": 7952, "tags": []}