{"rects": [[[680.89, 397.59999999999997, 4125.099999999999, 6992.79], ["window"]]], "width": 5304, "height": 7952, "tags": []}