{"rects": [[[815.0799999999999, 1441.3, 3861.6899999999996, 6147.889999999999], ["window"]]], "width": 5304, "height": 7952, "tags": []}