{"rects": [[[1610.28, 1958.1799999999998, 3871.6299999999997, 5795.0199999999995], ["window"]]], "width": 5304, "height": 7952, "tags": []}