{"rects": [[[561.61, 1406.51, 5099.219999999999, 6038.549999999999], ["window"]]], "width": 5304, "height": 7952, "tags": []}