{"rects": [[[2907.45, 3752.35, 4815.929999999999, 6943.089999999999], ["window"]], [[3046.6099999999997, 397.59999999999997, 4766.23, 3374.6299999999997], ["window"]], [[531.79, 437.35999999999996, 2112.25, 3210.62], ["window"]], [[402.57, 3831.87, 1963.1499999999999, 6878.48], ["window"]]], "width": 5304, "height": 7952, "tags": []}