{"rects": [[[114.30999999999999, 1809.08, 5208.5599999999995, 5014.73], ["window"]]], "width": 5304, "height": 7952, "tags": []}