{"rects": [[[894.5999999999999, 2301.1099999999997, 3652.95, 5799.99], ["window"]]], "width": 5304, "height": 7952, "tags": []}