{"rects": [[[1128.19, 2524.7599999999998, 4348.75, 6202.5599999999995], ["window"]]], "width": 5304, "height": 7952, "tags": []}