{"rects": [[[1149.8799999999999, 1563.32, 2461.2599999999998, 2839.17], ["window"]], [[797.81, 3252.61, 1854.02, 4418.64], ["window"]]], "width": 3448, "height": 5168, "tags": []}