{"rects": [[[1013.88, 392.63, 3985.9399999999996, 6943.089999999999], ["window"]]], "width": 5304, "height": 7952, "tags": []}