{"rects": [[[685.86, 1386.6299999999999, 4691.679999999999, 6520.639999999999], ["window"]]], "width": 5304, "height": 7952, "tags": []}