{"rects": [[[1247.47, 1655.01, 4015.7599999999998, 6182.679999999999], ["window"]]], "width": 5304, "height": 7952, "tags": []}