{"rects": [[[655.6899999999999, 1957.3799999999999, 2509.71, 3740.34], ["window"]]], "width": 3448, "height": 5168, "tags": []}