{"rects": [[[695.8, 1118.25, 4726.469999999999, 6893.389999999999], ["window"]]], "width": 5304, "height": 7952, "tags": []}