{"rects": [[[1217.6499999999999, 1600.34, 4318.929999999999, 7102.129999999999], ["window"]]], "width": 5304, "height": 7952, "tags": []}