{"rects": [[[670.9499999999999, 417.47999999999996, 4378.57, 7320.8099999999995], ["window"]]], "width": 5304, "height": 7952, "tags": []}