{"rects": [[[611.31, 501.96999999999997, 4761.259999999999, 6838.719999999999], ["window"]]], "width": 5304, "height": 7952, "tags": []}