{"rects": [[[477.12, 1003.9399999999999, 4974.969999999999, 6793.99], ["window"]]], "width": 5304, "height": 7952, "tags": []}