{"rects": [[[909.51, 417.47999999999996, 4781.139999999999, 7325.78], ["window"]]], "width": 5304, "height": 7952, "tags": []}