{"rects": [[[1083.46, 392.63, 4040.6099999999997, 6803.929999999999], ["window"]]], "width": 5304, "height": 7952, "tags": []}