{"rects": [[[641.13, 501.96999999999997, 4304.0199999999995, 7216.44], ["window"]]], "width": 5304, "height": 7952, "tags": []}