{"rects": [[[641.13, 631.1899999999999, 4597.25, 7191.589999999999], ["window"]]], "width": 5304, "height": 7952, "tags": []}