{"rects": [[[700.77, 501.96999999999997, 4676.7699999999995, 6967.94], ["window"]]], "width": 5304, "height": 7952, "tags": []}