{"rects": [[[874.7199999999999, 457.23999999999995, 4289.11, 7256.2], ["window"]]], "width": 5304, "height": 7952, "tags": []}