{"rects": [[[790.2299999999999, 894.5999999999999, 4154.92, 7295.96], ["window"]]], "width": 5304, "height": 7952, "tags": []}