{"rects": [[[596.4, 2355.7799999999997, 4731.44, 6182.679999999999], ["window"]]], "width": 5304, "height": 7952, "tags": []}