{"rects": [[[487.06, 2345.8399999999997, 4925.2699999999995, 6108.13], ["window"]]], "width": 5304, "height": 7952, "tags": []}