{"rects": [[[675.92, 934.3599999999999, 4229.469999999999, 7236.32], ["window"]]], "width": 5304, "height": 7952, "tags": []}