{"rects": [[[1510.8799999999999, 1008.91, 4125.099999999999, 7027.58], ["window"]]], "width": 5304, "height": 7952, "tags": []}