{"rects": [[[690.8299999999999, 1312.08, 2768.29, 6803.929999999999], ["window"]], [[2917.39, 1371.72, 4304.0199999999995, 6774.11], ["window"]]], "width": 5304, "height": 7952, "tags": []}