{"rects": [[[1381.6599999999999, 1232.56, 4224.5, 7246.259999999999], ["window"]]], "width": 5304, "height": 7952, "tags": []}