{"rects": [[[1212.6799999999998, 1466.1499999999999, 4234.44, 7206.5], ["window"]]], "width": 5304, "height": 7952, "tags": []}