{"rects": [[[1177.8899999999999, 998.9699999999999, 4343.78, 5029.639999999999], ["window"]]], "width": 5304, "height": 7952, "tags": []}