{"rects": [[[1635.1299999999999, 392.63, 3533.6699999999996, 2977.0299999999997], ["window"]]], "width": 5304, "height": 7952, "tags": []}