{"rects": [[[805.14, 1177.8899999999999, 4602.219999999999, 6237.349999999999], ["window"]]], "width": 5304, "height": 7952, "tags": []}