{"rects": [[[1679.86, 1341.8999999999999, 3985.9399999999996, 6982.849999999999], ["window"]], [[79.52, 1162.98, 1282.26, 7181.65], ["window"]]], "width": 5304, "height": 7952, "tags": []}