{"rects": [[[1133.1599999999999, 397.59999999999997, 4701.62, 7271.11], ["window"]]], "width": 5304, "height": 7952, "tags": []}