{"rects": [[[448.96999999999997, 978.6899999999999, 3049.12, 3934.14], ["window"]]], "width": 3448, "height": 5168, "tags": []}