{"rects": [[[64.61, 2549.6099999999997, 5178.74, 6784.049999999999], ["window"]]], "width": 5304, "height": 7952, "tags": []}