{"rects": [[[1645.07, 2132.13, 3767.2599999999998, 6202.5599999999995], ["window"]]], "width": 5304, "height": 7952, "tags": []}