{"rects": [[[680.89, 1709.6799999999998, 4194.679999999999, 5516.7], ["window"]]], "width": 5304, "height": 7952, "tags": []}