{"rects": [[[134.19, 1491.0, 4960.0599999999995, 6446.089999999999], ["window"]]], "width": 5304, "height": 7952, "tags": []}