{"rects": [[[164.01, 889.63, 3160.9199999999996, 5660.83], ["window"]], [[3434.27, 1828.9599999999998, 4825.87, 5218.5], ["window"]], [[581.49, 5745.32, 2847.81, 7340.69], ["window"]], [[3578.3999999999996, 5531.61, 4681.74, 7256.2], ["window"]]], "width": 5304, "height": 7952, "tags": []}