{"rects": [[[357.84, 397.59999999999997, 4428.2699999999995, 7276.08], ["window"]]], "width": 5304, "height": 7952, "tags": []}