{"rects": [[[770.3499999999999, 2524.7599999999998, 4358.69, 5944.12], ["window"]]], "width": 5304, "height": 7952, "tags": []}