{"rects": [[[1421.4199999999998, 904.54, 4746.349999999999, 7097.16], ["window"]]], "width": 5304, "height": 7952, "tags": []}