{"rects": [[[1247.47, 447.29999999999995, 4125.099999999999, 7107.099999999999], ["window"]]], "width": 5304, "height": 7952, "tags": []}