{"rects": [[[546.6999999999999, 2027.76, 4741.38, 5879.509999999999], ["window"]]], "width": 5304, "height": 7952, "tags": []}