{"rects": [[[1230.6299999999999, 1269.39, 2542.0099999999998, 3443.18], ["window"]]], "width": 3448, "height": 5168, "tags": []}