{"rects": [[[631.1899999999999, 715.68, 4696.65, 6500.759999999999], ["window"]]], "width": 5304, "height": 7952, "tags": []}