{"rects": [[[705.74, 472.15, 4622.099999999999, 7281.049999999999], ["window"]]], "width": 5304, "height": 7952, "tags": []}