{"rects": [[[984.06, 1133.1599999999999, 3916.3599999999997, 7072.3099999999995], ["window"]]], "width": 5304, "height": 7952, "tags": []}