{"rects": [[[3682.77, 288.26, 4696.65, 2972.06], ["window"]], [[2092.37, 4.97, 3409.4199999999996, 2549.6099999999997], ["window"]]], "width": 5304, "height": 7952, "tags": []}