{"rects": [[[149.1, 2649.0099999999998, 5119.099999999999, 5357.66], ["window"]]], "width": 5304, "height": 7952, "tags": []}