{"rects": [[[1038.73, 1212.6799999999998, 4125.099999999999, 6764.17], ["window"]]], "width": 5304, "height": 7952, "tags": []}