{"rects": [[[670.9499999999999, 511.90999999999997, 4661.86, 6798.96], ["window"]]], "width": 5304, "height": 7952, "tags": []}