{"rects": [[[1466.1499999999999, 432.39, 4338.8099999999995, 7067.339999999999], ["window"]]], "width": 5304, "height": 7952, "tags": []}