{"rects": [[[1500.9399999999998, 1510.8799999999999, 3603.25, 6167.7699999999995], ["window"]]], "width": 5304, "height": 7952, "tags": []}