{"rects": [[[750.4699999999999, 1048.6699999999998, 4587.3099999999995, 7261.17], ["window"]]], "width": 5304, "height": 7952, "tags": []}