{"rects": [[[397.59999999999997, 472.15, 4970.0, 6535.549999999999], ["window"]]], "width": 5304, "height": 7952, "tags": []}