{"rects": [[[0, 544.921875, 2578.125, 3744.140625], ["window"]], [[2548.828125, 216.796875, 5830.078125, 3580.078125], ["window"]]], "width": 6000, "height": 4000, "tags": []}