{"rects": [[[1283.203125, 134.765625, 4986.328125, 3451.171875], ["window"]]], "width": 6000, "height": 4000, "tags": []}