{"rects": [[[1798.828125, 263.671875, 5847.65625, 3843.75], ["window"]]], "width": 6000, "height": 4000, "tags": []}