{"rects": [[[216.796875, 1236.328125, 2771.484375, 3580.078125], ["window"]], [[2332.03125, 1312.5, 5261.71875, 3814.453125], ["window"]]], "width": 6000, "height": 4000, "tags": []}