{"rects": [[[644.53125, 1201.171875, 3585.9375, 3773.4375], ["window"]], [[3328.125, 1429.6875, 5958.984375, 3785.15625], ["window"]]], "width": 6000, "height": 4000, "tags": []}