{"rects": [[[2337.890625, 791.015625, 5144.53125, 3087.890625], ["window"]], [[117.1875, 1541.015625, 2273.4375, 3474.609375], ["window"]]], "width": 6000, "height": 4000, "tags": []}