{"rects": [[[457.03125, 574.21875, 3023.4375, 3568.359375], ["window"]], [[2537.109375, 849.609375, 4470.703125, 3691.40625], ["window"]]], "width": 6000, "height": 4000, "tags": []}