{"rects": [[[41.015625, 1025.390625, 3978.515625, 5156.25], ["window"]]], "width": 4000, "height": 6000, "tags": []}