{"rects": [[[1535.15625, 621.09375, 5109.375, 3556.640625], ["window"]]], "width": 6000, "height": 4000, "tags": []}