{"rects": [[[1857.421875, 791.015625, 5226.5625, 3673.828125], ["window"]]], "width": 6000, "height": 4000, "tags": []}