{"rects": [[[316.40625, 498.046875, 3609.375, 3972.65625], ["window"]]], "width": 6000, "height": 4000, "tags": []}