{"rects": [[[222.65625, 82.03125, 3574.21875, 3703.125], ["window"]], [[3386.71875, 650.390625, 5994.140625, 3626.953125], ["window"]]], "width": 6000, "height": 4000, "tags": []}