{"rects": [[[181.640625, 498.046875, 4160.15625, 3914.0625], ["window"]]], "width": 6000, "height": 4000, "tags": []}