{"rects": [[[1628.90625, 128.90625, 5203.125, 3873.046875], ["window"]]], "width": 6000, "height": 4000, "tags": []}