{"rects": [[[128.90625, 375.0, 3210.9375, 3123.046875], ["window"]], [[2958.984375, 656.25, 5941.40625, 3416.015625], ["window"]]], "width": 6000, "height": 4000, "tags": []}