{"rects": [[[0, 111.328125, 3638.671875, 5888.671875], ["window"]]], "width": 4000, "height": 6000, "tags": []}