{"rects": [[[35.15625, 93.75, 4242.1875, 3978.515625], ["window"]]], "width": 6000, "height": 4000, "tags": []}