{"rects": [[[2138.671875, 615.234375, 5542.96875, 3685.546875], ["window"]]], "width": 6000, "height": 4000, "tags": []}