{"rects": [[[421.875, 597.65625, 3216.796875, 3111.328125], ["window"]], [[3005.859375, 410.15625, 5876.953125, 3269.53125], ["window"]]], "width": 6000, "height": 4000, "tags": []}