{"rects": [[[17.578125, 11.71875, 5964.84375, 3767.578125], ["window"]], [[755.859375, 439.453125, 3498.046875, 3005.859375], ["window"]], [[3298.828125, 638.671875, 5994.140625, 3292.96875], ["window"]]], "width": 6000, "height": 4000, "tags": []}