{"rects": [[[35.15625, 35.15625, 3984.375, 4757.8125], ["window"]]], "width": 4000, "height": 6000, "tags": []}