{"rects": [[[152.34375, 146.484375, 3410.15625, 2912.109375], ["window"]], [[2789.0625, 316.40625, 5859.375, 3691.40625], ["window"]]], "width": 6000, "height": 4000, "tags": []}