{"rects": [[[87.890625, 439.453125, 3193.359375, 3767.578125], ["window"]]], "width": 6000, "height": 4000, "tags": []}