{"rects": [[[11.71875, 58.59375, 5625.0, 3966.796875], ["window"]]], "width": 6000, "height": 4000, "tags": []}