{"rects": [[[849.609375, 1259.765625, 4000, 5033.203125], ["window"]]], "width": 4000, "height": 6000, "tags": []}