{"rects": [[[937.5, 17.578125, 5361.328125, 3966.796875], ["window"]]], "width": 6000, "height": 4000, "tags": []}