{"rects": [[[1054.6875, 35.15625, 5900.390625, 3978.515625], ["window"]]], "width": 6000, "height": 4000, "tags": []}