{"rects": [[[2039.0625, 1107.421875, 4611.328125, 3919.921875], ["window"]], [[70.3125, 1107.421875, 2126.953125, 3462.890625], ["window"]]], "width": 6000, "height": 4000, "tags": []}