{"rects": [[[1669.921875, 427.734375, 5039.0625, 3843.75], ["window"]]], "width": 6000, "height": 4000, "tags": []}