{"rects": [[[832.03125, 1148.4375, 3193.359375, 3814.453125], ["window"]], [[3041.015625, 1675.78125, 5425.78125, 3943.359375], ["window"]]], "width": 6000, "height": 4000, "tags": []}