{"rects": [[[609.375, 1201.171875, 3896.484375, 4353.515625], ["window"]]], "width": 4000, "height": 6000, "tags": []}