{"rects": [[[210.9375, 1488.28125, 2162.109375, 3492.1875], ["window"]], [[1968.75, 1423.828125, 4148.4375, 3351.5625], ["window"]], [[3820.3125, 1212.890625, 5865.234375, 3316.40625], ["window"]]], "width": 6000, "height": 4000, "tags": []}