{"rects": [[[2748.046875, 146.484375, 5882.8125, 3773.4375], ["window"]], [[35.15625, 439.453125, 2812.5, 3533.203125], ["window"]]], "width": 6000, "height": 4000, "tags": []}