{"rects": [[[269.53125, 662.109375, 2507.8125, 3339.84375], ["window"]], [[2191.40625, 392.578125, 4957.03125, 3275.390625], ["window"]]], "width": 6000, "height": 4000, "tags": []}