{"rects": [[[1113.28125, 574.21875, 3750.0, 5619.140625], ["window"]]], "width": 4000, "height": 6000, "tags": []}