{"rects": [[[17.578125, 35.15625, 4271.484375, 3738.28125], ["window"]]], "width": 6000, "height": 4000, "tags": []}