{"rects": [[[23.4375, 17.578125, 5144.53125, 3867.1875], ["window"]]], "width": 6000, "height": 4000, "tags": []}