{"rects": [[[35.15625, 451.171875, 3802.734375, 3685.546875], ["window"]]], "width": 6000, "height": 4000, "tags": []}