{"rects": [[[181.640625, 2068.359375, 3902.34375, 5765.625], ["window"]]], "width": 4000, "height": 6000, "tags": []}