{"rects": [[[29.296875, 35.15625, 3984.375, 3990.234375], ["window"]]], "width": 4000, "height": 6000, "tags": []}