{"rects": [[[64.453125, 843.75, 3750.0, 5542.96875], ["window"]]], "width": 4000, "height": 6000, "tags": []}