{"rects": [[[99.609375, 1388.671875, 3908.203125, 5906.25], ["window"]]], "width": 4000, "height": 6000, "tags": []}