{"rects": [[[11.71875, 46.875, 3791.015625, 4628.90625], ["window"]]], "width": 4000, "height": 6000, "tags": []}