{"rects": [[[3949.21875, 1488.28125, 5941.40625, 3849.609375], ["window"]], [[1599.609375, 955.078125, 4160.15625, 3480.46875], ["window"]]], "width": 6000, "height": 4000, "tags": []}