{"rects": [[[70.3125, 826.171875, 1828.125, 3000.0], ["window"]], [[1839.84375, 908.203125, 3855.46875, 3029.296875], ["window"]], [[3621.09375, 667.96875, 5923.828125, 3023.4375], ["window"]]], "width": 6000, "height": 4000, "tags": []}