{"rects": [[[3574.21875, 650.390625, 5964.84375, 3216.796875], ["window"]], [[814.453125, 626.953125, 3257.8125, 3134.765625], ["window"]]], "width": 6000, "height": 4000, "tags": []}