{"rects": [[[41.015625, 298.828125, 3949.21875, 5958.984375], ["window"]]], "width": 4000, "height": 6000, "tags": []}