{"rects": [[[1652.34375, 1623.046875, 3960.9375, 5285.15625], ["window"]]], "width": 4000, "height": 6000, "tags": []}