{"rects": [[[281.25, 1042.96875, 3556.640625, 4593.75], ["window"]]], "width": 4000, "height": 6000, "tags": []}