{"rects": [[[550.78125, 556.640625, 3410.15625, 3503.90625], ["window"]], [[2689.453125, 673.828125, 5671.875, 3662.109375], ["window"]]], "width": 6000, "height": 4000, "tags": []}