{"rects": [[[17.578125, 1031.25, 2806.640625, 4980.46875], ["window"]]], "width": 4000, "height": 6000, "tags": []}