{"rects": [[[29.296875, 826.171875, 2378.90625, 3544.921875], ["window"]], [[2138.671875, 1048.828125, 5150.390625, 3955.078125], ["window"]]], "width": 6000, "height": 4000, "tags": []}