{"rects": [[[52.734375, 539.0625, 2976.5625, 3673.828125], ["window"]], [[2402.34375, 169.921875, 5800.78125, 3908.203125], ["window"]]], "width": 6000, "height": 4000, "tags": []}