{"rects": [[[2894.53125, 908.203125, 5900.390625, 4000], ["window"]]], "width": 6000, "height": 4000, "tags": []}