{"rects": [[[1160.15625, 808.59375, 3943.359375, 3427.734375], ["window"]]], "width": 6000, "height": 4000, "tags": []}