{"rects": [[[3521.484375, 1775.390625, 5812.5, 3937.5], ["window"]]], "width": 6000, "height": 4000, "tags": []}