{"rects": [[[1910.15625, 416.015625, 5279.296875, 3580.078125], ["window"]]], "width": 6000, "height": 4000, "tags": []}