{"rects": [[[1294.921875, 1335.9375, 4283.203125, 3791.015625], ["window"]]], "width": 6000, "height": 4000, "tags": []}