{"rects": [[[164.0625, 1277.34375, 3316.40625, 3908.203125], ["window"]]], "width": 6000, "height": 4000, "tags": []}