{"rects": [[[433.59375, 457.03125, 3697.265625, 3603.515625], ["window"]]], "width": 6000, "height": 4000, "tags": []}