{"rects": [[[1341.796875, 210.9375, 4957.03125, 3908.203125], ["window"]]], "width": 6000, "height": 4000, "tags": []}