{"rects": [[[64.453125, 281.25, 3978.515625, 3931.640625], ["window"]]], "width": 4000, "height": 6000, "tags": []}