{"rects": [[[52.734375, 316.40625, 3269.53125, 3861.328125], ["window"]], [[2560.546875, 87.890625, 5917.96875, 3867.1875], ["window"]]], "width": 6000, "height": 4000, "tags": []}