{"rects": [[[152.34375, 64.453125, 3867.1875, 3673.828125], ["window"]], [[257.8125, 2865.234375, 3345.703125, 5935.546875], ["window"]]], "width": 4000, "height": 6000, "tags": []}