{"rects": [[[298.828125, 82.03125, 3123.046875, 2789.0625], ["window"]], [[398.4375, 2607.421875, 3638.671875, 5871.09375], ["window"]]], "width": 4000, "height": 6000, "tags": []}