{"rects": [[[152.34375, 128.90625, 3228.515625, 3093.75], ["window"]], [[298.828125, 2748.046875, 3914.0625, 5677.734375], ["window"]]], "width": 4000, "height": 6000, "tags": []}