{"rects": [[[1324.21875, 697.265625, 5490.234375, 3626.953125], ["window"]], [[0, 1113.28125, 1441.40625, 2958.984375], ["window"]]], "width": 6000, "height": 4000, "tags": []}