{"rects": [[[357.421875, 1101.5625, 2455.078125, 3199.21875], ["window"]], [[3468.75, 1447.265625, 5513.671875, 3333.984375], ["window"]]], "width": 6000, "height": 4000, "tags": []}