{"rects": [[[908.203125, 750.0, 4060.546875, 4000], ["window"]]], "width": 6000, "height": 4000, "tags": []}