{"rects": [[[205.078125, 908.203125, 3240.234375, 3486.328125], ["window"]]], "width": 6000, "height": 4000, "tags": []}