{"rects": [[[35.15625, 562.5, 3427.734375, 4927.734375], ["window"]]], "width": 4000, "height": 6000, "tags": []}