{"rects": [[[5.859375, 1335.9375, 3984.375, 5537.109375], ["window"]]], "width": 4000, "height": 6000, "tags": []}