{"rects": [[[1101.5625, 638.671875, 3972.65625, 5009.765625], ["window"]]], "width": 4000, "height": 6000, "tags": []}