{"rects": [[[0, 35.15625, 5982.421875, 3720.703125], ["window"]], [[111.328125, 515.625, 2150.390625, 2765.625], ["window"]], [[2320.3125, 404.296875, 5660.15625, 3703.125], ["window"]]], "width": 6000, "height": 4000, "tags": []}