{"rects": [[[2718.75, 146.484375, 5917.96875, 3082.03125], ["window"]]], "width": 6000, "height": 4000, "tags": []}