{"rects": [[[2355.46875, 82.03125, 5835.9375, 3843.75], ["window"]]], "width": 6000, "height": 4000, "tags": []}