{"rects": [[[5.859375, 304.6875, 3011.71875, 3843.75], ["window"]], [[2466.796875, 35.15625, 5841.796875, 3363.28125], ["window"]]], "width": 6000, "height": 4000, "tags": []}