{"rects": [[[5.859375, 1500.0, 3949.21875, 5970.703125], ["window"]]], "width": 4000, "height": 6000, "tags": []}