{"rects": [[[3380.859375, 767.578125, 5531.25, 3708.984375], ["window"]]], "width": 6000, "height": 4000, "tags": []}