{"rects": [[[82.03125, 339.84375, 3902.34375, 3626.953125], ["window"]]], "width": 6000, "height": 4000, "tags": []}