{"rects": [[[58.59375, 650.390625, 2255.859375, 3656.25], ["window"]], [[3433.59375, 949.21875, 5964.84375, 3832.03125], ["window"]]], "width": 6000, "height": 4000, "tags": []}