{"rects": [[[17.578125, 1371.09375, 2777.34375, 5015.625], ["window"]]], "width": 4000, "height": 6000, "tags": []}