{"rects": [[[117.1875, 462.890625, 2695.3125, 3234.375], ["window"]], [[2261.71875, 398.4375, 5771.484375, 3632.8125], ["window"]]], "width": 6000, "height": 4000, "tags": []}