{"rects": [[[17.578125, 41.015625, 4939.453125, 3873.046875], ["window"]]], "width": 6000, "height": 4000, "tags": []}