{"rects": [[[451.171875, 175.78125, 3222.65625, 2806.640625], ["window"]], [[884.765625, 2941.40625, 3685.546875, 5613.28125], ["window"]]], "width": 4000, "height": 6000, "tags": []}