{"rects": [[[451.171875, 251.953125, 2830.078125, 2882.8125], ["window"]], [[158.203125, 2777.34375, 2742.1875, 5654.296875], ["window"]]], "width": 4000, "height": 6000, "tags": []}