{"rects": [[[644.53125, 457.03125, 3316.40625, 3585.9375], ["window"]], [[3082.03125, 849.609375, 5888.671875, 3761.71875], ["window"]]], "width": 6000, "height": 4000, "tags": []}