{"rects": [[[773.4375, 11.71875, 3322.265625, 5871.09375], ["window"]]], "width": 4000, "height": 6000, "tags": []}