{"rects": [[[427.734375, 884.765625, 3580.078125, 4177.734375], ["window"]]], "width": 4000, "height": 6000, "tags": []}