{"rects": [[[5.859375, 369.140625, 3960.9375, 5484.375], ["window"]]], "width": 4000, "height": 6000, "tags": []}