{"rects": [[[1248.046875, 427.734375, 4083.984375, 3791.015625], ["window"]], [[3708.984375, 58.59375, 5953.125, 3205.078125], ["window"]]], "width": 6000, "height": 4000, "tags": []}