{"rects": [[[2490.234375, 240.234375, 5607.421875, 3732.421875], ["window"]], [[269.53125, 902.34375, 2578.125, 2777.34375], ["window"]]], "width": 6000, "height": 4000, "tags": []}