{"rects": [[[2156.25, 134.765625, 5730.46875, 3820.3125], ["window"]], [[17.578125, 310.546875, 2191.40625, 3861.328125], ["window"]]], "width": 6000, "height": 4000, "tags": []}