{"rects": [[[158.203125, 1511.71875, 3796.875, 5496.09375], ["window"]]], "width": 4000, "height": 6000, "tags": []}