{"rects": [[[23.4375, 843.75, 2724.609375, 3673.828125], ["window"]], [[2285.15625, 1031.25, 5478.515625, 3808.59375], ["window"]]], "width": 6000, "height": 4000, "tags": []}