{"rects": [[[679.6875, 292.96875, 4318.359375, 3925.78125], ["window"]]], "width": 6000, "height": 4000, "tags": []}