{"rects": [[[181.640625, 193.359375, 3585.9375, 3662.109375], ["window"]], [[2724.609375, 275.390625, 5976.5625, 3591.796875], ["window"]]], "width": 6000, "height": 4000, "tags": []}