{"rects": [[[0, 421.875, 2853.515625, 3392.578125], ["window"]], [[2625.0, 93.75, 5994.140625, 3187.5], ["window"]]], "width": 6000, "height": 4000, "tags": []}