{"rects": [[[1769.53125, 58.59375, 5888.671875, 3966.796875], ["window"]]], "width": 6000, "height": 4000, "tags": []}