{"rects": [[[1945.3125, 550.78125, 4957.03125, 3867.1875], ["window"]]], "width": 6000, "height": 4000, "tags": []}