{"rects": [[[140.625, 503.90625, 3609.375, 3708.984375], ["window"]]], "width": 6000, "height": 4000, "tags": []}