{"rects": [[[246.09375, 539.0625, 3720.703125, 3638.671875], ["window"]]], "width": 6000, "height": 4000, "tags": []}