{"rects": [[[181.640625, 164.0625, 2765.625, 2871.09375], ["window"]], [[2847.65625, 228.515625, 5765.625, 3328.125], ["window"]]], "width": 6000, "height": 4000, "tags": []}