{"rects": [[[82.03125, 527.34375, 2583.984375, 3644.53125], ["window"]], [[2636.71875, 1189.453125, 5794.921875, 3509.765625], ["window"]]], "width": 6000, "height": 4000, "tags": []}