{"rects": [[[17.578125, 849.609375, 3404.296875, 5589.84375], ["window"]]], "width": 4000, "height": 6000, "tags": []}