{"rects": [[[650.390625, 386.71875, 4089.84375, 3791.015625], ["window"]]], "width": 6000, "height": 4000, "tags": []}