{"rects": [[[123.046875, 3029.296875, 3246.09375, 5865.234375], ["window"]], [[351.5625, 82.03125, 3029.296875, 2636.71875], ["window"]]], "width": 4000, "height": 6000, "tags": []}