{"rects": [[[943.359375, 457.03125, 4294.921875, 3738.28125], ["window"]]], "width": 6000, "height": 4000, "tags": []}