{"rects": [[[23.4375, 46.875, 3978.515625, 5396.484375], ["window"]]], "width": 4000, "height": 6000, "tags": []}