{"rects": [[[0, 902.34375, 3978.515625, 4816.40625], ["window"]]], "width": 4000, "height": 6000, "tags": []}