{"rects": [[[17.578125, 41.015625, 5689.453125, 3960.9375], ["window"]]], "width": 6000, "height": 4000, "tags": []}