{"rects": [[[960.9375, 70.3125, 5894.53125, 3568.359375], ["window"]]], "width": 6000, "height": 4000, "tags": []}