{"rects": [[[1505.859375, 1330.078125, 3990.234375, 4916.015625], ["window"]]], "width": 4000, "height": 6000, "tags": []}