{"rects": [[[1593.4080000000001, 2485.056, 4177.536, 6976.320000000001], ["window"]]], "width": 5504, "height": 8256, "tags": []}