{"rects": [[[974.2080000000001, 685.248, 4788.4800000000005, 8033.088000000001], ["window"]]], "width": 5504, "height": 8256, "tags": []}