{"rects": [[[3591.36, 2113.536, 5077.4400000000005, 3525.312], ["window"]], [[3583.1040000000003, 214.656, 5044.416, 1675.968], ["window"]]], "width": 8256, "height": 5504, "tags": []}