{"rects": [[[2724.48, 1692.48, 5729.664, 4243.584], ["window"]], [[0, 1725.5040000000001, 2575.8720000000003, 4028.928], ["window"]], [[6002.112, 1651.2, 8247.744, 3830.784], ["window"]], [[924.672, 16.512, 2749.248, 1238.4], ["window"]]], "width": 8256, "height": 5504, "tags": []}