{"rects": [[[2988.672, 1387.008, 5977.344, 4317.888], ["window"]], [[288.96000000000004, 1948.4160000000002, 2707.968, 4631.616], ["window"]]], "width": 8256, "height": 5504, "tags": []}