{"rects": [[[1329.2160000000001, 2220.864, 4326.144, 7240.512000000001], ["window"]]], "width": 5504, "height": 8256, "tags": []}