{"rects": [[[2972.16, 1453.056, 5448.96, 3954.6240000000003], ["window"]], [[594.432, 1477.824, 3162.0480000000002, 3921.6], ["window"]], [[1444.8, 33.024, 3376.704, 1750.272], ["window"]], [[5234.304, 1337.472, 7446.912, 3756.48], ["window"]], [[3046.464, 16.512, 5011.392, 1552.1280000000002], ["window"]], [[5093.952, 16.512, 6802.944, 1510.848], ["window"]]], "width": 8256, "height": 5504, "tags": []}