{"rects": [[[2130.0480000000002, 949.44, 6134.2080000000005, 5160.0], ["window"]]], "width": 8256, "height": 5504, "tags": []}