{"rects": [[[1642.944, 2526.3360000000002, 3847.2960000000003, 6134.2080000000005], ["window"]], [[1898.88, 561.408, 3764.736, 3079.4880000000003], ["window"]]], "width": 5504, "height": 8256, "tags": []}