{"rects": [[[8.256, 321.98400000000004, 1997.952, 3995.904], ["window"]], [[2996.928, 346.752, 5341.6320000000005, 4227.072], ["window"]], [[6084.6720000000005, 602.688, 8247.744, 4235.328], ["window"]]], "width": 8256, "height": 5504, "tags": []}