{"rects": [[[1907.136, 2534.592, 3583.1040000000003, 6192.0], ["window"]], [[2064.0, 123.84, 3426.2400000000002, 2716.224], ["window"]]], "width": 5504, "height": 8256, "tags": []}