{"rects": [[[1907.136, 1898.88, 6687.360000000001, 3426.2400000000002], ["window"]], [[1874.112, 3277.632, 6431.424, 4714.176], ["window"]]], "width": 8256, "height": 5504, "tags": []}