{"rects": [[[1345.728, 1230.144, 4375.68, 5077.4400000000005], ["window"]], [[3954.6240000000003, 1675.968, 6431.424, 5415.936], ["window"]], [[5704.896, 2229.12, 8181.696, 5504], ["window"]], [[5614.08, 49.536, 7876.224, 3104.2560000000003], ["window"]]], "width": 8256, "height": 5504, "tags": []}