{"rects": [[[3079.4880000000003, 1964.928, 5143.488, 4383.936], ["window"]], [[41.28, 2138.304, 1667.712, 4309.6320000000005], ["window"]], [[528.384, 115.584, 2064.0, 1915.392], ["window"]], [[1832.832, 544.896, 2864.832, 2204.352], ["window"]]], "width": 8256, "height": 5504, "tags": []}