{"rects": [[[3219.84, 1659.4560000000001, 4780.224, 3954.6240000000003], ["window"]]], "width": 8256, "height": 5504, "tags": []}