{"rects": [[[1593.4080000000001, 2022.72, 2765.76, 3748.224], ["window"]], [[3261.12, 1997.952, 4813.2480000000005, 3682.176], ["window"]], [[6530.496, 2105.28, 7958.784000000001, 3640.896], ["window"]]], "width": 8256, "height": 5504, "tags": []}