{"rects": [[[1552.1280000000002, 2774.016, 3888.576, 5828.736], ["window"]], [[1964.928, 156.864, 3558.3360000000002, 2518.08], ["window"]]], "width": 5504, "height": 8256, "tags": []}