{"rects": [[[1461.3120000000001, 751.296, 6902.0160000000005, 4829.76], ["window"]]], "width": 8256, "height": 5504, "tags": []}