{"rects": [[[842.1120000000001, 1007.232, 3071.232, 4516.032], ["window"]], [[3153.792, 1486.08, 5366.400000000001, 4813.2480000000005], ["window"]], [[5531.52, 1841.088, 8247.744, 5003.136], ["window"]]], "width": 8256, "height": 5504, "tags": []}