{"rects": [[[2138.304, 784.32, 4623.360000000001, 3938.112], ["window"]], [[4730.688, 49.536, 7479.936000000001, 3360.192], ["window"]], [[8.256, 1436.544, 2361.216, 4598.592000000001], ["window"]]], "width": 8256, "height": 5504, "tags": []}