{"rects": [[[3186.8160000000003, 1601.664, 4887.552, 4028.928], ["window"]], [[1469.568, 2286.9120000000003, 3087.744, 4516.032], ["window"]], [[41.28, 2840.0640000000003, 1180.608, 5044.416], ["window"]], [[107.328, 767.808, 1708.992, 2658.4320000000002], ["window"]], [[1659.4560000000001, 173.376, 3104.2560000000003, 2097.024], ["window"]], [[4879.296, 1073.28, 7025.856, 3673.92], ["window"]]], "width": 8256, "height": 5504, "tags": []}