{"rects": [[[3269.376, 685.248, 4705.92, 5300.352], ["window"]], [[1874.112, 1428.288, 3269.376, 5713.152], ["window"]], [[817.344, 2130.0480000000002, 2138.304, 6109.4400000000005], ["window"]]], "width": 5504, "height": 8256, "tags": []}