{"rects": [[[2650.176, 321.98400000000004, 5969.088, 1923.6480000000001], ["window"]], [[2658.4320000000002, 2006.208, 5985.6, 3682.176], ["window"]]], "width": 8256, "height": 5504, "tags": []}