{"rects": [[[1098.048, 2154.8160000000003, 2567.616, 4375.68], ["window"]], [[3285.888, 1973.184, 5036.16, 4243.584], ["window"]], [[3269.376, 49.536, 4871.04, 1915.392], ["window"]], [[1287.9360000000001, 99.072, 2914.368, 1940.16], ["window"]], [[5663.616, 949.44, 7636.8, 3500.544], ["window"]]], "width": 8256, "height": 5504, "tags": []}