{"rects": [[[701.76, 2311.6800000000003, 4780.224, 7215.744000000001], ["window"]]], "width": 5504, "height": 8256, "tags": []}