{"rects": [[[1981.44, 3079.4880000000003, 3467.52, 5581.0560000000005], ["window"]], [[2088.768, 363.264, 3599.616, 2823.552], ["window"]]], "width": 5504, "height": 8256, "tags": []}