{"rects": [[[2567.616, 1461.3120000000001, 5655.360000000001, 4722.432], ["window"]], [[6373.6320000000005, 2080.512, 8231.232, 4887.552], ["window"]]], "width": 8256, "height": 5504, "tags": []}