{"rects": [[[2897.856, 454.08000000000004, 5267.328, 4681.152], ["window"]], [[5622.336, 974.2080000000001, 7876.224, 4425.216], ["window"]], [[0, 280.704, 2782.272, 4557.312], ["window"]]], "width": 8256, "height": 5504, "tags": []}