{"rects": [[[5052.6720000000005, 1469.568, 6307.584, 3665.664], ["window"]], [[3360.192, 1849.344, 4598.592000000001, 4028.928], ["window"]], [[2105.28, 2204.352, 3484.032, 4210.56], ["window"]], [[2311.6800000000003, 239.424, 3434.496, 1775.04], ["window"]], [[718.272, 462.336, 1849.344, 2097.024], ["window"]], [[487.10400000000004, 2476.8, 1626.432, 4177.536], ["window"]], [[3550.08, 24.768, 4631.616, 1535.616], ["window"]]], "width": 8256, "height": 5504, "tags": []}