{"rects": [[[2460.288, 1155.8400000000001, 5630.592000000001, 4738.944], ["window"]]], "width": 8256, "height": 5504, "tags": []}