{"rects": [[[2658.4320000000002, 346.752, 5481.984, 5366.400000000001], ["window"]], [[5168.256, 421.05600000000004, 8247.744, 5457.216], ["window"]], [[0, 371.52, 2749.248, 5267.328], ["window"]]], "width": 8256, "height": 5504, "tags": []}