{"rects": [[[1758.528, 2575.8720000000003, 3739.9680000000003, 6431.424], ["window"]]], "width": 5504, "height": 8256, "tags": []}