{"rects": [[[2295.168, 2410.752, 5944.32, 3426.2400000000002], ["window"]], [[6092.928, 2419.0080000000003, 7562.496, 3393.216], ["window"]], [[2575.8720000000003, 3517.056, 4260.0960000000005, 4755.456], ["window"]]], "width": 8256, "height": 5504, "tags": []}