{"rects": [[[3302.4, 1849.344, 4970.112, 4169.28], ["window"]], [[5506.752, 3104.2560000000003, 6414.912, 5069.184], ["window"]], [[5391.168000000001, 627.456, 6307.584, 2699.712], ["window"]]], "width": 8256, "height": 5504, "tags": []}