{"rects": [[[1065.0240000000001, 710.0160000000001, 5366.400000000001, 6175.488], ["window"]]], "width": 5504, "height": 8256, "tags": []}