{"rects": [[[784.32, 1857.6000000000001, 5069.184, 4549.0560000000005], ["window"]]], "width": 8256, "height": 5504, "tags": []}