{"rects": [[[1453.056, 2286.9120000000003, 4251.84, 6736.896000000001], ["window"]]], "width": 5504, "height": 8256, "tags": []}