{"rects": [[[908.1600000000001, 1007.232, 5993.856, 4086.7200000000003], ["window"]]], "width": 8256, "height": 5504, "tags": []}