{"rects": [[[2955.648, 1973.184, 5614.08, 5292.0960000000005], ["window"]], [[66.048, 1659.4560000000001, 2732.736, 5217.792], ["window"]]], "width": 8256, "height": 5504, "tags": []}