{"rects": [[[2047.488, 1708.992, 6142.464, 3211.5840000000003], ["window"]], [[1527.3600000000001, 3203.328, 6910.272, 5341.6320000000005], ["window"]]], "width": 8256, "height": 5504, "tags": []}