{"rects": [[[1560.384, 404.544, 3929.856, 2039.232], ["window"]], [[1395.2640000000001, 1700.736, 3987.648, 3409.728], ["window"]], [[1362.24, 3285.888, 4012.416, 5382.912], ["window"]], [[1131.0720000000001, 5316.8640000000005, 4194.048, 7752.384], ["window"]]], "width": 5504, "height": 8256, "tags": []}