{"rects": [[[2881.344, 1015.488, 5779.2, 4020.672], ["window"]], [[6026.88, 288.96000000000004, 7661.568, 1907.136], ["window"]], [[3343.6800000000003, 16.512, 5069.184, 1750.272], ["window"]]], "width": 8256, "height": 5504, "tags": []}