{"rects": [[[2765.76, 776.0640000000001, 5581.0560000000005, 4672.896], ["window"]], [[115.584, 974.2080000000001, 3079.4880000000003, 4722.432], ["window"]]], "width": 8256, "height": 5504, "tags": []}