{"rects": [[[3062.976, 1353.984, 5151.744000000001, 4227.072], ["window"]], [[1568.64, 1552.1280000000002, 3459.264, 4458.24], ["window"]]], "width": 8256, "height": 5504, "tags": []}