{"rects": [[[1560.384, 924.672, 6637.8240000000005, 5283.84], ["window"]], [[6976.320000000001, 2245.632, 8189.952, 4994.88], ["window"]], [[6736.896000000001, 24.768, 8107.392, 2113.536], ["window"]]], "width": 8256, "height": 5504, "tags": []}