{"rects": [[[3054.7200000000003, 1692.48, 6736.896000000001, 4392.192], ["window"]], [[181.632, 2105.28, 2130.0480000000002, 4483.008], ["window"]], [[726.528, 41.28, 2303.424, 2171.328], ["window"]]], "width": 8256, "height": 5504, "tags": []}