{"rects": [[[3335.424, 2039.232, 6497.472, 3913.344], ["window"]], [[3277.632, 123.84, 6307.584, 1742.016], ["window"]], [[6390.144, 140.352, 7793.664000000001, 1708.992], ["window"]], [[6555.264, 2105.28, 7950.528, 3913.344], ["window"]], [[792.576, 743.04, 2551.1040000000003, 2336.448], ["window"]]], "width": 8256, "height": 5504, "tags": []}