{"rects": [[[4367.424, 520.128, 6621.312, 3492.288], ["window"]], [[2385.984, 998.976, 5415.936, 4383.936], ["window"]], [[1420.0320000000002, 1865.856, 3574.848, 4722.432], ["window"]], [[1188.864, 41.28, 3847.2960000000003, 2592.384], ["window"]]], "width": 8256, "height": 5504, "tags": []}