{"rects": [[[2798.784, 1519.104, 5688.384, 4350.912], ["window"]], [[3310.656, 0, 5110.464, 1857.6000000000001], ["window"]], [[49.536, 1519.104, 2840.0640000000003, 3896.8320000000003], ["window"]], [[5746.176, 776.0640000000001, 7438.656, 2608.896], ["window"]], [[5985.6, 2237.376, 7694.592000000001, 4788.4800000000005], ["window"]], [[577.9200000000001, 0, 2625.408, 1675.968], ["window"]]], "width": 8256, "height": 5504, "tags": []}