{"rects": [[[627.456, 1304.448, 2328.192, 3863.808], ["window"]], [[3195.072, 1667.712, 5176.512, 4161.024], ["window"]], [[4920.576, 16.512, 6976.320000000001, 1684.2240000000002], ["window"]]], "width": 8256, "height": 5504, "tags": []}