{"rects": [[[487.10400000000004, 57.792, 4383.936, 7645.0560000000005], ["window"]]], "width": 5504, "height": 8256, "tags": []}