{"rects": [[[3029.952, 1552.1280000000002, 5226.048, 4136.256], ["window"]], [[8.256, 693.504, 2435.52, 3261.12], ["window"]], [[5688.384, 3145.536, 6505.728, 5069.184], ["window"]], [[5564.544, 1263.1680000000001, 6282.816, 3062.976], ["window"]]], "width": 8256, "height": 5504, "tags": []}