{"rects": [[[3162.0480000000002, 1172.352, 5077.4400000000005, 4994.88], ["window"]], [[1213.632, 1874.112, 3170.304, 5432.448], ["window"]], [[396.288, 594.432, 1816.3200000000002, 2823.552], ["window"]], [[1601.664, 16.512, 3351.936, 2179.584], ["window"]]], "width": 8256, "height": 5504, "tags": []}