{"rects": [[[2873.088, 990.72, 5688.384, 4540.8], ["window"]], [[24.768, 1023.744, 2856.576, 4549.0560000000005], ["window"]], [[3104.2560000000003, 41.28, 5209.536, 1568.64], ["window"]], [[949.44, 33.024, 3096.0, 1543.872], ["window"]]], "width": 8256, "height": 5504, "tags": []}