{"rects": [[[1717.248, 3153.792, 3558.3360000000002, 5770.944], ["window"]], [[2055.744, 454.08000000000004, 3467.52, 2889.6], ["window"]]], "width": 5504, "height": 8256, "tags": []}