{"rects": [[[2972.16, 2361.216, 5085.696, 3731.712], ["window"]], [[5704.896, 2171.328, 7224.0, 3657.408], ["window"]], [[2757.504, 3995.904, 5308.608, 5504], ["window"]], [[5960.832, 3781.248, 7537.728, 5504], ["window"]], [[1568.64, 990.72, 3929.856, 2105.28], ["window"]], [[4218.816, 676.992, 6530.496, 2121.792], ["window"]], [[908.1600000000001, 2385.984, 2592.384, 3616.128], ["window"]], [[619.2, 4194.048, 2262.1440000000002, 5504], ["window"]]], "width": 8256, "height": 5504, "tags": []}