{"rects": [[[3211.5840000000003, 1131.0720000000001, 5118.72, 3657.408], ["window"]], [[5193.024, 610.944, 7124.928, 3607.8720000000003], ["window"]]], "width": 8256, "height": 5504, "tags": []}