{"rects": [[[2757.504, 1791.5520000000001, 4615.104, 4152.768], ["window"]], [[5481.984, 1131.0720000000001, 7199.232, 5242.56], ["window"]], [[3484.032, 148.608, 4978.368, 2262.1440000000002], ["window"]]], "width": 8256, "height": 5504, "tags": []}