{"rects": [[[899.904, 1461.3120000000001, 4573.8240000000005, 7884.4800000000005], ["window"]]], "width": 5504, "height": 8256, "tags": []}