{"rects": [[[0, 0, 8256, 5504], ["window"]], [[3277.632, 1527.3600000000001, 5209.536, 4268.352], ["window"]], [[5292.0960000000005, 1791.5520000000001, 7124.928, 4681.152], ["window"]], [[6712.128000000001, 24.768, 8148.6720000000005, 2014.464], ["window"]]], "width": 8256, "height": 5504, "tags": []}