{"rects": [[[2798.784, 1634.688, 5407.68, 4128.0], ["window"]], [[6728.64, 2947.3920000000003, 8024.832, 5226.048], ["window"]], [[6613.0560000000005, 536.64, 7620.2880000000005, 2707.968], ["window"]]], "width": 8256, "height": 5504, "tags": []}