{"rects": [[[5366.400000000001, 1320.96, 7356.0960000000005, 3649.152], ["window"]], [[2625.408, 1775.04, 4813.2480000000005, 4053.696], ["window"]]], "width": 8256, "height": 5504, "tags": []}