{"rects": [[[1593.4080000000001, 1717.248, 6621.312, 4309.6320000000005], ["window"]], [[1989.6960000000001, 0, 6249.792, 2154.8160000000003], ["window"]]], "width": 8256, "height": 5504, "tags": []}