{"rects": [[[2972.16, 1320.96, 5325.12, 5077.4400000000005], ["window"]], [[5093.952, 734.784, 7504.704000000001, 4639.872], ["window"]]], "width": 8256, "height": 5504, "tags": []}