{"rects": [[[1320.96, 2567.616, 4086.7200000000003, 6423.168000000001], ["window"]]], "width": 5504, "height": 8256, "tags": []}