{"rects": [[[1989.6960000000001, 1725.5040000000001, 3277.632, 4648.128], ["window"]], [[3376.704, 1271.424, 5003.136, 4136.256], ["window"]]], "width": 8256, "height": 5504, "tags": []}