{"rects": [[[1378.752, 643.9680000000001, 4094.976, 4573.8240000000005], ["window"]], [[4128.0, 1387.008, 6489.216, 5036.16], ["window"]]], "width": 8256, "height": 5504, "tags": []}