{"rects": [[[495.36, 1065.0240000000001, 2848.32, 4945.344], ["window"]], [[3021.696, 891.648, 5193.024, 4928.832], ["window"]], [[5391.168000000001, 899.904, 7777.152, 4672.896], ["window"]]], "width": 8256, "height": 5504, "tags": []}