{"rects": [[[1849.344, 1527.3600000000001, 3607.8720000000003, 5093.952], ["window"]]], "width": 5504, "height": 8256, "tags": []}