{"rects": [[[3277.632, 1725.5040000000001, 6761.664, 4161.024], ["window"]], [[693.504, 1081.536, 2798.784, 3558.3360000000002], ["window"]]], "width": 8256, "height": 5504, "tags": []}