{"rects": [[[3616.128, 1758.528, 4953.6, 3541.824], ["window"]], [[3649.152, 866.88, 4887.552, 1923.6480000000001], ["window"]], [[5803.968, 1692.48, 7620.2880000000005, 3649.152], ["window"]], [[5952.576, 3285.888, 7876.224, 5504], ["window"]]], "width": 8256, "height": 5504, "tags": []}