{"rects": [[[2724.48, 1263.1680000000001, 5680.128000000001, 4895.808], ["window"]]], "width": 8256, "height": 5504, "tags": []}