{"rects": [[[74.304, 776.0640000000001, 3847.2960000000003, 6200.256], ["window"]]], "width": 5504, "height": 8256, "tags": []}