{"rects": [[[908.1600000000001, 1155.8400000000001, 4012.416, 7859.712], ["window"]]], "width": 5504, "height": 8256, "tags": []}