{"rects": [[[2815.2960000000003, 1155.8400000000001, 6736.896000000001, 4615.104], ["window"]], [[1832.832, 1139.328, 2658.4320000000002, 3013.44], ["window"]], [[1345.728, 33.024, 2187.84, 1519.104], ["window"]]], "width": 8256, "height": 5504, "tags": []}