{"rects": [[[173.376, 346.752, 3484.032, 3277.632], ["window"]], [[3368.4480000000003, 1271.424, 5151.744000000001, 3723.456], ["window"]], [[5259.072, 2022.72, 7570.752, 4210.56], ["window"]], [[5143.488, 553.152, 7273.536, 2584.128], ["window"]], [[33.024, 2798.784, 3467.52, 5490.24], ["window"]]], "width": 8256, "height": 5504, "tags": []}