{"rects": [[[462.336, 1089.792, 3071.232, 3054.7200000000003], ["window"]], [[2385.984, 833.856, 5110.464, 7149.696], ["window"]], [[536.64, 2493.312, 3104.2560000000003, 6580.032], ["window"]]], "width": 5504, "height": 8256, "tags": []}