{"rects": [[[3294.1440000000002, 1073.28, 5316.8640000000005, 4904.064], ["window"]], [[5770.944, 1461.3120000000001, 7438.656, 5085.696], ["window"]]], "width": 8256, "height": 5504, "tags": []}