{"rects": [[[586.176, 1502.592, 7405.6320000000005, 5168.256], ["window"]], [[1593.4080000000001, 33.024, 6852.4800000000005, 1865.856], ["window"]]], "width": 8256, "height": 5504, "tags": []}