{"rects": [[[1494.336, 2220.864, 2658.4320000000002, 3995.904], ["window"]], [[3310.656, 1535.616, 5176.512, 3558.3360000000002], ["window"]], [[5878.272, 701.76, 7438.656, 2790.5280000000002], ["window"]], [[1791.5520000000001, 90.816, 3005.184, 1865.856], ["window"]]], "width": 8256, "height": 5504, "tags": []}