{"rects": [[[1675.968, 445.824, 5622.336, 4507.776], ["window"]], [[5820.4800000000005, 1329.2160000000001, 7413.888, 4243.584], ["window"]]], "width": 8256, "height": 5504, "tags": []}