{"rects": [[[2988.672, 1304.448, 5044.416, 4821.504], ["window"]], [[5069.184, 288.96000000000004, 7579.008, 3896.8320000000003], ["window"]], [[1370.496, 2328.192, 2963.904, 5292.0960000000005], ["window"]]], "width": 8256, "height": 5504, "tags": []}