{"rects": [[[2650.176, 1609.92, 5911.296, 3979.3920000000003], ["window"]], [[5960.832, 1989.6960000000001, 8024.832, 4491.264], ["window"]]], "width": 8256, "height": 5504, "tags": []}