{"rects": [[[3038.208, 1106.304, 5069.184, 5259.072], ["window"]], [[5407.68, 908.1600000000001, 7174.464, 5242.56], ["window"]], [[643.9680000000001, 1494.336, 3153.792, 5151.744000000001], ["window"]]], "width": 8256, "height": 5504, "tags": []}