{"rects": [[[1816.3200000000002, 1659.4560000000001, 6447.936000000001, 4871.04], ["window"]]], "width": 8256, "height": 5504, "tags": []}