{"rects": [[[1070.5142857142857, 273.1657142857143, 4171.314285714286, 3388.7314285714283], ["window"]]], "width": 5168, "height": 3448, "tags": []}