{"rects": [[[550.0133333333333, 1232.56, 4923.613333333334, 7720.066666666667], ["window"]]], "width": 5304, "height": 7952, "tags": []}