{"rects": [[[772.48, 62.48, 7088.639999999999, 4765.5199999999995], ["window"]]], "width": 7952, "height": 5304, "tags": []}