{"rects": [[[92.77333333333334, 145.78666666666666, 5148.92, 3823.586666666667], ["window"]], [[79.52000000000001, 3922.9866666666667, 5228.4400000000005, 7892.360000000001], ["window"]]], "width": 5304, "height": 7952, "tags": []}