{"rects": [[[770.8933333333333, 930.24, 3027.5866666666666, 4991.426666666666], ["window"]]], "width": 3448, "height": 5168, "tags": []}