{"rects": [[[653.1999999999999, 812.24, 4129.36, 5265.36], ["window"]], [[4203.2, 812.24, 7815.679999999999, 5254.0], ["window"]]], "width": 7952, "height": 5304, "tags": []}