{"rects": [[[353.14666666666665, 1029.2933333333333, 2773.4933333333333, 4151.626666666667], ["window"]]], "width": 3448, "height": 5168, "tags": []}