{"rects": [[[33.13333333333333, 0, 5301.333333333334, 4154.92], ["window"]], [[26.506666666666668, 4201.306666666666, 5195.306666666667, 7912.240000000001], ["window"]]], "width": 5304, "height": 7952, "tags": []}