{"rects": [[[684.76, 47.373333333333335, 3255.84, 5081.866666666667], ["window"]]], "width": 3448, "height": 5168, "tags": []}