{"rects": [[[318.08000000000004, 1656.6666666666667, 4744.693333333334, 5871.2266666666665], ["window"]]], "width": 5304, "height": 7952, "tags": []}