{"rects": [[[801.04, 775.1999999999999, 4378.034285714286, 3252.1485714285714], ["window"]]], "width": 5168, "height": 3448, "tags": []}