{"rects": [[[1088.9714285714285, 73.82857142857142, 4204.5371428571425, 3418.2628571428572], ["window"]]], "width": 5168, "height": 3448, "tags": []}