{"rects": [[[180.88, 1490.1066666666666, 3006.0533333333333, 4569.373333333333], ["window"]]], "width": 3448, "height": 5168, "tags": []}