{"rects": [[[99.66857142857143, 247.32571428571427, 4872.685714285714, 3414.5714285714284], ["window"]]], "width": 5168, "height": 3448, "tags": []}