{"rects": [[[232.56, 279.93333333333334, 3402.2666666666664, 4944.053333333333], ["window"]]], "width": 3448, "height": 5168, "tags": []}