{"rects": [[[129.2, 202.41333333333333, 3303.213333333333, 3540.08], ["window"]]], "width": 3448, "height": 5168, "tags": []}