{"rects": [[[340.2266666666667, 1016.3733333333333, 2980.213333333333, 4547.84], ["window"]]], "width": 3448, "height": 5168, "tags": []}