{"rects": [[[221.48571428571427, 738.2857142857142, 4846.845714285714, 3329.6685714285713], ["window"]]], "width": 5168, "height": 3448, "tags": []}