{"rects": [[[21.53333333333333, 383.29333333333335, 3389.346666666667, 4466.013333333333], ["window"]]], "width": 3448, "height": 5168, "tags": []}