{"rects": [[[490.96, 457.7371428571428, 4821.005714285714, 3351.8171428571427], ["window"]]], "width": 5168, "height": 3448, "tags": []}