{"rects": [[[516.8, 660.7657142857142, 5138.4685714285715, 3373.965714285714], ["window"]]], "width": 5168, "height": 3448, "tags": []}