{"rects": [[[854.84, 1285.5733333333335, 5102.533333333334, 7209.8133333333335], ["door"]]], "width": 5304, "height": 7952, "tags": []}