{"rects": [[[310.08, 59.06285714285714, 5064.639999999999, 3392.422857142857], ["window"]]], "width": 5168, "height": 3448, "tags": []}