{"rects": [[[520.4914285714285, 147.65714285714284, 4651.2, 3448], ["window"]]], "width": 5168, "height": 3448, "tags": []}