{"rects": [[[211.02666666666667, 1205.8666666666666, 2962.9866666666667, 4892.373333333333], ["window"]]], "width": 3448, "height": 5168, "tags": []}