{"rects": [[[387.6, 1093.8933333333334, 2747.653333333333, 4629.666666666667], ["window"]]], "width": 3448, "height": 5168, "tags": []}