{"rects": [[[397.6, 1033.76, 4824.213333333333, 7580.906666666667], ["window"]]], "width": 5304, "height": 7952, "tags": []}