{"rects": [[[90.44, 159.34666666666666, 3428.1066666666666, 2687.36], ["window"]], [[107.66666666666667, 2734.733333333333, 3402.2666666666664, 4995.733333333334], ["window"]]], "width": 3448, "height": 5168, "tags": []}