{"rects": [[[710.6, 1391.0533333333333, 3182.6266666666666, 4629.666666666667], ["window"]]], "width": 3448, "height": 5168, "tags": []}