{"rects": [[[155.04, 568.48, 2717.5066666666667, 4371.266666666666], ["window"]]], "width": 3448, "height": 5168, "tags": []}