{"rects": [[[79.52000000000001, 212.05333333333334, 4042.266666666667, 7792.96], ["window"]]], "width": 5304, "height": 7952, "tags": []}