{"rects": [[[254.70857142857142, 47.988571428571426, 4987.12, 3425.6457142857143], ["window"]]], "width": 5168, "height": 3448, "tags": []}