{"rects": [[[654.6133333333333, 900.0933333333334, 3006.0533333333333, 4259.293333333333], ["window"]]], "width": 3448, "height": 5168, "tags": []}