{"rects": [[[206.72, 633.08, 3079.2666666666664, 5107.706666666667], ["window"]]], "width": 3448, "height": 5168, "tags": []}