{"rects": [[[1088.9714285714285, 402.36571428571426, 3820.6285714285714, 3429.3371428571427], ["window", "shop"]]], "width": 5168, "height": 3448, "tags": []}