{"rects": [[[579.5542857142857, 25.84, 4603.211428571429, 3259.5314285714285], ["window"]]], "width": 5168, "height": 3448, "tags": []}