{"rects": [[[4.306666666666667, 378.9866666666667, 3448, 2584.0], ["window"]], [[0, 2631.3733333333334, 3432.4133333333334, 5120.626666666667], ["window"]]], "width": 3448, "height": 5168, "tags": []}