{"rects": [[[1384.2857142857142, 273.1657142857143, 4854.228571428571, 3448], ["window"]]], "width": 5168, "height": 3448, "tags": []}