{"rects": [[[106.02666666666667, 550.0133333333333, 5056.1466666666665, 7819.466666666667], ["window"]]], "width": 5304, "height": 7952, "tags": []}