{"rects": [[[1206.0533333333333, 1471.1200000000001, 4453.12, 7945.373333333334], ["window"]]], "width": 5304, "height": 7952, "tags": []}