{"rects": [[[775.2, 422.05333333333334, 3268.7599999999998, 4875.1466666666665], ["window"]]], "width": 3448, "height": 5168, "tags": []}