{"rects": [[[797.3485714285714, 184.57142857142856, 4333.737142857142, 3296.445714285714], ["window"]]], "width": 5168, "height": 3448, "tags": []}