{"rects": [[[353.14666666666665, 701.9866666666667, 3212.7733333333335, 4293.746666666667], ["window"]]], "width": 3448, "height": 5168, "tags": []}