{"rects": [[[0, 0, 3448, 5168], ["facade"]], [[1197.2533333333333, 1933.6933333333334, 3307.52, 4487.546666666667], ["window"]]], "width": 3448, "height": 5168, "tags": []}