{"rects": [[[47.373333333333335, 1167.1066666666666, 3415.1866666666665, 4263.6], ["window"]]], "width": 3448, "height": 5168, "tags": []}