{"rects": [[[819.4971428571429, 653.3828571428571, 4769.325714285714, 3325.9771428571426], ["window"]]], "width": 5168, "height": 3448, "tags": []}