{"rects": [[[671.84, 443.58666666666664, 3014.6666666666665, 5155.08], ["window"]]], "width": 3448, "height": 5168, "tags": []}