{"rects": [[[318.6933333333333, 590.0133333333333, 3178.32, 4534.92], ["window"]]], "width": 3448, "height": 5168, "tags": []}