{"rects": [[[8.613333333333333, 34.45333333333333, 3441.0266666666666, 4233.453333333333], ["window"]]], "width": 3448, "height": 5168, "tags": []}