{"rects": [[[396.2133333333333, 55.986666666666665, 3268.7599999999998, 5163.693333333334], ["window"]]], "width": 3448, "height": 5168, "tags": []}