{"rects": [[[132.53333333333333, 1550.64, 5175.426666666667, 6600.16], ["window"]]], "width": 5304, "height": 7952, "tags": []}