{"rects": [[[129.2, 1468.5733333333333, 3186.9333333333334, 4707.1866666666665], ["window"]]], "width": 3448, "height": 5168, "tags": []}