{"rects": [[[985.6114285714285, 1066.8228571428572, 4536.765714285714, 3421.9542857142856], ["window"]]], "width": 5168, "height": 3448, "tags": []}