{"rects": [[[1647.1999999999998, 170.39999999999998, 5975.36, 5123.36], ["window"]]], "width": 7952, "height": 5304, "tags": []}