{"rects": [[[146.42666666666668, 499.5733333333333, 3359.2, 5120.626666666667], ["window"]]], "width": 3448, "height": 5168, "tags": []}