{"rects": [[[447.8933333333333, 198.10666666666665, 3036.2, 3643.44], ["window"]]], "width": 3448, "height": 5168, "tags": []}