{"rects": [[[147.65714285714284, 804.7314285714285, 4880.068571428571, 3381.348571428571], ["window"]]], "width": 5168, "height": 3448, "tags": []}