{"rects": [[[1573.36, 1067.84, 6645.599999999999, 5191.5199999999995], ["window"]]], "width": 7952, "height": 5304, "tags": []}