{"rects": [[[637.3866666666667, 146.42666666666668, 3333.36, 5150.7733333333335], ["window"]]], "width": 3448, "height": 5168, "tags": []}