{"rects": [[[47.373333333333335, 383.29333333333335, 2519.4, 4246.373333333333], ["window"]]], "width": 3448, "height": 5168, "tags": []}