{"rects": [[[0, 0, 3448, 5168], ["facade"]], [[1012.0666666666666, 490.96, 3402.2666666666664, 3531.4666666666667], ["window"]]], "width": 3448, "height": 5168, "tags": []}