{"rects": [[[150.73333333333332, 8.613333333333333, 3406.5733333333333, 1989.68], ["window"]]], "width": 3448, "height": 5168, "tags": []}