{"rects": [[[642.3085714285714, 118.12571428571428, 4547.84, 3433.0285714285715], ["shop", "window"]]], "width": 5168, "height": 3448, "tags": []}