{"rects": [[[378.9866666666667, 473.73333333333335, 3087.88, 4336.8133333333335], ["window"]]], "width": 3448, "height": 5168, "tags": []}