{"rects": [[[0, 0, 3448, 5168], ["facade"]], [[310.08, 809.6533333333333, 3432.4133333333334, 3897.5333333333333], ["window"]]], "width": 3448, "height": 5168, "tags": []}