{"rects": [[[465.12, 279.93333333333334, 3148.173333333333, 5064.64], ["window"]]], "width": 3448, "height": 5168, "tags": []}