{"rects": [[[1007.76, 650.3066666666666, 2932.84, 5163.693333333334], ["window"]]], "width": 3448, "height": 5168, "tags": []}