{"rects": [[[30.14666666666667, 628.7733333333333, 3212.7733333333335, 3811.4], ["window"]]], "width": 3448, "height": 5168, "tags": []}