{"rects": [[[239.94285714285712, 1026.2171428571428, 2694.7428571428572, 3156.1714285714284], ["window"]], [[2705.8171428571427, 1037.2914285714285, 5012.96, 3152.48], ["window"]]], "width": 5168, "height": 3448, "tags": []}