{"rects": [[[447.8933333333333, 111.97333333333333, 3251.5333333333333, 5163.693333333334], ["window"]]], "width": 3448, "height": 5168, "tags": []}