{"rects": [[[383.29333333333335, 697.68, 2941.4533333333334, 3936.2933333333335], ["window"]]], "width": 3448, "height": 5168, "tags": []}