{"rects": [[[921.6266666666667, 788.12, 2747.653333333333, 4052.5733333333333], ["window"]]], "width": 3448, "height": 5168, "tags": []}