{"rects": [[[159.04000000000002, 318.08000000000004, 4658.546666666667, 7945.373333333334], ["window"]]], "width": 5304, "height": 7952, "tags": []}