{"rects": [[[38.76, 503.88, 3376.4266666666667, 5163.693333333334], ["window"]]], "width": 3448, "height": 5168, "tags": []}