{"rects": [[[1669.9199999999998, 272.64, 6463.839999999999, 5304], ["window", "shop"]]], "width": 7952, "height": 5304, "tags": []}