{"rects": [[[30.14666666666667, 719.2133333333334, 3230.0, 4155.933333333333], ["window"]]], "width": 3448, "height": 5168, "tags": []}