{"rects": [[[550.0133333333333, 463.8666666666667, 4943.493333333334, 7547.7733333333335], ["window"]]], "width": 5304, "height": 7952, "tags": []}