{"rects": [[[960.8666666666667, 26.506666666666668, 4685.053333333333, 7945.373333333334], ["window", "shop"]]], "width": 5304, "height": 7952, "tags": []}