{"rects": [[[605.3942857142857, 775.1999999999999, 4274.674285714285, 3418.2628571428572], ["window"]]], "width": 5168, "height": 3448, "tags": []}