{"rects": [[[693.3733333333333, 245.48, 3036.2, 5081.866666666667], ["window"]]], "width": 3448, "height": 5168, "tags": []}