{"rects": [[[1225.9333333333334, 768.6933333333334, 5162.173333333333, 7739.946666666667], ["window"]]], "width": 5304, "height": 7952, "tags": []}