{"rects": [[[323.0, 1231.7066666666667, 3109.4133333333334, 4229.1466666666665], ["window"]]], "width": 3448, "height": 5168, "tags": []}