{"rects": [[[0, 0, 5304, 7952], ["facade"]], [[1338.5866666666668, 225.30666666666667, 5228.4400000000005, 7746.573333333334], ["window", "shop"]]], "width": 5304, "height": 7952, "tags": []}