{"rects": [[[357.4533333333333, 2687.36, 3432.4133333333334, 5146.466666666666], ["window"]], [[30.14666666666667, 297.16, 3152.48, 2648.6], ["window"]]], "width": 3448, "height": 5168, "tags": []}