{"rects": [[[766.5866666666667, 1210.1733333333334, 2984.52, 4332.506666666666], ["window"]]], "width": 3448, "height": 5168, "tags": []}