{"rects": [[[327.3066666666667, 809.6533333333333, 3303.213333333333, 4900.986666666667], ["window"]]], "width": 3448, "height": 5168, "tags": []}