{"rects": [[[3119.2571428571428, 919.1657142857142, 4961.28, 3137.714285714286], ["window"]]], "width": 5168, "height": 3448, "tags": []}