{"rects": [[[904.4, 1188.64, 3169.7066666666665, 4112.866666666667], ["window"]]], "width": 3448, "height": 5168, "tags": []}