{"rects": [[[0, 0, 3448, 5168], ["facade"]], [[129.2, 1055.1333333333334, 3001.7466666666664, 3669.28], ["window"]]], "width": 3448, "height": 5168, "tags": []}