{"rects": [[[311.4533333333333, 841.5866666666667, 5042.893333333333, 7726.693333333334], ["window"]]], "width": 5304, "height": 7952, "tags": []}