{"rects": [[[278.32, 1093.4, 4605.533333333334, 7600.786666666667], ["window"]]], "width": 5304, "height": 7952, "tags": []}