{"rects": [[[146.42666666666668, 482.3466666666667, 3178.32, 2726.12], ["window"]], [[155.04, 2760.5733333333333, 3242.92, 5116.32], ["window"]]], "width": 3448, "height": 5168, "tags": []}