{"rects": [[[265.06666666666666, 510.25333333333333, 5129.04, 7898.986666666667], ["window"]]], "width": 5304, "height": 7952, "tags": []}