{"rects": [[[53.013333333333335, 26.506666666666668, 4658.546666666667, 2518.133333333333], ["window"]]], "width": 5304, "height": 7952, "tags": []}