{"rects": [[[22.72, 619.12, 4021.4399999999996, 5123.36], ["window"]], [[4174.8, 755.4399999999999, 7917.919999999999, 5100.639999999999], ["window"]]], "width": 7952, "height": 5304, "tags": []}