{"rects": [[[0, 0, 3448, 5168], ["facade"]], [[189.49333333333334, 267.0133333333333, 3212.7733333333335, 3204.16], ["window"]]], "width": 3448, "height": 5168, "tags": []}