{"rects": [[[1874.3999999999999, 1249.6, 7571.44, 5083.599999999999], ["window"]]], "width": 7952, "height": 5304, "tags": []}