{"rects": [[[59.64, 550.0133333333333, 4983.253333333333, 7932.12], ["door"]]], "width": 5304, "height": 7952, "tags": []}