{"rects": [[[314.38666666666666, 107.66666666666667, 3410.88, 4965.586666666667], ["window"]]], "width": 3448, "height": 5168, "tags": []}