{"rects": [[[646.0, 124.89333333333333, 3049.12, 5150.7733333333335], ["window"]]], "width": 3448, "height": 5168, "tags": []}