{"rects": [[[867.4857142857143, 18.457142857142856, 4197.154285714286, 3289.062857142857], ["window"]]], "width": 5168, "height": 3448, "tags": []}