{"rects": [[[422.05333333333334, 133.50666666666666, 2876.8533333333335, 4612.44], ["window"]]], "width": 3448, "height": 5168, "tags": []}