{"rects": [[[1601.76, 886.0799999999999, 6514.96, 5276.719999999999], ["window", "shop"]]], "width": 7952, "height": 5304, "tags": []}