{"rects": [[[189.49333333333334, 525.4133333333333, 3217.08, 4681.346666666666], ["window"]]], "width": 3448, "height": 5168, "tags": []}