{"rects": [[[602.9333333333333, 60.29333333333334, 3337.6666666666665, 5043.106666666667], ["window"]]], "width": 3448, "height": 5168, "tags": []}