{"rects": [[[215.33333333333334, 1369.52, 3419.4933333333333, 4418.64], ["window", "shop"]]], "width": 3448, "height": 5168, "tags": []}