{"rects": [[[1229.2457142857143, 29.53142857142857, 4466.628571428571, 3266.9142857142856], ["window"]]], "width": 5168, "height": 3448, "tags": []}