{"rects": [[[927.7333333333333, 26.506666666666668, 5304, 2902.48], ["window"]]], "width": 5304, "height": 7952, "tags": []}