{"rects": [[[1047.0133333333333, 1921.7333333333333, 4797.706666666667, 6832.093333333333], ["window"]]], "width": 5304, "height": 7952, "tags": []}