{"rects": [[[1269.8514285714284, 95.97714285714285, 4270.982857142857, 3433.0285714285715], ["window"]]], "width": 5168, "height": 3448, "tags": []}