{"rects": [[[555.56, 81.82666666666667, 3419.4933333333333, 4758.866666666667], ["window"]]], "width": 3448, "height": 5168, "tags": []}