{"rects": [[[551.2533333333333, 443.58666666666664, 3169.7066666666665, 4310.973333333333], ["window"]]], "width": 3448, "height": 5168, "tags": []}