{"rects": [[[706.2933333333333, 1111.12, 3036.2, 4913.906666666667], ["window", "shop"]]], "width": 3448, "height": 5168, "tags": []}