{"rects": [[[497.0, 530.1333333333333, 4744.693333333334, 7680.306666666667], ["window"]]], "width": 5304, "height": 7952, "tags": []}