{"rects": [[[124.89333333333333, 1050.8266666666666, 3217.08, 4078.4133333333334], ["window"]]], "width": 3448, "height": 5168, "tags": []}