{"rects": [[[536.76, 1365.0933333333335, 4936.866666666667, 7170.053333333333], ["window"]]], "width": 5304, "height": 7952, "tags": []}