{"rects": [[[568.48, 55.37142857142857, 5145.851428571428, 2329.2914285714287], ["window"]]], "width": 5168, "height": 3448, "tags": []}