{"rects": [[[1218.1714285714286, 638.6171428571429, 3529.005714285714, 3444.102857142857], ["window"]]], "width": 5168, "height": 3448, "tags": []}