{"rects": [[[0, 0, 3448, 5168], ["facade"]], [[809.6533333333333, 3010.36, 2915.6133333333332, 5129.24], ["window"]]], "width": 3448, "height": 5168, "tags": []}