{"rects": [[[133.50666666666666, 813.96, 3402.2666666666664, 4466.013333333333], ["window"]]], "width": 3448, "height": 5168, "tags": []}