{"rects": [[[280.5485714285714, 789.9657142857143, 5064.639999999999, 2930.9942857142855], ["window"]]], "width": 5168, "height": 3448, "tags": []}