{"rects": [[[821.7066666666667, 1630.16, 5268.2, 6288.706666666667], ["window"]]], "width": 5304, "height": 7952, "tags": []}