{"rects": [[[682.5466666666667, 490.37333333333333, 4976.626666666667, 7315.84], ["window"]]], "width": 5304, "height": 7952, "tags": []}