{"rects": [[[0, 0, 3448, 5168], ["facade"]], [[844.1066666666667, 745.0533333333333, 2803.64, 3535.7733333333335], ["window"]]], "width": 3448, "height": 5168, "tags": []}