{"rects": [[[267.0133333333333, 0, 3380.733333333333, 5043.106666666667], ["window"]]], "width": 3448, "height": 5168, "tags": []}