{"rects": [[[340.2266666666667, 852.72, 3182.6266666666666, 5133.546666666667], ["window"]]], "width": 3448, "height": 5168, "tags": []}