{"rects": [[[1331.96, 1769.3200000000002, 4605.533333333334, 7455.0], ["window"]]], "width": 5304, "height": 7952, "tags": []}