{"rects": [[[460.81333333333333, 30.14666666666667, 3311.826666666667, 4922.5199999999995], ["window"]]], "width": 3448, "height": 5168, "tags": []}