{"rects": [[[559.8666666666667, 460.81333333333333, 2885.4666666666667, 4888.066666666667], ["window"]]], "width": 3448, "height": 5168, "tags": []}