{"rects": [[[861.4666666666667, 1822.3333333333335, 4916.986666666667, 7170.053333333333], ["window"]]], "width": 5304, "height": 7952, "tags": []}