{"rects": [[[426.36, 344.5333333333333, 3165.4, 4969.893333333333], ["window"]]], "width": 3448, "height": 5168, "tags": []}