{"rects": [[[329.44, 1039.44, 7758.879999999999, 4549.679999999999], ["window"]]], "width": 7952, "height": 5304, "tags": []}