{"rects": [[[202.41333333333333, 150.73333333333332, 3445.3333333333335, 5150.7733333333335], ["window"]]], "width": 3448, "height": 5168, "tags": []}