{"rects": [[[637.3866666666667, 1274.7733333333333, 3354.8933333333334, 4961.28], ["window"]]], "width": 3448, "height": 5168, "tags": []}