{"rects": [[[206.72, 1610.6933333333334, 2627.0666666666666, 3725.2666666666664], ["window"]]], "width": 3448, "height": 5168, "tags": []}