{"rects": [[[852.72, 1141.2666666666667, 2385.8933333333334, 3690.8133333333335], ["window"]]], "width": 3448, "height": 5168, "tags": []}