{"rects": [[[512.4933333333333, 701.9866666666667, 3143.866666666667, 4560.76], ["window"]]], "width": 3448, "height": 5168, "tags": []}