{"rects": [[[893.3257142857143, 11.074285714285715, 4259.908571428571, 3373.965714285714], ["window"]]], "width": 5168, "height": 3448, "tags": []}