{"rects": [[[318.6933333333333, 353.14666666666665, 3113.72, 5099.093333333333], ["window"]]], "width": 3448, "height": 5168, "tags": []}