{"rects": [[[99.05333333333333, 1003.4533333333334, 2713.2, 3557.306666666667], ["window"]]], "width": 3448, "height": 5168, "tags": []}