{"rects": [[[0, 0, 3448, 5168], ["facade"]], [[378.9866666666667, 594.32, 2855.32, 3453.9466666666667], ["window"]]], "width": 3448, "height": 5168, "tags": []}