{"rects": [[[1280.9257142857143, 73.82857142857142, 4200.845714285714, 3444.102857142857], ["window"]]], "width": 5168, "height": 3448, "tags": []}