{"rects": [[[198.8, 0, 4877.2266666666665, 7845.973333333333], ["door"]]], "width": 5304, "height": 7952, "tags": []}