{"rects": [[[0, 0, 3448, 5168], ["facade"]], [[590.0133333333333, 925.9333333333333, 3178.32, 3931.9866666666667], ["window"]]], "width": 3448, "height": 5168, "tags": []}