{"rects": [[[152.41333333333333, 245.18666666666667, 5301.333333333334, 4386.8533333333335], ["window"]], [[99.4, 4526.013333333333, 5294.706666666667, 7826.093333333333], ["window"]]], "width": 5304, "height": 7952, "tags": []}