{"rects": [[[21.53333333333333, 25.84, 3406.5733333333333, 2665.826666666667], ["window"]], [[25.84, 2683.0533333333333, 3410.88, 5142.16], ["window"]]], "width": 3448, "height": 5168, "tags": []}