{"rects": [[[702.4266666666667, 2100.653333333333, 5029.64, 7415.240000000001], ["window"]]], "width": 5304, "height": 7952, "tags": []}