{"rects": [[[301.46666666666664, 869.9466666666667, 2907.0, 3811.4], ["window"]]], "width": 3448, "height": 5168, "tags": []}