{"rects": [[[472.5028571428571, 498.3428571428571, 4643.817142857142, 3385.04], ["window"]]], "width": 5168, "height": 3448, "tags": []}