{"rects": [[[30.14666666666667, 1309.2266666666667, 3410.88, 5034.493333333333], ["window"]]], "width": 3448, "height": 5168, "tags": []}