{"rects": [[[1686.9599999999998, 738.4, 6889.839999999999, 4867.759999999999], ["window"]]], "width": 7952, "height": 5304, "tags": []}