{"rects": [[[564.1733333333333, 314.38666666666666, 3268.7599999999998, 4845.0], ["window"]]], "width": 3448, "height": 5168, "tags": []}