{"rects": [[[490.37333333333333, 994.0, 4956.746666666667, 7209.8133333333335], ["window"]]], "width": 5304, "height": 7952, "tags": []}