{"rects": [[[0, 767.8171428571428, 2133.6457142857143, 3448], ["window"]], [[2144.72, 730.9028571428571, 4780.4, 3447.7942857142857], ["window"]]], "width": 5168, "height": 3448, "tags": []}