{"rects": [[[0, 0, 3448, 5168], ["facade"]], [[426.36, 99.05333333333333, 3281.68, 4810.546666666667], ["window"]]], "width": 3448, "height": 5168, "tags": []}