{"rects": [[[47.988571428571426, 77.52, 5116.32, 3377.657142857143], ["window"]]], "width": 5168, "height": 3448, "tags": []}