{"rects": [[[353.14666666666665, 637.3866666666667, 3281.68, 4905.293333333333], ["window"]]], "width": 3448, "height": 5168, "tags": []}