{"rects": [[[1136.96, 719.8285714285714, 3813.2457142857143, 3373.965714285714], ["window"]]], "width": 5168, "height": 3448, "tags": []}