{"rects": [[[0, 0, 3448, 5168], ["facade"]], [[964.6933333333334, 167.96, 3122.3333333333335, 3130.9466666666667], ["window"]]], "width": 3448, "height": 5168, "tags": []}