{"rects": [[[107.05142857142857, 125.50857142857143, 4488.777142857142, 3344.4342857142856], ["window"]]], "width": 5168, "height": 3448, "tags": []}