{"rects": [[[353.14666666666665, 943.16, 3234.306666666667, 4190.386666666666], ["window"]]], "width": 3448, "height": 5168, "tags": []}