{"rects": [[[0, 0, 3448, 5168], ["facade"]], [[391.90666666666664, 1563.32, 3169.7066666666665, 5000.04], ["window"]]], "width": 3448, "height": 5168, "tags": []}