{"rects": [[[4.306666666666667, 8.613333333333333, 1787.2666666666667, 2037.0533333333333], ["window"]], [[4.306666666666667, 2045.6666666666667, 3441.0266666666666, 3600.3733333333334], ["window"]]], "width": 3448, "height": 5168, "tags": []}