{"rects": [[[17.226666666666667, 12.92, 3448, 2183.48], ["window"]], [[8.613333333333333, 2192.0933333333332, 3436.72, 5129.24], ["window"]]], "width": 3448, "height": 5168, "tags": []}