{"rects": [[[0, 0, 3448, 5168], ["facade"]], [[633.08, 577.0933333333334, 2833.786666666667, 4418.64], ["window"]]], "width": 3448, "height": 5168, "tags": []}