{"rects": [[[25.84, 869.9466666666667, 3385.04, 3130.9466666666667], ["window"]]], "width": 3448, "height": 5168, "tags": []}