{"rects": [[[163.65333333333334, 353.14666666666665, 3359.2, 5133.546666666667], ["window"]]], "width": 3448, "height": 5168, "tags": []}