{"rects": [[[7.382857142857143, 55.37142857142857, 2163.177142857143, 3226.308571428571], ["window"]], [[2177.942857142857, 505.7257142857143, 4699.188571428571, 3259.5314285714285], ["window"]]], "width": 5168, "height": 3448, "tags": []}