{"rects": [[[844.1066666666667, 969.0, 3341.9733333333334, 4616.746666666667], ["window"]]], "width": 3448, "height": 5168, "tags": []}