{"rects": [[[172.26666666666665, 607.24, 2950.0666666666666, 4982.8133333333335], ["window"]]], "width": 3448, "height": 5168, "tags": []}