{"rects": [[[90.44, 805.3466666666667, 3204.16, 4035.346666666667], ["window"]]], "width": 3448, "height": 5168, "tags": []}