{"rects": [[[0, 0, 3448, 5168], ["facade"]], [[159.34666666666666, 167.96, 3087.88, 3092.1866666666665], ["window"]]], "width": 3448, "height": 5168, "tags": []}