{"rects": [[[258.44, 550.0133333333333, 4963.373333333334, 7004.386666666667], ["window"]]], "width": 5304, "height": 7952, "tags": []}