{"rects": [[[788.12, 706.2933333333333, 3109.4133333333334, 5056.026666666667], ["window"]]], "width": 3448, "height": 5168, "tags": []}