{"rects": [[[34.45333333333333, 43.06666666666666, 3415.1866666666665, 1739.8933333333334], ["window"]], [[47.373333333333335, 1770.04, 3415.1866666666665, 3453.9466666666667], ["window"]], [[51.68, 3458.253333333333, 3428.1066666666666, 5159.386666666666], ["window"]]], "width": 3448, "height": 5168, "tags": []}