{"rects": [[[1298.8266666666668, 1119.9066666666668, 5062.7733333333335, 7753.200000000001], ["window"]]], "width": 5304, "height": 7952, "tags": []}