{"rects": [[[409.1333333333333, 30.14666666666667, 3346.28, 5133.546666666667], ["window"]]], "width": 3448, "height": 5168, "tags": []}