{"rects": [[[439.28, 594.32, 2915.6133333333332, 4349.733333333334], ["window"]]], "width": 3448, "height": 5168, "tags": []}