{"rects": [[[563.2666666666667, 1828.96, 4983.253333333333, 7064.026666666667], ["window"]]], "width": 5304, "height": 7952, "tags": []}