{"rects": [[[734.5942857142857, 343.30285714285714, 3543.7714285714283, 3407.1885714285713], ["window"]], [[3565.92, 354.37714285714287, 5142.16, 3429.3371428571427], ["window"]]], "width": 5168, "height": 3448, "tags": []}