{"rects": [[[0, 0, 3448, 5168], ["facade"]], [[443.58666666666664, 1817.4133333333334, 3169.7066666666665, 5043.106666666667], ["window"]]], "width": 3448, "height": 5168, "tags": []}