{"rects": [[[34.45333333333333, 1313.5333333333333, 3363.5066666666667, 4332.506666666666], ["window"]]], "width": 3448, "height": 5168, "tags": []}