{"rects": [[[430.6666666666667, 857.0266666666666, 3285.9866666666667, 4138.706666666667], ["window"]]], "width": 3448, "height": 5168, "tags": []}