{"rects": [[[512.4933333333333, 21.53333333333333, 2872.5466666666666, 5124.933333333333], ["window"]]], "width": 3448, "height": 5168, "tags": []}