{"rects": [[[0, 0, 3448, 5168], ["facade"]], [[542.64, 1102.5066666666667, 3410.88, 4853.613333333334], ["window"]]], "width": 3448, "height": 5168, "tags": []}