{"rects": [[[2163.072, 1527.3600000000001, 6084.6720000000005, 4408.704], ["window"]], [[0, 908.1600000000001, 2014.464, 3574.848], ["window"]]], "width": 8256, "height": 5504, "tags": []}