{"rects": [[[2468.544, 891.648, 5341.6320000000005, 4573.8240000000005], ["window"]]], "width": 8256, "height": 5504, "tags": []}