{"rects": [[[3087.744, 1370.496, 5358.144, 4334.400000000001], ["window"]], [[5853.504, 1155.8400000000001, 8090.88, 5151.744000000001], ["window"]]], "width": 8256, "height": 5504, "tags": []}