{"rects": [[[2311.6800000000003, 1048.512, 4912.32, 4813.2480000000005], ["window"]], [[5102.2080000000005, 1775.04, 6266.304, 4871.04], ["window"]]], "width": 8256, "height": 5504, "tags": []}