{"rects": [[[2154.8160000000003, 685.248, 6291.072, 5217.792], ["window"]], [[313.728, 1543.872, 2394.2400000000002, 5349.888], ["window"]]], "width": 8256, "height": 5504, "tags": []}