{"rects": [[[8.256, 478.848, 5581.0560000000005, 5292.0960000000005], ["window"]]], "width": 8256, "height": 5504, "tags": []}