{"rects": [[[1733.76, 2295.168, 3863.808, 6373.6320000000005], ["window"]], [[1915.392, 0, 3607.8720000000003, 3120.768], ["window"]], [[3847.2960000000003, 503.616, 5504, 3665.664], ["window"]]], "width": 5504, "height": 8256, "tags": []}