{"rects": [[[3417.984, 751.296, 4871.04, 1758.528], ["window"]], [[3294.1440000000002, 2336.448, 4920.576, 3607.8720000000003], ["window"]], [[3013.44, 4243.584, 5011.392, 5504], ["window"]]], "width": 8256, "height": 5504, "tags": []}