{"rects": [[[1758.528, 2072.256, 3781.248, 6604.8], ["window"]], [[0, 2674.944, 1923.6480000000001, 6786.432], ["window"]], [[222.912, 610.944, 2088.768, 3310.656], ["window"]], [[1898.88, 0, 3756.48, 2840.0640000000003], ["window"]]], "width": 5504, "height": 8256, "tags": []}