{"rects": [[[635.712, 1081.536, 1543.872, 2410.752], ["window"]], [[5944.32, 858.624, 7190.976000000001, 2344.704], ["window"]], [[6522.24, 2873.088, 7801.92, 4648.128], ["window"]], [[3318.9120000000003, 1436.544, 4953.6, 4697.664], ["window"]]], "width": 8256, "height": 5504, "tags": []}