{"rects": [[[3013.44, 1312.704, 5473.728, 5126.976000000001], ["window"]], [[6043.392, 767.808, 7669.8240000000005, 3360.192], ["window"]]], "width": 8256, "height": 5504, "tags": []}