{"rects": [[[1882.368, 3186.8160000000003, 3442.752, 6324.0960000000005], ["window"]], [[2055.744, 0, 3351.936, 3137.28], ["window"]]], "width": 5504, "height": 8256, "tags": []}