{"rects": [[[1395.2640000000001, 643.9680000000001, 3855.552, 5151.744000000001], ["window"]], [[4573.8240000000005, 809.088, 6547.008, 4953.6], ["window"]]], "width": 8256, "height": 5504, "tags": []}