{"rects": [[[2947.3920000000003, 1411.776, 5126.976000000001, 5325.12], ["window"]]], "width": 8256, "height": 5504, "tags": []}