{"rects": [[[2641.92, 495.36, 4829.76, 4161.024], ["window"]], [[4714.176, 1387.008, 6728.64, 4631.616], ["window"]], [[6646.08, 842.1120000000001, 8148.6720000000005, 3484.032], ["window"]]], "width": 8256, "height": 5504, "tags": []}