{"rects": [[[3079.4880000000003, 1420.0320000000002, 5036.16, 4458.24], ["window"]], [[1180.608, 2163.072, 2955.648, 4689.408], ["window"]]], "width": 8256, "height": 5504, "tags": []}