{"rects": [[[2881.344, 487.10400000000004, 5333.376, 5069.184], ["window"]], [[5374.656, 833.856, 7570.752, 5126.976000000001], ["window"]]], "width": 8256, "height": 5504, "tags": []}