{"rects": [[[2311.6800000000003, 1609.92, 5779.2, 4549.0560000000005], ["window"]]], "width": 8256, "height": 5504, "tags": []}