{"rects": [[[652.224, 49.536, 5391.168000000001, 7141.4400000000005], ["window"]]], "width": 5504, "height": 8256, "tags": []}