{"rects": [[[3673.92, 1403.52, 5399.424, 4590.336], ["window"]], [[2080.512, 1733.76, 3558.3360000000002, 4516.032], ["window"]], [[800.832, 2113.536, 1997.952, 4788.4800000000005], ["window"]]], "width": 8256, "height": 5504, "tags": []}