{"rects": [[[974.2080000000001, 1940.16, 2551.1040000000003, 5011.392], ["window"]], [[2138.304, 899.904, 6084.6720000000005, 4970.112], ["window"]]], "width": 8256, "height": 5504, "tags": []}