{"rects": [[[2823.552, 1131.0720000000001, 6414.912, 5292.0960000000005], ["window"]]], "width": 8256, "height": 5504, "tags": []}