{"rects": [[[1725.5040000000001, 2600.64, 3723.456, 6208.512000000001], ["window"]]], "width": 5504, "height": 8256, "tags": []}