{"rects": [[[577.9200000000001, 1172.352, 5217.792, 4309.6320000000005], ["window"]]], "width": 8256, "height": 5504, "tags": []}