{"rects": [[[41.28, 751.296, 2121.792, 3921.6], ["window"]], [[2947.3920000000003, 1320.96, 5770.944, 4309.6320000000005], ["window"]], [[6142.464, 1857.6000000000001, 7364.352, 4359.168], ["window"]], [[6010.368, 49.536, 7190.976000000001, 1989.6960000000001], ["window"]]], "width": 8256, "height": 5504, "tags": []}