{"rects": [[[1882.368, 148.608, 6324.0960000000005, 5341.6320000000005], ["window"]]], "width": 8256, "height": 5504, "tags": []}