{"rects": [[[2972.16, 842.1120000000001, 5316.8640000000005, 5226.048], ["window"]]], "width": 8256, "height": 5504, "tags": []}