{"rects": [[[2121.792, 1114.56, 5671.872, 4499.52], ["window"]], [[5655.360000000001, 2006.208, 7347.84, 4813.2480000000005], ["window"]], [[5506.752, 0, 6926.784000000001, 1857.6000000000001], ["window"]]], "width": 8256, "height": 5504, "tags": []}