{"rects": [[[1742.016, 2650.176, 3789.504, 7001.088], ["window"]], [[4004.1600000000003, 2922.6240000000003, 5504, 6646.08], ["window"]]], "width": 5504, "height": 8256, "tags": []}