{"rects": [[[5011.392, 1279.68, 6943.296, 5052.6720000000005], ["window"]], [[3005.184, 1378.752, 5358.144, 4862.784000000001], ["window"]], [[1164.096, 1923.6480000000001, 2947.3920000000003, 4697.664], ["window"]], [[3104.2560000000003, 41.28, 6811.2, 1717.248], ["window"]], [[1428.288, 239.424, 2947.3920000000003, 2105.28], ["window"]]], "width": 8256, "height": 5504, "tags": []}