{"rects": [[[3318.9120000000003, 1461.3120000000001, 5160.0, 4829.76], ["window"]]], "width": 8256, "height": 5504, "tags": []}