{"rects": [[[3203.328, 1742.016, 5217.792, 4194.048], ["window"]], [[6216.768, 1287.9360000000001, 8049.6, 4862.784000000001], ["window"]]], "width": 8256, "height": 5504, "tags": []}