{"rects": [[[908.1600000000001, 1428.288, 4433.472, 6588.2880000000005], ["window"]]], "width": 5504, "height": 8256, "tags": []}