{"rects": [[[2955.648, 1461.3120000000001, 7042.368, 5349.888], ["window"]], [[6580.032, 462.336, 7950.528, 2947.3920000000003], ["window"]], [[4813.2480000000005, 57.792, 6604.8, 2319.936], ["window"]]], "width": 8256, "height": 5504, "tags": []}