{"rects": [[[2567.616, 1296.192, 6183.744000000001, 4169.28], ["window"]], [[974.2080000000001, 586.176, 2435.52, 2460.288], ["window"]], [[6555.264, 3500.544, 8247.744, 5504], ["window"]]], "width": 8256, "height": 5504, "tags": []}