{"rects": [[[5828.736, 173.376, 7504.704000000001, 3360.192], ["window"]], [[2790.5280000000002, 660.48, 5209.536, 3393.216], ["window"]], [[181.632, 1230.144, 2154.8160000000003, 3822.5280000000002], ["window"]]], "width": 8256, "height": 5504, "tags": []}