{"rects": [[[2262.1440000000002, 1750.272, 6175.488, 4144.512], ["window"]], [[2625.408, 388.03200000000004, 5729.664, 1964.928], ["window"]]], "width": 8256, "height": 5504, "tags": []}