{"rects": [[[2319.936, 470.592, 5903.04, 4623.360000000001], ["window"]], [[710.0160000000001, 181.632, 2377.728, 2947.3920000000003], ["window"]], [[6134.2080000000005, 429.312, 7727.616, 3393.216], ["window"]]], "width": 8256, "height": 5504, "tags": []}