{"rects": [[[842.1120000000001, 1329.2160000000001, 5407.68, 5027.904], ["window"]]], "width": 8256, "height": 5504, "tags": []}