{"rects": [[[1527.3600000000001, 660.48, 3880.32, 4838.0160000000005], ["window"]], [[1568.64, 3657.408, 3905.088, 7232.256], ["window"]]], "width": 5504, "height": 8256, "tags": []}