{"rects": [[[454.08000000000004, 1230.144, 5721.408, 4912.32], ["window"]], [[5292.0960000000005, 1700.736, 7372.608, 4004.1600000000003], ["window"]], [[875.136, 49.536, 5176.512, 1973.184], ["window"]], [[4961.856, 0, 7067.136, 1395.2640000000001], ["window"]]], "width": 8256, "height": 5504, "tags": []}