{"rects": [[[2864.832, 1155.8400000000001, 5151.744000000001, 4920.576], ["window"]], [[5052.6720000000005, 635.712, 7702.848, 4937.088], ["window"]]], "width": 8256, "height": 5504, "tags": []}