{"rects": [[[800.832, 355.00800000000004, 7405.6320000000005, 4549.0560000000005], ["window"]]], "width": 8256, "height": 5504, "tags": []}