{"rects": [[[3252.864, 1543.872, 5110.464, 4590.336], ["window"]], [[1320.96, 1651.2, 3178.56, 5044.416], ["window"]], [[5102.2080000000005, 891.648, 7091.904, 4367.424], ["window"]], [[74.304, 24.768, 3137.28, 2526.3360000000002], ["window"]], [[0, 2352.96, 1378.752, 4656.384], ["window"]]], "width": 8256, "height": 5504, "tags": []}