{"rects": [[[685.248, 1684.2240000000002, 3384.96, 4532.544], ["window"]], [[3459.264, 1667.712, 5366.400000000001, 4507.776], ["window"]]], "width": 8256, "height": 5504, "tags": []}