{"rects": [[[2394.2400000000002, 1684.2240000000002, 5638.848, 4623.360000000001], ["window"]]], "width": 8256, "height": 5504, "tags": []}