{"rects": [[[1552.1280000000002, 2509.824, 3979.3920000000003, 6646.08], ["window"]]], "width": 5504, "height": 8256, "tags": []}