{"rects": [[[2286.9120000000003, 1395.2640000000001, 7273.536, 4953.6], ["window"]]], "width": 8256, "height": 5504, "tags": []}