{"rects": [[[1808.064, 1659.4560000000001, 5168.256, 4425.216], ["window"]], [[5828.736, 685.248, 8082.624, 4012.416], ["window"]], [[0, 1989.6960000000001, 1403.52, 4722.432], ["window"]]], "width": 8256, "height": 5504, "tags": []}