{"rects": [[[2650.176, 1287.9360000000001, 5316.8640000000005, 4895.808], ["window"]]], "width": 8256, "height": 5504, "tags": []}