{"rects": [[[3178.56, 1791.5520000000001, 5515.008, 3888.576], ["window"]], [[90.816, 1898.88, 2171.328, 3954.6240000000003], ["window"]], [[520.128, 165.12, 2608.896, 1907.136], ["window"]], [[3343.6800000000003, 140.352, 5448.96, 1775.04], ["window"]], [[6076.416, 132.096, 7446.912, 1486.08], ["window"]], [[6225.024, 1849.344, 7942.272, 3706.944], ["window"]]], "width": 8256, "height": 5504, "tags": []}