{"rects": [[[2138.304, 2121.792, 6324.0960000000005, 4499.52], ["window"]], [[2278.656, 198.144, 6158.976000000001, 2064.0], ["window"]]], "width": 8256, "height": 5504, "tags": []}