{"rects": [[[0, 1353.984, 3558.3360000000002, 3739.9680000000003], ["window"]], [[4689.408, 1329.2160000000001, 8247.744, 3723.456], ["window"]]], "width": 8256, "height": 5504, "tags": []}