{"rects": [[[3351.936, 1890.624, 4829.76, 4218.816], ["window"]], [[5473.728, 1708.992, 7281.792, 4128.0], ["window"]], [[5151.744000000001, 66.048, 6571.776, 1527.3600000000001], ["window"]], [[3484.032, 99.072, 4862.784000000001, 1552.1280000000002], ["window"]], [[1337.472, 115.584, 3277.632, 1469.568], ["window"]], [[602.688, 1907.136, 2864.832, 4111.488], ["window"]]], "width": 8256, "height": 5504, "tags": []}