{"rects": [[[1552.1280000000002, 1131.0720000000001, 5226.048, 5259.072], ["window"]]], "width": 8256, "height": 5504, "tags": []}