{"rects": [[[1312.704, 2055.744, 2377.728, 4994.88], ["window"]], [[2683.2000000000003, 1205.376, 5366.400000000001, 4565.568], ["window"]]], "width": 8256, "height": 5504, "tags": []}