{"rects": [[[2608.896, 1403.52, 5696.64, 4425.216], ["window"]], [[6035.136, 1370.496, 7265.280000000001, 3401.472], ["window"]], [[1461.3120000000001, 1420.0320000000002, 2674.944, 3327.168], ["window"]], [[272.448, 2253.888, 1453.056, 4202.304], ["window"]]], "width": 8256, "height": 5504, "tags": []}