{"rects": [[[2039.232, 2559.36, 3690.4320000000002, 6753.408], ["window"]], [[140.352, 2270.4, 1931.904, 6637.8240000000005], ["window"]]], "width": 5504, "height": 8256, "tags": []}