{"rects": [[[2765.76, 586.176, 5077.4400000000005, 4425.216], ["window"]], [[454.08000000000004, 1733.76, 2600.64, 4846.272], ["window"]]], "width": 8256, "height": 5504, "tags": []}