{"rects": [[[3409.728, 1395.2640000000001, 6274.56, 4606.848], ["window"]], [[1461.3120000000001, 3137.28, 2319.936, 5003.136], ["window"]]], "width": 8256, "height": 5504, "tags": []}