{"rects": [[[2410.752, 49.536, 5135.232, 3013.44], ["window"]], [[4961.856, 1089.792, 6778.176, 3112.512], ["window"]], [[5193.024, 3153.792, 7083.648, 5374.656], ["window"]], [[932.928, 2691.456, 1981.44, 4383.936], ["window"]], [[1287.9360000000001, 338.496, 2212.608, 2064.0], ["window"]], [[2072.256, 2105.28, 5316.8640000000005, 5093.952], ["window"]]], "width": 8256, "height": 5504, "tags": []}