{"rects": [[[421.05600000000004, 1221.888, 7719.360000000001, 4804.992], ["window"]]], "width": 8256, "height": 5504, "tags": []}