{"rects": [[[2782.272, 1172.352, 5531.52, 5102.2080000000005], ["window"]], [[5911.296, 1188.864, 8173.4400000000005, 4970.112], ["window"]]], "width": 8256, "height": 5504, "tags": []}