{"rects": [[[1370.496, 1304.448, 2650.176, 4524.2880000000005], ["window"]], [[3112.512, 1065.0240000000001, 5193.024, 4648.128], ["window"]]], "width": 8256, "height": 5504, "tags": []}