{"rects": [[[3351.936, 1131.0720000000001, 6629.568, 4342.656], ["window"]], [[586.176, 1436.544, 3294.1440000000002, 4573.8240000000005], ["window"]]], "width": 8256, "height": 5504, "tags": []}