{"rects": [[[2683.2000000000003, 1015.488, 5605.8240000000005, 5193.024], ["window"]]], "width": 8256, "height": 5504, "tags": []}