{"rects": [[[2757.504, 1180.608, 5696.64, 4978.368], ["window"]], [[6192.0, 2575.8720000000003, 7719.360000000001, 5399.424], ["window"]], [[5985.6, 33.024, 7364.352, 2303.424], ["window"]], [[0, 165.12, 1395.2640000000001, 2790.5280000000002], ["window"]]], "width": 8256, "height": 5504, "tags": []}