{"rects": [[[1218.75, 767.578125, 3181.640625, 2185.546875], ["window"]], [[1236.328125, 2068.359375, 3158.203125, 3650.390625], ["window"]], [[1048.828125, 3685.546875, 3527.34375, 5742.1875], ["window"]]], "width": 4000, "height": 6000, "tags": []}