{"rects": [[[3005.859375, 310.546875, 5853.515625, 3363.28125], ["window"]]], "width": 6000, "height": 4000, "tags": []}