{"rects": [[[111.328125, 1951.171875, 1927.734375, 3322.265625], ["window"]], [[175.78125, 3369.140625, 1875.0, 4751.953125], ["window"]], [[1857.421875, 4804.6875, 3269.53125, 5912.109375], ["window"]], [[1710.9375, 275.390625, 3117.1875, 1804.6875], ["window"]]], "width": 4000, "height": 6000, "tags": []}