{"rects": [[[164.0625, 3585.9375, 2560.546875, 5964.84375], ["window"]], [[1482.421875, 2021.484375, 3878.90625, 3867.1875], ["window"]], [[46.875, 697.265625, 1705.078125, 2261.71875], ["window"]], [[1283.203125, 181.640625, 3638.671875, 2085.9375], ["window"]]], "width": 4000, "height": 6000, "tags": []}