{"rects": [[[1130.859375, 1154.296875, 3011.71875, 3832.03125], ["window"]], [[3984.375, 1394.53125, 5994.140625, 3878.90625], ["window"]]], "width": 6000, "height": 4000, "tags": []}