{"rects": [[[0, 427.734375, 3966.796875, 5619.140625], ["window"]]], "width": 4000, "height": 6000, "tags": []}