{"rects": [[[1072.265625, 2085.9375, 3814.453125, 5419.921875], ["window"]]], "width": 4000, "height": 6000, "tags": []}