{"rects": [[[814.453125, 960.9375, 3984.375, 4628.90625], ["window"]]], "width": 4000, "height": 6000, "tags": []}