{"rects": [[[2472.65625, 64.453125, 5894.53125, 3902.34375], ["window"]], [[146.484375, 76.171875, 2613.28125, 3574.21875], ["window"]]], "width": 6000, "height": 4000, "tags": []}