{"rects": [[[275.390625, 99.609375, 3363.28125, 2929.6875], ["window"]], [[2777.34375, 105.46875, 5859.375, 2935.546875], ["window"]]], "width": 6000, "height": 4000, "tags": []}