{"rects": [[[1599.609375, 580.078125, 5976.5625, 3984.375], ["window"]]], "width": 6000, "height": 4000, "tags": []}