{"rects": [[[29.296875, 808.59375, 3222.65625, 3808.59375], ["window"]], [[3011.71875, 943.359375, 5923.828125, 3849.609375], ["window"]]], "width": 6000, "height": 4000, "tags": []}