{"rects": [[[35.15625, 93.75, 3867.1875, 4347.65625], ["window"]]], "width": 4000, "height": 6000, "tags": []}