{"rects": [[[474.609375, 878.90625, 3105.46875, 3492.1875], ["window"]], [[3498.046875, 1318.359375, 5812.5, 3421.875], ["window"]]], "width": 6000, "height": 4000, "tags": []}