{"rects": [[[656.25, 146.484375, 5730.46875, 3931.640625], ["window"]]], "width": 6000, "height": 4000, "tags": []}