{"rects": [[[1013.671875, 3878.90625, 3626.953125, 5988.28125], ["window"]]], "width": 4000, "height": 6000, "tags": []}