{"rects": [[[972.65625, 1892.578125, 2478.515625, 2777.34375], ["window"]], [[1048.828125, 2841.796875, 2431.640625, 3884.765625], ["window"]], [[146.484375, 1916.015625, 949.21875, 2753.90625], ["window"]], [[234.375, 1025.390625, 919.921875, 1880.859375], ["window"]]], "width": 4000, "height": 6000, "tags": []}