{"rects": [[[1417.96875, 0, 5982.421875, 3937.5], ["window"]]], "width": 6000, "height": 4000, "tags": []}