{"rects": [[[515.625, 767.578125, 2929.6875, 3410.15625], ["window"]], [[2707.03125, 1037.109375, 5466.796875, 3539.0625], ["window"]]], "width": 6000, "height": 4000, "tags": []}