{"rects": [[[93.75, 2349.609375, 3785.15625, 5771.484375], ["window"]], [[867.1875, 240.234375, 3263.671875, 2607.421875], ["window"]]], "width": 4000, "height": 6000, "tags": []}