{"rects": [[[1857.421875, 386.71875, 5296.875, 3574.21875], ["window"]]], "width": 6000, "height": 4000, "tags": []}