{"rects": [[[193.359375, 1306.640625, 3855.46875, 4787.109375], ["window"]]], "width": 4000, "height": 6000, "tags": []}