{"rects": [[[375.0, 1160.15625, 2947.265625, 4072.265625], ["window"]]], "width": 4000, "height": 6000, "tags": []}