{"rects": [[[17.578125, 0, 3996.09375, 5466.796875], ["window"]]], "width": 4000, "height": 6000, "tags": []}