{"rects": [[[2402.34375, 41.015625, 5583.984375, 2865.234375], ["window"]]], "width": 6000, "height": 4000, "tags": []}