{"rects": [[[41.015625, 210.9375, 2953.125, 3585.9375], ["window"]], [[3023.4375, 140.625, 5982.421875, 3832.03125], ["window"]]], "width": 6000, "height": 4000, "tags": []}