{"rects": [[[2173.828125, 662.109375, 4347.65625, 3626.953125], ["window"]], [[4142.578125, 726.5625, 5964.84375, 2912.109375], ["window"]]], "width": 6000, "height": 4000, "tags": []}