{"rects": [[[64.453125, 1078.125, 3990.234375, 5882.8125], ["window"]], [[1230.46875, 17.578125, 2917.96875, 1435.546875], ["window"]]], "width": 4000, "height": 6000, "tags": []}