{"rects": [[[1505.859375, 76.171875, 5994.140625, 3427.734375], ["window"]]], "width": 6000, "height": 4000, "tags": []}