{"rects": [[[23.4375, 679.6875, 2226.5625, 3333.984375], ["window"]], [[3099.609375, 685.546875, 5900.390625, 3591.796875], ["window"]]], "width": 6000, "height": 4000, "tags": []}