{"rects": [[[621.09375, 333.984375, 4060.546875, 3363.28125], ["window"]]], "width": 6000, "height": 4000, "tags": []}