{"rects": [[[732.421875, 2408.203125, 1517.578125, 3785.15625], ["window"]], [[2789.0625, 2103.515625, 4054.6875, 3685.546875], ["window"]]], "width": 6000, "height": 4000, "tags": []}