{"rects": [[[1347.65625, 521.484375, 4951.171875, 3193.359375], ["window"]]], "width": 6000, "height": 4000, "tags": []}