{"rects": [[[105.46875, 23.4375, 3972.65625, 4505.859375], ["window"]]], "width": 4000, "height": 6000, "tags": []}