{"rects": [[[550.78125, 158.203125, 4031.25, 3843.75], ["window"]]], "width": 6000, "height": 4000, "tags": []}