{"rects": [[[228.515625, 943.359375, 3949.21875, 5929.6875], ["window"]]], "width": 4000, "height": 6000, "tags": []}