{"rects": [[[849.609375, 2179.6875, 3275.390625, 4488.28125], ["window"]]], "width": 4000, "height": 6000, "tags": []}