{"rects": [[[861.328125, 35.15625, 3597.65625, 4898.4375], ["window"]]], "width": 4000, "height": 6000, "tags": []}