{"rects": [[[1833.984375, 1447.265625, 3755.859375, 3632.8125], ["window"]], [[3767.578125, 1699.21875, 5783.203125, 3820.3125], ["window"]]], "width": 6000, "height": 4000, "tags": []}