{"rects": [[[52.734375, 416.015625, 1517.578125, 2250.0], ["window"]], [[1353.515625, 1921.875, 3205.078125, 3550.78125], ["window"]], [[3017.578125, 1617.1875, 5220.703125, 3802.734375], ["window"]]], "width": 6000, "height": 4000, "tags": []}