{"rects": [[[492.1875, 2121.09375, 3873.046875, 5460.9375], ["window"]], [[498.046875, 105.46875, 2941.40625, 2244.140625], ["window"]]], "width": 4000, "height": 6000, "tags": []}