{"rects": [[[2367.1875, 1072.265625, 4927.734375, 3498.046875], ["window"]]], "width": 6000, "height": 4000, "tags": []}