{"rects": [[[3726.5625, 169.921875, 5964.84375, 3767.578125], ["window"]], [[1716.796875, 867.1875, 4406.25, 3468.75], ["window"]]], "width": 6000, "height": 4000, "tags": []}