{"rects": [[[70.3125, 46.875, 3867.1875, 2742.1875], ["window"]], [[597.65625, 2947.265625, 3375.0, 5789.0625], ["window"]]], "width": 4000, "height": 6000, "tags": []}