{"rects": [[[193.359375, 333.984375, 3990.234375, 3902.34375], ["window"]]], "width": 6000, "height": 4000, "tags": []}