{"rects": [[[468.75, 2390.625, 3890.625, 5167.96875], ["window"]], [[2203.125, 1089.84375, 3656.25, 2578.125], ["window"]]], "width": 4000, "height": 6000, "tags": []}