{"rects": [[[585.9375, 492.1875, 3990.234375, 5830.078125], ["window"]]], "width": 4000, "height": 6000, "tags": []}