{"rects": [[[867.1875, 93.75, 3199.21875, 3714.84375], ["window"]]], "width": 4000, "height": 6000, "tags": []}