{"rects": [[[1792.96875, 3375.0, 3486.328125, 4839.84375], ["window"]], [[1154.296875, 1042.96875, 2478.515625, 2074.21875], ["window"]]], "width": 4000, "height": 6000, "tags": []}