{"rects": [[[93.75, 3457.03125, 3984.375, 5853.515625], ["window"]], [[837.890625, 1810.546875, 3509.765625, 3515.625], ["window"]], [[1968.75, 603.515625, 3533.203125, 1921.875], ["window"]], [[480.46875, 533.203125, 2150.390625, 1910.15625], ["window"]]], "width": 4000, "height": 6000, "tags": []}