{"rects": [[[123.046875, 720.703125, 3421.875, 3996.09375], ["window"]]], "width": 6000, "height": 4000, "tags": []}