{"rects": [[[2091.796875, 281.25, 5302.734375, 3521.484375], ["window"]]], "width": 6000, "height": 4000, "tags": []}