{"rects": [[[585.9375, 1541.015625, 3404.296875, 3914.0625], ["window"]], [[2812.5, 1417.96875, 5988.28125, 3832.03125], ["window"]], [[697.265625, 52.734375, 2824.21875, 1734.375], ["window"]], [[2865.234375, 99.609375, 5466.796875, 1898.4375], ["window"]]], "width": 6000, "height": 4000, "tags": []}