{"rects": [[[539.0625, 498.046875, 3386.71875, 3474.609375], ["window"]], [[2841.796875, 673.828125, 5935.546875, 3521.484375], ["window"]]], "width": 6000, "height": 4000, "tags": []}