{"rects": [[[1535.15625, 814.453125, 4488.28125, 3650.390625], ["window"]]], "width": 6000, "height": 4000, "tags": []}