{"rects": [[[755.859375, 41.015625, 5906.25, 3878.90625], ["window"]]], "width": 6000, "height": 4000, "tags": []}