{"rects": [[[281.25, 1781.25, 3474.609375, 4833.984375], ["window"]]], "width": 4000, "height": 6000, "tags": []}