{"rects": [[[919.921875, 474.609375, 3568.359375, 2332.03125], ["window"]]], "width": 4000, "height": 6000, "tags": []}