{"rects": [[[2402.34375, 375.0, 5285.15625, 3445.3125], ["window"]], [[416.015625, 609.375, 2490.234375, 2941.40625], ["window"]]], "width": 6000, "height": 4000, "tags": []}