{"rects": [[[76.171875, 761.71875, 3310.546875, 3638.671875], ["window"]]], "width": 6000, "height": 4000, "tags": []}