{"rects": [[[251.953125, 1218.75, 3960.9375, 5501.953125], ["window"]]], "width": 4000, "height": 6000, "tags": []}