{"rects": [[[2484.375, 2361.328125, 5279.296875, 3990.234375], ["window"]], [[82.03125, 1001.953125, 1476.5625, 2255.859375], ["window"]], [[1664.0625, 1025.390625, 3011.71875, 2232.421875], ["window"]], [[3146.484375, 457.03125, 5519.53125, 2291.015625], ["window"]]], "width": 6000, "height": 4000, "tags": []}