{"rects": [[[41.015625, 23.4375, 3978.515625, 4500.0], ["window"]]], "width": 4000, "height": 6000, "tags": []}