{"rects": [[[93.75, 158.203125, 3943.359375, 5191.40625], ["window"]]], "width": 4000, "height": 6000, "tags": []}