{"rects": [[[1447.265625, 451.171875, 4558.59375, 3685.546875], ["window"]]], "width": 6000, "height": 4000, "tags": []}