{"rects": [[[1136.71875, 251.953125, 3914.0625, 2607.421875], ["window"]]], "width": 6000, "height": 4000, "tags": []}