{"rects": [[[597.65625, 304.6875, 4136.71875, 3638.671875], ["window"]]], "width": 6000, "height": 4000, "tags": []}