{"rects": [[[427.734375, 275.390625, 3726.5625, 3779.296875], ["window"]], [[3199.21875, 398.4375, 5988.28125, 3755.859375], ["window"]]], "width": 6000, "height": 4000, "tags": []}