{"rects": [[[1095.703125, 17.578125, 5466.796875, 3773.4375], ["window"]]], "width": 6000, "height": 4000, "tags": []}