{"rects": [[[1839.84375, 656.25, 5484.375, 3878.90625], ["window"]]], "width": 6000, "height": 4000, "tags": []}