{"rects": [[[105.46875, 152.34375, 3427.734375, 3316.40625], ["window"]], [[3070.3125, 345.703125, 5900.390625, 3275.390625], ["window"]]], "width": 6000, "height": 4000, "tags": []}