{"rects": [[[11.71875, 527.34375, 3908.203125, 5994.140625], ["window"]]], "width": 4000, "height": 6000, "tags": []}