{"rects": [[[890.625, 1916.015625, 4916.015625, 3972.65625], ["window"]], [[41.015625, 123.046875, 2056.640625, 2208.984375], ["window"]], [[2126.953125, 58.59375, 3732.421875, 2091.796875], ["window"]]], "width": 6000, "height": 4000, "tags": []}