{"rects": [[[5.859375, 1699.21875, 2314.453125, 5121.09375], ["window"]]], "width": 4000, "height": 6000, "tags": []}