{"rects": [[[492.1875, 984.375, 2894.53125, 3480.46875], ["window"]], [[2876.953125, 761.71875, 5296.875, 3650.390625], ["window"]]], "width": 6000, "height": 4000, "tags": []}