{"rects": [[[1681.640625, 714.84375, 3966.796875, 4734.375], ["window"]]], "width": 4000, "height": 6000, "tags": []}