{"rects": [[[1781.25, 2519.53125, 4000, 4675.78125], ["window"]], [[134.765625, 1066.40625, 1892.578125, 2660.15625], ["window"]], [[210.9375, 2525.390625, 2126.953125, 4201.171875], ["window"]], [[1740.234375, 908.203125, 3544.921875, 2660.15625], ["window"]]], "width": 4000, "height": 6000, "tags": []}