{"rects": [[[3158.203125, 1066.40625, 5666.015625, 3398.4375], ["window"]]], "width": 6000, "height": 4000, "tags": []}