{"rects": [[[621.09375, 3298.828125, 2748.046875, 5220.703125], ["window"]], [[855.46875, 1921.875, 2601.5625, 3457.03125], ["window"]]], "width": 4000, "height": 6000, "tags": []}