{"rects": [[[287.109375, 216.796875, 3585.9375, 3779.296875], ["window"]]], "width": 6000, "height": 4000, "tags": []}