{"rects": [[[193.359375, 1541.015625, 2501.953125, 3808.59375], ["window"]], [[2654.296875, 1224.609375, 5707.03125, 3955.078125], ["window"]]], "width": 6000, "height": 4000, "tags": []}