{"rects": [[[111.328125, 281.25, 3949.21875, 5109.375], ["window"]]], "width": 4000, "height": 6000, "tags": []}