{"rects": [[[29.296875, 2771.484375, 1951.171875, 4464.84375], ["window"]]], "width": 4000, "height": 6000, "tags": []}