{"rects": [[[451.171875, 287.109375, 4000, 5976.5625], ["window"]]], "width": 4000, "height": 6000, "tags": []}