{"rects": [[[1001.953125, 29.296875, 3544.921875, 2115.234375], ["window"]], [[1916.015625, 2015.625, 3826.171875, 3902.34375], ["window"]], [[87.890625, 1986.328125, 2121.09375, 3902.34375], ["window"]], [[3287.109375, 117.1875, 5636.71875, 2103.515625], ["window"]]], "width": 6000, "height": 4000, "tags": []}