{"rects": [[[46.875, 105.46875, 2865.234375, 3720.703125], ["window"]], [[2267.578125, 199.21875, 5970.703125, 3685.546875], ["window"]]], "width": 6000, "height": 4000, "tags": []}