{"rects": [[[333.984375, 246.09375, 3615.234375, 4951.171875], ["window"]]], "width": 4000, "height": 6000, "tags": []}