{"rects": [[[11.71875, 527.34375, 4218.75, 3943.359375], ["window"]]], "width": 6000, "height": 4000, "tags": []}