{"rects": [[[1792.96875, 35.15625, 4160.15625, 2056.640625], ["window"]]], "width": 6000, "height": 4000, "tags": []}