{"rects": [[[123.046875, 140.625, 5894.53125, 3451.171875], ["window"]]], "width": 6000, "height": 4000, "tags": []}