{"rects": [[[662.109375, 164.0625, 5753.90625, 3855.46875], ["window"]]], "width": 6000, "height": 4000, "tags": []}