{"rects": [[[392.578125, 363.28125, 2572.265625, 2660.15625], ["window"]], [[925.78125, 2748.046875, 3919.921875, 5542.96875], ["window"]]], "width": 4000, "height": 6000, "tags": []}