{"rects": [[[29.296875, 703.125, 3597.65625, 4535.15625], ["window"]]], "width": 4000, "height": 6000, "tags": []}