{"rects": [[[2742.1875, 93.75, 5917.96875, 3861.328125], ["window"]]], "width": 6000, "height": 4000, "tags": []}