{"rects": [[[123.046875, 263.671875, 3357.421875, 3521.484375], ["window"]], [[3140.625, 175.78125, 5976.5625, 3480.46875], ["window"]]], "width": 6000, "height": 4000, "tags": []}