{"rects": [[[246.09375, 111.328125, 3925.78125, 5267.578125], ["window"]]], "width": 4000, "height": 6000, "tags": []}