{"rects": [[[82.03125, 878.90625, 3931.640625, 5003.90625], ["window"]]], "width": 4000, "height": 6000, "tags": []}