{"rects": [[[3878.90625, 1353.515625, 5894.53125, 2888.671875], ["window"]], [[1898.4375, 2085.9375, 3503.90625, 3451.171875], ["window"]], [[357.421875, 2525.390625, 1769.53125, 3662.109375], ["window"]]], "width": 6000, "height": 4000, "tags": []}