{"rects": [[[222.65625, 632.8125, 2712.890625, 3615.234375], ["window"]]], "width": 6000, "height": 4000, "tags": []}