{"rects": [[[1640.625, 667.96875, 4828.125, 3925.78125], ["window"]]], "width": 6000, "height": 4000, "tags": []}