{"rects": [[[316.40625, 41.015625, 2689.453125, 2613.28125], ["window"]], [[2226.5625, 275.390625, 5320.3125, 3486.328125], ["window"]]], "width": 6000, "height": 4000, "tags": []}