{"rects": [[[70.3125, 1376.953125, 3451.171875, 5367.1875], ["window"]]], "width": 4000, "height": 6000, "tags": []}