{"rects": [[[3076.171875, 650.390625, 4242.1875, 1751.953125], ["window"]], [[4710.9375, 515.625, 5548.828125, 1617.1875], ["window"]], [[1476.5625, 509.765625, 2197.265625, 1658.203125], ["window"]]], "width": 6000, "height": 4000, "tags": []}