{"rects": [[[1423.828125, 222.65625, 4617.1875, 3451.171875], ["window"]]], "width": 6000, "height": 4000, "tags": []}