{"rects": [[[410.15625, 3298.828125, 3369.140625, 5701.171875], ["window"]], [[826.171875, 457.03125, 3152.34375, 2994.140625], ["window"]]], "width": 4000, "height": 6000, "tags": []}