{"rects": [[[914.0625, 93.75, 4939.453125, 3826.171875], ["window"]]], "width": 6000, "height": 4000, "tags": []}