{"rects": [[[41.015625, 931.640625, 3890.625, 4341.796875], ["window"]]], "width": 4000, "height": 6000, "tags": []}