{"rects": [[[29.296875, 574.21875, 4142.578125, 3966.796875], ["window"]]], "width": 6000, "height": 4000, "tags": []}