{"rects": [[[35.15625, 1048.828125, 3978.515625, 5384.765625], ["window"]]], "width": 4000, "height": 6000, "tags": []}