{"rects": [[[2091.796875, 1148.4375, 3908.203125, 2689.453125], ["window"]], [[1857.421875, 2794.921875, 3667.96875, 4300.78125], ["window"]]], "width": 4000, "height": 6000, "tags": []}