{"rects": [[[2349.609375, 1417.96875, 4494.140625, 3597.65625], ["window"]]], "width": 6000, "height": 4000, "tags": []}