{"rects": [[[638.671875, 29.296875, 3205.078125, 5929.6875], ["window"]]], "width": 4000, "height": 6000, "tags": []}