{"rects": [[[357.421875, 1130.859375, 3468.75, 3767.578125], ["window"]]], "width": 4000, "height": 6000, "tags": []}