{"rects": [[[246.09375, 445.3125, 3650.390625, 3773.4375], ["window"]]], "width": 4000, "height": 6000, "tags": []}