{"rects": [[[439.453125, 140.625, 2953.125, 2548.828125], ["window"]], [[2431.640625, 738.28125, 4435.546875, 2548.828125], ["window"]]], "width": 6000, "height": 4000, "tags": []}