{"rects": [[[3679.6875, 1048.828125, 5865.234375, 3451.171875], ["window"]], [[486.328125, 1060.546875, 2531.25, 3357.421875], ["window"]]], "width": 6000, "height": 4000, "tags": []}