{"rects": [[[2308.59375, 1951.171875, 3960.9375, 3708.984375], ["window"]], [[5.859375, 2050.78125, 2197.265625, 3697.265625], ["window"]], [[3222.65625, 855.46875, 4945.3125, 2097.65625], ["window"]], [[152.34375, 902.34375, 2255.859375, 2220.703125], ["window"]]], "width": 6000, "height": 4000, "tags": []}