{"rects": [[[310.546875, 697.265625, 3978.515625, 5718.75], ["window"]]], "width": 4000, "height": 6000, "tags": []}