{"rects": [[[275.390625, 533.203125, 3972.65625, 4945.3125], ["window"]]], "width": 4000, "height": 6000, "tags": []}