{"rects": [[[949.21875, 996.09375, 3990.234375, 3814.453125], ["window"]], [[3802.734375, 1259.765625, 5941.40625, 3445.3125], ["window"]]], "width": 6000, "height": 4000, "tags": []}