{"rects": [[[650.390625, 474.609375, 2531.25, 3310.546875], ["window"]], [[3521.484375, 392.578125, 5812.5, 2970.703125], ["window"]]], "width": 6000, "height": 4000, "tags": []}