{"rects": [[[457.03125, 123.046875, 5648.4375, 3890.625], ["window"]]], "width": 6000, "height": 4000, "tags": []}