{"rects": [[[931.640625, 1148.4375, 3322.265625, 3603.515625], ["window"]], [[3216.796875, 1353.515625, 5929.6875, 3679.6875], ["window"]]], "width": 6000, "height": 4000, "tags": []}