{"rects": [[[1576.171875, 246.09375, 3556.640625, 2572.265625], ["window"]]], "width": 6000, "height": 4000, "tags": []}