{"rects": [[[82.03125, 697.265625, 3345.703125, 5666.015625], ["window"]]], "width": 4000, "height": 6000, "tags": []}