{"rects": [[[322.265625, 64.453125, 4781.25, 2507.8125], ["window"]]], "width": 6000, "height": 4000, "tags": []}