{"rects": [[[146.484375, 1125.0, 3960.9375, 5220.703125], ["window"]]], "width": 4000, "height": 6000, "tags": []}