{"rects": [[[468.75, 1207.03125, 3943.359375, 4833.984375], ["window"]]], "width": 4000, "height": 6000, "tags": []}