{"rects": [[[5.859375, 808.59375, 3996.09375, 5507.8125], ["window"]]], "width": 4000, "height": 6000, "tags": []}