{"rects": [[[0, 46.875, 3960.9375, 3328.125], ["window"]], [[193.359375, 2964.84375, 3638.671875, 5935.546875], ["window"]]], "width": 4000, "height": 6000, "tags": []}