{"rects": [[[2771.484375, 134.765625, 5906.25, 3708.984375], ["window"]], [[41.015625, 199.21875, 3128.90625, 3556.640625], ["window"]]], "width": 6000, "height": 4000, "tags": []}