{"rects": [[[1335.9375, 2853.515625, 2648.4375, 4693.359375], ["window"]], [[11.71875, 1078.125, 1769.53125, 2882.8125], ["window"]]], "width": 4000, "height": 6000, "tags": []}