{"rects": [[[521.484375, 2947.265625, 2824.21875, 5513.671875], ["window"]], [[720.703125, 943.359375, 3369.140625, 2906.25], ["window"]]], "width": 4000, "height": 6000, "tags": []}