{"rects": [[[146.484375, 64.453125, 3111.328125, 3714.84375], ["window"]], [[2806.640625, 134.765625, 5976.5625, 3562.5], ["window"]]], "width": 6000, "height": 4000, "tags": []}