{"rects": [[[1710.9375, 1318.359375, 3943.359375, 3509.765625], ["window"]], [[3662.109375, 1494.140625, 5595.703125, 3621.09375], ["window"]]], "width": 6000, "height": 4000, "tags": []}