{"rects": [[[117.1875, 568.359375, 3960.9375, 5419.921875], ["window"]]], "width": 4000, "height": 6000, "tags": []}