{"rects": [[[427.734375, 480.46875, 5285.15625, 3955.078125], ["window"]]], "width": 6000, "height": 4000, "tags": []}