{"rects": [[[2062.5, 152.34375, 5396.484375, 3539.0625], ["window"]]], "width": 6000, "height": 4000, "tags": []}