{"rects": [[[105.46875, 87.890625, 3849.609375, 3509.765625], ["window"]]], "width": 6000, "height": 4000, "tags": []}