{"rects": [[[533.203125, 363.28125, 4898.4375, 3990.234375], ["window"]]], "width": 6000, "height": 4000, "tags": []}