{"rects": [[[1013.671875, 146.484375, 3896.484375, 4746.09375], ["window"]]], "width": 4000, "height": 6000, "tags": []}