{"rects": [[[333.984375, 556.640625, 3474.609375, 3580.078125], ["window"]], [[3328.125, 802.734375, 5501.953125, 3562.5], ["window"]]], "width": 6000, "height": 4000, "tags": []}