{"rects": [[[556.640625, 216.796875, 5806.640625, 3978.515625], ["window"]]], "width": 6000, "height": 4000, "tags": []}