{"rects": [[[1523.4375, 1253.90625, 3767.578125, 3205.078125], ["window"]], [[3562.5, 1470.703125, 5953.125, 3521.484375], ["window"]]], "width": 6000, "height": 4000, "tags": []}