{"rects": [[[1078.125, 990.234375, 3955.078125, 3878.90625], ["window"]]], "width": 4000, "height": 6000, "tags": []}