{"rects": [[[5.859375, 1705.078125, 3562.5, 5513.671875], ["window"]]], "width": 4000, "height": 6000, "tags": []}