{"rects": [[[462.890625, 3468.75, 3310.546875, 5859.375], ["window"]], [[1183.59375, 2091.796875, 3000.0, 3609.375], ["window"]], [[1078.125, 539.0625, 2548.828125, 2056.640625], ["window"]]], "width": 4000, "height": 6000, "tags": []}