{"rects": [[[269.53125, 58.59375, 3691.40625, 3691.40625], ["window"]], [[3128.90625, 380.859375, 5876.953125, 3908.203125], ["window"]]], "width": 6000, "height": 4000, "tags": []}