{"rects": [[[152.34375, 691.40625, 2466.796875, 3099.609375], ["window"]], [[3544.921875, 609.375, 5935.546875, 2923.828125], ["window"]]], "width": 6000, "height": 4000, "tags": []}