{"rects": [[[369.140625, 656.25, 4388.671875, 3615.234375], ["window"]]], "width": 6000, "height": 4000, "tags": []}