{"rects": [[[931.640625, 2876.953125, 3123.046875, 5162.109375], ["window"]], [[591.796875, 720.703125, 2173.828125, 2765.625], ["window"]], [[2109.375, 990.234375, 3369.140625, 2730.46875], ["window"]]], "width": 4000, "height": 6000, "tags": []}