{"rects": [[[1687.5, 23.4375, 3416.015625, 1769.53125], ["window"]], [[1558.59375, 3603.515625, 3914.0625, 5970.703125], ["window"]]], "width": 4000, "height": 6000, "tags": []}