{"rects": [[[638.671875, 11.71875, 3878.90625, 5994.140625], ["window"]]], "width": 4000, "height": 6000, "tags": []}