{"rects": [[[287.109375, 503.90625, 4505.859375, 3937.5], ["window"]]], "width": 6000, "height": 4000, "tags": []}