{"rects": [[[808.59375, 1769.53125, 3099.609375, 3591.796875], ["window"]]], "width": 4000, "height": 6000, "tags": []}