{"rects": [[[152.34375, 64.453125, 4441.40625, 3849.609375], ["window"]]], "width": 6000, "height": 4000, "tags": []}