{"rects": [[[263.671875, 462.890625, 3181.640625, 5021.484375], ["window"]]], "width": 4000, "height": 6000, "tags": []}