{"rects": [[[87.890625, 64.453125, 2964.84375, 3023.4375], ["window"]], [[123.046875, 2830.078125, 3451.171875, 5947.265625], ["window"]]], "width": 4000, "height": 6000, "tags": []}