{"rects": [[[23.4375, 1412.109375, 2179.6875, 3515.625], ["window"]], [[3064.453125, 1089.84375, 5941.40625, 3814.453125], ["window"]], [[785.15625, 35.15625, 3164.0625, 1740.234375], ["window"]]], "width": 6000, "height": 4000, "tags": []}