{"rects": [[[433.59375, 2531.25, 3181.640625, 5425.78125], ["window"]], [[2666.015625, 1189.453125, 3908.203125, 2730.46875], ["window"]], [[1628.90625, 87.890625, 2742.1875, 1248.046875], ["window"]], [[457.03125, 1224.609375, 1787.109375, 2707.03125], ["window"]]], "width": 4000, "height": 6000, "tags": []}