{"rects": [[[23.4375, 1130.859375, 3615.234375, 4880.859375], ["window"]]], "width": 4000, "height": 6000, "tags": []}