{"rects": [[[187.5, 363.28125, 4816.40625, 3978.515625], ["window"]]], "width": 6000, "height": 4000, "tags": []}