{"rects": [[[468.75, 404.296875, 5513.671875, 3843.75], ["window"]]], "width": 6000, "height": 4000, "tags": []}