{"rects": [[[23.4375, 58.59375, 3960.9375, 4628.90625], ["window"]]], "width": 4000, "height": 6000, "tags": []}