{"rects": [[[41.015625, 216.796875, 3943.359375, 4429.6875], ["window"]]], "width": 4000, "height": 6000, "tags": []}