{"rects": [[[0, 369.140625, 3984.375, 4880.859375], ["window"]]], "width": 4000, "height": 6000, "tags": []}