{"rects": [[[3644.53125, 2167.96875, 5431.640625, 3955.078125], ["window"]]], "width": 6000, "height": 4000, "tags": []}