{"rects": [[[714.84375, 1476.5625, 3890.625, 4230.46875], ["window"]]], "width": 4000, "height": 6000, "tags": []}