{"rects": [[[1248.046875, 1001.953125, 4248.046875, 3351.5625], ["window"]], [[4060.546875, 761.71875, 5707.03125, 3140.625], ["window"]]], "width": 6000, "height": 4000, "tags": []}