{"rects": [[[105.46875, 2443.359375, 3351.5625, 5613.28125], ["window"]]], "width": 4000, "height": 6000, "tags": []}