{"rects": [[[216.796875, 1283.203125, 3966.796875, 5425.78125], ["window"]]], "width": 4000, "height": 6000, "tags": []}