{"rects": [[[29.296875, 11.71875, 4294.921875, 3908.203125], ["window"]]], "width": 6000, "height": 4000, "tags": []}