{"rects": [[[955.078125, 2273.4375, 3796.875, 5384.765625], ["window"]]], "width": 4000, "height": 6000, "tags": []}