{"rects": [[[46.875, 29.296875, 3861.328125, 3943.359375], ["window"]]], "width": 6000, "height": 4000, "tags": []}