{"rects": [[[603.515625, 269.53125, 2302.734375, 1804.6875], ["window"]], [[632.8125, 2121.09375, 2572.265625, 3873.046875], ["window"]], [[2648.4375, 2062.5, 5121.09375, 4000], ["window"]], [[3216.796875, 251.953125, 4681.640625, 1746.09375], ["window"]]], "width": 6000, "height": 4000, "tags": []}