{"rects": [[[128.90625, 2812.5, 3890.625, 5794.921875], ["window"]]], "width": 4000, "height": 6000, "tags": []}