{"rects": [[[17.578125, 228.515625, 3158.203125, 3533.203125], ["window"]], [[2378.90625, 287.109375, 5947.265625, 3691.40625], ["window"]]], "width": 6000, "height": 4000, "tags": []}