{"rects": [[[246.09375, 1160.15625, 3708.984375, 4775.390625], ["window"]]], "width": 4000, "height": 6000, "tags": []}