{"rects": [[[287.109375, 117.1875, 3503.90625, 3287.109375], ["window"]]], "width": 4000, "height": 6000, "tags": []}