{"rects": [[[585.9375, 1277.34375, 3503.90625, 3035.15625], ["window"]], [[392.578125, 2841.796875, 3240.234375, 4892.578125], ["window"]]], "width": 4000, "height": 6000, "tags": []}