{"rects": [[[46.875, 1412.109375, 3955.078125, 5378.90625], ["window"]]], "width": 4000, "height": 6000, "tags": []}