{"rects": [[[2144.53125, 3328.125, 4000, 5414.0625], ["window"]], [[2103.515625, 1535.15625, 3755.859375, 3005.859375], ["window"]], [[568.359375, 210.9375, 2044.921875, 1494.140625], ["window"]]], "width": 4000, "height": 6000, "tags": []}