{"rects": [[[1113.28125, 3351.5625, 3673.828125, 5701.171875], ["window"]]], "width": 4000, "height": 6000, "tags": []}