{"rects": [[[41.015625, 486.328125, 5994.140625, 3984.375], ["window"]]], "width": 6000, "height": 4000, "tags": []}