{"rects": [[[3005.859375, 1869.140625, 4394.53125, 3128.90625], ["window"]], [[2970.703125, 644.53125, 4031.25, 1998.046875], ["window"]]], "width": 6000, "height": 4000, "tags": []}