{"rects": [[[1259.765625, 70.3125, 3996.09375, 5367.1875], ["window"]]], "width": 4000, "height": 6000, "tags": []}