{"rects": [[[462.890625, 662.109375, 2736.328125, 2859.375], ["window"]], [[3615.234375, 943.359375, 5742.1875, 2929.6875], ["window"]]], "width": 6000, "height": 4000, "tags": []}