{"rects": [[[2472.65625, 1060.546875, 5818.359375, 3667.96875], ["window"]]], "width": 6000, "height": 4000, "tags": []}