{"rects": [[[175.78125, 404.296875, 5730.46875, 3832.03125], ["window"]]], "width": 6000, "height": 4000, "tags": []}