{"rects": [[[2759.765625, 1587.890625, 4494.140625, 3404.296875], ["window"]]], "width": 6000, "height": 4000, "tags": []}