{"rects": [[[1833.984375, 3134.765625, 3568.359375, 4693.359375], ["window"]], [[398.4375, 70.3125, 1775.390625, 1324.21875], ["window"]], [[1628.90625, 1494.140625, 3210.9375, 3052.734375], ["window"]]], "width": 4000, "height": 6000, "tags": []}