{"rects": [[[2806.640625, 1054.6875, 5707.03125, 3878.90625], ["window"]], [[23.4375, 498.046875, 2759.765625, 3070.3125], ["window"]]], "width": 6000, "height": 4000, "tags": []}