{"rects": [[[87.890625, 105.46875, 3914.0625, 3357.421875], ["window"]]], "width": 6000, "height": 4000, "tags": []}