{"rects": [[[580.078125, 2724.609375, 3691.40625, 5384.765625], ["window"]], [[1617.1875, 1552.734375, 3064.453125, 2478.515625], ["window"]]], "width": 4000, "height": 6000, "tags": []}