{"rects": [[[17.578125, 375.0, 3984.375, 5964.84375], ["window"]]], "width": 4000, "height": 6000, "tags": []}