{"rects": [[[820.3125, 2080.078125, 2601.5625, 3667.96875], ["window"]], [[755.859375, 3714.84375, 2501.953125, 5220.703125], ["window"]]], "width": 4000, "height": 6000, "tags": []}