{"rects": [[[726.5625, 1113.28125, 2296.875, 2847.65625], ["window"]], [[1699.21875, 750.0, 3773.4375, 2537.109375], ["window"]], [[2050.78125, 2273.4375, 3884.765625, 3878.90625], ["window"]], [[1792.96875, 3673.828125, 3902.34375, 5718.75], ["window"]]], "width": 4000, "height": 6000, "tags": []}