{"rects": [[[574.21875, 2625.0, 3111.328125, 4605.46875], ["window"]]], "width": 4000, "height": 6000, "tags": []}