{"rects": [[[140.625, 1751.953125, 2173.828125, 3585.9375], ["window"]], [[2332.03125, 1910.15625, 4160.15625, 3474.609375], ["window"]], [[3673.828125, 187.5, 5554.6875, 1921.875], ["window"]]], "width": 6000, "height": 4000, "tags": []}