{"rects": [[[17.578125, 152.34375, 3914.0625, 4330.078125], ["window"]]], "width": 4000, "height": 6000, "tags": []}