{"rects": [[[1699.21875, 111.328125, 5121.09375, 3832.03125], ["window"]]], "width": 6000, "height": 4000, "tags": []}