{"rects": [[[23.4375, 457.03125, 3966.796875, 5935.546875], ["window"]]], "width": 4000, "height": 6000, "tags": []}