{"rects": [[[1441.40625, 744.140625, 4119.140625, 3544.921875], ["window"]]], "width": 6000, "height": 4000, "tags": []}