{"rects": [[[1763.671875, 2326.171875, 3650.390625, 3357.421875], ["window"]], [[29.296875, 1447.265625, 1259.765625, 2630.859375], ["window"]]], "width": 6000, "height": 4000, "tags": []}