{"rects": [[[1511.71875, 416.015625, 5800.78125, 3492.1875], ["window"]]], "width": 6000, "height": 4000, "tags": []}