{"rects": [[[76.171875, 908.203125, 3023.4375, 3796.875], ["window"]], [[105.46875, 4218.75, 2343.75, 5964.84375], ["window"]]], "width": 4000, "height": 6000, "tags": []}