{"rects": [[[11.71875, 1031.25, 2314.453125, 4798.828125], ["window"]]], "width": 4000, "height": 6000, "tags": []}