{"rects": [[[1910.15625, 1781.25, 3697.265625, 3820.3125], ["window"]]], "width": 6000, "height": 4000, "tags": []}