{"rects": [[[87.890625, 298.828125, 4001.953125, 3873.046875], ["window"]]], "width": 6000, "height": 4000, "tags": []}