{"rects": [[[2642.578125, 2291.015625, 3861.328125, 3673.828125], ["window"]], [[1546.875, 2080.078125, 2730.46875, 3943.359375], ["window"]], [[52.734375, 2677.734375, 1406.25, 3755.859375], ["window"]]], "width": 6000, "height": 4000, "tags": []}