{"rects": [[[0, 978.515625, 2519.53125, 5736.328125], ["window"]]], "width": 4000, "height": 6000, "tags": []}