{"rects": [[[269.53125, 732.421875, 3996.09375, 4757.8125], ["window"]]], "width": 4000, "height": 6000, "tags": []}