{"rects": [[[35.15625, 2583.984375, 3603.515625, 5789.0625], ["window"]], [[310.546875, 105.46875, 2419.921875, 2654.296875], ["window"]]], "width": 4000, "height": 6000, "tags": []}