{"rects": [[[269.53125, 146.484375, 4417.96875, 3451.171875], ["window"]]], "width": 6000, "height": 4000, "tags": []}