{"rects": [[[205.078125, 1464.84375, 3474.609375, 3996.09375], ["window"]]], "width": 4000, "height": 6000, "tags": []}