{"rects": [[[621.09375, 93.75, 3708.984375, 5695.3125], ["window"]]], "width": 4000, "height": 6000, "tags": []}