{"rects": [[[17.578125, 380.859375, 5876.953125, 4000], ["window"]]], "width": 6000, "height": 4000, "tags": []}