{"rects": [[[333.984375, 468.75, 2291.015625, 2583.984375], ["window"]], [[3937.5, 451.171875, 5923.828125, 2707.03125], ["window"]]], "width": 6000, "height": 4000, "tags": []}