{"rects": [[[29.296875, 99.609375, 3855.46875, 3486.328125], ["window"]]], "width": 6000, "height": 4000, "tags": []}