{"rects": [[[23.4375, 17.578125, 4488.28125, 3837.890625], ["window"]]], "width": 6000, "height": 4000, "tags": []}