{"rects": [[[316.40625, 310.546875, 3919.921875, 5220.703125], ["window"]]], "width": 4000, "height": 6000, "tags": []}