{"rects": [[[2103.515625, 234.375, 4599.609375, 2384.765625], ["window"]], [[1283.203125, 2156.25, 3128.90625, 3955.078125], ["window"]]], "width": 6000, "height": 4000, "tags": []}