{"rects": [[[292.96875, 544.921875, 4365.234375, 3427.734375], ["window"]]], "width": 6000, "height": 4000, "tags": []}