{"rects": [[[99.609375, 837.890625, 2232.421875, 3093.75], ["window"]], [[2923.828125, 1148.4375, 5062.5, 3386.71875], ["window"]]], "width": 6000, "height": 4000, "tags": []}