{"rects": [[[152.34375, 345.703125, 5208.984375, 4000], ["window"]]], "width": 6000, "height": 4000, "tags": []}