{"rects": [[[615.234375, 826.171875, 2970.703125, 3099.609375], ["window"]], [[2794.921875, 1300.78125, 5789.0625, 3914.0625], ["window"]]], "width": 6000, "height": 4000, "tags": []}