{"rects": [[[1986.328125, 480.46875, 3070.3125, 1646.484375], ["window"]], [[2970.703125, 960.9375, 3826.171875, 1705.078125], ["window"]], [[2783.203125, 1658.203125, 3644.53125, 2642.578125], ["window"]], [[3398.4375, 1617.1875, 4429.6875, 2554.6875], ["window"]]], "width": 6000, "height": 4000, "tags": []}