{"rects": [[[58.59375, 603.515625, 1910.15625, 3181.640625], ["window"]], [[3357.421875, 708.984375, 5525.390625, 2970.703125], ["window"]]], "width": 6000, "height": 4000, "tags": []}