{"rects": [[[855.46875, 1201.171875, 5414.0625, 3685.546875], ["window"]], [[3644.53125, 0, 5373.046875, 1289.0625], ["window"]]], "width": 6000, "height": 4000, "tags": []}