{"rects": [[[1839.84375, 1406.25, 3990.234375, 4054.6875], ["window"]]], "width": 4000, "height": 6000, "tags": []}