{"rects": [[[2689.453125, 3890.625, 3873.046875, 5408.203125], ["window"]], [[1957.03125, 2994.140625, 2789.0625, 3767.578125], ["window"]], [[2718.75, 2865.234375, 3697.265625, 3750.0], ["window"]], [[1406.25, 4119.140625, 2138.671875, 5255.859375], ["window"]]], "width": 4000, "height": 6000, "tags": []}