{"rects": [[[222.65625, 609.375, 3949.21875, 5367.1875], ["window"]]], "width": 4000, "height": 6000, "tags": []}