{"rects": [[[433.59375, 814.453125, 5226.5625, 3984.375], ["window"]]], "width": 6000, "height": 4000, "tags": []}