{"rects": [[[2789.0625, 1335.9375, 3662.109375, 2203.125], ["window"]], [[1699.21875, 1171.875, 2794.921875, 2109.375], ["window"]], [[4494.140625, 1259.765625, 5478.515625, 2250.0], ["window"]]], "width": 6000, "height": 4000, "tags": []}