{"rects": [[[3357.421875, 972.65625, 5958.984375, 3679.6875], ["window"]]], "width": 6000, "height": 4000, "tags": []}