{"rects": [[[5.859375, 580.078125, 2208.984375, 3562.5], ["window"]], [[1798.828125, 708.984375, 4781.25, 3691.40625], ["window"]]], "width": 6000, "height": 4000, "tags": []}