{"rects": [[[931.640625, 1312.5, 3316.40625, 3679.6875], ["window"]], [[3093.75, 1511.71875, 5718.75, 3820.3125], ["window"]]], "width": 6000, "height": 4000, "tags": []}