{"rects": [[[4324.21875, 1019.53125, 5929.6875, 3580.078125], ["window"]], [[5.859375, 2208.984375, 1212.890625, 3972.65625], ["window"]]], "width": 6000, "height": 4000, "tags": []}