{"rects": [[[17.578125, 585.9375, 3931.640625, 5490.234375], ["window"]]], "width": 4000, "height": 6000, "tags": []}