{"rects": [[[2625.0, 3316.40625, 4000, 5244.140625], ["window"]], [[2560.546875, 1218.75, 3972.65625, 3169.921875], ["window"]], [[310.546875, 1623.046875, 1646.484375, 3281.25], ["window"]]], "width": 4000, "height": 6000, "tags": []}