{"rects": [[[386.71875, 111.328125, 4000, 5994.140625], ["window"]]], "width": 4000, "height": 6000, "tags": []}