{"rects": [[[2484.375, 52.734375, 5941.40625, 3832.03125], ["window"]], [[23.4375, 82.03125, 3345.703125, 3720.703125], ["window"]]], "width": 6000, "height": 4000, "tags": []}