{"rects": [[[76.171875, 164.0625, 2988.28125, 3457.03125], ["window"]], [[2285.15625, 58.59375, 5595.703125, 3416.015625], ["window"]]], "width": 6000, "height": 4000, "tags": []}