{"rects": [[[2953.125, 398.4375, 5941.40625, 3791.015625], ["window"]]], "width": 6000, "height": 4000, "tags": []}