{"rects": [[[310.546875, 2285.15625, 3996.09375, 5759.765625], ["window"]], [[345.703125, 41.015625, 2988.28125, 2425.78125], ["window"]]], "width": 4000, "height": 6000, "tags": []}