{"rects": [[[35.15625, 117.1875, 4757.8125, 3943.359375], ["window"]]], "width": 6000, "height": 4000, "tags": []}