{"rects": [[[914.0625, 17.578125, 4341.796875, 3410.15625], ["window"]]], "width": 6000, "height": 4000, "tags": []}