{"rects": [[[257.8125, 3152.34375, 3960.9375, 5900.390625], ["window"]], [[732.421875, 1746.09375, 3199.21875, 3199.21875], ["window"]], [[744.140625, 169.921875, 3404.296875, 1687.5], ["window"]]], "width": 4000, "height": 6000, "tags": []}