{"rects": [[[35.15625, 392.578125, 3515.625, 3585.9375], ["window"]], [[175.78125, 3333.984375, 3345.703125, 5917.96875], ["window"]]], "width": 4000, "height": 6000, "tags": []}