{"rects": [[[222.65625, 1031.25, 3972.65625, 5337.890625], ["window"]]], "width": 4000, "height": 6000, "tags": []}