{"rects": [[[93.75, 1224.609375, 3919.921875, 5806.640625], ["window"]]], "width": 4000, "height": 6000, "tags": []}