{"rects": [[[369.140625, 0, 4000, 5572.265625], ["window"]]], "width": 4000, "height": 6000, "tags": []}