{"rects": [[[638.671875, 1769.53125, 1623.046875, 3392.578125], ["window"]], [[1500.0, 1734.375, 2847.65625, 3421.875], ["window"]], [[2736.328125, 2162.109375, 3750.0, 3175.78125], ["window"]], [[3246.09375, 287.109375, 4353.515625, 1265.625], ["window"]]], "width": 6000, "height": 4000, "tags": []}