{"rects": [[[1353.515625, 533.203125, 4000, 5542.96875], ["window"]]], "width": 4000, "height": 6000, "tags": []}