{"rects": [[[1564.453125, 205.078125, 4740.234375, 3064.453125], ["window"]]], "width": 6000, "height": 4000, "tags": []}