{"rects": [[[304.6875, 1048.828125, 3333.984375, 5279.296875], ["window"]]], "width": 4000, "height": 6000, "tags": []}