{"rects": [[[23.4375, 996.09375, 3955.078125, 5390.625], ["window"]]], "width": 4000, "height": 6000, "tags": []}