{"rects": [[[58.59375, 1927.734375, 2548.828125, 3925.78125], ["window"]], [[46.875, 70.3125, 2402.34375, 1980.46875], ["window"]], [[2835.9375, 246.09375, 5373.046875, 1875.0], ["window"]]], "width": 6000, "height": 4000, "tags": []}