{"rects": [[[41.015625, 35.15625, 5583.984375, 3925.78125], ["window"]]], "width": 6000, "height": 4000, "tags": []}