{"rects": [[[375.0, 351.5625, 3111.328125, 3972.65625], ["window"]], [[2841.796875, 527.34375, 5273.4375, 2888.671875], ["window"]]], "width": 6000, "height": 4000, "tags": []}