{"rects": [[[3914.0625, 521.484375, 5179.6875, 1710.9375], ["window"]], [[1136.71875, 492.1875, 2396.484375, 1669.921875], ["window"]], [[3785.15625, 1681.640625, 5490.234375, 3181.640625], ["window"]]], "width": 6000, "height": 4000, "tags": []}