{"rects": [[[2044.921875, 539.0625, 4388.671875, 3222.65625], ["window"]]], "width": 6000, "height": 4000, "tags": []}