{"rects": [[[3521.484375, 1535.15625, 5308.59375, 3750.0], ["window"]], [[76.171875, 1259.765625, 2285.15625, 3914.0625], ["window"]]], "width": 6000, "height": 4000, "tags": []}