{"rects": [[[210.9375, 205.078125, 2625.0, 3058.59375], ["window"]], [[2753.90625, 650.390625, 4769.53125, 2707.03125], ["window"]], [[4289.0625, 773.4375, 5982.421875, 2589.84375], ["window"]]], "width": 6000, "height": 4000, "tags": []}