{"rects": [[[2109.375, 111.328125, 5619.140625, 3949.21875], ["window"]]], "width": 6000, "height": 4000, "tags": []}