{"rects": [[[580.078125, 117.1875, 2988.28125, 1833.984375], ["window"]], [[3052.734375, 76.171875, 5250.0, 1933.59375], ["window"]], [[3421.875, 1839.84375, 5449.21875, 3796.875], ["window"]], [[175.78125, 1904.296875, 3416.015625, 3966.796875], ["window"]]], "width": 6000, "height": 4000, "tags": []}