{"rects": [[[316.40625, 169.921875, 3867.1875, 3503.90625], ["window"]]], "width": 6000, "height": 4000, "tags": []}