{"rects": [[[1101.5625, 1107.421875, 4335.9375, 3580.078125], ["window"]]], "width": 6000, "height": 4000, "tags": []}