{"rects": [[[2929.6875, 773.4375, 4505.859375, 2156.25], ["window"]], [[3849.609375, 2167.96875, 5994.140625, 3826.171875], ["window"]]], "width": 6000, "height": 4000, "tags": []}