{"rects": [[[58.59375, 380.859375, 2753.90625, 3439.453125], ["window"]], [[2648.4375, 111.328125, 5789.0625, 3222.65625], ["window"]]], "width": 6000, "height": 4000, "tags": []}