{"rects": [[[416.015625, 972.65625, 3943.359375, 5753.90625], ["window"]]], "width": 4000, "height": 6000, "tags": []}