{"rects": [[[357.421875, 93.75, 4587.890625, 3919.921875], ["window"]]], "width": 6000, "height": 4000, "tags": []}