{"rects": [[[1787.109375, 363.28125, 5302.734375, 3855.46875], ["window"]]], "width": 6000, "height": 4000, "tags": []}