{"rects": [[[158.203125, 1464.84375, 2314.453125, 3814.453125], ["window"]], [[3626.953125, 1593.75, 5958.984375, 3884.765625], ["window"]], [[3527.34375, 93.75, 5431.640625, 1722.65625], ["window"]]], "width": 6000, "height": 4000, "tags": []}