{"rects": [[[744.140625, 29.296875, 5994.140625, 4000], ["window"]]], "width": 6000, "height": 4000, "tags": []}