{"rects": [[[416.015625, 3380.859375, 3996.09375, 5953.125], ["window"]]], "width": 4000, "height": 6000, "tags": []}