{"rects": [[[105.46875, 187.5, 3755.859375, 4259.765625], ["window"]]], "width": 4000, "height": 6000, "tags": []}