{"rects": [[[1669.921875, 23.4375, 5730.46875, 3357.421875], ["window"]]], "width": 6000, "height": 4000, "tags": []}