{"rects": [[[855.46875, 1230.46875, 3041.015625, 3703.125], ["window"]]], "width": 4000, "height": 6000, "tags": []}