{"rects": [[[3013.44, 1032.0, 5234.304, 4334.400000000001], ["window"]], [[5242.56, 1007.232, 7818.432, 4350.912], ["window"]], [[635.712, 1032.0, 2980.416, 4342.656], ["window"]], [[1287.9360000000001, 0, 3310.656, 1543.872], ["window"]]], "width": 8256, "height": 5504, "tags": []}