{"rects": [[[1502.592, 2922.6240000000003, 3822.5280000000002, 6423.168000000001], ["window"]]], "width": 5504, "height": 8256, "tags": []}