{"rects": [[[2394.2400000000002, 1048.512, 5828.736, 4780.224], ["window"]], [[0, 1180.608, 3071.232, 4359.168], ["window"]], [[5077.4400000000005, 1098.048, 8231.232, 4375.68], ["window"]]], "width": 8256, "height": 5504, "tags": []}