{"rects": [[[1420.0320000000002, 2699.712, 3706.944, 5803.968], ["window"]], [[1552.1280000000002, 0, 3558.3360000000002, 2022.72], ["window"]]], "width": 5504, "height": 8256, "tags": []}