{"rects": [[[2856.576, 1411.776, 5308.608, 4004.1600000000003], ["window"]], [[5250.816, 1444.8, 7876.224, 4004.1600000000003], ["window"]]], "width": 8256, "height": 5504, "tags": []}