{"rects": [[[3228.096, 1667.712, 4970.112, 4516.032], ["window"]], [[5457.216, 1155.8400000000001, 7570.752, 4169.28], ["window"]], [[875.136, 1989.6960000000001, 3062.976, 4565.568], ["window"]], [[1461.3120000000001, 0, 3186.8160000000003, 1626.432], ["window"]]], "width": 8256, "height": 5504, "tags": []}