{"rects": [[[2683.2000000000003, 792.576, 5358.144, 4986.624], ["window"]], [[5052.6720000000005, 165.12, 7727.616, 5143.488], ["window"]], [[33.024, 198.144, 2270.4, 5060.928], ["window"]]], "width": 8256, "height": 5504, "tags": []}