{"rects": [[[1502.592, 2551.1040000000003, 3954.6240000000003, 6332.352], ["window"]]], "width": 5504, "height": 8256, "tags": []}