{"rects": [[[1378.752, 1849.344, 3979.3920000000003, 7405.6320000000005], ["window"]]], "width": 5504, "height": 8256, "tags": []}