{"rects": [[[2922.6240000000003, 1073.28, 5283.84, 5118.72], ["window"]], [[5886.528, 1131.0720000000001, 8222.976, 5110.464], ["window"]]], "width": 8256, "height": 5504, "tags": []}