{"rects": [[[3038.208, 1684.2240000000002, 5374.656, 4037.184], ["window"]], [[5548.032, 1519.104, 8082.624, 4012.416], ["window"]], [[3236.352, 0, 5060.928, 1353.984], ["window"]], [[5275.584, 49.536, 7273.536, 1329.2160000000001], ["window"]]], "width": 8256, "height": 5504, "tags": []}