{"rects": [[[2344.704, 1725.5040000000001, 5952.576, 4813.2480000000005], ["window"]], [[3995.904, 2080.512, 3995.904, 2080.512], ["window"]], [[0, 346.752, 2113.536, 2658.4320000000002], ["window"]]], "width": 8256, "height": 5504, "tags": []}