{"rects": [[[2641.92, 792.576, 5630.592000000001, 4813.2480000000005], ["window"]]], "width": 8256, "height": 5504, "tags": []}