{"rects": [[[1420.0320000000002, 2683.2000000000003, 4416.96, 7034.112], ["window"]]], "width": 5504, "height": 8256, "tags": []}