{"rects": [[[2732.736, 1032.0, 5267.328, 4598.592000000001], ["window"]], [[5151.744000000001, 297.216, 7372.608, 3682.176], ["window"]], [[3244.608, 16.512, 4928.832, 1576.896], ["window"]]], "width": 8256, "height": 5504, "tags": []}