{"rects": [[[2707.968, 1948.4160000000002, 5316.8640000000005, 4251.84], ["window"]], [[6200.256, 189.888, 7958.784000000001, 1675.968], ["window"]]], "width": 8256, "height": 5504, "tags": []}