{"rects": [[[1420.0320000000002, 1403.52, 4334.400000000001, 4722.432], ["window"]]], "width": 5504, "height": 8256, "tags": []}