{"rects": [[[3252.864, 1502.592, 5151.744000000001, 4342.656], ["window"]], [[5787.456, 1519.104, 8008.320000000001, 4359.168], ["window"]]], "width": 8256, "height": 5504, "tags": []}