{"rects": [[[3186.8160000000003, 1552.1280000000002, 5052.6720000000005, 4128.0], ["window"]], [[1040.256, 1535.616, 3120.768, 4144.512], ["window"]], [[5069.184, 1568.64, 7075.392, 4119.744], ["window"]], [[0, 24.768, 1411.776, 1593.4080000000001], ["window"]], [[1494.336, 49.536, 3096.0, 1585.152], ["window"]], [[3285.888, 74.304, 4895.808, 1519.104], ["window"]], [[4978.368, 16.512, 6563.52, 1469.568], ["window"]]], "width": 8256, "height": 5504, "tags": []}