{"rects": [[[1552.1280000000002, 82.56, 6951.552000000001, 5308.608], ["window"]]], "width": 8256, "height": 5504, "tags": []}