{"rects": [[[3038.208, 1453.056, 4904.064, 4375.68], ["window"]], [[1370.496, 2171.328, 2996.928, 4788.4800000000005], ["window"]], [[5126.976000000001, 280.704, 7166.2080000000005, 4053.696], ["window"]]], "width": 8256, "height": 5504, "tags": []}