{"rects": [[[3343.6800000000003, 1353.984, 5019.648, 4210.56], ["window"]], [[8.256, 355.00800000000004, 2534.592, 3772.992], ["window"]]], "width": 8256, "height": 5504, "tags": []}