{"rects": [[[528.384, 189.888, 3129.024, 4342.656], ["window"]], [[2955.648, 776.0640000000001, 5201.28, 4194.048], ["window"]], [[5316.8640000000005, 1172.352, 7298.304, 4524.2880000000005], ["window"]]], "width": 8256, "height": 5504, "tags": []}