{"rects": [[[3690.4320000000002, 1164.096, 5069.184, 3962.88], ["window"]], [[2303.424, 1535.616, 3814.272, 4392.192], ["window"]], [[495.36, 2212.608, 2270.4, 5077.4400000000005], ["window"]]], "width": 8256, "height": 5504, "tags": []}