{"rects": [[[2002.0800000000002, 1341.6000000000001, 6104.28, 4736.88], ["window"]]], "width": 8256, "height": 5504, "tags": []}