{"rects": [[[1065.0240000000001, 2394.2400000000002, 4383.936, 6943.296], ["window"]]], "width": 5504, "height": 8256, "tags": []}