{"rects": [[[3211.5840000000003, 1287.9360000000001, 5209.536, 4375.68], ["window"]], [[5250.816, 2030.976, 6877.2480000000005, 5292.0960000000005], ["window"]], [[5093.952, 536.64, 6555.264, 2410.752], ["window"]], [[6670.848, 1287.9360000000001, 7768.896000000001, 3137.28], ["window"]], [[6646.08, 2765.76, 8222.976, 5399.424], ["window"]], [[1015.488, 379.776, 3294.1440000000002, 3657.408], ["window"]]], "width": 8256, "height": 5504, "tags": []}