{"rects": [[[1552.1280000000002, 619.2, 6902.0160000000005, 5316.8640000000005], ["window"]]], "width": 8256, "height": 5504, "tags": []}