{"rects": [[[1684.2240000000002, 5226.048, 1684.2240000000002, 5226.048], ["window"]], [[1684.2240000000002, 1304.448, 6596.544, 5226.048], ["window"]]], "width": 8256, "height": 5504, "tags": []}