{"rects": [[[1065.0240000000001, 2014.464, 4458.24, 7504.704000000001], ["window"]]], "width": 5504, "height": 8256, "tags": []}