{"rects": [[[2443.776, 503.616, 5845.2480000000005, 4227.072], ["window"]], [[6076.416, 321.98400000000004, 8198.208, 3459.264], ["window"]]], "width": 8256, "height": 5504, "tags": []}