{"rects": [[[1733.76, 668.736, 6852.4800000000005, 5341.6320000000005], ["window"]]], "width": 8256, "height": 5504, "tags": []}