{"rects": [[[1155.8400000000001, 1568.64, 4293.12, 7438.656], ["window"]], [[1428.288, 24.768, 4094.976, 2311.6800000000003], ["window"]]], "width": 5504, "height": 8256, "tags": []}