{"rects": [[[1494.336, 2171.328, 3186.8160000000003, 3021.696], ["window"]], [[3376.704, 2171.328, 5275.584, 3079.4880000000003], ["window"]], [[2972.16, 3244.608, 4838.0160000000005, 4846.272], ["window"]]], "width": 8256, "height": 5504, "tags": []}