{"rects": [[[2996.928, 1494.336, 5118.72, 4070.208], ["window"]], [[833.856, 1510.848, 3228.096, 4086.7200000000003], ["window"]], [[4838.0160000000005, 1494.336, 7281.792, 4070.208], ["window"]], [[3219.84, 41.28, 4961.856, 1717.248], ["window"]], [[1395.2640000000001, 74.304, 3533.568, 1791.5520000000001], ["window"]], [[4945.344, 99.072, 6720.384, 1618.176], ["window"]]], "width": 8256, "height": 5504, "tags": []}