{"rects": [[[2856.576, 1345.728, 5275.584, 4037.184], ["window"]], [[272.448, 1287.9360000000001, 2873.088, 4070.208], ["window"]], [[5019.648, 1131.0720000000001, 7702.848, 3888.576], ["window"]], [[5110.464, 57.792, 6968.064, 1436.544], ["window"]], [[3244.608, 57.792, 4838.0160000000005, 1387.008], ["window"]], [[916.416, 49.536, 2732.736, 1436.544], ["window"]]], "width": 8256, "height": 5504, "tags": []}