{"rects": [[[2534.592, 355.00800000000004, 6183.744000000001, 4606.848], ["window"]], [[1609.92, 1907.136, 2914.368, 3855.552], ["window"]], [[520.128, 2072.256, 1841.088, 3847.2960000000003], ["window"]], [[817.344, 115.584, 1857.6000000000001, 1626.432], ["window"]]], "width": 8256, "height": 5504, "tags": []}