{"rects": [[[1287.9360000000001, 2716.224, 4243.584, 6926.784000000001], ["window"]]], "width": 5504, "height": 8256, "tags": []}