{"rects": [[[1865.856, 2551.1040000000003, 3847.2960000000003, 6348.8640000000005], ["window"]], [[8.256, 2344.704, 1717.248, 6381.888], ["window"]]], "width": 5504, "height": 8256, "tags": []}