{"rects": [[[3120.768, 1411.776, 4920.576, 4218.816], ["window"]], [[1287.9360000000001, 1667.712, 3129.024, 4598.592000000001], ["window"]], [[4978.368, 1048.512, 7232.256, 4086.7200000000003], ["window"]]], "width": 8256, "height": 5504, "tags": []}