{"rects": [[[1783.296, 156.864, 3657.408, 2154.8160000000003], ["window"]], [[1667.712, 2963.904, 3739.9680000000003, 5655.360000000001], ["window"]]], "width": 5504, "height": 8256, "tags": []}