{"rects": [[[3368.4480000000003, 1750.272, 4937.088, 3723.456], ["window"]], [[6324.0960000000005, 379.776, 8107.392, 2105.28], ["window"]], [[6538.752, 2840.0640000000003, 8222.976, 5085.696], ["window"]]], "width": 8256, "height": 5504, "tags": []}