{"rects": [[[1461.3120000000001, 520.128, 3896.8320000000003, 4573.8240000000005], ["window"]], [[4061.952, 1056.768, 6315.84, 5052.6720000000005], ["window"]]], "width": 8256, "height": 5504, "tags": []}