{"rects": [[[3244.608, 1552.1280000000002, 4871.04, 3682.176], ["window"]], [[1362.24, 2575.8720000000003, 3038.208, 4598.592000000001], ["window"]], [[4648.128, 710.0160000000001, 6274.56, 3046.464], ["window"]], [[6010.368, 66.048, 7975.296, 2171.328], ["window"]], [[4623.360000000001, 2113.536, 6654.336, 5504], ["window"]]], "width": 8256, "height": 5504, "tags": []}