{"rects": [[[908.1600000000001, 710.0160000000001, 4400.448, 7595.52], ["window"]]], "width": 5504, "height": 8256, "tags": []}