{"rects": [[[305.472, 1535.616, 8074.368, 5275.584], ["window"]], [[916.416, 206.4, 2749.248, 2154.8160000000003], ["window"]], [[5349.888, 280.704, 7356.0960000000005, 2270.4], ["window"]]], "width": 8256, "height": 5504, "tags": []}