{"rects": [[[355.00800000000004, 1940.16, 3475.7760000000003, 6893.76], ["window"]]], "width": 5504, "height": 8256, "tags": []}