{"rects": [[[66.048, 1527.3600000000001, 8173.4400000000005, 4532.544], ["window"]]], "width": 8256, "height": 5504, "tags": []}