{"rects": [[[3698.688, 1758.528, 5498.496, 3946.368], ["window"]], [[1353.984, 2072.256, 3079.4880000000003, 4202.304], ["window"]], [[1560.384, 0, 3013.44, 1816.3200000000002], ["window"]]], "width": 8256, "height": 5504, "tags": []}