{"rects": [[[718.272, 388.03200000000004, 7380.8640000000005, 5300.352], ["window"]]], "width": 8256, "height": 5504, "tags": []}