{"rects": [[[2402.496, 1089.792, 5696.64, 5242.56], ["window"]], [[1089.792, 1849.344, 3062.976, 5504], ["window"]], [[1329.2160000000001, 421.05600000000004, 3046.464, 2394.2400000000002], ["window"]]], "width": 8256, "height": 5504, "tags": []}