{"rects": [[[1287.9360000000001, 2072.256, 3583.1040000000003, 5960.832], ["window"]], [[3698.688, 3417.984, 5504, 7025.856], ["window"]], [[3657.408, 932.928, 5382.912, 3558.3360000000002], ["window"]], [[1560.384, 24.768, 3500.544, 2774.016], ["window"]]], "width": 5504, "height": 8256, "tags": []}