{"rects": [[[1131.0720000000001, 511.872, 4953.6, 7645.0560000000005], ["window"]]], "width": 5504, "height": 8256, "tags": []}