{"rects": [[[3343.6800000000003, 1238.4, 6431.424, 3706.944], ["window"]], [[5539.776, 412.8, 8173.4400000000005, 3351.936], ["window"]]], "width": 8256, "height": 5504, "tags": []}