{"rects": [[[2815.2960000000003, 1155.8400000000001, 5415.936, 4771.968], ["window"]]], "width": 8256, "height": 5504, "tags": []}