{"rects": [[[3096.0, 1552.1280000000002, 5589.312, 4284.8640000000005], ["window"]], [[1857.6000000000001, 1659.4560000000001, 3252.864, 3500.544], ["window"]], [[5581.0560000000005, 2014.464, 6547.008, 3797.76], ["window"]], [[74.304, 1436.544, 1180.608, 3195.072], ["window"]], [[7042.368, 2402.496, 8247.744, 4053.696], ["window"]]], "width": 8256, "height": 5504, "tags": []}