{"rects": [[[1791.5520000000001, 330.24, 5572.8, 4623.360000000001], ["window"]]], "width": 8256, "height": 5504, "tags": []}