{"rects": [[[586.176, 2080.512, 5077.4400000000005, 7620.2880000000005], ["window"]]], "width": 5504, "height": 8256, "tags": []}