{"rects": [[[1667.712, 2774.016, 3616.128, 5853.504], ["window"]], [[1923.6480000000001, 577.9200000000001, 3451.0080000000003, 2707.968], ["window"]], [[3682.176, 99.072, 5415.936, 2278.656], ["window"]], [[3806.016, 2493.312, 5504, 5366.400000000001], ["window"]]], "width": 5504, "height": 8256, "tags": []}