{"rects": [[[74.304, 1882.368, 2922.6240000000003, 5415.936], ["window"]], [[784.32, 0, 2691.456, 1973.184], ["window"]], [[2988.672, 1271.424, 5325.12, 4573.8240000000005], ["window"]], [[5432.448, 478.848, 8247.744, 3764.736], ["window"]]], "width": 8256, "height": 5504, "tags": []}