{"rects": [[[2542.848, 1816.3200000000002, 6324.0960000000005, 4441.728], ["window"]]], "width": 8256, "height": 5504, "tags": []}