{"rects": [[[1238.4, 2262.1440000000002, 3822.5280000000002, 6687.360000000001], ["window"]]], "width": 5504, "height": 8256, "tags": []}