{"rects": [[[2856.576, 1065.0240000000001, 5382.912, 3682.176], ["window"]], [[5671.872, 1089.792, 7793.664000000001, 3772.992], ["window"]]], "width": 8256, "height": 5504, "tags": []}