{"rects": [[[850.368, 1420.0320000000002, 4573.8240000000005, 8206.464], ["window"]]], "width": 5504, "height": 8256, "tags": []}