{"rects": [[[2286.9120000000003, 2658.4320000000002, 3252.864, 4681.152], ["window"]]], "width": 5504, "height": 8256, "tags": []}