{"rects": [[[2881.344, 1131.0720000000001, 6703.872, 5316.8640000000005], ["window"]]], "width": 8256, "height": 5504, "tags": []}