{"rects": [[[503.616, 2154.8160000000003, 5093.952, 7405.6320000000005], ["window"]]], "width": 5504, "height": 8256, "tags": []}