{"rects": [[[2922.6240000000003, 767.808, 6621.312, 5366.400000000001], ["window"]]], "width": 8256, "height": 5504, "tags": []}