{"rects": [[[1403.52, 2262.1440000000002, 3954.6240000000003, 6109.4400000000005], ["window"]], [[1700.736, 189.888, 5504, 2947.3920000000003], ["window"]]], "width": 5504, "height": 8256, "tags": []}