{"rects": [[[776.0640000000001, 1510.848, 4573.8240000000005, 7950.528], ["window"]]], "width": 5504, "height": 8256, "tags": []}