{"rects": [[[1609.92, 2757.504, 3822.5280000000002, 6258.048], ["window"]], [[1940.16, 330.24, 3649.152, 2947.3920000000003], ["window"]], [[3987.648, 82.56, 5504, 2707.968], ["window"]]], "width": 5504, "height": 8256, "tags": []}