{"rects": [[[1320.96, 1923.6480000000001, 4004.1600000000003, 6340.608], ["window"]]], "width": 5504, "height": 8256, "tags": []}