{"rects": [[[1420.0320000000002, 470.592, 6926.784000000001, 4912.32], ["window"]]], "width": 8256, "height": 5504, "tags": []}