{"rects": [[[214.656, 1453.056, 5102.2080000000005, 7405.6320000000005], ["window"]]], "width": 5504, "height": 8256, "tags": []}