{"rects": [[[1337.472, 2617.152, 4086.7200000000003, 6926.784000000001], ["window"]], [[1296.192, 189.888, 4367.424, 2204.352], ["window"]]], "width": 5504, "height": 8256, "tags": []}