{"rects": [[[1213.632, 1989.6960000000001, 2988.672, 7248.768], ["window"]], [[2782.272, 998.976, 4293.12, 4549.0560000000005], ["window"]], [[3583.1040000000003, 115.584, 5267.328, 2815.2960000000003], ["window"]], [[3863.808, 3731.712, 5504, 7793.664000000001], ["window"]]], "width": 5504, "height": 8256, "tags": []}