{"rects": [[[3038.208, 288.96000000000004, 6068.16, 4309.6320000000005], ["window"]]], "width": 8256, "height": 5504, "tags": []}