{"rects": [[[503.616, 115.584, 4928.832, 4598.592000000001], ["window"]], [[5358.144, 1469.568, 7983.552000000001, 5440.704], ["window"]]], "width": 8256, "height": 5504, "tags": []}