{"rects": [[[2055.744, 1395.2640000000001, 6291.072, 4086.7200000000003], ["window"]], [[6505.728, 2369.472, 7859.712, 4268.352], ["window"]], [[685.248, 3500.544, 2402.496, 5504], ["window"]]], "width": 8256, "height": 5504, "tags": []}