{"rects": [[[3409.728, 2072.256, 5589.312, 4598.592000000001], ["window"]], [[3500.544, 222.912, 5399.424, 2237.376], ["window"]], [[247.68, 710.0160000000001, 1684.2240000000002, 2551.1040000000003], ["window"]], [[0, 2518.08, 1535.616, 4449.984], ["window"]]], "width": 8256, "height": 5504, "tags": []}