{"rects": [[[1543.872, 2088.768, 4086.7200000000003, 7265.280000000001], ["window"]]], "width": 5504, "height": 8256, "tags": []}