{"rects": [[[998.976, 487.10400000000004, 7215.744000000001, 5193.024], ["window"]]], "width": 8256, "height": 5504, "tags": []}