{"rects": [[[2567.616, 842.1120000000001, 5374.656, 5300.352], ["window"]], [[5391.168000000001, 272.448, 8247.744, 4879.296], ["window"]], [[99.072, 1469.568, 2501.568, 5504], ["window"]]], "width": 8256, "height": 5504, "tags": []}