{"rects": [[[660.48, 2138.304, 5448.96, 6712.128000000001], ["window"]], [[1453.056, 33.024, 4251.84, 3079.4880000000003], ["window"]]], "width": 5504, "height": 8256, "tags": []}