{"rects": [[[2286.9120000000003, 1700.736, 5292.0960000000005, 4664.64], ["window"]], [[5424.192, 1692.48, 7422.144, 4474.752], ["window"]]], "width": 8256, "height": 5504, "tags": []}