{"rects": [[[2006.208, 1254.912, 3872.0640000000003, 6076.416], ["window"]], [[239.424, 974.2080000000001, 2220.864, 5713.152], ["window"]], [[2097.024, 6324.0960000000005, 3987.648, 7958.784000000001], ["window"]], [[239.424, 6447.936000000001, 2146.56, 8247.744], ["window"]]], "width": 5504, "height": 8256, "tags": []}