{"rects": [[[495.36, 767.808, 5803.968, 5069.184], ["window"]], [[5481.984, 800.832, 7405.6320000000005, 3690.4320000000002], ["window"]]], "width": 8256, "height": 5504, "tags": []}