{"rects": [[[643.9680000000001, 1254.912, 4672.896, 5919.552000000001], ["window"]]], "width": 5504, "height": 8256, "tags": []}