{"rects": [[[2245.632, 107.328, 5919.552000000001, 1915.392], ["window"]], [[2278.656, 1742.016, 5919.552000000001, 3839.04], ["window"]]], "width": 8256, "height": 5504, "tags": []}