{"rects": [[[767.808, 2237.376, 4524.2880000000005, 8148.6720000000005], ["window"]]], "width": 5504, "height": 8256, "tags": []}