{"rects": [[[198.144, 206.4, 2551.1040000000003, 2443.776], ["window"]], [[2707.968, 1172.352, 6051.648, 4549.0560000000005], ["window"]]], "width": 8256, "height": 5504, "tags": []}