{"rects": [[[1296.192, 2286.9120000000003, 4210.56, 7719.360000000001], ["window"]]], "width": 5504, "height": 8256, "tags": []}