{"rects": [[[404.544, 355.00800000000004, 5300.352, 7694.592000000001], ["window", "shop"]]], "width": 5504, "height": 8256, "tags": []}