{"rects": [[[1874.112, 1213.632, 6423.168000000001, 3896.8320000000003], ["window"]]], "width": 8256, "height": 5504, "tags": []}