{"rects": [[[1552.1280000000002, 404.544, 6736.896000000001, 5498.496], ["window"]]], "width": 8256, "height": 5504, "tags": []}