{"rects": [[[1675.968, 726.528, 5952.576, 4293.12], ["window"]], [[5663.616, 1552.1280000000002, 7645.0560000000005, 4227.072], ["window"]]], "width": 8256, "height": 5504, "tags": []}