{"rects": [[[156.79999999999998, 571.1999999999999, 4457.599999999999, 5348.0], ["window", "shop"]]], "width": 4480, "height": 6720, "tags": []}