{"rects": [[[543.1999999999999, 991.1999999999999, 4468.799999999999, 6344.799999999999], ["window"]]], "width": 4480, "height": 6720, "tags": []}