{"rects": [[[996.8, 672.0, 3975.9999999999995, 6025.599999999999], ["window"]]], "width": 4480, "height": 6720, "tags": []}