{"rects": [[[50.4, 1439.1999999999998, 4468.799999999999, 6070.4], ["window"]]], "width": 4480, "height": 6720, "tags": []}