{"rects": [[[907.1999999999999, 844.8, 5985.599999999999, 4396.8], ["window"]]], "width": 6720, "height": 4480, "tags": []}