{"rects": [[[257.59999999999997, 1439.1999999999998, 4463.2, 5605.599999999999], ["window"]]], "width": 4480, "height": 6720, "tags": []}