{"rects": [[[16.799999999999997, 33.599999999999994, 4026.3999999999996, 6613.599999999999], ["window"]]], "width": 4480, "height": 6720, "tags": []}