{"rects": [[[11.2, 408.79999999999995, 4480.0, 6008.799999999999], ["window"]]], "width": 4480, "height": 6720, "tags": []}