{"rects": [[[33.599999999999994, 453.59999999999997, 4401.599999999999, 6294.4], ["window"]]], "width": 4480, "height": 6720, "tags": []}