{"rects": [[[61.599999999999994, 890.4, 4401.599999999999, 5661.599999999999], ["window"]]], "width": 4480, "height": 6720, "tags": []}