{"rects": [[[140.0, 599.1999999999999, 4160.8, 5784.799999999999], ["window"]]], "width": 4480, "height": 6720, "tags": []}