{"rects": [[[16.799999999999997, 744.8, 4468.799999999999, 6456.799999999999], ["window"]]], "width": 4480, "height": 6720, "tags": []}