{"rects": [[[515.1999999999999, 823.1999999999999, 4452.0, 6400.799999999999], ["window"]]], "width": 4480, "height": 6720, "tags": []}