{"rects": [[[39.199999999999996, 1248.8, 4480, 5224.799999999999], ["window"]]], "width": 4480, "height": 6720, "tags": []}