{"rects": [[[498.4, 380.79999999999995, 4463.2, 6193.599999999999], ["window"]]], "width": 4480, "height": 6720, "tags": []}