{"rects": [[[11.2, 817.5999999999999, 4468.799999999999, 6384.0], ["window"]]], "width": 4480, "height": 6720, "tags": []}