{"rects": [[[0, 789.5999999999999, 4468.799999999999, 6064.799999999999], ["window"]]], "width": 4480, "height": 6720, "tags": []}