{"rects": [[[1332.8, 184.79999999999998, 3975.9999999999995, 6669.599999999999], ["window"]]], "width": 4480, "height": 6720, "tags": []}