{"rects": [[[0, 0, 4480, 6720], ["facade"]], [[414.4, 1019.1999999999999, 3315.2, 3863.9999999999995], ["window"]]], "width": 4480, "height": 6720, "tags": []}