{"rects": [[[1019.1999999999999, 862.4, 4480.0, 5672.799999999999], ["window"]]], "width": 4480, "height": 6720, "tags": []}