{"rects": [[[0, 683.1999999999999, 4474.4, 6445.599999999999], ["window"]]], "width": 4480, "height": 6720, "tags": []}