{"rects": [[[5.6, 16.799999999999997, 3964.7999999999997, 6714.4], ["window"]]], "width": 4480, "height": 6720, "tags": []}