{"rects": [[[11.2, 364.0, 4205.599999999999, 6120.799999999999], ["window"]]], "width": 4480, "height": 6720, "tags": []}