{"rects": [[[50.4, 644.0, 4468.799999999999, 6669.599999999999], ["window"]]], "width": 4480, "height": 6720, "tags": []}