{"rects": [[[33.599999999999994, 1467.1999999999998, 4446.4, 6440.0], ["window"]]], "width": 4480, "height": 6720, "tags": []}