{"rects": [[[11.2, 475.99999999999994, 4468.799999999999, 6473.599999999999], ["window"]]], "width": 4480, "height": 6720, "tags": []}