{"rects": [[[705.5999999999999, 481.59999999999997, 3863.9999999999995, 6283.2], ["window"]]], "width": 4480, "height": 6720, "tags": []}