{"rects": [[[22.4, 156.79999999999998, 4468.799999999999, 3617.6], ["window"]], [[33.599999999999994, 3639.9999999999995, 4480.0, 6697.599999999999], ["window"]]], "width": 4480, "height": 6720, "tags": []}