{"rects": [[[453.59999999999997, 364.0, 4452.0, 6669.599999999999], ["window"]]], "width": 4480, "height": 6720, "tags": []}