{"rects": [[[313.59999999999997, 565.5999999999999, 3684.7999999999997, 5280.799999999999], ["window"]]], "width": 4480, "height": 6720, "tags": []}