{"rects": [[[11.2, 1007.9999999999999, 4457.599999999999, 6132.0], ["window"]]], "width": 4480, "height": 6720, "tags": []}