{"rects": [[[67.19999999999999, 347.2, 4463.2, 5784.799999999999], ["window"]]], "width": 4480, "height": 6720, "tags": []}