{"rects": [[[11.2, 856.8, 3998.3999999999996, 4849.599999999999], ["window"]]], "width": 4480, "height": 6720, "tags": []}