{"rects": [[[28.0, 336.0, 4468.799999999999, 6288.799999999999], ["window"]]], "width": 4480, "height": 6720, "tags": []}