{"rects": [[[16.799999999999997, 851.1999999999999, 4155.2, 6479.2], ["window"]]], "width": 4480, "height": 6720, "tags": []}