{"rects": [[[28.0, 240.79999999999998, 3953.6, 5717.599999999999], ["window"]]], "width": 4480, "height": 6720, "tags": []}