{"rects": [[[39.199999999999996, 683.1999999999999, 4440.799999999999, 6137.599999999999], ["window"]]], "width": 4480, "height": 6720, "tags": []}