{"rects": [[[515.1999999999999, 162.39999999999998, 4446.4, 6372.799999999999], ["window"]]], "width": 4480, "height": 6720, "tags": []}