{"rects": [[[0, 817.5999999999999, 4480, 6249.599999999999], ["window"]]], "width": 4480, "height": 6720, "tags": []}