{"rects": [[[33.599999999999994, 436.79999999999995, 4480, 5672.799999999999], ["window"]]], "width": 4480, "height": 6720, "tags": []}