{"rects": [[[67.19999999999999, 1092.0, 4474.4, 6417.599999999999], ["window"]]], "width": 4480, "height": 6720, "tags": []}