{"rects": [[[11.2, 705.5999999999999, 3662.3999999999996, 5773.599999999999], ["window"]]], "width": 4480, "height": 6720, "tags": []}