{"rects": [[[28.0, 739.1999999999999, 4480.0, 5560.799999999999], ["window"]]], "width": 4480, "height": 6720, "tags": []}