{"rects": [[[224.0, 677.5999999999999, 4401.599999999999, 6070.4], ["window"]]], "width": 4480, "height": 6720, "tags": []}