{"rects": [[[22.4, 492.79999999999995, 4474.4, 6081.599999999999], ["window"]]], "width": 4480, "height": 6720, "tags": []}