{"rects": [[[22.4, 453.59999999999997, 3673.6, 5252.799999999999], ["window"]]], "width": 4480, "height": 6720, "tags": []}