{"rects": [[[0, 1080.8, 4468.799999999999, 6473.599999999999], ["window"]]], "width": 4480, "height": 6720, "tags": []}