{"rects": [[[134.39999999999998, 380.79999999999995, 4351.2, 5941.599999999999], ["window"]]], "width": 4480, "height": 6720, "tags": []}