{"rects": [[[296.79999999999995, 218.39999999999998, 3947.9999999999995, 4793.599999999999], ["window", "shop"]]], "width": 4480, "height": 6720, "tags": []}