{"rects": [[[16.799999999999997, 868.0, 4480.0, 4821.599999999999], ["window"]]], "width": 4480, "height": 6720, "tags": []}