{"rects": [[[11.2, 923.9999999999999, 4468.799999999999, 6165.599999999999], ["window"]]], "width": 4480, "height": 6720, "tags": []}