{"rects": [[[0, 1131.1999999999998, 4480.0, 6596.799999999999], ["window"]]], "width": 4480, "height": 6720, "tags": []}