{"rects": [[[588.0, 39.199999999999996, 4474.4, 6260.799999999999], ["window"]]], "width": 4480, "height": 6720, "tags": []}