{"rects": [[[571.1999999999999, 503.99999999999994, 4015.2, 5784.799999999999], ["window"]]], "width": 4480, "height": 6720, "tags": []}