{"rects": [[[940.8, 991.1999999999999, 3891.9999999999995, 5661.599999999999], ["window"]]], "width": 4480, "height": 6720, "tags": []}