{"rects": [[[16.799999999999997, 907.1999999999999, 4463.2, 4832.799999999999], ["window"]]], "width": 4480, "height": 6720, "tags": []}