{"rects": [[[184.79999999999998, 1058.3999999999999, 4480, 4900.0], ["window"]]], "width": 4480, "height": 6720, "tags": []}