{"rects": [[[224.0, 1075.1999999999998, 3897.6, 5980.799999999999], ["window"]]], "width": 4480, "height": 6720, "tags": []}