{"rects": [[[515.1999999999999, 1965.6, 4059.9999999999995, 6546.4], ["window"]]], "width": 4480, "height": 6720, "tags": []}