{"rects": [[[28.0, 845.5999999999999, 4463.2, 5381.599999999999], ["window"]]], "width": 4480, "height": 6720, "tags": []}