{"rects": [[[16.799999999999997, 1316.0, 3634.3999999999996, 5348.0], ["window"]]], "width": 4480, "height": 6720, "tags": []}