{"rects": [[[0, 16.799999999999997, 4474.4, 6669.599999999999], ["window"]]], "width": 4480, "height": 6720, "tags": []}