{"rects": [[[0, 789.5999999999999, 4463.2, 5689.599999999999], ["window"]]], "width": 4480, "height": 6720, "tags": []}