{"rects": [[[16.799999999999997, 1646.3999999999999, 4468.799999999999, 5628.0], ["window"]]], "width": 4480, "height": 6720, "tags": []}