{"rects": [[[0, 1422.3999999999999, 4480, 5644.799999999999], ["window"]]], "width": 4480, "height": 6720, "tags": []}