{"rects": [[[22.4, 145.6, 4149.599999999999, 5269.599999999999], ["window"]]], "width": 4480, "height": 6720, "tags": []}