{"rects": [[[11.2, 492.79999999999995, 4356.799999999999, 6148.799999999999], ["window"]]], "width": 4480, "height": 6720, "tags": []}