{"rects": [[[72.8, 22.4, 4468.799999999999, 6484.799999999999], ["window"]]], "width": 4480, "height": 6720, "tags": []}