{"rects": [[[296.79999999999995, 1668.8, 4345.599999999999, 6568.799999999999], ["window"]]], "width": 4480, "height": 6720, "tags": []}