{"rects": [[[5.6, 257.59999999999997, 4468.799999999999, 6714.4], ["window"]]], "width": 4480, "height": 6720, "tags": []}