{"rects": [[[274.4, 744.8, 3886.3999999999996, 5633.599999999999], ["window"]]], "width": 4480, "height": 6720, "tags": []}