{"rects": [[[156.79999999999998, 1058.3999999999999, 3684.7999999999997, 5700.799999999999], ["window"]]], "width": 4480, "height": 6720, "tags": []}