{"rects": [[[296.79999999999995, 733.5999999999999, 4446.4, 6339.2], ["window"]]], "width": 4480, "height": 6720, "tags": []}