{"rects": [[[16.799999999999997, 16.799999999999997, 4474.4, 5331.2], ["window"]]], "width": 4480, "height": 6720, "tags": []}