{"rects": [[[5.6, 817.5999999999999, 4474.4, 5756.799999999999], ["window"]]], "width": 4480, "height": 6720, "tags": []}