{"rects": [[[240.79999999999998, 251.99999999999997, 4463.2, 6686.4], ["window"]]], "width": 4480, "height": 6720, "tags": []}