{"rects": [[[795.1999999999999, 896.0, 4250.4, 6221.599999999999], ["window"]]], "width": 4480, "height": 6720, "tags": []}