{"rects": [[[0, 884.8, 4468.799999999999, 5689.599999999999], ["window"]]], "width": 4480, "height": 6720, "tags": []}