{"rects": [[[0, 425.59999999999997, 3914.3999999999996, 6288.799999999999], ["window"]]], "width": 4480, "height": 6720, "tags": []}