{"rects": [[[979.9999999999999, 274.4, 4463.2, 6232.799999999999], ["window"]]], "width": 4480, "height": 6720, "tags": []}