{"rects": [[[11.2, 778.4, 4468.799999999999, 6624.799999999999], ["window"]]], "width": 4480, "height": 6720, "tags": []}