{"rects": [[[459.2, 106.39999999999999, 4480, 6120.799999999999], ["window"]]], "width": 4480, "height": 6720, "tags": []}