{"rects": [[[134.39999999999998, 543.1999999999999, 4463.2, 6081.599999999999], ["window"]]], "width": 4480, "height": 6720, "tags": []}