{"rects": [[[16.799999999999997, 397.59999999999997, 4474.4, 6059.2], ["window"]]], "width": 4480, "height": 6720, "tags": []}