{"rects": [[[0, 1573.6, 3628.7999999999997, 6316.799999999999], ["window"]]], "width": 4480, "height": 6720, "tags": []}