{"rects": [[[380.79999999999995, 190.39999999999998, 4480.0, 6249.599999999999], ["window"]]], "width": 4480, "height": 6720, "tags": []}