{"rects": [[[302.4, 632.8, 3740.7999999999997, 6641.599999999999], ["window"]]], "width": 4480, "height": 6720, "tags": []}