{"rects": [[[784.0, 1814.3999999999999, 3975.9999999999995, 5840.799999999999], ["window"]]], "width": 4480, "height": 6720, "tags": []}