{"rects": [[[16.799999999999997, 532.0, 4468.799999999999, 5958.4], ["window"]]], "width": 4480, "height": 6720, "tags": []}