{"rects": [[[968.8, 711.1999999999999, 3875.2, 5997.599999999999], ["window"]]], "width": 4480, "height": 6720, "tags": []}