{"rects": [[[711.1999999999999, 1047.2, 4334.4, 5336.799999999999], ["window"]]], "width": 4480, "height": 6720, "tags": []}