{"rects": [[[33.599999999999994, 5.6, 4468.799999999999, 6344.799999999999], ["window"]]], "width": 4480, "height": 6720, "tags": []}