{"rects": [[[16.799999999999997, 0, 4474.4, 2839.2], ["window"]], [[39.199999999999996, 3337.6, 4480, 6714.4], ["window"]]], "width": 4480, "height": 6720, "tags": []}