{"rects": [[[190.39999999999998, 571.1999999999999, 4457.599999999999, 6468.0], ["window"]]], "width": 4480, "height": 6720, "tags": []}