{"rects": [[[39.199999999999996, 532.0, 3959.2, 5616.799999999999], ["window"]]], "width": 4480, "height": 6720, "tags": []}