{"rects": [[[145.6, 1125.6, 4468.799999999999, 4989.599999999999], ["window"]]], "width": 4480, "height": 6720, "tags": []}