{"rects": [[[162.39999999999998, 711.1999999999999, 4463.2, 6697.599999999999], ["window"]]], "width": 4480, "height": 6720, "tags": []}