{"rects": [[[11.2, 1131.1999999999998, 4183.2, 4944.799999999999], ["window"]]], "width": 4480, "height": 6720, "tags": []}