{"rects": [[[16.799999999999997, 1663.1999999999998, 4474.4, 5992.0], ["window"]]], "width": 4480, "height": 6720, "tags": []}