{"rects": [[[11.2, 1142.3999999999999, 4440.799999999999, 5454.4], ["window"]]], "width": 4480, "height": 6720, "tags": []}