{"rects": [[[162.39999999999998, 991.1999999999999, 4480, 4950.4], ["window"]]], "width": 4480, "height": 6720, "tags": []}