{"rects": [[[1022.4, 115.19999999999999, 5664.0, 4449.599999999999], ["window"]]], "width": 6720, "height": 4480, "tags": []}