{"rects": [[[251.99999999999997, 1495.1999999999998, 4468.799999999999, 5549.599999999999], ["window"]]], "width": 4480, "height": 6720, "tags": []}