{"rects": [[[162.39999999999998, 1271.1999999999998, 4379.2, 5796.0], ["window"]]], "width": 4480, "height": 6720, "tags": []}