{"rects": [[[532.0, 1618.3999999999999, 3970.3999999999996, 5616.799999999999], ["window"]]], "width": 4480, "height": 6720, "tags": []}