{"rects": [[[190.39999999999998, 1556.8, 3264.7999999999997, 5857.599999999999], ["window", "shop"]]], "width": 4480, "height": 6720, "tags": []}