{"rects": [[[341.59999999999997, 475.99999999999994, 4452.0, 6160.0], ["window"]]], "width": 4480, "height": 6720, "tags": []}