{"rects": [[[957.5999999999999, 240.79999999999998, 4452.0, 6624.799999999999], ["window"]]], "width": 4480, "height": 6720, "tags": []}