{"rects": [[[212.79999999999998, 683.1999999999999, 4468.799999999999, 6647.2], ["window"]]], "width": 4480, "height": 6720, "tags": []}