{"rects": [[[44.8, 1243.1999999999998, 4440.799999999999, 6546.4], ["window"]]], "width": 4480, "height": 6720, "tags": []}