{"rects": [[[22.4, 492.79999999999995, 4468.799999999999, 5818.4], ["window"]]], "width": 4480, "height": 6720, "tags": []}