{"rects": [[[22.4, 1030.3999999999999, 4463.2, 5857.599999999999], ["window"]]], "width": 4480, "height": 6720, "tags": []}