{"rects": [[[16.799999999999997, 806.4, 4166.4, 6092.799999999999], ["window"]]], "width": 4480, "height": 6720, "tags": []}