{"rects": [[[56.0, 184.79999999999998, 4480.0, 6344.799999999999], ["window"]]], "width": 4480, "height": 6720, "tags": []}