{"rects": [[[767.1999999999999, 33.599999999999994, 4452.0, 6305.599999999999], ["window"]]], "width": 4480, "height": 6720, "tags": []}