{"rects": [[[28.0, 593.5999999999999, 4457.599999999999, 6708.799999999999], ["window"]]], "width": 4480, "height": 6720, "tags": []}