{"rects": [[[369.59999999999997, 1416.8, 4474.4, 5549.599999999999], ["window"]]], "width": 4480, "height": 6720, "tags": []}