{"rects": [[[11.2, 212.79999999999998, 4474.4, 5700.799999999999], ["window"]]], "width": 4480, "height": 6720, "tags": []}