{"rects": [[[0, 464.79999999999995, 4480.0, 6708.799999999999], ["window"]]], "width": 4480, "height": 6720, "tags": []}