{"rects": [[[733.5999999999999, 571.1999999999999, 4065.6, 6193.599999999999], ["window"]]], "width": 4480, "height": 6720, "tags": []}