{"rects": [[[0, 16.799999999999997, 4480.0, 6473.599999999999], ["window"]]], "width": 4480, "height": 6720, "tags": []}