{"rects": [[[11.2, 677.5999999999999, 4480, 5885.599999999999], ["window"]]], "width": 4480, "height": 6720, "tags": []}