{"rects": [[[39.199999999999996, 1450.3999999999999, 4440.799999999999, 5185.599999999999], ["window"]]], "width": 4480, "height": 6720, "tags": []}