{"rects": [[[431.2, 845.5999999999999, 3662.3999999999996, 5034.4], ["window"]]], "width": 4480, "height": 6720, "tags": []}