{"rects": [[[218.39999999999998, 817.5999999999999, 4474.4, 5208.0], ["window"]]], "width": 4480, "height": 6720, "tags": []}