{"rects": [[[16.799999999999997, 364.0, 4474.4, 6484.799999999999], ["window"]]], "width": 4480, "height": 6720, "tags": []}