{"rects": [[[16.799999999999997, 1170.3999999999999, 4446.4, 4642.4], ["window"]]], "width": 4480, "height": 6720, "tags": []}