{"rects": [[[5.6, 923.9999999999999, 4463.2, 5448.799999999999], ["window"]]], "width": 4480, "height": 6720, "tags": []}