{"rects": [[[0, 1674.3999999999999, 3919.9999999999995, 5723.2], ["window"]]], "width": 4480, "height": 6720, "tags": []}