{"rects": [[[929.5999999999999, 263.2, 4412.799999999999, 6344.799999999999], ["window"]]], "width": 4480, "height": 6720, "tags": []}