{"rects": [[[655.1999999999999, 106.39999999999999, 4463.2, 6428.799999999999], ["window"]]], "width": 4480, "height": 6720, "tags": []}