{"rects": [[[16.799999999999997, 868.0, 4468.799999999999, 5891.2], ["window"]]], "width": 4480, "height": 6720, "tags": []}