{"rects": [[[0, 795.1999999999999, 4480, 6708.799999999999], ["window"]]], "width": 4480, "height": 6720, "tags": []}