{"rects": [[[22.4, 16.799999999999997, 4468.799999999999, 5846.4], ["window", "shop"]]], "width": 4480, "height": 6720, "tags": []}