{"rects": [[[291.2, 201.6, 3858.3999999999996, 5392.799999999999], ["window"]]], "width": 4480, "height": 6720, "tags": []}