{"rects": [[[16.799999999999997, 492.79999999999995, 4121.599999999999, 6053.599999999999], ["window"]]], "width": 4480, "height": 6720, "tags": []}