{"rects": [[[0, 0, 4480, 6720], ["facade"]], [[1187.1999999999998, 728.0, 4384.799999999999, 5202.4], ["window"]]], "width": 4480, "height": 6720, "tags": []}