{"rects": [[[879.1999999999999, 403.2, 4468.799999999999, 6171.2], ["window"]]], "width": 4480, "height": 6720, "tags": []}