{"rects": [[[61.599999999999994, 912.8, 4468.799999999999, 6557.599999999999], ["window"]]], "width": 4480, "height": 6720, "tags": []}