{"rects": [[[436.79999999999995, 425.59999999999997, 4463.2, 6104.0], ["window"]]], "width": 4480, "height": 6720, "tags": []}