{"rects": [[[22.4, 251.99999999999997, 4480.0, 6529.599999999999], ["window"]]], "width": 4480, "height": 6720, "tags": []}