{"rects": [[[22.4, 1310.3999999999999, 4261.599999999999, 6658.4], ["window"]]], "width": 4480, "height": 6720, "tags": []}