{"rects": [[[78.39999999999999, 616.0, 4468.799999999999, 6042.4], ["window"]]], "width": 4480, "height": 6720, "tags": []}