{"rects": [[[134.39999999999998, 655.1999999999999, 4468.799999999999, 5874.4], ["window"]]], "width": 4480, "height": 6720, "tags": []}