{"rects": [[[1176.0, 2038.3999999999999, 3511.2, 5336.799999999999], ["window"]]], "width": 4480, "height": 6720, "tags": []}