{"rects": [[[28.0, 5.6, 4468.799999999999, 4692.799999999999], ["window"]]], "width": 4480, "height": 6720, "tags": []}