{"rects": [[[0, 475.99999999999994, 4468.799999999999, 6266.4], ["window"]]], "width": 4480, "height": 6720, "tags": []}