{"rects": [[[0, 0, 4480, 6720], ["facade"]], [[369.59999999999997, 224.0, 4440.799999999999, 4149.599999999999], ["window"]]], "width": 4480, "height": 6720, "tags": []}