{"rects": [[[11.2, 1215.1999999999998, 4480, 5616.799999999999], ["window"]]], "width": 4480, "height": 6720, "tags": []}