{"rects": [[[694.4, 627.1999999999999, 4003.9999999999995, 6087.2], ["window"]]], "width": 4480, "height": 6720, "tags": []}