{"rects": [[[201.6, 33.599999999999994, 3595.2, 6596.799999999999], ["window"]]], "width": 4480, "height": 6720, "tags": []}