{"rects": [[[403.2, 43.199999999999996, 6321.599999999999, 4238.4], ["window"]]], "width": 6720, "height": 4480, "tags": []}