{"rects": [[[251.99999999999997, 0, 4328.799999999999, 6636.0], ["window"]]], "width": 4480, "height": 6720, "tags": []}