{"rects": [[[56.0, 240.79999999999998, 4250.4, 6529.599999999999], ["window"]]], "width": 4480, "height": 6720, "tags": []}