{"rects": [[[67.19999999999999, 492.79999999999995, 4468.799999999999, 5773.599999999999], ["window"]]], "width": 4480, "height": 6720, "tags": []}