{"rects": [[[1064.0, 492.79999999999995, 4205.599999999999, 5583.2], ["window"]]], "width": 4480, "height": 6720, "tags": []}