{"rects": [[[78.39999999999999, 1579.1999999999998, 4474.4, 5465.599999999999], ["window"]]], "width": 4480, "height": 6720, "tags": []}