{"rects": [[[817.5999999999999, 677.5999999999999, 4054.3999999999996, 6176.799999999999], ["window"]]], "width": 4480, "height": 6720, "tags": []}