{"rects": [[[11.2, 879.1999999999999, 4037.6, 5868.799999999999], ["window"]]], "width": 4480, "height": 6720, "tags": []}