{"rects": [[[22.4, 324.79999999999995, 4390.4, 5605.599999999999], ["window"]]], "width": 4480, "height": 6720, "tags": []}