{"rects": [[[106.39999999999999, 442.4, 4463.2, 6260.799999999999], ["window"]]], "width": 4480, "height": 6720, "tags": []}