{"rects": [[[392.0, 319.2, 4082.3999999999996, 6585.599999999999], ["window", "shop"]]], "width": 4480, "height": 6720, "tags": []}