{"rects": [[[537.5999999999999, 1388.8, 4480.0, 5672.799999999999], ["window"]]], "width": 4480, "height": 6720, "tags": []}