{"rects": [[[285.59999999999997, 106.39999999999999, 4429.599999999999, 6669.599999999999], ["window"]]], "width": 4480, "height": 6720, "tags": []}