{"rects": [[[0, 1366.3999999999999, 4474.4, 6372.799999999999], ["window"]]], "width": 4480, "height": 6720, "tags": []}