{"rects": [[[11.2, 711.1999999999999, 3992.7999999999997, 5846.4], ["window"]]], "width": 4480, "height": 6720, "tags": []}