{"rects": [[[660.8, 67.19999999999999, 4418.4, 6120.799999999999], ["window"]]], "width": 4480, "height": 6720, "tags": []}