{"rects": [[[296.79999999999995, 218.39999999999998, 4468.799999999999, 6255.2], ["window"]]], "width": 4480, "height": 6720, "tags": []}