{"rects": [[[16.799999999999997, 1635.1999999999998, 4480.0, 5840.799999999999], ["window"]]], "width": 4480, "height": 6720, "tags": []}