{"rects": [[[0, 0, 4480, 6720], ["facade"]], [[436.79999999999995, 912.8, 2990.3999999999996, 4508.0], ["window"]]], "width": 4480, "height": 6720, "tags": []}