{"rects": [[[39.199999999999996, 896.0, 4463.2, 6697.599999999999], ["window"]]], "width": 4480, "height": 6720, "tags": []}