{"rects": [[[145.6, 212.79999999999998, 4468.799999999999, 6591.2], ["window"]]], "width": 4480, "height": 6720, "tags": []}