{"rects": [[[16.799999999999997, 1590.3999999999999, 4474.4, 5426.4], ["window"]]], "width": 4480, "height": 6720, "tags": []}