{"rects": [[[5.6, 985.5999999999999, 4468.799999999999, 6025.599999999999], ["window"]]], "width": 4480, "height": 6720, "tags": []}