{"rects": [[[5.6, 16.799999999999997, 4468.799999999999, 5717.599999999999], ["window"]]], "width": 4480, "height": 6720, "tags": []}