{"rects": [[[296.79999999999995, 772.8, 4076.7999999999997, 6283.2], ["window"]]], "width": 4480, "height": 6720, "tags": []}