{"rects": [[[901.5999999999999, 940.8, 4474.4, 6305.599999999999], ["window"]]], "width": 4480, "height": 6720, "tags": []}