{"rects": [[[16.799999999999997, 16.799999999999997, 4480.0, 5706.4], ["window"]]], "width": 4480, "height": 6720, "tags": []}