{"rects": [[[5.6, 565.5999999999999, 4480, 5700.799999999999], ["window"]]], "width": 4480, "height": 6720, "tags": []}