{"rects": [[[0, 515.1999999999999, 4009.6, 5280.799999999999], ["window"]]], "width": 4480, "height": 6720, "tags": []}