{"rects": [[[800.8, 280.0, 3830.3999999999996, 6708.799999999999], ["window"]]], "width": 4480, "height": 6720, "tags": []}