{"rects": [[[0, 677.5999999999999, 4183.2, 5112.799999999999], ["window"]]], "width": 4480, "height": 6720, "tags": []}