{"rects": [[[558.0899999999999, 1067.04, 3724.1099999999997, 4808.7], ["window"]]], "width": 3744, "height": 5616, "tags": ["rot90"]}