{"rects": [[[1860.3, 684.4499999999999, 4398.03, 3015.0899999999997], ["window"]]], "width": 5616, "height": 3744, "tags": []}