{"rects": [[[2541.24, 1151.28, 4710.42, 3488.9399999999996], ["window"]], [[740.6099999999999, 845.91, 2267.46, 3744], ["door"]]], "width": 5616, "height": 3744, "tags": []}