{"rects": [[[909.0899999999999, 2049.8399999999997, 2871.18, 3906.6299999999997], ["window"]]], "width": 3744, "height": 5616, "tags": ["rot90"]}