{"rects": [[[1344.33, 687.9599999999999, 3471.39, 2962.4399999999996], ["window"]]], "width": 3744, "height": 5616, "tags": ["rot90", "deleted"]}