{"rects": [[[768.6899999999999, 1811.1599999999999, 2709.72, 3741.66], ["window"]]], "width": 3744, "height": 5616, "tags": ["rot90"]}