{"rects": [[[442.26, 824.8499999999999, 2920.3199999999997, 4050.54], ["window"]]], "width": 3744, "height": 5616, "tags": ["rot90"]}