{"rects": [[[63.17999999999999, 456.29999999999995, 3243.24, 4496.3099999999995], ["window"]]], "width": 3744, "height": 5616, "tags": ["rot90"]}