{"rects": [[[895.05, 1470.6899999999998, 3123.8999999999996, 3987.3599999999997], ["window"]]], "width": 3744, "height": 5616, "tags": ["rot90"]}