{"rects": [[[902.0699999999999, 1263.6, 3671.4599999999996, 4724.46], ["window"]]], "width": 3744, "height": 5616, "tags": []}