{"rects": [[[421.2, 1393.47, 2994.0299999999997, 4068.0899999999997], ["window"]]], "width": 3744, "height": 5616, "tags": ["rot90"]}