{"rects": [[[603.7199999999999, 1389.9599999999998, 3148.47, 4152.33], ["window"]]], "width": 3744, "height": 5616, "tags": ["rot90"]}