{"rects": [[[600.2099999999999, 1537.3799999999999, 3383.64, 4278.69], ["window"]]], "width": 3744, "height": 5616, "tags": ["rot90"]}