{"rects": [[[193.04999999999998, 579.15, 3744, 4524.389999999999], ["window"]]], "width": 3744, "height": 5616, "tags": ["rot90"]}