{"rects": [[[368.54999999999995, 930.15, 3474.8999999999996, 4261.139999999999], ["window"]]], "width": 3744, "height": 5616, "tags": ["rot90"]}