{"rects": [[[3636.3599999999997, 1958.58, 4412.07, 3534.5699999999997], ["door"]], [[1747.9799999999998, 1660.2299999999998, 2825.5499999999997, 3302.91], ["door"]], [[2723.7599999999998, 1839.2399999999998, 3660.93, 2695.68], ["window"]]], "width": 5616, "height": 3744, "tags": []}