{"rects": [[[1740.9599999999998, 761.67, 4261.139999999999, 3320.4599999999996], ["window"]]], "width": 5616, "height": 3744, "tags": []}