{"rects": [[[680.9399999999999, 1628.6399999999999, 3330.99, 4004.91], ["window"]]], "width": 3744, "height": 5616, "tags": ["rot90"]}