{"rects": [[[1442.61, 1112.6699999999998, 4159.349999999999, 3467.8799999999997], ["window"]]], "width": 5616, "height": 3744, "tags": []}