{"rects": [[[252.71999999999997, 1077.57, 3250.2599999999998, 3955.77], ["window"]]], "width": 3744, "height": 5616, "tags": ["rot90"]}