{"rects": [[[203.57999999999998, 129.87, 3744, 5296.589999999999], ["window"]]], "width": 3744, "height": 5616, "tags": ["rot90"]}