{"rects": [[[1340.82, 1210.9499999999998, 3517.02, 3948.7499999999995], ["window"]]], "width": 3744, "height": 5616, "tags": ["rot90"]}