{"rects": [[[494.90999999999997, 1309.23, 3488.9399999999996, 4201.469999999999], ["window"]]], "width": 3744, "height": 5616, "tags": ["rot90"]}