{"rects": [[[24.57, 1144.26, 1449.6299999999999, 2804.49], ["window"]], [[2614.95, 1291.6799999999998, 3744, 2937.87], ["window"]]], "width": 3744, "height": 5616, "tags": ["rot90"]}