{"rects": [[[603.7199999999999, 1112.6699999999998, 3404.7, 4004.91], ["window"]]], "width": 3744, "height": 5616, "tags": ["rot90"]}