{"rects": [[[1762.02, 687.9599999999999, 3667.95, 2604.4199999999996], ["window"]]], "width": 5616, "height": 3744, "tags": ["deleted"]}