{"rects": [[[2804.49, 1168.83, 5078.969999999999, 3352.0499999999997], ["window"]]], "width": 5616, "height": 3744, "tags": []}