{"rects": [[[852.93, 1568.9699999999998, 3204.6299999999997, 4457.7], ["window"]]], "width": 3744, "height": 5616, "tags": ["rot90"]}