{"rects": [[[1088.1, 52.65, 5124.599999999999, 3583.7099999999996], ["window"]]], "width": 5616, "height": 3744, "tags": []}