{"rects": [[[2418.39, 414.17999999999995, 5229.9, 3299.3999999999996], ["window"]]], "width": 5616, "height": 3744, "tags": []}