{"rects": [[[1488.24, 396.63, 4303.259999999999, 3278.3399999999997], ["window"]]], "width": 5616, "height": 3744, "tags": []}