{"rects": [[[1800.6299999999999, 1102.1399999999999, 3309.93, 2541.24], ["window"]], [[568.62, 881.01, 2049.8399999999997, 3562.6499999999996], ["door"]]], "width": 5616, "height": 3744, "tags": []}