{"rects": [[[182.51999999999998, 1126.71, 2955.4199999999996, 5166.719999999999], ["window"]]], "width": 3744, "height": 5616, "tags": ["rot90"]}