{"rects": [[[347.48999999999995, 1028.4299999999998, 3583.7099999999996, 4201.469999999999], ["window"]]], "width": 3744, "height": 5616, "tags": ["rot90"]}