{"rects": [[[2091.96, 140.39999999999998, 4004.91, 2488.5899999999997], ["window"]], [[3632.85, 322.91999999999996, 5201.82, 2109.5099999999998], ["window"]]], "width": 5616, "height": 3744, "tags": []}