{"rects": [[[786.24, 386.09999999999997, 2983.5, 3067.74], ["window"]], [[2951.91, 1070.55, 3783.7799999999997, 3622.3199999999997], ["door"]], [[3657.4199999999996, 1256.58, 4461.21, 2590.3799999999997], ["window"]]], "width": 5616, "height": 3744, "tags": []}