{"rects": [[[2534.22, 470.34, 5472.089999999999, 3292.3799999999997], ["window"]]], "width": 5616, "height": 3744, "tags": []}