{"rects": [[[1379.4299999999998, 91.25999999999999, 4338.36, 3383.64], ["window"]]], "width": 5616, "height": 3744, "tags": []}