{"rects": [[[1470.6899999999998, 263.25, 4373.46, 3197.6099999999997], ["window"]]], "width": 5616, "height": 3744, "tags": []}