{"rects": [[[315.9, 459.80999999999995, 3744, 4408.5599999999995], ["window"]]], "width": 3744, "height": 5616, "tags": ["rot90"]}