{"rects": [[[498.41999999999996, 814.3199999999999, 3376.62, 4278.69], ["window"]]], "width": 3744, "height": 5616, "tags": ["rot90"]}