{"rects": [[[343.97999999999996, 642.3299999999999, 3744, 4320.8099999999995], ["window"]]], "width": 3744, "height": 5616, "tags": ["rot90"]}