{"rects": [[[1281.1499999999999, 70.19999999999999, 4885.92, 3744], ["window"]]], "width": 5616, "height": 3744, "tags": []}