{"rects": [[[2885.22, 635.31, 5015.79, 2825.5499999999997], ["window"]], [[670.41, 491.4, 2435.94, 2576.3399999999997], ["window"]]], "width": 5616, "height": 3744, "tags": []}