{"rects": [[[1000.3499999999999, 1839.2399999999998, 2913.2999999999997, 3703.0499999999997], ["window"]]], "width": 3744, "height": 5616, "tags": ["rot90"]}