{"rects": [[[459.80999999999995, 982.8, 3548.6099999999997, 4440.15], ["window"]]], "width": 3744, "height": 5616, "tags": ["rot90"]}