{"rects": [[[501.92999999999995, 252.71999999999997, 4871.88, 3744], ["window"]]], "width": 5616, "height": 3744, "tags": []}