{"rects": [[[933.66, 1186.3799999999999, 3257.2799999999997, 4204.98], ["window"]]], "width": 3744, "height": 5616, "tags": ["rot90"]}