{"rects": [[[1070.55, 150.92999999999998, 4306.7699999999995, 3629.3399999999997], ["window"]]], "width": 5616, "height": 3744, "tags": []}