{"rects": [[[2446.47, 1281.1499999999999, 4699.889999999999, 3345.0299999999997], ["window"]]], "width": 5616, "height": 3744, "tags": []}