{"rects": [[[1818.1799999999998, 589.68, 4570.0199999999995, 3267.81], ["window"]]], "width": 5616, "height": 3744, "tags": []}