{"rects": [[[224.64, 1102.1399999999999, 2481.5699999999997, 4622.67], ["window"]]], "width": 3744, "height": 5616, "tags": ["rot90"]}