{"rects": [[[638.8199999999999, 1154.79, 3492.45, 4464.719999999999], ["window"]]], "width": 3744, "height": 5616, "tags": ["rot90"]}