{"rects": [[[1547.9099999999999, 358.02, 3952.2599999999998, 2853.6299999999997], ["window"]]], "width": 5616, "height": 3744, "tags": []}