{"rects": [[[421.2, 1000.3499999999999, 3510.0, 4159.349999999999], ["window"]]], "width": 3744, "height": 5616, "tags": ["rot90"]}