{"rects": [[[589.68, 1109.1599999999999, 3639.87, 4538.429999999999], ["window"]]], "width": 3744, "height": 5616, "tags": ["rot90"]}