{"rects": [[[157.95, 856.4399999999999, 3102.8399999999997, 4124.25], ["window"]]], "width": 3744, "height": 5616, "tags": ["rot90"]}