{"rects": [[[845.91, 1779.57, 3123.8999999999996, 3759.2099999999996], ["window"]]], "width": 3744, "height": 5616, "tags": ["rot90"]}