{"rects": [[[1130.22, 161.45999999999998, 3738.1499999999996, 3313.4399999999996], ["window"]], [[389.60999999999996, 1186.3799999999999, 1470.6899999999998, 2481.5699999999997], ["window"]]], "width": 3744, "height": 5616, "tags": ["rot90"]}