{"rects": [[[1607.58, 59.669999999999995, 4359.42, 3744], ["window"]], [[4050.54, 989.8199999999999, 5370.299999999999, 3201.12], ["window"]]], "width": 5616, "height": 3744, "tags": []}