{"rects": [[[1723.4099999999999, 17.549999999999997, 4464.719999999999, 2600.91], ["window"]]], "width": 5616, "height": 3744, "tags": []}