{"rects": [[[1656.7199999999998, 150.92999999999998, 4826.25, 2867.6699999999996], ["window"]]], "width": 5616, "height": 3744, "tags": ["deleted"]}