{"rects": [[[1477.7099999999998, 852.93, 4015.4399999999996, 3225.6899999999996], ["window"]]], "width": 5616, "height": 3744, "tags": []}