{"rects": [[[442.26, 256.22999999999996, 3717.0899999999997, 3625.83], ["window"]]], "width": 3744, "height": 5616, "tags": ["rot90"]}