{"rects": [[[1010.8799999999999, 2116.5299999999997, 2734.29, 3615.2999999999997], ["window"]]], "width": 3744, "height": 5616, "tags": ["rot90"]}