{"rects": [[[666.9, 1368.8999999999999, 3246.75, 3973.3199999999997], ["window"]]], "width": 3744, "height": 5616, "tags": ["rot90"]}