{"rects": [[[150.92999999999998, 866.9699999999999, 3744, 4534.92], ["window"]]], "width": 3744, "height": 5616, "tags": ["rot90"]}