{"rects": [[[421.2, 133.38, 3204.6299999999997, 4233.0599999999995], ["window"]]], "width": 3744, "height": 5616, "tags": ["rot90"]}