{"rects": [[[1182.87, 1997.1899999999998, 2639.52, 3453.8399999999997], ["window"]]], "width": 3744, "height": 5616, "tags": ["rot90"]}