{"rects": [[[761.67, 1477.7099999999998, 3120.39, 4233.0599999999995], ["window"]]], "width": 3744, "height": 5616, "tags": ["rot90"]}