{"rects": [[[2151.6299999999997, 975.78, 3924.18, 2628.99], ["window"]], [[1495.26, 1133.73, 2446.47, 3123.8999999999996], ["door"]]], "width": 5616, "height": 3744, "tags": []}