{"rects": [[[368.54999999999995, 824.8499999999999, 3460.8599999999997, 4138.29], ["window"]]], "width": 3744, "height": 5616, "tags": ["rot90"]}