{"rects": [[[249.20999999999998, 972.27, 3531.06, 4233.0599999999995], ["window"]]], "width": 3744, "height": 5616, "tags": ["rot90"]}