{"rects": [[[1814.6699999999998, 108.80999999999999, 4162.86, 2404.35], ["window"]]], "width": 5616, "height": 3744, "tags": []}