{"rects": [[[1765.53, 522.99, 4303.259999999999, 3088.7999999999997], ["window"]]], "width": 5616, "height": 3744, "tags": []}