{"rects": [[[294.84, 452.78999999999996, 3569.6699999999996, 4633.2], ["window"]]], "width": 3744, "height": 5616, "tags": ["rot90"]}