{"rects": [[[740.6099999999999, 1572.48, 3050.1899999999996, 3871.5299999999997], ["window"]]], "width": 3744, "height": 5616, "tags": ["rot90"]}