{"rects": [[[1382.9399999999998, 561.5999999999999, 4517.37, 3744], ["window"]]], "width": 5616, "height": 3744, "tags": []}