{"rects": [[[1442.61, 845.91, 4131.2699999999995, 3320.4599999999996], ["window"]]], "width": 5616, "height": 3744, "tags": []}