{"rects": [[[3106.35, 1267.11, 4580.549999999999, 2846.6099999999997], ["window"]]], "width": 5616, "height": 3744, "tags": []}