{"rects": [[[996.8399999999999, 63.17999999999999, 4506.84, 3397.68], ["window"]]], "width": 5616, "height": 3744, "tags": []}