{"rects": [[[17.549999999999997, 193.04999999999998, 3744, 4903.469999999999], ["window"]]], "width": 3744, "height": 5616, "tags": ["rot90"]}