{"rects": [[[494.90999999999997, 712.53, 3744, 4566.509999999999], ["window"]]], "width": 3744, "height": 5616, "tags": ["rot90"]}