{"rects": [[[1217.97, 365.03999999999996, 3860.9999999999995, 2713.23], ["window"]]], "width": 5616, "height": 3744, "tags": []}