{"rects": [[[1460.1599999999999, 905.5799999999999, 4226.04, 3264.2999999999997], ["window"]]], "width": 5616, "height": 3744, "tags": []}