{"rects": [[[305.37, 1291.6799999999998, 2987.0099999999998, 4180.41], ["window"]]], "width": 3744, "height": 5616, "tags": ["rot90"]}