{"rects": [[[649.3499999999999, 1821.6899999999998, 3436.29, 4383.99], ["window"]]], "width": 3744, "height": 5616, "tags": ["rot90"]}