{"rects": [[[456.29999999999995, 856.4399999999999, 3744, 4699.889999999999], ["window"]]], "width": 3744, "height": 5616, "tags": ["rot90"]}