{"rects": [[[249.20999999999998, 379.08, 3744, 4727.969999999999], ["window"]]], "width": 3744, "height": 5616, "tags": ["rot90"]}