{"rects": [[[680.9399999999999, 1274.1299999999999, 3236.22, 3832.9199999999996], ["window"]]], "width": 3744, "height": 5616, "tags": ["rot90"]}