{"rects": [[[0, 0, 5616, 3744], ["window"]], [[2270.97, 63.17999999999999, 4380.48, 2137.5899999999997], ["window"]], [[754.65, 52.65, 2625.48, 3513.5099999999998], ["door"]]], "width": 5616, "height": 3744, "tags": []}