{"rects": [[[63.17999999999999, 687.9599999999999, 3527.5499999999997, 4766.58], ["window"]]], "width": 3744, "height": 5616, "tags": ["rot90"]}