{"rects": [[[305.37, 947.6999999999999, 3404.7, 4482.2699999999995], ["window"]]], "width": 3744, "height": 5616, "tags": ["rot90"]}