{"rects": [[[810.81, 1449.6299999999999, 2892.24, 3766.2299999999996], ["window"]]], "width": 3744, "height": 5616, "tags": ["rot90"]}