{"rects": [[[494.90999999999997, 1228.5, 3109.8599999999997, 4127.759999999999], ["window"]]], "width": 3744, "height": 5616, "tags": ["rot90"]}