{"rects": [[[389.60999999999996, 1003.8599999999999, 3330.99, 3927.6899999999996], ["window"]]], "width": 3744, "height": 5616, "tags": ["rot90"]}