{"rects": [[[744.12, 1337.31, 2744.8199999999997, 3825.8999999999996], ["window"]]], "width": 3744, "height": 5616, "tags": ["rot90"]}