{"rects": [[[252.71999999999997, 1151.28, 3629.3399999999997, 4534.92], ["window"]]], "width": 3744, "height": 5616, "tags": ["rot90"]}