{"rects": [[[961.7399999999999, 164.97, 4633.2, 3590.7299999999996], ["window"]]], "width": 5616, "height": 3744, "tags": []}