{"rects": [[[105.3, 480.86999999999995, 3703.0499999999997, 4485.78], ["window"]]], "width": 3744, "height": 5616, "tags": ["rot90"]}