{"rects": [[[161.45999999999998, 716.04, 3744, 4699.889999999999], ["window"]]], "width": 3744, "height": 5616, "tags": ["rot90"]}