{"rects": [[[1330.29, 656.37, 4289.219999999999, 3408.2099999999996], ["window"]]], "width": 5616, "height": 3744, "tags": []}