{"rects": [[[554.5799999999999, 1189.8899999999999, 3425.7599999999998, 3885.5699999999997], ["window"]]], "width": 3744, "height": 5616, "tags": ["rot90"]}