{"rects": [[[80.72999999999999, 505.43999999999994, 3383.64, 4573.53], ["window"]]], "width": 3744, "height": 5616, "tags": ["rot90"]}