{"rects": [[[1793.61, 772.1999999999999, 4043.5199999999995, 2853.6299999999997], ["window"]]], "width": 5616, "height": 3744, "tags": []}