{"rects": [[[112.32, 859.9499999999999, 3390.66, 4584.0599999999995], ["window"]]], "width": 3744, "height": 5616, "tags": ["rot90"]}