{"rects": [[[1747.9799999999998, 368.54999999999995, 4454.19, 3144.96], ["window"]]], "width": 5616, "height": 3744, "tags": []}