{"rects": [[[150.92999999999998, 368.54999999999995, 3744, 4650.75], ["window"]]], "width": 3744, "height": 5616, "tags": ["rot270"]}