{"rects": [[[2239.3799999999997, 368.54999999999995, 4176.9, 2509.6499999999996], ["window"]]], "width": 5616, "height": 3744, "tags": []}