{"rects": [[[407.15999999999997, 986.31, 3710.0699999999997, 4313.79], ["window"]]], "width": 3744, "height": 5616, "tags": ["rot90"]}