{"rects": [[[779.2199999999999, 301.85999999999996, 5103.54, 3744], ["window"]]], "width": 5616, "height": 3744, "tags": []}