{"rects": [[[1224.99, 737.0999999999999, 4299.75, 3359.0699999999997], ["window"]]], "width": 5616, "height": 3744, "tags": []}