{"rects": [[[1102.1399999999999, 1856.79, 2671.1099999999997, 3373.1099999999997], ["window"]]], "width": 3744, "height": 5616, "tags": ["rot90"]}