{"rects": [[[494.90999999999997, 66.69, 4657.7699999999995, 3744], ["window"]]], "width": 5616, "height": 3744, "tags": []}