{"rects": [[[1607.58, 965.2499999999999, 3797.8199999999997, 3260.79], ["window"]]], "width": 5616, "height": 3744, "tags": []}