{"rects": [[[161.45999999999998, 589.68, 3250.2599999999998, 4731.48], ["window"]]], "width": 3744, "height": 5616, "tags": ["rot90"]}