{"rects": [[[881.01, 1561.9499999999998, 3246.75, 4054.0499999999997], ["window"]]], "width": 3744, "height": 5616, "tags": ["rot90"]}