{"rects": [[[1038.96, 358.02, 4306.7699999999995, 3408.2099999999996], ["window"]]], "width": 5616, "height": 3744, "tags": []}