{"rects": [[[101.78999999999999, 1196.9099999999999, 3699.54, 4643.73], ["window"]]], "width": 3744, "height": 5616, "tags": ["rot90"]}