{"rects": [[[7.02, 407.15999999999997, 3744, 5415.929999999999], ["window"]]], "width": 3744, "height": 5616, "tags": ["rot90"]}