{"rects": [[[866.9699999999999, 1986.6599999999999, 2688.66, 3710.0699999999997], ["window"]]], "width": 3744, "height": 5616, "tags": ["rot90"]}