{"rects": [[[593.1899999999999, 1600.56, 3408.2099999999996, 4334.849999999999], ["window"]]], "width": 3744, "height": 5616, "tags": ["rot90"]}