{"rects": [[[628.29, 1428.57, 3488.9399999999996, 3966.2999999999997], ["window"]]], "width": 3744, "height": 5616, "tags": ["rot90"]}