{"rects": [[[431.72999999999996, 1400.49, 3744, 4422.599999999999], ["window"]]], "width": 3744, "height": 5616, "tags": ["rot90"]}