{"rects": [[[512.4599999999999, 1232.01, 3176.5499999999997, 4215.509999999999], ["window"]]], "width": 3744, "height": 5616, "tags": ["rot90"]}