{"rects": [[[649.3499999999999, 1224.99, 3229.2, 3776.7599999999998], ["window"]]], "width": 3744, "height": 5616, "tags": ["rot90"]}