{"rects": [[[1470.6899999999998, 400.14, 3759.2099999999996, 2748.33], ["window"]]], "width": 5616, "height": 3744, "tags": []}