{"rects": [[[554.5799999999999, 1067.04, 3169.5299999999997, 4222.53], ["window"]]], "width": 3744, "height": 5616, "tags": ["rot90"]}