{"rects": [[[680.9399999999999, 1786.59, 2944.89, 3899.6099999999997], ["window"]]], "width": 3744, "height": 5616, "tags": ["rot90"]}