{"rects": [[[810.81, 1470.6899999999998, 3285.3599999999997, 3850.47], ["window"]]], "width": 3744, "height": 5616, "tags": ["rot90"]}