{"rects": [[[873.9899999999999, 845.91, 3204.6299999999997, 4352.4], ["window"]]], "width": 3744, "height": 5616, "tags": ["rot90"]}