{"rects": [[[1288.1699999999998, 796.77, 4036.4999999999995, 3744], ["window"]]], "width": 5616, "height": 3744, "tags": []}