{"rects": [[[287.82, 873.9899999999999, 3703.0499999999997, 4348.889999999999], ["window"]]], "width": 3744, "height": 5616, "tags": ["rot90"]}