{"rects": [[[280.79999999999995, 600.2099999999999, 3422.25, 4833.2699999999995], ["window"]]], "width": 3744, "height": 5616, "tags": ["rot90"]}