{"rects": [[[2741.31, 775.7099999999999, 5110.5599999999995, 3338.0099999999998], ["window"]], [[1224.99, 1502.28, 2646.54, 3744], ["door"]]], "width": 5616, "height": 3744, "tags": []}