{"rects": [[[291.33, 951.2099999999999, 3127.41, 4391.009999999999], ["window"]]], "width": 3744, "height": 5616, "tags": ["rot90"]}