{"rects": [[[603.7199999999999, 1575.99, 1393.47, 2439.45], ["window"]], [[2000.6999999999998, 1267.11, 3187.08, 2383.29], ["window"]]], "width": 3744, "height": 5616, "tags": ["rot90"]}