{"rects": [[[1660.2299999999998, 52.65, 4654.259999999999, 3474.8999999999996], ["window"]]], "width": 5616, "height": 3744, "tags": []}