{"rects": [[[803.79, 1460.1599999999999, 3415.23, 4040.0099999999998], ["window"]]], "width": 3744, "height": 5616, "tags": ["rot90"]}