{"rects": [[[1049.49, 351.0, 4334.849999999999, 3257.2799999999997], ["window"]]], "width": 5616, "height": 3744, "tags": []}