{"rects": [[[498.41999999999996, 1677.78, 2839.5899999999997, 4183.92], ["window"]]], "width": 3744, "height": 5616, "tags": ["rot90"]}