{"rects": [[[2951.91, 1568.9699999999998, 4278.69, 2965.95], ["window"]], [[4264.65, 1716.3899999999999, 5577.389999999999, 3092.31], ["window"]]], "width": 5616, "height": 3744, "tags": []}