{"rects": [[[298.34999999999997, 217.61999999999998, 3541.5899999999997, 4601.61], ["window"]]], "width": 3744, "height": 5616, "tags": ["rot90"]}