{"rects": [[[565.11, 410.66999999999996, 4247.099999999999, 3267.81], ["window"]]], "width": 5616, "height": 3744, "tags": []}