{"rects": [[[663.39, 1193.3999999999999, 3380.1299999999997, 4215.509999999999], ["window"]]], "width": 3744, "height": 5616, "tags": ["rot90"]}