{"rects": [[[59.669999999999995, 730.0799999999999, 3744, 4545.45], ["window"]]], "width": 3744, "height": 5616, "tags": ["rot90"]}