{"rects": [[[368.54999999999995, 1604.07, 3338.0099999999998, 4250.61], ["window"]]], "width": 3744, "height": 5616, "tags": ["rot90"]}