{"rects": [[[129.87, 501.92999999999995, 3744, 4991.219999999999], ["window"]]], "width": 3744, "height": 5616, "tags": ["rot90"]}