{"rects": [[[873.9899999999999, 24.57, 5008.7699999999995, 3548.6099999999997], ["window"]]], "width": 5616, "height": 3744, "tags": []}