{"rects": [[[2063.8799999999997, 1365.3899999999999, 3464.37, 2846.6099999999997], ["window"]], [[3976.83, 1302.2099999999998, 5482.62, 3411.72], ["door"]]], "width": 5616, "height": 3744, "tags": []}