{"rects": [[[231.66, 733.5899999999999, 3239.73, 4450.679999999999], ["window"]]], "width": 3744, "height": 5616, "tags": ["rot90"]}