{"rects": [[[1751.4899999999998, 870.4799999999999, 4001.3999999999996, 2979.99], ["window"]], [[666.9, 1217.97, 1881.36, 3744], ["door"]]], "width": 5616, "height": 3744, "tags": []}