{"rects": [[[761.67, 56.16, 4436.639999999999, 3352.0499999999997], ["window"]]], "width": 5616, "height": 3744, "tags": []}