{"rects": [[[182.51999999999998, 789.75, 3744, 4538.429999999999], ["window"]]], "width": 3744, "height": 5616, "tags": ["rot90"]}