{"rects": [[[445.77, 94.77, 3657.4199999999996, 3502.9799999999996], ["window"]]], "width": 3744, "height": 5616, "tags": ["rot270"]}