{"rects": [[[652.86, 214.10999999999999, 3211.6499999999996, 2965.95], ["window"]]], "width": 5616, "height": 3744, "tags": []}