{"rects": [[[989.8199999999999, 182.51999999999998, 5040.36, 3744], ["window"]]], "width": 5616, "height": 3744, "tags": []}