{"rects": [[[1161.81, 1246.05, 3394.1699999999996, 3636.3599999999997], ["window"]]], "width": 3744, "height": 5616, "tags": ["rot90"]}