{"rects": [[[1895.3999999999999, 712.53, 3646.89, 3292.3799999999997], ["window"]], [[3531.06, 421.2, 5240.429999999999, 2320.1099999999997], ["window"]]], "width": 5616, "height": 3744, "tags": []}