{"rects": [[[1158.3, 1189.8899999999999, 3299.3999999999996, 4138.29], ["window"]]], "width": 3744, "height": 5616, "tags": ["rot90"]}