{"rects": [[[2309.58, 1288.1699999999998, 3555.6299999999997, 2923.83], ["window"]]], "width": 5616, "height": 3744, "tags": []}