{"rects": [[[1109.1599999999999, 1849.77, 3229.2, 4075.1099999999997], ["window"]]], "width": 3744, "height": 5616, "tags": ["rot90"]}