{"rects": [[[1207.4399999999998, 182.51999999999998, 4471.74, 3390.66], ["window"]]], "width": 5616, "height": 3744, "tags": []}