{"rects": [[[59.669999999999995, 993.3299999999999, 3467.8799999999997, 4734.99], ["window"]]], "width": 3744, "height": 5616, "tags": ["rot90"]}