{"rects": [[[1098.6299999999999, 35.099999999999994, 4914.0, 3744], ["window"]]], "width": 5616, "height": 3744, "tags": []}