{"rects": [[[638.8199999999999, 1463.6699999999998, 3018.6, 3885.5699999999997], ["window"]]], "width": 3744, "height": 5616, "tags": []}