{"rects": [[[1881.36, 1905.9299999999998, 3720.6, 3495.9599999999996], ["window"]]], "width": 5616, "height": 3744, "tags": []}