{"rects": [[[1565.4599999999998, 407.15999999999997, 4141.8, 3130.9199999999996], ["window"]]], "width": 5616, "height": 3744, "tags": []}