{"rects": [[[663.39, 593.1899999999999, 3204.6299999999997, 3425.7599999999998], ["window"]]], "width": 5616, "height": 3744, "tags": []}