{"rects": [[[428.21999999999997, 442.26, 3495.9599999999996, 4896.45], ["window"]]], "width": 3744, "height": 5616, "tags": ["rot90"]}