{"rects": [[[3689.0099999999998, 1751.4899999999998, 5064.929999999999, 3137.9399999999996], ["window"]]], "width": 5616, "height": 3744, "tags": []}