{"rects": [[[2049.8399999999997, 716.04, 3917.16, 2421.8999999999996], ["window"]]], "width": 5616, "height": 3744, "tags": []}