{"rects": [[[1533.87, 31.589999999999996, 4889.429999999999, 3380.1299999999997], ["window"]]], "width": 5616, "height": 3744, "tags": []}