{"rects": [[[1368.8999999999999, 319.40999999999997, 3822.39, 2706.21], ["window"]], [[3955.77, 273.78, 5612.49, 2909.79], ["door"]]], "width": 5616, "height": 3744, "tags": []}