{"rects": [[[600.2099999999999, 1302.2099999999998, 3190.5899999999997, 3825.8999999999996], ["window"]]], "width": 3744, "height": 5616, "tags": ["rot90"]}