{"rects": [[[235.17, 916.1099999999999, 3744, 4903.469999999999], ["window"]]], "width": 3744, "height": 5616, "tags": ["rot90"]}