{"rects": [[[877.5, 1453.1399999999999, 3127.41, 3906.6299999999997], ["window"]]], "width": 3744, "height": 5616, "tags": ["rot90"]}