{"rects": [[[1691.82, 354.51, 4436.639999999999, 3151.98], ["window"]], [[77.22, 856.4399999999999, 1825.1999999999998, 2678.1299999999997], ["window"]]], "width": 5616, "height": 3744, "tags": []}