{"rects": [[[298.34999999999997, 1323.27, 3527.5499999999997, 4643.73], ["window"]]], "width": 3744, "height": 5616, "tags": []}