{"rects": [[[1123.1999999999998, 782.7299999999999, 3362.58, 2853.6299999999997], ["window"]]], "width": 3744, "height": 5616, "tags": ["rot90"]}