{"rects": [[[224.64, 473.84999999999997, 3744, 4963.139999999999], ["window"]]], "width": 3744, "height": 5616, "tags": ["rot90"]}