{"rects": [[[150.92999999999998, 1319.76, 3187.08, 3839.9399999999996], ["window"]]], "width": 3744, "height": 5616, "tags": ["rot90"]}