{"rects": [[[761.67, 1540.8899999999999, 2920.3199999999997, 3776.7599999999998], ["window"]]], "width": 3744, "height": 5616, "tags": ["rot90"]}