{"rects": [[[961.7399999999999, 63.17999999999999, 4798.17, 3744], ["window"]]], "width": 5616, "height": 3744, "tags": []}