{"rects": [[[1031.9399999999998, 1688.31, 3137.9399999999996, 3966.2999999999997], ["window"]], [[228.14999999999998, 2081.43, 1249.56, 3485.43], ["window"]]], "width": 3744, "height": 5616, "tags": ["rot90"]}