{"rects": [[[87.75, 659.88, 3271.3199999999997, 4040.0099999999998], ["window"]]], "width": 3744, "height": 5616, "tags": ["rot90"]}