{"rects": [[[249.20999999999998, 351.0, 3710.0699999999997, 4720.95], ["window"]]], "width": 3744, "height": 5616, "tags": ["rot90"]}