{"rects": [[[726.5699999999999, 800.28, 3653.91, 4478.759999999999], ["window"]]], "width": 3744, "height": 5616, "tags": ["rot90"]}