{"rects": [[[684.4499999999999, 1930.4999999999998, 3531.06, 4201.469999999999], ["window"]]], "width": 3744, "height": 5616, "tags": ["rot90"]}