{"rects": [[[1249.56, 42.12, 5426.46, 3744], ["window"]], [[2495.6099999999997, 1670.76, 4275.179999999999, 3502.9799999999996], ["window"]]], "width": 5616, "height": 3744, "tags": []}