{"rects": [[[1119.6899999999998, 614.25, 4229.55, 3271.3199999999997], ["window"]]], "width": 5616, "height": 3744, "tags": []}