{"rects": [[[410.66999999999996, 761.67, 3439.7999999999997, 4527.9], ["window"]]], "width": 3744, "height": 5616, "tags": ["rot90"]}