{"rects": [[[1161.81, 112.32, 4538.429999999999, 3657.4199999999996], ["window"]]], "width": 5616, "height": 3744, "tags": []}