{"rects": [[[782.7299999999999, 1716.3899999999999, 2572.83, 3527.5499999999997], ["window"]]], "width": 3744, "height": 5616, "tags": ["rot90"]}