{"rects": [[[544.05, 1625.1299999999999, 2657.0699999999997, 3910.14], ["window"]]], "width": 3744, "height": 5616, "tags": ["rot90"]}