{"rects": [[[1017.9, 161.45999999999998, 4671.8099999999995, 3285.3599999999997], ["window"]]], "width": 5616, "height": 3744, "tags": []}