{"rects": [[[533.52, 824.8499999999999, 3450.33, 3920.6699999999996], ["window"]]], "width": 3744, "height": 5616, "tags": ["rot90"]}