{"rects": [[[3250.2599999999998, 298.34999999999997, 5373.8099999999995, 3159.0], ["window"]]], "width": 5616, "height": 3744, "tags": []}