{"rects": [[[463.32, 1375.9199999999998, 3359.0699999999997, 4247.099999999999], ["window"]]], "width": 3744, "height": 5616, "tags": ["rot90"]}