{"rects": [[[1347.84, 386.09999999999997, 5531.759999999999, 3397.68], ["window"]]], "width": 5616, "height": 3744, "tags": []}