{"rects": [[[1828.7099999999998, 838.89, 3776.7599999999998, 2639.52], ["window"]]], "width": 5616, "height": 3744, "tags": []}