{"rects": [[[979.29, 1491.75, 3299.3999999999996, 3973.3199999999997], ["window"]]], "width": 3744, "height": 5616, "tags": ["rot90"]}