{"rects": [[[347.48999999999995, 1246.05, 3555.6299999999997, 4036.4999999999995], ["window"]]], "width": 3744, "height": 5616, "tags": ["rot90"]}