{"rects": [[[958.2299999999999, 1723.4099999999999, 2657.0699999999997, 3681.99], ["window"]]], "width": 3744, "height": 5616, "tags": ["rot90"]}