{"rects": [[[814.3199999999999, 1811.1599999999999, 2955.4199999999996, 3801.33], ["window"]]], "width": 3744, "height": 5616, "tags": ["rot90"]}