{"rects": [[[1688.31, 1126.71, 3502.9799999999996, 2818.5299999999997], ["window"]]], "width": 5616, "height": 3744, "tags": []}