{"rects": [[[898.56, 1719.8999999999999, 3092.31, 4082.1299999999997], ["window"]]], "width": 3744, "height": 5616, "tags": ["rot90"]}