{"rects": [[[196.56, 645.8399999999999, 3744, 4306.7699999999995], ["window"]]], "width": 3744, "height": 5616, "tags": ["rot90"]}