{"rects": [[[558.0899999999999, 1060.02, 3383.64, 3804.8399999999997], ["window"]]], "width": 3744, "height": 5616, "tags": ["rot90"]}