{"rects": [[[494.90999999999997, 765.18, 3474.8999999999996, 4461.21], ["window"]]], "width": 3744, "height": 5616, "tags": ["rot90"]}