{"rects": [[[979.29, 273.78, 4275.179999999999, 3520.5299999999997], ["window"]]], "width": 5616, "height": 3744, "tags": []}