{"rects": [[[126.35999999999999, 382.59, 3327.48, 4991.219999999999], ["window"]]], "width": 3744, "height": 5616, "tags": ["rot90"]}