{"rects": [[[1024.9199999999998, 410.66999999999996, 3980.3399999999997, 3352.0499999999997], ["window"]]], "width": 5616, "height": 3744, "tags": []}