{"rects": [[[691.4699999999999, 1298.6999999999998, 3580.2, 3853.9799999999996], ["window"]]], "width": 3744, "height": 5616, "tags": ["rot90"]}