{"rects": [[[965.2499999999999, 242.19, 4436.639999999999, 3678.4799999999996], ["window"]]], "width": 5616, "height": 3744, "tags": []}