{"rects": [[[94.77, 1210.9499999999998, 3653.91, 4756.049999999999], ["window"]]], "width": 3744, "height": 5616, "tags": ["rot90"]}