{"rects": [[[2425.41, 1365.3899999999999, 4450.679999999999, 3485.43], ["window"]]], "width": 5616, "height": 3744, "tags": []}