{"rects": [[[1863.81, 1368.8999999999999, 3517.02, 3176.5499999999997], ["window"]], [[712.53, 1439.1, 1919.9699999999998, 3744], ["door"]]], "width": 5616, "height": 3744, "tags": []}