{"rects": [[[3162.5099999999998, 1547.9099999999999, 4980.69, 3481.9199999999996], ["window"]]], "width": 5616, "height": 3744, "tags": []}