{"rects": [[[1112.6699999999998, 1344.33, 3352.0499999999997, 3994.3799999999997], ["window"]], [[0, 1737.4499999999998, 1228.5, 4763.07], ["door"]]], "width": 3744, "height": 5616, "tags": ["rot90"]}