{"rects": [[[2106.0, 1839.2399999999998, 3492.45, 3373.1099999999997], ["window"]], [[1267.11, 2123.5499999999997, 2327.1299999999997, 3197.6099999999997], ["window"]]], "width": 3744, "height": 5616, "tags": ["rot90"]}