{"rects": [[[347.48999999999995, 1116.1799999999998, 3611.79, 3987.3599999999997], ["window"]]], "width": 3744, "height": 5616, "tags": ["rot90"]}