{"rects": [[[200.07, 428.21999999999997, 3467.8799999999997, 4355.91], ["window"]]], "width": 3744, "height": 5616, "tags": ["rot90"]}