{"rects": [[[958.2299999999999, 1024.9199999999998, 3085.29, 3137.9399999999996], ["window"]]], "width": 3744, "height": 5616, "tags": []}