{"rects": [[[508.95, 989.8199999999999, 3744, 4247.099999999999], ["window"]]], "width": 3744, "height": 5616, "tags": ["rot90"]}