{"rects": [[[2569.3199999999997, 1551.4199999999998, 4401.54, 3123.8999999999996], ["window"]], [[354.51, 1428.57, 2555.2799999999997, 3180.06], ["window"]]], "width": 5616, "height": 3744, "tags": []}