{"rects": [[[66.69, 796.77, 2597.3999999999996, 3583.7099999999996], ["window"]]], "width": 3744, "height": 5616, "tags": []}