{"rects": [[[1109.1599999999999, 56.16, 4608.63, 3169.5299999999997], ["window"]]], "width": 5616, "height": 3744, "tags": []}