{"rects": [[[1077.57, 1895.3999999999999, 2790.45, 3622.3199999999997], ["window"]]], "width": 3744, "height": 5616, "tags": ["rot90"]}