{"rects": [[[368.54999999999995, 1281.1499999999999, 3204.6299999999997, 4120.74], ["window"]]], "width": 3744, "height": 5616, "tags": ["rot90"]}