{"rects": [[[1814.6699999999998, 989.8199999999999, 4334.849999999999, 3250.2599999999998], ["window"]]], "width": 5616, "height": 3744, "tags": ["deleted"]}