{"rects": [[[1214.46, 512.4599999999999, 4341.87, 3562.6499999999996], ["window"]]], "width": 5616, "height": 3744, "tags": []}