{"rects": [[[2267.46, 1411.02, 3460.8599999999997, 2467.5299999999997], ["window"]]], "width": 5616, "height": 3744, "tags": []}