{"rects": [[[719.55, 709.02, 2987.0099999999998, 4289.219999999999], ["window"]]], "width": 3744, "height": 5616, "tags": ["rot90"]}