{"rects": [[[698.49, 873.9899999999999, 3348.54, 4029.4799999999996], ["window"]]], "width": 3744, "height": 5616, "tags": ["rot90"]}