{"rects": [[[186.03, 775.7099999999999, 3299.3999999999996, 4117.23], ["window"]]], "width": 3744, "height": 5616, "tags": ["rot90"]}