{"rects": [[[410.66999999999996, 56.16, 4829.759999999999, 3744], ["window"]]], "width": 5616, "height": 3744, "tags": []}