{"rects": [[[435.23999999999995, 961.7399999999999, 3587.22, 4822.74], ["window"]]], "width": 3744, "height": 5616, "tags": ["rot90"]}