{"rects": [[[284.31, 905.5799999999999, 3590.7299999999996, 4566.509999999999], ["window"]]], "width": 3744, "height": 5616, "tags": ["rot90"]}