{"rects": [[[70.19999999999999, 558.0899999999999, 2618.46, 4201.469999999999], ["window"]]], "width": 3744, "height": 5616, "tags": ["rot90"]}