{"rects": [[[1179.36, 912.5999999999999, 4201.469999999999, 3590.7299999999996], ["window"]]], "width": 5616, "height": 3744, "tags": []}