{"rects": [[[666.9, 1109.1599999999999, 3352.0499999999997, 4166.37], ["window"]]], "width": 3744, "height": 5616, "tags": ["rot90"]}