{"rects": [[[217.61999999999998, 1102.1399999999999, 3362.58, 4457.7], ["window"]]], "width": 3744, "height": 5616, "tags": ["rot90"]}