{"rects": [[[1049.49, 122.85, 4847.3099999999995, 3387.1499999999996], ["window"]]], "width": 5616, "height": 3744, "tags": []}