{"rects": [[[1393.47, 1288.1699999999998, 4008.4199999999996, 3436.29], ["window"]]], "width": 5616, "height": 3744, "tags": []}