{"rects": [[[912.5999999999999, 1846.26, 2916.81, 3759.2099999999996], ["window"]]], "width": 3744, "height": 5616, "tags": ["rot90"]}