{"rects": [[[480.86999999999995, 1151.28, 3194.1, 4001.3999999999996], ["window"]]], "width": 3744, "height": 5616, "tags": ["rot90"]}