{"rects": [[[347.48999999999995, 1224.99, 3576.6899999999996, 4292.73], ["window"]]], "width": 3744, "height": 5616, "tags": ["rot90"]}