{"rects": [[[393.12, 817.8299999999999, 3744, 4727.969999999999], ["window"]]], "width": 3744, "height": 5616, "tags": ["rot90"]}