{"rects": [[[3236.22, 1723.4099999999999, 4426.11, 2997.54], ["window"]], [[4299.75, 1726.9199999999998, 5170.23, 3555.6299999999997], ["door"]]], "width": 5616, "height": 3744, "tags": []}