{"rects": [[[175.5, 916.1099999999999, 3636.3599999999997, 4236.57], ["window"]]], "width": 3744, "height": 5616, "tags": ["rot90"]}