{"rects": [[[98.28, 603.7199999999999, 3703.0499999999997, 4899.96], ["window"]]], "width": 3744, "height": 5616, "tags": ["rot90"]}