{"rects": [[[298.34999999999997, 870.4799999999999, 3366.0899999999997, 4004.91], ["window"]]], "width": 3744, "height": 5616, "tags": []}