{"rects": [[[1010.8799999999999, 1344.33, 3478.41, 3853.9799999999996], ["window"]]], "width": 3744, "height": 5616, "tags": ["rot90"]}