{"rects": [[[3162.5099999999998, 859.9499999999999, 5078.969999999999, 3043.1699999999996], ["window"]]], "width": 5616, "height": 3744, "tags": []}