{"rects": [[[277.28999999999996, 1161.81, 3383.64, 4552.469999999999], ["window"]]], "width": 3744, "height": 5616, "tags": ["rot90"]}