{"rects": [[[340.46999999999997, 424.71, 3362.58, 4303.259999999999], ["window"]]], "width": 3744, "height": 5616, "tags": ["rot90"]}