{"rects": [[[916.1099999999999, 150.92999999999998, 4482.2699999999995, 3650.3999999999996], ["window"]]], "width": 5616, "height": 3744, "tags": []}