{"rects": [[[108.80999999999999, 677.43, 3674.97, 5475.599999999999], ["window"]]], "width": 3744, "height": 5616, "tags": ["rot90"]}