{"rects": [[[3359.0699999999997, 1691.82, 4742.009999999999, 2853.6299999999997], ["window"]]], "width": 5616, "height": 3744, "tags": []}