{"rects": [[[909.0899999999999, 1807.6499999999999, 2836.08, 3632.85], ["window"]]], "width": 3744, "height": 5616, "tags": ["rot90"]}