{"rects": [[[2569.3199999999997, 1189.8899999999999, 4433.13, 3239.73], ["window"]]], "width": 5616, "height": 3744, "tags": []}