{"rects": [[[407.15999999999997, 684.4499999999999, 3057.21, 4566.509999999999], ["window"]]], "width": 3744, "height": 5616, "tags": ["rot90"]}