{"rects": [[[821.3399999999999, 1491.75, 2983.5, 3776.7599999999998], ["window"]]], "width": 3744, "height": 5616, "tags": ["rot90"]}