{"rects": [[[1017.9, 431.72999999999996, 4545.45, 3731.1299999999997], ["window"]]], "width": 5616, "height": 3744, "tags": []}