{"rects": [[[115.83, 933.66, 3650.3999999999996, 5005.259999999999], ["window"]]], "width": 3744, "height": 5616, "tags": ["rot90"]}