{"rects": [[[459.80999999999995, 1084.59, 3460.8599999999997, 4219.0199999999995], ["window"]]], "width": 3744, "height": 5616, "tags": ["rot90"]}