{"rects": [[[508.95, 1277.6399999999999, 3488.9399999999996, 4201.469999999999], ["window"]]], "width": 3744, "height": 5616, "tags": ["rot90"]}