{"rects": [[[477.35999999999996, 1428.57, 3481.9199999999996, 4327.83], ["window"]]], "width": 3744, "height": 5616, "tags": ["rot90"]}