{"rects": [[[1207.4399999999998, 814.3199999999999, 3734.64, 3201.12], ["window"]]], "width": 5616, "height": 3744, "tags": []}