{"rects": [[[1632.1499999999999, 508.95, 3980.3399999999997, 2927.3399999999997], ["window"]]], "width": 5616, "height": 3744, "tags": []}