{"rects": [[[824.8499999999999, 87.75, 4313.79, 3225.6899999999996], ["window"]]], "width": 5616, "height": 3744, "tags": []}