{"rects": [[[744.12, 270.27, 5124.599999999999, 3590.7299999999996], ["window"]]], "width": 5616, "height": 3744, "tags": []}