{"rects": [[[284.31, 410.66999999999996, 3650.3999999999996, 4362.929999999999], ["window"]]], "width": 3744, "height": 5616, "tags": ["rot90"]}