{"rects": [[[1098.6299999999999, 203.57999999999998, 4668.299999999999, 3706.56], ["window"]]], "width": 5616, "height": 3744, "tags": []}