{"rects": [[[171.98999999999998, 863.4599999999999, 3622.3199999999997, 4271.67], ["window"]]], "width": 3744, "height": 5616, "tags": ["rot90"]}