{"rects": [[[101.78999999999999, 670.41, 3744, 4713.929999999999], ["window"]]], "width": 3744, "height": 5616, "tags": ["rot90"]}