{"rects": [[[684.4499999999999, 477.35999999999996, 4369.95, 3744], ["window"]]], "width": 5616, "height": 3744, "tags": []}