{"rects": [[[1326.78, 368.54999999999995, 4061.0699999999997, 3176.5499999999997], ["window"]]], "width": 5616, "height": 3744, "tags": []}