{"rects": [[[817.8299999999999, 1488.24, 2902.77, 3966.2999999999997], ["window"]]], "width": 3744, "height": 5616, "tags": ["rot90"]}