{"rects": [[[817.8299999999999, 1210.9499999999998, 2994.0299999999997, 4040.0099999999998], ["window"]]], "width": 3744, "height": 5616, "tags": ["rot90"]}