{"rects": [[[263.25, 1635.6599999999999, 2902.77, 4054.0499999999997], ["window"]]], "width": 3744, "height": 5616, "tags": ["rot90"]}