{"rects": [[[0, 0, 5616, 3744], ["window"]], [[1642.6799999999998, 249.20999999999998, 4345.38, 2923.83], ["window"]]], "width": 5616, "height": 3744, "tags": []}