{"rects": [[[814.3199999999999, 1807.6499999999999, 2779.9199999999996, 3987.3599999999997], ["window"]]], "width": 3744, "height": 5616, "tags": ["rot90"]}