{"rects": [[[140.39999999999998, 698.49, 3744, 4376.969999999999], ["window"]]], "width": 3744, "height": 5616, "tags": ["rot90"]}