{"rects": [[[1126.71, 1698.84, 2913.2999999999997, 3443.31], ["window"]], [[129.87, 2123.5499999999997, 1291.6799999999998, 4099.679999999999], ["door"]]], "width": 3744, "height": 5616, "tags": ["rot90"]}