{"rects": [[[171.98999999999998, 873.9899999999999, 3744, 4591.08], ["window"]]], "width": 3744, "height": 5616, "tags": ["rot90"]}