{"rects": [[[512.4599999999999, 1421.55, 3348.54, 4022.4599999999996], ["window"]]], "width": 3744, "height": 5616, "tags": ["rot90"]}