{"rects": [[[3657.4199999999996, 1537.3799999999999, 4977.179999999999, 2800.98], ["window"]], [[2674.62, 1502.28, 3846.9599999999996, 2709.72], ["window"]]], "width": 5616, "height": 3744, "tags": []}