{"rects": [[[2239.3799999999997, 252.71999999999997, 3541.5899999999997, 2958.93], ["window"]], [[3506.49, 52.65, 5605.469999999999, 3608.2799999999997], ["window"]]], "width": 5616, "height": 3744, "tags": []}