{"rects": [[[171.98999999999998, 866.9699999999999, 3513.5099999999998, 5008.7699999999995], ["window"]]], "width": 3744, "height": 5616, "tags": ["rot90"]}