{"rects": [[[1028.4299999999998, 24.57, 5180.759999999999, 3744], ["window"]]], "width": 5616, "height": 3744, "tags": []}