{"rects": [[[291.33, 638.8199999999999, 3457.35, 4054.0499999999997], ["window"]]], "width": 3744, "height": 5616, "tags": ["rot90"]}