{"rects": [[[958.2299999999999, 1277.6399999999999, 3622.3199999999997, 3836.43], ["window"]]], "width": 3744, "height": 5616, "tags": ["rot90"]}