{"rects": [[[284.31, 1070.55, 3731.1299999999997, 4159.349999999999], ["window"]]], "width": 3744, "height": 5616, "tags": ["rot90"]}