{"rects": [[[1060.02, 1702.35, 2678.1299999999997, 3769.74], ["window"]], [[2344.68, 2355.21, 3408.2099999999996, 3945.24], ["window"]]], "width": 3744, "height": 5616, "tags": ["rot90"]}