{"rects": [[[645.8399999999999, 168.48, 5257.98, 3590.7299999999996], ["window"]]], "width": 5616, "height": 3744, "tags": []}