{"rects": [[[277.28999999999996, 1109.1599999999999, 2485.08, 3744], ["window"]]], "width": 5616, "height": 3744, "tags": []}