{"rects": [[[810.81, 1407.51, 3299.3999999999996, 3811.8599999999997], ["window"]]], "width": 3744, "height": 5616, "tags": ["rot90"]}