{"rects": [[[1291.6799999999998, 694.9799999999999, 4001.3999999999996, 3281.85], ["window"]]], "width": 5616, "height": 3744, "tags": []}