{"rects": [[[723.06, 7.02, 4219.0199999999995, 3299.3999999999996], ["window"]]], "width": 5616, "height": 3744, "tags": []}