{"rects": [[[2081.43, 1147.77, 3618.81, 2636.0099999999998], ["window"]], [[726.5699999999999, 1130.22, 2253.42, 2762.37], ["window"]]], "width": 5616, "height": 3744, "tags": []}