{"rects": [[[287.82, 480.86999999999995, 3566.16, 4552.469999999999], ["window"]]], "width": 3744, "height": 5616, "tags": ["rot90"]}