{"rects": [[[2004.2099999999998, 501.92999999999995, 4896.45, 3250.2599999999998], ["window"]]], "width": 5616, "height": 3744, "tags": []}