{"rects": [[[168.48, 1270.62, 3495.9599999999996, 4584.0599999999995], ["window"]]], "width": 3744, "height": 5616, "tags": ["rot90"]}