{"rects": [[[1003.8599999999999, 2004.2099999999998, 2822.04, 3910.14], ["window"]]], "width": 3744, "height": 5616, "tags": ["rot90"]}