{"rects": [[[737.0999999999999, 1726.9199999999998, 3327.48, 4261.139999999999], ["window"]]], "width": 3744, "height": 5616, "tags": ["rot90"]}