{"rects": [[[245.7, 863.4599999999999, 3022.1099999999997, 4478.759999999999], ["window"]]], "width": 3744, "height": 5616, "tags": ["rot90"]}