{"rects": [[[986.31, 1312.74, 3313.4399999999996, 4131.2699999999995], ["window"]]], "width": 3744, "height": 5616, "tags": ["rot90"]}