{"rects": [[[403.65, 558.0899999999999, 3744, 4496.3099999999995], ["window"]]], "width": 3744, "height": 5616, "tags": ["rot90"]}