{"rects": [[[2776.41, 424.71, 4552.469999999999, 2583.3599999999997], ["window"]]], "width": 5616, "height": 3744, "tags": []}