{"rects": [[[638.8199999999999, 838.89, 3295.89, 3846.9599999999996], ["window"]]], "width": 3744, "height": 5616, "tags": ["rot90"]}