{"rects": [[[1295.1899999999998, 203.57999999999998, 4320.8099999999995, 3271.3199999999997], ["window"]]], "width": 5616, "height": 3744, "tags": []}