{"rects": [[[2039.31, 996.8399999999999, 4457.7, 3197.6099999999997], ["window"]]], "width": 5616, "height": 3744, "tags": []}