{"rects": [[[873.9899999999999, 1523.34, 3292.3799999999997, 4099.679999999999], ["window"]]], "width": 3744, "height": 5616, "tags": ["rot90"]}