{"rects": [[[249.20999999999998, 628.29, 3724.1099999999997, 4573.53], ["window"]]], "width": 3744, "height": 5616, "tags": ["rot90"]}