{"rects": [[[1340.82, 614.25, 4952.61, 3594.24], ["window"]], [[28.08, 779.2199999999999, 1474.1999999999998, 3488.9399999999996], ["door"]]], "width": 5616, "height": 3744, "tags": []}