{"rects": [[[838.89, 1396.98, 3285.3599999999997, 4029.4799999999996], ["window"]]], "width": 3744, "height": 5616, "tags": ["rot90"]}