{"rects": [[[600.2099999999999, 1270.62, 3520.5299999999997, 4011.93], ["window"]]], "width": 3744, "height": 5616, "tags": ["rot90"]}