{"rects": [[[1102.1399999999999, 84.24, 4159.349999999999, 3071.25], ["window"]]], "width": 5616, "height": 3744, "tags": []}