{"rects": [[[347.48999999999995, 800.28, 3513.5099999999998, 4152.33], ["window"]]], "width": 3744, "height": 5616, "tags": ["rot90"]}