{"rects": [[[1439.1, 796.77, 3222.18, 2650.0499999999997], ["window"]], [[126.35999999999999, 1109.1599999999999, 1393.47, 3211.6499999999996], ["door"]]], "width": 5616, "height": 3744, "tags": []}