{"rects": [[[494.90999999999997, 1274.1299999999999, 3436.29, 4517.37], ["window"]]], "width": 3744, "height": 5616, "tags": ["rot90"]}