{"rects": [[[702.0, 1203.9299999999998, 2899.2599999999998, 4236.57], ["window"]]], "width": 3744, "height": 5616, "tags": ["rot90"]}