{"rects": [[[136.89, 249.20999999999998, 3397.68, 4422.599999999999], ["window"]]], "width": 3744, "height": 5616, "tags": ["rot90"]}