{"rects": [[[2407.8599999999997, 217.61999999999998, 5138.639999999999, 3039.66], ["window"]], [[203.57999999999998, 659.88, 1354.86, 2369.25], ["window"]], [[1246.05, 396.63, 2316.6, 3744], ["door"]]], "width": 5616, "height": 3744, "tags": []}