{"rects": [[[600.2099999999999, 1379.4299999999998, 3008.0699999999997, 3990.87], ["window"]]], "width": 3744, "height": 5616, "tags": ["rot90"]}