{"rects": [[[298.34999999999997, 175.5, 2958.93, 4847.3099999999995], ["window"]]], "width": 3744, "height": 5616, "tags": ["rot90"]}