{"rects": [[[663.39, 501.92999999999995, 4699.889999999999, 3744], ["window"]]], "width": 5616, "height": 3744, "tags": []}