{"rects": [[[407.15999999999997, 1165.32, 3453.8399999999997, 4148.82], ["window"]]], "width": 3744, "height": 5616, "tags": ["rot90"]}