{"rects": [[[238.67999999999998, 996.8399999999999, 3415.23, 4745.5199999999995], ["window"]]], "width": 3744, "height": 5616, "tags": []}