{"rects": [[[1351.35, 126.35999999999999, 4878.9, 3678.4799999999996], ["window"]]], "width": 5616, "height": 3744, "tags": []}