{"rects": [[[196.56, 280.79999999999995, 3081.7799999999997, 4994.73], ["window"]]], "width": 3744, "height": 5616, "tags": ["rot90"]}