{"rects": [[[944.1899999999999, 0, 5268.509999999999, 3552.12], ["window"]]], "width": 5616, "height": 3744, "tags": []}