{"rects": [[[761.67, 154.44, 3608.2799999999997, 2818.5299999999997], ["window"]]], "width": 3744, "height": 5616, "tags": ["rot90"]}