{"rects": [[[2730.7799999999997, 1260.09, 3815.37, 2285.0099999999998], ["window"]]], "width": 5616, "height": 3744, "tags": []}