{"rects": [[[494.90999999999997, 663.39, 3481.9199999999996, 4257.63], ["window"]]], "width": 3744, "height": 5616, "tags": ["rot90"]}