{"rects": [[[193.04999999999998, 772.1999999999999, 3576.6899999999996, 4854.33], ["window"]]], "width": 3744, "height": 5616, "tags": []}