{"rects": [[[80.72999999999999, 277.28999999999996, 2818.5299999999997, 4485.78], ["window"]]], "width": 3744, "height": 5616, "tags": ["rot90"]}