{"rects": [[[1140.75, 319.40999999999997, 4692.87, 3731.1299999999997], ["window"]]], "width": 5616, "height": 3744, "tags": []}