{"rects": [[[817.8299999999999, 1168.83, 3323.97, 3832.9199999999996], ["window"]]], "width": 3744, "height": 5616, "tags": ["rot90"]}