{"rects": [[[1649.6999999999998, 361.53, 4584.0599999999995, 3141.45], ["window"]]], "width": 5616, "height": 3744, "tags": []}