{"rects": [[[1396.98, 182.51999999999998, 3744, 3474.8999999999996], ["window"]]], "width": 3744, "height": 5616, "tags": ["rot90"]}