{"rects": [[[982.8, 1709.37, 3211.6499999999996, 3776.7599999999998], ["window"]]], "width": 3744, "height": 5616, "tags": ["rot90"]}