{"rects": [[[235.17, 1123.1999999999998, 3144.96, 4127.759999999999], ["window"]]], "width": 3744, "height": 5616, "tags": ["rot90"]}