{"rects": [[[1007.3699999999999, 1646.1899999999998, 2614.95, 3885.5699999999997], ["window"]]], "width": 3744, "height": 5616, "tags": ["rot90"]}