{"rects": [[[2818.5299999999997, 2442.96, 4275.179999999999, 3685.5], ["window"]]], "width": 5616, "height": 3744, "tags": []}