{"rects": [[[1210.9499999999998, 624.78, 4391.009999999999, 3457.35], ["window"]]], "width": 5616, "height": 3744, "tags": []}