{"rects": [[[445.77, 1112.6699999999998, 3408.2099999999996, 4261.139999999999], ["window"]]], "width": 3744, "height": 5616, "tags": ["rot90"]}