{"rects": [[[628.29, 1224.99, 3043.1699999999996, 3899.6099999999997], ["window"]]], "width": 3744, "height": 5616, "tags": ["rot90"]}