{"rects": [[[80.72999999999999, 319.40999999999997, 3744, 5096.5199999999995], ["window"]]], "width": 3744, "height": 5616, "tags": ["rot90"]}