{"rects": [[[2355.21, 1930.4999999999998, 4275.179999999999, 3744], ["window"]]], "width": 5616, "height": 3744, "tags": []}