{"rects": [[[1000.3499999999999, 84.24, 4675.32, 3352.0499999999997], ["window"]]], "width": 5616, "height": 3744, "tags": []}