{"rects": [[[803.79, 1565.4599999999998, 3166.02, 3829.41], ["window"]], [[2888.73, 2523.69, 3744, 4524.389999999999], ["door"]]], "width": 3744, "height": 5616, "tags": ["rot90"]}