{"rects": [[[340.46999999999997, 1340.82, 3334.5, 3934.7099999999996], ["window"]]], "width": 3744, "height": 5616, "tags": ["rot90"]}