{"rects": [[[1460.1599999999999, 828.3599999999999, 3938.22, 3078.27], ["window"]]], "width": 5616, "height": 3744, "tags": []}