{"rects": [[[438.75, 786.24, 3696.0299999999997, 4247.099999999999], ["window"]]], "width": 3744, "height": 5616, "tags": ["rot90"]}