{"rects": [[[645.8399999999999, 1000.3499999999999, 3341.52, 4591.08], ["window"]]], "width": 3744, "height": 5616, "tags": []}