{"rects": [[[2211.2999999999997, 1024.9199999999998, 3983.85, 2744.8199999999997], ["window"]]], "width": 5616, "height": 3744, "tags": []}