{"rects": [[[740.6099999999999, 1281.1499999999999, 3418.74, 3966.2999999999997], ["window"]]], "width": 3744, "height": 5616, "tags": ["rot90"]}