{"rects": [[[101.78999999999999, 214.10999999999999, 3744, 4324.32], ["window"]]], "width": 3744, "height": 5616, "tags": ["rot90"]}