{"rects": [[[642.3299999999999, 1551.4199999999998, 3264.2999999999997, 4029.4799999999996], ["window"]]], "width": 3744, "height": 5616, "tags": ["rot90"]}