{"rects": [[[0, 11.390625, 2464.171875, 2551.5], ["window"]]], "width": 3888, "height": 2592, "tags": []}