{"rects": [[[22.78125, 22.78125, 2152.828125, 3352.640625], ["window"]]], "width": 2592, "height": 3888, "tags": []}