{"rects": [[[27.84375, 37.125, 3127.78125, 3953.8125], ["window"]]], "width": 3168, "height": 4752, "tags": ["deleted"]}