{"rects": [[[1556.71875, 63.28125, 4315.78125, 2235.9375], ["window"]]], "width": 4320, "height": 3240, "tags": []}