{"rects": [[[878.90625, 1693.359375, 5062.5, 3972.65625], ["window"]]], "width": 6000, "height": 4000, "tags": []}