{"rects": [[[11.390625, 1215.0, 2418.609375, 3724.734375], ["window"]]], "width": 2592, "height": 3888, "tags": []}