{"rects": [[[842.90625, 1879.453125, 2202.1875, 3326.0625], ["window"]]], "width": 2592, "height": 3888, "tags": []}