{"rects": [[[11.390625, 170.859375, 2551.5, 2460.375], ["window"]], [[18.984375, 2471.765625, 2592, 3823.453125], ["window"]]], "width": 2592, "height": 3888, "tags": []}