{"rects": [[[649.6875, 1234.40625, 3113.859375, 3554.71875], ["window"]]], "width": 3168, "height": 4752, "tags": []}