{"rects": [[[98.71875, 326.53125, 1921.21875, 2395.828125], ["window"]], [[1541.53125, 729.0, 2524.921875, 2217.375], ["window"]]], "width": 2592, "height": 3888, "tags": []}