{"rects": [[[129.09375, 785.953125, 2543.90625, 3447.5625], ["window"]]], "width": 2592, "height": 3888, "tags": []}