{"rects": [[[1573.171875, 185.625, 2979.28125, 3058.171875], ["window"]], [[723.9375, 584.71875, 1610.296875, 2589.46875], ["window"]]], "width": 4752, "height": 3168, "tags": []}