{"rects": [[[11.390625, 45.5625, 2592, 3698.15625], ["glass_facade", "window"]]], "width": 2592, "height": 3888, "tags": []}