{"rects": [[[810.8100000000001, 1392.93, 1975.0500000000002, 2420.55], ["window"]], [[2714.5800000000004, 1458.2700000000002, 3869.9100000000003, 2420.55], ["window"]]], "width": 4752, "height": 3168, "tags": []}