{"rects": [[[84.375, 21.09375, 3088.125, 2881.40625], ["church", "window"]]], "width": 4320, "height": 3240, "tags": []}