{"rects": [[[288.0, 3.5999999999999996, 1683.6, 1009.1999999999999], ["window"]]], "width": 1920, "height": 1080, "tags": []}