{"rects": [[[492.0, 171.6, 1334.3999999999999, 973.1999999999999], ["window"]]], "width": 1920, "height": 1080, "tags": []}