{"rects": [[[590.4, 242.39999999999998, 1280.3999999999999, 826.8], ["window"]]], "width": 1920, "height": 1080, "tags": []}