{"rects": [[[484.79999999999995, 42.0, 1482.0, 1003.1999999999999], ["window"]]], "width": 1920, "height": 1080, "tags": []}