{"rects": [[[609.12, 109.03999999999999, 4696.24, 3481.7599999999998], ["window"]]], "width": 6016, "height": 4016, "tags": []}