{"rects": [[[1188.1599999999999, 2267.2799999999997, 3534.3999999999996, 4406.719999999999], ["window"]]], "width": 4016, "height": 6016, "tags": []}