{"rects": [[[627.92, 594.0799999999999, 5478.32, 3643.4399999999996], ["window"]]], "width": 6016, "height": 4016, "tags": []}