{"rects": [[[1112.96, 101.52, 5974.639999999999, 3940.4799999999996], ["window"]]], "width": 6016, "height": 4016, "tags": []}