{"rects": [[[673.04, 2500.3999999999996, 5147.44, 3944.24], ["window"]], [[191.76, 33.839999999999996, 5662.5599999999995, 2620.72], ["window"]]], "width": 6016, "height": 4016, "tags": []}