{"rects": [[[838.4799999999999, 131.6, 5722.719999999999, 4016], ["window"]]], "width": 6016, "height": 4016, "tags": []}