{"rects": [[[1090.3999999999999, 1447.6, 3008.0, 3598.3199999999997], ["window"]]], "width": 4016, "height": 6016, "tags": []}