{"rects": [[[579.04, 75.19999999999999, 5985.92, 3549.4399999999996], ["window"]]], "width": 6016, "height": 4016, "tags": []}