{"rects": [[[67.67999999999999, 740.7199999999999, 4016, 5038.4], ["window"]]], "width": 4016, "height": 6016, "tags": []}