{"rects": [[[278.24, 804.64, 1714.56, 1989.04], ["window"]], [[1052.8, 1940.1599999999999, 3583.2799999999997, 4658.639999999999], ["window"]]], "width": 4016, "height": 6016, "tags": []}