{"rects": [[[530.16, 1661.9199999999998, 3598.3199999999997, 3966.7999999999997], ["window"]]], "width": 4016, "height": 6016, "tags": []}