{"rects": [[[203.04, 116.55999999999999, 4016, 5673.839999999999], ["window"]]], "width": 4016, "height": 6016, "tags": []}