{"rects": [[[477.52, 11.28, 3959.2799999999997, 5658.799999999999], ["window"]]], "width": 4016, "height": 6016, "tags": []}