{"rects": [[[259.44, 1391.1999999999998, 4016, 5613.679999999999], ["window"]]], "width": 4016, "height": 6016, "tags": []}