{"rects": [[[11.28, 116.55999999999999, 4016, 5128.639999999999], ["window"]]], "width": 4016, "height": 6016, "tags": []}