{"rects": [[[879.8399999999999, 1372.3999999999999, 3188.48, 3451.68], ["window"]]], "width": 4016, "height": 6016, "tags": []}