{"rects": [[[616.64, 150.39999999999998, 5824.24, 3481.7599999999998], ["window"]]], "width": 6016, "height": 4016, "tags": []}