{"rects": [[[300.79999999999995, 127.83999999999999, 3666.0, 5004.5599999999995], ["window"]]], "width": 4016, "height": 6016, "tags": []}