{"rects": [[[33.839999999999996, 161.67999999999998, 4016, 5346.719999999999], ["window"]]], "width": 4016, "height": 6016, "tags": []}