{"rects": [[[161.67999999999998, 368.47999999999996, 4016, 4643.599999999999], ["window"]]], "width": 4016, "height": 6016, "tags": []}