{"rects": [[[827.1999999999999, 1410.0, 3598.3199999999997, 4023.2], ["window"]]], "width": 4016, "height": 6016, "tags": []}