{"rects": [[[1067.84, 793.3599999999999, 4865.44, 3635.9199999999996], ["window"]]], "width": 6016, "height": 4016, "tags": []}