{"rects": [[[289.52, 507.59999999999997, 4016, 5410.639999999999], ["window"]]], "width": 4016, "height": 6016, "tags": []}