{"rects": [[[1203.1999999999998, 470.0, 3447.9199999999996, 5256.48], ["window"]]], "width": 4016, "height": 6016, "tags": []}