{"rects": [[[846.0, 2214.64, 3549.4399999999996, 4906.799999999999], ["window"]]], "width": 4016, "height": 6016, "tags": []}