{"rects": [[[18.799999999999997, 586.56, 4016, 5583.599999999999], ["window"]]], "width": 4016, "height": 6016, "tags": []}