{"rects": [[[353.44, 135.35999999999999, 3910.3999999999996, 5835.5199999999995], ["window"]]], "width": 4016, "height": 6016, "tags": []}