{"rects": [[[511.35999999999996, 75.19999999999999, 5707.679999999999, 3846.4799999999996], ["window"]]], "width": 6016, "height": 4016, "tags": []}