{"rects": [[[417.35999999999996, 552.7199999999999, 3970.56, 4248.8], ["window"]]], "width": 4016, "height": 6016, "tags": []}