{"rects": [[[0, 131.6, 3744.9599999999996, 5613.679999999999], ["window"]]], "width": 4016, "height": 6016, "tags": []}