{"rects": [[[503.84, 37.599999999999994, 3823.9199999999996, 5365.5199999999995], ["window"]]], "width": 4016, "height": 6016, "tags": []}