{"rects": [[[0, 0, 6016, 4016], ["window"]], [[883.5999999999999, 97.75999999999999, 5015.84, 3368.96], ["window"]]], "width": 6016, "height": 4016, "tags": []}