{"rects": [[[609.12, 872.3199999999999, 3966.7999999999997, 4809.04], ["window"]]], "width": 4016, "height": 6016, "tags": []}