{"rects": [[[1485.1999999999998, 725.68, 4414.24, 2511.68], ["window"]], [[4380.4, 161.67999999999998, 5812.96, 1289.6799999999998], ["window"]]], "width": 6016, "height": 4016, "tags": []}