{"rects": [[[387.28, 18.799999999999997, 5256.48, 3808.8799999999997], ["window"]]], "width": 6016, "height": 4016, "tags": []}