{"rects": [[[244.39999999999998, 413.59999999999997, 3932.9599999999996, 5613.679999999999], ["window"]]], "width": 4016, "height": 6016, "tags": []}