{"rects": [[[612.88, 229.35999999999999, 5177.5199999999995, 4016], ["window"]]], "width": 6016, "height": 4016, "tags": []}