{"rects": [[[706.88, 1770.9599999999998, 3827.68, 4970.719999999999], ["window"]]], "width": 4016, "height": 6016, "tags": []}