{"rects": [[[357.2, 1135.52, 3105.7599999999998, 3620.8799999999997], ["window"]], [[2752.3199999999997, 1218.24, 5749.04, 3263.68], ["window"]]], "width": 6016, "height": 4016, "tags": []}