{"rects": [[[56.4, 2041.6799999999998, 3113.2799999999997, 5572.32], ["window"]]], "width": 4016, "height": 6016, "tags": []}