{"rects": [[[259.44, 206.79999999999998, 5880.639999999999, 3816.3999999999996], ["window"]]], "width": 6016, "height": 4016, "tags": []}