{"rects": [[[195.51999999999998, 52.64, 3887.8399999999997, 4542.08], ["window"]]], "width": 4016, "height": 6016, "tags": []}