{"rects": [[[823.4399999999999, 864.8, 2677.12, 2771.12], ["window"]], [[2466.56, 981.3599999999999, 4057.04, 2635.7599999999998], ["window"]]], "width": 6016, "height": 4016, "tags": []}