{"rects": [[[184.23999999999998, 725.68, 3865.2799999999997, 4109.679999999999], ["window"]]], "width": 4016, "height": 6016, "tags": []}