{"rects": [[[146.64, 793.3599999999999, 4016, 5286.5599999999995], ["window"]]], "width": 4016, "height": 6016, "tags": []}