{"rects": [[[725.68, 541.4399999999999, 5425.679999999999, 3793.8399999999997], ["window"]]], "width": 6016, "height": 4016, "tags": []}