{"rects": [[[48.879999999999995, 541.4399999999999, 4016, 6004.719999999999], ["window"]]], "width": 4016, "height": 6016, "tags": []}