{"rects": [[[33.839999999999996, 18.799999999999997, 4016, 5812.96], ["window"]]], "width": 4016, "height": 6016, "tags": []}