{"rects": [[[1500.24, 1191.9199999999998, 4812.799999999999, 3917.9199999999996], ["window"]], [[2192.08, 75.19999999999999, 3681.04, 1244.56], ["window"]]], "width": 6016, "height": 4016, "tags": []}