{"rects": [[[323.35999999999996, 1094.1599999999999, 3876.56, 4406.719999999999], ["window"]]], "width": 4016, "height": 6016, "tags": []}