{"rects": [[[830.9599999999999, 1485.1999999999998, 3703.6, 4579.679999999999], ["window"]]], "width": 4016, "height": 6016, "tags": []}