{"rects": [[[41.36, 1462.6399999999999, 2831.2799999999997, 3711.12], ["window"]], [[2902.72, 1447.6, 6000.96, 3681.04], ["window"]]], "width": 6016, "height": 4016, "tags": []}