{"rects": [[[1432.56, 1906.32, 3914.16, 3989.3599999999997], ["window"]], [[0, 2590.64, 1379.9199999999998, 3808.8799999999997], ["window"]], [[1943.9199999999998, 4376.639999999999, 3504.3199999999997, 5538.48], ["window"]]], "width": 4016, "height": 6016, "tags": []}