{"rects": [[[161.67999999999998, 391.03999999999996, 4016, 5215.12], ["window"]]], "width": 4016, "height": 6016, "tags": []}