{"rects": [[[740.7199999999999, 109.03999999999999, 5478.32, 4016], ["window"]]], "width": 6016, "height": 4016, "tags": []}