{"rects": [[[721.92, 924.9599999999999, 5470.799999999999, 3932.9599999999996], ["window"]]], "width": 6016, "height": 4016, "tags": []}