{"rects": [[[236.88, 63.919999999999995, 3421.6, 3207.2799999999997], ["window"]], [[3432.8799999999997, 127.83999999999999, 6012.24, 3165.9199999999996], ["window"]]], "width": 6016, "height": 4016, "tags": []}