{"rects": [[[755.76, 424.88, 5177.5199999999995, 3808.8799999999997], ["window"]]], "width": 6016, "height": 4016, "tags": []}