{"rects": [[[376.0, 1255.84, 3729.9199999999996, 3981.8399999999997], ["window"]]], "width": 4016, "height": 6016, "tags": []}