{"rects": [[[928.7199999999999, 26.32, 5425.679999999999, 4016], ["window"]]], "width": 6016, "height": 4016, "tags": []}