{"rects": [[[439.91999999999996, 635.4399999999999, 4016, 5342.96], ["window"]]], "width": 4016, "height": 6016, "tags": []}