{"rects": [[[1105.4399999999998, 2222.16, 2797.44, 4008.16], ["window"]], [[1285.9199999999998, 1312.24, 2308.64, 2286.08], ["window"]]], "width": 4016, "height": 6016, "tags": []}