{"rects": [[[214.32, 1082.8799999999999, 3605.8399999999997, 4320.24], ["window"]]], "width": 4016, "height": 6016, "tags": []}