{"rects": [[[116.55999999999999, 131.6, 5831.759999999999, 3993.12], ["window"]]], "width": 6016, "height": 4016, "tags": []}