{"rects": [[[684.3199999999999, 1285.9199999999998, 3793.8399999999997, 4421.759999999999], ["window"]]], "width": 4016, "height": 6016, "tags": []}