{"rects": [[[135.35999999999999, 631.68, 4016, 4940.639999999999], ["window"]]], "width": 4016, "height": 6016, "tags": []}