{"rects": [[[928.7199999999999, 511.35999999999996, 4688.719999999999, 2865.12], ["window"]], [[4327.759999999999, 1124.24, 5948.32, 3124.56], ["window"]]], "width": 6016, "height": 4016, "tags": []}