{"rects": [[[67.67999999999999, 752.0, 4016, 5173.759999999999], ["window"]]], "width": 4016, "height": 6016, "tags": ["deleted"]}