{"rects": [[[1846.1599999999999, 620.4, 3628.3999999999996, 2662.08], ["window"]]], "width": 6016, "height": 4016, "tags": []}