{"rects": [[[477.52, 1154.32, 3489.2799999999997, 3459.2], ["window"]], [[3459.2, 1146.8, 5617.44, 3496.7999999999997], ["window"]]], "width": 6016, "height": 4016, "tags": []}