{"rects": [[[1007.68, 1819.84, 3353.9199999999996, 4169.84], ["window"]], [[1240.8, 398.56, 2966.64, 1876.2399999999998], ["window"]]], "width": 4016, "height": 6016, "tags": []}