{"rects": [[[575.28, 75.19999999999999, 3951.7599999999998, 5809.2], ["window"]]], "width": 4016, "height": 6016, "tags": []}