{"rects": [[[1338.56, 1214.48, 3267.4399999999996, 3447.9199999999996], ["window"]], [[3083.2, 879.8399999999999, 4286.4, 3271.2], ["window"]]], "width": 6016, "height": 4016, "tags": []}