{"rects": [[[364.71999999999997, 26.32, 5940.799999999999, 4016], ["window"]]], "width": 6016, "height": 4016, "tags": []}