{"rects": [[[1094.1599999999999, 1658.1599999999999, 3384.0, 4120.96], ["window"]], [[1364.8799999999999, 4489.44, 3489.2799999999997, 5809.2], ["window"]]], "width": 4016, "height": 6016, "tags": []}