{"rects": [[[906.16, 691.8399999999999, 4861.679999999999, 3124.56], ["window"]]], "width": 6016, "height": 4016, "tags": []}