{"rects": [[[319.59999999999997, 86.47999999999999, 4410.48, 4016], ["window"]]], "width": 6016, "height": 4016, "tags": []}