{"rects": [[[1443.84, 462.47999999999996, 2598.16, 1545.36], ["window"]], [[1402.48, 1955.1999999999998, 2673.3599999999997, 3188.48], ["window"]], [[1357.36, 3338.8799999999997, 2677.12, 4711.28], ["window"]]], "width": 4016, "height": 6016, "tags": []}