{"rects": [[[733.1999999999999, 654.24, 3271.2, 5305.36], ["window"]], [[3143.3599999999997, 1398.72, 4016, 2898.96], ["window"]]], "width": 4016, "height": 6016, "tags": []}