{"rects": [[[879.8399999999999, 349.68, 3808.8799999999997, 3399.04], ["window"]], [[3568.24, 661.76, 5711.44, 3350.16], ["window"]]], "width": 6016, "height": 4016, "tags": []}