{"rects": [[[37.599999999999994, 406.08, 3838.9599999999996, 5572.32], ["window"]]], "width": 4016, "height": 6016, "tags": []}