{"rects": [[[345.91999999999996, 86.47999999999999, 5534.719999999999, 4016], ["window"]]], "width": 6016, "height": 4016, "tags": []}