{"rects": [[[594.0799999999999, 658.0, 3778.7999999999997, 3594.56], ["window"]], [[3654.72, 1278.3999999999999, 5658.799999999999, 3684.7999999999997], ["window"]]], "width": 6016, "height": 4016, "tags": []}