{"rects": [[[199.28, 176.72, 3951.7599999999998, 5568.5599999999995], ["window"]]], "width": 4016, "height": 6016, "tags": []}