{"rects": [[[454.96, 966.3199999999999, 3816.3999999999996, 4391.679999999999], ["window"]]], "width": 4016, "height": 6016, "tags": []}