{"rects": [[[1116.72, 1319.76, 2929.04, 3075.68], ["window"]], [[2804.96, 1368.6399999999999, 4395.44, 3056.8799999999997], ["window"]]], "width": 6016, "height": 4016, "tags": []}