{"rects": [[[909.92, 883.5999999999999, 3756.24, 4425.5199999999995], ["window"]]], "width": 4016, "height": 6016, "tags": []}