{"rects": [[[191.76, 240.64, 5944.5599999999995, 3880.3199999999997], ["window"]]], "width": 6016, "height": 4016, "tags": []}