{"rects": [[[992.64, 872.3199999999999, 3188.48, 2981.68], ["window"]], [[3102.0, 913.68, 5252.719999999999, 2947.8399999999997], ["window"]]], "width": 6016, "height": 4016, "tags": []}