{"rects": [[[101.52, 921.1999999999999, 4016, 4707.5199999999995], ["window"]]], "width": 4016, "height": 6016, "tags": []}