{"rects": [[[789.5999999999999, 1913.84, 3812.64, 5015.84], ["window"]], [[1206.96, 45.12, 3274.96, 1665.6799999999998], ["window"]]], "width": 4016, "height": 6016, "tags": []}