{"rects": [[[75.19999999999999, 18.799999999999997, 4016, 5147.44], ["window"]]], "width": 4016, "height": 6016, "tags": []}