{"rects": [[[834.7199999999999, 11.28, 5613.679999999999, 4016], ["window"]]], "width": 6016, "height": 4016, "tags": []}