{"rects": [[[86.47999999999999, 342.15999999999997, 5985.92, 3895.3599999999997], ["window"]]], "width": 6016, "height": 4016, "tags": []}