{"rects": [[[90.24, 977.5999999999999, 4016, 5113.599999999999], ["window"]]], "width": 4016, "height": 6016, "tags": []}