{"rects": [[[45.12, 879.8399999999999, 4016, 4955.679999999999], ["window"]]], "width": 4016, "height": 6016, "tags": []}