{"rects": [[[597.8399999999999, 67.67999999999999, 5553.5199999999995, 4016], ["window"]]], "width": 6016, "height": 4016, "tags": []}