{"rects": [[[642.9599999999999, 804.64, 4016, 5286.5599999999995], ["window"]]], "width": 4016, "height": 6016, "tags": []}