{"rects": [[[955.04, 15.04, 5365.5199999999995, 3887.8399999999997], ["window"]]], "width": 6016, "height": 4016, "tags": []}