{"rects": [[[485.03999999999996, 413.59999999999997, 4016, 5113.599999999999], ["window"]]], "width": 4016, "height": 6016, "tags": []}