{"rects": [[[3.76, 744.4799999999999, 4016, 5395.599999999999], ["window"]]], "width": 4016, "height": 6016, "tags": []}