{"rects": [[[597.8399999999999, 1492.72, 3598.3199999999997, 4305.2], ["window"]]], "width": 4016, "height": 6016, "tags": []}