{"rects": [[[218.07999999999998, 2327.44, 4016, 5861.839999999999], ["window"]]], "width": 4016, "height": 6016, "tags": []}