{"rects": [[[635.4399999999999, 191.76, 5192.5599999999995, 4016], ["window"]]], "width": 6016, "height": 4016, "tags": []}