{"rects": [[[1394.9599999999998, 1218.24, 4688.719999999999, 3775.04], ["window"]]], "width": 6016, "height": 4016, "tags": []}