{"rects": [[[511.35999999999996, 1097.9199999999998, 4016, 5606.16], ["window"]]], "width": 4016, "height": 6016, "tags": []}