{"rects": [[[932.4799999999999, 300.79999999999995, 5350.48, 3729.9199999999996], ["window"]]], "width": 6016, "height": 4016, "tags": []}