{"rects": [[[485.03999999999996, 1387.4399999999998, 3410.3199999999997, 3966.7999999999997], ["window"]]], "width": 4016, "height": 6016, "tags": []}