{"rects": [[[428.64, 206.79999999999998, 3850.24, 3857.7599999999998], ["window"]]], "width": 4016, "height": 6016, "tags": []}