{"rects": [[[112.8, 1060.32, 2041.6799999999998, 3090.72], ["window"]], [[2022.8799999999999, 861.04, 5436.96, 3560.72], ["window"]]], "width": 6016, "height": 4016, "tags": []}