{"rects": [[[225.6, 255.67999999999998, 4016, 5346.719999999999], ["window"]]], "width": 4016, "height": 6016, "tags": []}