{"rects": [[[214.32, 33.839999999999996, 6012.24, 3786.3199999999997], ["window"]]], "width": 6016, "height": 4016, "tags": []}