{"rects": [[[15.04, 315.84, 2650.7999999999997, 3376.48], ["window"]], [[2500.3999999999996, 518.88, 5978.4, 3083.2], ["window"]]], "width": 6016, "height": 4016, "tags": []}