{"rects": [[[466.23999999999995, 180.48, 5587.36, 3887.8399999999997], ["window"]]], "width": 6016, "height": 4016, "tags": []}