{"rects": [[[1864.9599999999998, 135.35999999999999, 3038.08, 1838.6399999999999], ["window"]], [[2944.08, 199.28, 4087.12, 1827.36], ["window"]], [[823.4399999999999, 1940.1599999999999, 1816.08, 3233.6], ["window"]]], "width": 6016, "height": 4016, "tags": []}