{"rects": [[[135.35999999999999, 116.55999999999999, 5974.639999999999, 3711.12], ["window"]]], "width": 6016, "height": 4016, "tags": []}