{"rects": [[[184.23999999999998, 928.7199999999999, 4016, 4925.599999999999], ["window"]]], "width": 4016, "height": 6016, "tags": []}