{"rects": [[[947.52, 545.1999999999999, 5373.04, 3887.8399999999997], ["window"]]], "width": 6016, "height": 4016, "tags": []}