{"rects": [[[109.03999999999999, 229.35999999999999, 3917.9199999999996, 5955.839999999999], ["window"]]], "width": 4016, "height": 6016, "tags": []}