{"rects": [[[1101.6799999999998, 15.04, 4899.28, 3816.3999999999996], ["window"]]], "width": 6016, "height": 4016, "tags": []}