{"rects": [[[1105.4399999999998, 639.1999999999999, 4666.16, 3666.0], ["window"]]], "width": 6016, "height": 4016, "tags": []}