{"rects": [[[161.67999999999998, 30.08, 6012.24, 3669.7599999999998], ["window"]]], "width": 6016, "height": 4016, "tags": []}