{"rects": [[[52.64, 75.19999999999999, 4016, 5647.5199999999995], ["window"]]], "width": 4016, "height": 6016, "tags": []}