{"rects": [[[443.67999999999995, 48.879999999999995, 5042.16, 4016], ["window"]]], "width": 6016, "height": 4016, "tags": []}