{"rects": [[[116.55999999999999, 733.1999999999999, 4016, 4481.92], ["window"]]], "width": 4016, "height": 6016, "tags": []}