{"rects": [[[0, 2263.52, 1214.48, 4263.84], ["window"]], [[1943.9199999999998, 2289.8399999999997, 4000.64, 4384.16], ["window"]]], "width": 4016, "height": 6016, "tags": []}