{"rects": [[[0, 924.9599999999999, 4016, 5173.759999999999], ["window"]]], "width": 4016, "height": 6016, "tags": []}