{"rects": [[[338.4, 109.03999999999999, 5245.2, 3752.4799999999996], ["window"]]], "width": 6016, "height": 4016, "tags": []}