{"rects": [[[688.0799999999999, 1819.84, 3237.3599999999997, 4256.32], ["window"]]], "width": 4016, "height": 6016, "tags": []}