{"rects": [[[533.92, 887.3599999999999, 4016, 5083.5199999999995], ["window"]]], "width": 4016, "height": 6016, "tags": []}