{"rects": [[[18.799999999999997, 278.24, 3951.7599999999998, 4429.28], ["window"]]], "width": 4016, "height": 6016, "tags": []}