{"rects": [[[1289.6799999999998, 1222.0, 3086.96, 3846.4799999999996], ["window"]]], "width": 4016, "height": 6016, "tags": []}