{"rects": [[[15.04, 364.71999999999997, 2421.44, 3474.24], ["window"]], [[2278.56, 594.0799999999999, 4308.96, 3786.3199999999997], ["window"]]], "width": 6016, "height": 4016, "tags": []}