{"rects": [[[82.72, 1101.6799999999998, 4016, 5440.719999999999], ["window"]]], "width": 4016, "height": 6016, "tags": []}