{"rects": [[[297.03999999999996, 97.75999999999999, 4016, 5903.2], ["window"]]], "width": 4016, "height": 6016, "tags": []}