{"rects": [[[274.47999999999996, 1018.9599999999999, 4016, 4481.92], ["window"]]], "width": 4016, "height": 6016, "tags": []}