{"rects": [[[413.59999999999997, 1357.36, 3831.4399999999996, 4831.599999999999], ["window"]]], "width": 4016, "height": 6016, "tags": []}