{"rects": [[[624.16, 605.36, 4406.719999999999, 3534.3999999999996], ["window"]]], "width": 6016, "height": 4016, "tags": []}