{"rects": [[[627.92, 503.84, 5801.679999999999, 3692.3199999999997], ["window"]]], "width": 6016, "height": 4016, "tags": []}