{"rects": [[[33.839999999999996, 729.4399999999999, 4016, 5482.08], ["window"]]], "width": 4016, "height": 6016, "tags": []}