{"rects": [[[1417.52, 353.44, 5241.44, 3447.9199999999996], ["window"]], [[75.19999999999999, 1128.0, 1609.28, 2462.7999999999997], ["window"]]], "width": 6016, "height": 4016, "tags": []}