{"rects": [[[1270.8799999999999, 71.44, 5549.759999999999, 4016], ["window"]]], "width": 6016, "height": 4016, "tags": []}