{"rects": [[[436.15999999999997, 97.75999999999999, 5850.5599999999995, 3647.2], ["window", "shop"]]], "width": 6016, "height": 4016, "tags": []}