{"rects": [[[109.03999999999999, 297.03999999999996, 4016, 5512.16], ["window"]]], "width": 4016, "height": 6016, "tags": []}