{"rects": [[[417.35999999999996, 1195.6799999999998, 3906.64, 4263.84], ["window"]]], "width": 4016, "height": 6016, "tags": []}