{"rects": [[[75.19999999999999, 1082.8799999999999, 4016, 5076.0], ["window"]]], "width": 4016, "height": 6016, "tags": []}