{"rects": [[[60.16, 1831.12, 1120.48, 3143.3599999999997], ["window"]], [[977.5999999999999, 789.5999999999999, 2707.2, 3139.6], ["window"]]], "width": 6016, "height": 4016, "tags": []}