{"rects": [[[594.0799999999999, 1176.8799999999999, 3948.0, 5042.16], ["window"]]], "width": 4016, "height": 6016, "tags": []}