{"rects": [[[233.11999999999998, 266.96, 3989.3599999999997, 5256.48], ["window"]]], "width": 4016, "height": 6016, "tags": []}