{"rects": [[[548.9599999999999, 409.84, 4016, 3996.8799999999997], ["window"]]], "width": 4016, "height": 6016, "tags": []}