{"rects": [[[485.03999999999996, 1101.6799999999998, 4016, 4553.36], ["window"]]], "width": 4016, "height": 6016, "tags": []}