{"rects": [[[804.64, 297.03999999999996, 5004.5599999999995, 3361.4399999999996], ["window"]]], "width": 6016, "height": 4016, "tags": []}