{"rects": [[[466.23999999999995, 744.4799999999999, 3579.52, 4316.48], ["window"]]], "width": 4016, "height": 6016, "tags": []}