{"rects": [[[1161.84, 2030.3999999999999, 3184.72, 4534.5599999999995], ["window"]], [[1511.52, 41.36, 2940.3199999999997, 846.0], ["window"]]], "width": 4016, "height": 6016, "tags": []}