{"rects": [[[1052.8, 541.4399999999999, 5260.24, 3504.3199999999997], ["window"]]], "width": 6016, "height": 4016, "tags": []}