{"rects": [[[710.64, 33.839999999999996, 5846.799999999999, 4016], ["window"]]], "width": 6016, "height": 4016, "tags": []}