{"rects": [[[492.55999999999995, 454.96, 3019.2799999999997, 4538.32], ["window"]]], "width": 4016, "height": 6016, "tags": []}