{"rects": [[[195.51999999999998, 218.07999999999998, 4016, 5467.04], ["window"]]], "width": 4016, "height": 6016, "tags": []}