{"rects": [[[368.47999999999996, 1259.6, 4016, 4955.679999999999], ["window"]]], "width": 4016, "height": 6016, "tags": []}