{"rects": [[[522.64, 1169.36, 3722.3999999999996, 4985.759999999999], ["window"]]], "width": 4016, "height": 6016, "tags": []}