{"rects": [[[1071.6, 883.5999999999999, 4004.3999999999996, 4512.0], ["window"]]], "width": 4016, "height": 6016, "tags": []}