{"rects": [[[75.19999999999999, 462.47999999999996, 3929.2, 5177.5199999999995], ["window"]]], "width": 4016, "height": 6016, "tags": []}