{"rects": [[[398.56, 240.64, 3139.6, 3624.64], ["window"]], [[2756.08, 379.76, 5282.799999999999, 3737.4399999999996], ["window"]]], "width": 6016, "height": 4016, "tags": []}