{"rects": [[[736.9599999999999, 338.4, 5767.839999999999, 4000.64], ["window"]]], "width": 6016, "height": 4016, "tags": []}