{"rects": [[[721.92, 1485.1999999999998, 4016, 5049.679999999999], ["window"]]], "width": 4016, "height": 6016, "tags": ["deleted"]}