{"rects": [[[1428.8, 1135.52, 4016, 3053.12], ["window"]], [[109.03999999999999, 1316.0, 1391.1999999999998, 2477.8399999999997], ["window"]], [[891.12, 3391.52, 4016, 5891.92], ["window"]]], "width": 4016, "height": 6016, "tags": []}