{"rects": [[[300.79999999999995, 492.55999999999995, 3669.7599999999998, 3474.24], ["window"]], [[3523.12, 1240.8, 5068.48, 3056.8799999999997], ["window"]]], "width": 6016, "height": 4016, "tags": []}