{"rects": [[[789.5999999999999, 233.11999999999998, 5572.32, 3466.72], ["window"]]], "width": 6016, "height": 4016, "tags": []}