{"rects": [[[139.12, 398.56, 1876.2399999999998, 3447.9199999999996], ["window"]], [[1827.36, 142.88, 4143.5199999999995, 4016], ["door"]], [[4102.16, 432.4, 5906.96, 3549.4399999999996], ["window"]]], "width": 6016, "height": 4016, "tags": []}