{"rects": [[[300.79999999999995, 3.76, 3605.8399999999997, 5944.5599999999995], ["window"]]], "width": 4016, "height": 6016, "tags": []}