{"rects": [[[616.64, 33.839999999999996, 4891.759999999999, 3763.7599999999998], ["window"]]], "width": 6016, "height": 4016, "tags": []}