{"rects": [[[270.71999999999997, 1045.28, 4016, 5553.5199999999995], ["window"]]], "width": 4016, "height": 6016, "tags": []}