{"rects": [[[977.5999999999999, 1940.1599999999999, 3628.3999999999996, 4256.32], ["window"]]], "width": 4016, "height": 6016, "tags": []}