{"rects": [[[1537.84, 379.76, 3023.04, 1801.04], ["window"]], [[1206.96, 1658.1599999999999, 3346.3999999999996, 4643.599999999999], ["window"]]], "width": 4016, "height": 6016, "tags": []}