{"rects": [[[977.5999999999999, 176.72, 4016, 1748.3999999999999], ["window"]], [[11.28, 1755.9199999999998, 4016, 5749.04], ["window"]]], "width": 4016, "height": 6016, "tags": []}