{"rects": [[[684.3199999999999, 236.88, 5162.48, 3846.4799999999996], ["window"]]], "width": 6016, "height": 4016, "tags": []}