{"rects": [[[466.23999999999995, 86.47999999999999, 5685.12, 4016], ["window"]]], "width": 6016, "height": 4016, "tags": []}