{"rects": [[[338.4, 834.7199999999999, 3940.4799999999996, 5500.88], ["window"]]], "width": 4016, "height": 6016, "tags": []}