{"rects": [[[966.3199999999999, 387.28, 5440.719999999999, 3895.3599999999997], ["window"]]], "width": 6016, "height": 4016, "tags": []}