{"rects": [[[906.16, 1191.9199999999998, 3692.3199999999997, 4519.5199999999995], ["window"]]], "width": 4016, "height": 6016, "tags": []}