{"rects": [[[620.4, 985.1199999999999, 3650.9599999999996, 4621.04], ["window"]]], "width": 4016, "height": 6016, "tags": []}