{"rects": [[[56.4, 206.79999999999998, 5718.96, 3556.9599999999996], ["window"]]], "width": 6016, "height": 4016, "tags": []}