{"rects": [[[342.15999999999997, 924.9599999999999, 3910.3999999999996, 3993.12], ["window"]]], "width": 4016, "height": 6016, "tags": []}