{"rects": [[[308.32, 530.16, 2947.8399999999997, 2977.9199999999996], ["window"]], [[2876.3999999999996, 236.88, 5617.44, 2774.8799999999997], ["window"]]], "width": 6016, "height": 4016, "tags": []}