{"rects": [[[342.15999999999997, 631.68, 4016, 5519.679999999999], ["window"]]], "width": 4016, "height": 6016, "tags": []}