{"rects": [[[251.92, 635.4399999999999, 3143.3599999999997, 2910.24], ["window"]], [[3827.68, 654.24, 5805.44, 2703.44], ["window"]]], "width": 6016, "height": 4016, "tags": []}