{"rects": [[[244.39999999999998, 646.7199999999999, 4016, 5591.12], ["window"]]], "width": 4016, "height": 6016, "tags": []}