{"rects": [[[1342.32, 752.0, 2947.8399999999997, 2417.68], ["window"]], [[2846.3199999999997, 861.04, 4493.2, 2312.4], ["window"]], [[4260.08, 876.0799999999999, 5940.799999999999, 2259.7599999999998], ["window"]]], "width": 6016, "height": 4016, "tags": []}