{"rects": [[[838.4799999999999, 413.59999999999997, 5361.759999999999, 3726.16], ["window"]]], "width": 6016, "height": 4016, "tags": []}