{"rects": [[[1094.1599999999999, 1714.56, 3541.9199999999996, 4308.96], ["window"]], [[1353.6, 236.88, 3180.96, 1695.76], ["window"]]], "width": 4016, "height": 6016, "tags": []}