{"rects": [[[244.39999999999998, 135.35999999999999, 3944.24, 5737.759999999999], ["window"]]], "width": 4016, "height": 6016, "tags": []}