{"rects": [[[838.4799999999999, 439.91999999999996, 4557.12, 3974.3199999999997], ["window"]]], "width": 6016, "height": 4016, "tags": []}