{"rects": [[[0, 0, 4016, 6016], ["window"]], [[94.0, 48.879999999999995, 4016, 5707.679999999999], ["window"]]], "width": 4016, "height": 6016, "tags": []}