{"rects": [[[233.11999999999998, 323.35999999999996, 4016, 5376.799999999999], ["window"]]], "width": 4016, "height": 6016, "tags": []}