{"rects": [[[1940.1599999999999, 1214.48, 4320.24, 3312.56], ["window"]], [[2135.68, 221.83999999999997, 3917.9199999999996, 1255.84], ["window"]]], "width": 6016, "height": 4016, "tags": []}