{"rects": [[[872.3199999999999, 1282.1599999999999, 4997.04, 4016], ["window"]]], "width": 6016, "height": 4016, "tags": []}