{"rects": [[[285.76, 947.52, 3105.7599999999998, 3763.7599999999998], ["window"]]], "width": 4016, "height": 6016, "tags": []}