{"rects": [[[642.9599999999999, 161.67999999999998, 5546.0, 3752.4799999999996], ["window"]]], "width": 6016, "height": 4016, "tags": []}