{"rects": [[[676.8, 124.08, 5410.639999999999, 3996.8799999999997], ["window"]]], "width": 6016, "height": 4016, "tags": []}