{"rects": [[[695.5999999999999, 846.0, 2883.9199999999996, 3139.6], ["window"]], [[3177.2, 665.52, 5696.4, 3256.16], ["window"]]], "width": 6016, "height": 4016, "tags": []}