{"rects": [[[169.2, 1022.7199999999999, 3966.7999999999997, 5662.5599999999995], ["door"]]], "width": 4016, "height": 6016, "tags": []}