{"rects": [[[684.3199999999999, 1567.9199999999998, 3861.52, 4421.759999999999], ["window"]]], "width": 4016, "height": 6016, "tags": []}