{"rects": [[[714.4, 1902.56, 3515.6, 4248.8], ["window"]], [[1120.48, 0, 2977.9199999999996, 1650.6399999999999], ["window"]]], "width": 4016, "height": 6016, "tags": []}