{"rects": [[[116.55999999999999, 338.4, 5906.96, 3684.7999999999997], ["window"]]], "width": 6016, "height": 4016, "tags": []}