{"rects": [[[838.4799999999999, 368.47999999999996, 5297.84, 3763.7599999999998], ["window"]]], "width": 6016, "height": 4016, "tags": []}