{"rects": [[[541.4399999999999, 526.4, 4016, 4011.9199999999996], ["window"]]], "width": 4016, "height": 6016, "tags": []}