{"rects": [[[33.839999999999996, 304.56, 4016, 5113.599999999999], ["window"]]], "width": 4016, "height": 6016, "tags": []}