{"rects": [[[188.0, 270.71999999999997, 4016, 4628.5599999999995], ["window"]]], "width": 4016, "height": 6016, "tags": []}