{"rects": [[[541.4399999999999, 1316.0, 3846.4799999999996, 5350.48], ["window"]]], "width": 4016, "height": 6016, "tags": []}