{"rects": [[[1214.48, 372.23999999999995, 3602.08, 3361.4399999999996], ["window"]], [[3368.96, 139.12, 5876.88, 3365.2], ["window"]]], "width": 6016, "height": 4016, "tags": []}