{"rects": [[[1338.56, 1214.48, 2823.7599999999998, 2601.92], ["window"]], [[1379.9199999999998, 3955.52, 2797.44, 5305.36], ["window"]]], "width": 4016, "height": 6016, "tags": []}