{"rects": [[[67.67999999999999, 368.47999999999996, 3493.04, 5512.16], ["window"]]], "width": 4016, "height": 6016, "tags": []}