{"rects": [[[571.52, 109.03999999999999, 5395.599999999999, 3846.4799999999996], ["window"]]], "width": 6016, "height": 4016, "tags": []}