{"rects": [[[733.1999999999999, 973.8399999999999, 3707.3599999999997, 4169.84], ["window"]]], "width": 4016, "height": 6016, "tags": []}