{"rects": [[[545.1999999999999, 1180.6399999999999, 4016, 4801.5199999999995], ["window"]]], "width": 4016, "height": 6016, "tags": []}