{"rects": [[[0, 48.879999999999995, 2887.68, 3143.3599999999997], ["window"]], [[3782.56, 90.24, 6000.96, 3038.08], ["window"]]], "width": 6016, "height": 4016, "tags": []}