{"rects": [[[1274.6399999999999, 22.56, 6008.48, 4004.3999999999996], ["window"]]], "width": 6016, "height": 4016, "tags": []}