{"rects": [[[300.79999999999995, 342.15999999999997, 4139.76, 3320.08], ["window"]]], "width": 6016, "height": 4016, "tags": []}