{"rects": [[[511.35999999999996, 1011.4399999999999, 3996.8799999999997, 5076.0], ["window"]]], "width": 4016, "height": 6016, "tags": []}