{"rects": [[[75.19999999999999, 285.76, 3613.3599999999997, 5658.799999999999], ["window"]]], "width": 4016, "height": 6016, "tags": []}