{"rects": [[[127.83999999999999, 150.39999999999998, 5542.24, 4016], ["window"]]], "width": 6016, "height": 4016, "tags": []}