{"rects": [[[203.04, 646.7199999999999, 3959.2799999999997, 4053.2799999999997], ["window"]]], "width": 4016, "height": 6016, "tags": []}