{"rects": [[[2169.52, 1763.4399999999998, 4105.92, 3677.2799999999997], ["window"]], [[4060.7999999999997, 1947.6799999999998, 5395.599999999999, 3681.04], ["window"]], [[4113.44, 883.5999999999999, 5309.12, 2011.6], ["window"]], [[492.55999999999995, 1692.0, 2244.72, 3594.56], ["window"]]], "width": 6016, "height": 4016, "tags": []}