{"rects": [[[184.23999999999998, 56.4, 6012.24, 3846.4799999999996], ["window"]]], "width": 6016, "height": 4016, "tags": []}