{"rects": [[[248.16, 436.15999999999997, 5767.839999999999, 3895.3599999999997], ["window"]]], "width": 6016, "height": 4016, "tags": []}