{"rects": [[[830.9599999999999, 18.799999999999997, 5602.4, 4016], ["window"]]], "width": 6016, "height": 4016, "tags": []}