{"rects": [[[342.15999999999997, 127.83999999999999, 3647.2, 6012.24], ["window"]]], "width": 4016, "height": 6016, "tags": []}