{"rects": [[[488.79999999999995, 778.3199999999999, 4016, 4880.48], ["window"]]], "width": 4016, "height": 6016, "tags": []}