{"rects": [[[116.55999999999999, 323.35999999999996, 4016, 5391.84], ["window"]]], "width": 4016, "height": 6016, "tags": []}