{"rects": [[[78.96, 124.08, 3038.08, 3932.9599999999996], ["window"]], [[2872.64, 1609.28, 5489.599999999999, 3955.52], ["window"]]], "width": 6016, "height": 4016, "tags": []}