{"rects": [[[172.95999999999998, 195.51999999999998, 3756.24, 5478.32], ["door"]]], "width": 4016, "height": 6016, "tags": []}