{"rects": [[[906.16, 22.56, 5064.719999999999, 3744.9599999999996], ["window"]]], "width": 6016, "height": 4016, "tags": []}