{"rects": [[[872.3199999999999, 1876.2399999999998, 3485.52, 4275.12], ["window"]], [[1240.8, 556.48, 2699.68, 1898.8], ["window"]]], "width": 4016, "height": 6016, "tags": []}