{"rects": [[[285.76, 575.28, 3338.8799999999997, 5395.599999999999], ["window"]]], "width": 4016, "height": 6016, "tags": []}