{"rects": [[[691.8399999999999, 18.799999999999997, 5248.96, 3970.56], ["window"]]], "width": 6016, "height": 4016, "tags": []}