{"rects": [[[48.879999999999995, 135.35999999999999, 3711.12, 5241.44], ["window"]]], "width": 4016, "height": 6016, "tags": []}