{"rects": [[[646.7199999999999, 917.4399999999999, 3808.8799999999997, 4512.0], ["window"]]], "width": 4016, "height": 6016, "tags": []}