{"rects": [[[1154.32, 334.64, 3643.4399999999996, 4519.5199999999995], ["window"]]], "width": 4016, "height": 6016, "tags": []}