{"rects": [[[0, 0, 6016, 4016], ["window"]], [[3301.2799999999997, 725.68, 5493.36, 1883.76], ["window"]], [[3673.52, 1864.9599999999998, 5985.92, 3410.3199999999997], ["window"]], [[60.16, 1842.3999999999999, 2692.16, 3541.9199999999996], ["window"]], [[413.59999999999997, 642.9599999999999, 2477.8399999999997, 1834.8799999999999], ["window"]]], "width": 6016, "height": 4016, "tags": []}