{"rects": [[[706.88, 270.71999999999997, 3425.3599999999997, 3778.7999999999997], ["window"]]], "width": 6016, "height": 4016, "tags": []}