{"rects": [[[977.5999999999999, 263.2, 5937.04, 3620.8799999999997], ["window"]]], "width": 6016, "height": 4016, "tags": []}