{"rects": [[[1552.8799999999999, 1545.36, 3387.7599999999998, 3511.8399999999997], ["window"]]], "width": 4016, "height": 6016, "tags": []}