{"rects": [[[406.08, 883.5999999999999, 3248.64, 3286.24], ["window"]], [[3071.9199999999996, 861.04, 5918.24, 3049.3599999999997], ["window"]]], "width": 6016, "height": 4016, "tags": []}