{"rects": [[[372.23999999999995, 654.24, 3910.3999999999996, 4925.599999999999], ["window"]]], "width": 4016, "height": 6016, "tags": []}