{"rects": [[[312.08, 1376.1599999999999, 4011.9199999999996, 5391.84], ["window"]]], "width": 4016, "height": 6016, "tags": []}