{"rects": [[[1158.9942857142858, 792.4114285714286, 4036.114285714286, 3265.92], ["window"]]], "width": 5184, "height": 3888, "tags": []}