{"rects": [[[562.8342857142857, 248.09142857142857, 3750.9942857142855, 3254.8114285714287], ["window"]]], "width": 5184, "height": 3888, "tags": []}