{"rects": [[[618.3771428571429, 955.3371428571429, 4176.822857142857, 3802.8342857142857], ["window"]]], "width": 5184, "height": 3888, "tags": []}