{"rects": [[[1110.857142857143, 451.74857142857144, 3695.4514285714286, 3536.2285714285713], ["window"]]], "width": 5184, "height": 3888, "tags": []}