{"rects": [[[22.217142857142857, 766.4914285714285, 2380.937142857143, 3765.805714285714], ["window"]], [[2395.7485714285713, 762.7885714285715, 4598.948571428571, 3825.0514285714285], ["window"]]], "width": 5184, "height": 3888, "tags": []}