{"rects": [[[810.9257142857143, 62.94857142857143, 4039.8171428571427, 3810.24], ["window"]]], "width": 5184, "height": 3888, "tags": []}