{"rects": [[[707.2457142857143, 318.4457142857143, 4010.194285714286, 3525.12], ["window", "shop"]]], "width": 5184, "height": 3888, "tags": []}