{"rects": [[[525.8057142857143, 199.9542857142857, 3984.2742857142857, 3799.1314285714284], ["window"]]], "width": 5184, "height": 3888, "tags": []}