{"rects": [[[29.622857142857143, 22.217142857142857, 4665.6, 3854.674285714286], ["window"]]], "width": 5184, "height": 3888, "tags": []}