{"rects": [[[544.32, 403.6114285714286, 4239.771428571428, 3654.72], ["window"]]], "width": 5184, "height": 3888, "tags": []}