{"rects": [[[281.41714285714284, 22.217142857142857, 3825.0514285714285, 3765.805714285714], ["window"]]], "width": 5184, "height": 3888, "tags": []}