{"rects": [[[18.514285714285712, 44.434285714285714, 4987.748571428571, 3780.617142857143], ["window"]]], "width": 5184, "height": 3888, "tags": []}