{"rects": [[[485.07428571428574, 37.028571428571425, 4343.451428571429, 3665.828571428571], ["window"]]], "width": 5184, "height": 3888, "tags": []}