{"rects": [[[933.12, 140.70857142857142, 3806.537142857143, 3706.56], ["door", "shop"]]], "width": 5184, "height": 3888, "tags": []}