{"rects": [[[1047.9085714285713, 1344.1371428571429, 4091.657142857143, 3776.9142857142856], ["window", "shop"]]], "width": 5184, "height": 3888, "tags": []}