{"rects": [[[440.64, 548.0228571428571, 4554.5142857142855, 3654.72], ["window"]]], "width": 5184, "height": 3888, "tags": []}