{"rects": [[[203.65714285714284, 174.03428571428572, 4354.56, 3806.537142857143], ["window"]]], "width": 5184, "height": 3888, "tags": []}