{"rects": [[[81.46285714285715, 240.68571428571428, 5109.942857142857, 3332.5714285714284], ["window"]]], "width": 5184, "height": 3888, "tags": []}