{"rects": [[[370.2857142857143, 159.22285714285715, 3902.8114285714287, 3728.7771428571427], ["window"]]], "width": 5184, "height": 3888, "tags": []}