{"rects": [[[33.325714285714284, 622.08, 5072.914285714286, 3750.9942857142855], ["window"]]], "width": 5184, "height": 3888, "tags": []}