{"rects": [[[85.16571428571429, 536.9142857142857, 2021.76, 3613.9885714285715], ["window"]], [[2032.8685714285714, 573.9428571428572, 3773.2114285714288, 3676.937142857143], ["window"]]], "width": 5184, "height": 3888, "tags": []}