{"rects": [[[718.3542857142858, 162.9257142857143, 4169.417142857143, 3710.2628571428572], ["window"]]], "width": 5184, "height": 3888, "tags": []}