{"rects": [[[607.2685714285715, 492.48, 3299.2457142857143, 3695.4514285714286], ["window"]]], "width": 5184, "height": 3888, "tags": []}