{"rects": [[[803.52, 462.85714285714283, 3032.64, 2969.691428571429], ["window"]]], "width": 5184, "height": 3888, "tags": []}