{"rects": [[[125.28, 1101.6000000000001, 3546.7200000000003, 4052.1600000000003], ["window"]]], "width": 3888, "height": 5184, "tags": []}