{"rects": [[[277.7142857142857, 266.60571428571427, 4224.96, 3773.2114285714288], ["window"]]], "width": 5184, "height": 3888, "tags": []}