{"rects": [[[185.14285714285714, 96.27428571428571, 4332.342857142857, 3454.7657142857142], ["window"]]], "width": 5184, "height": 3888, "tags": []}