{"rects": [[[1525.577142857143, 1181.2114285714285, 4565.622857142857, 3591.7714285714287], ["window"]]], "width": 5184, "height": 3888, "tags": []}