{"rects": [[[788.7085714285714, 3.702857142857143, 3865.782857142857, 2032.8685714285714], ["window"]], [[759.0857142857143, 2062.4914285714285, 3862.08, 3873.1885714285713], ["window"]]], "width": 5184, "height": 3888, "tags": []}