{"rects": [[[588.7542857142857, 618.3771428571429, 4047.2228571428573, 3713.965714285714], ["window"]]], "width": 5184, "height": 3888, "tags": []}