{"rects": [[[81.46285714285715, 7.405714285714286, 4747.062857142857, 3817.6457142857143], ["window"]]], "width": 5184, "height": 3888, "tags": []}