{"rects": [[[544.32, 351.77142857142854, 3625.097142857143, 2943.7714285714287], ["window"]]], "width": 5184, "height": 3888, "tags": []}