{"rects": [[[666.5142857142857, 22.217142857142857, 4058.3314285714287, 3784.32], ["window"]]], "width": 5184, "height": 3888, "tags": []}