{"rects": [[[7.405714285714286, 751.68, 2358.72, 3839.862857142857], ["window"]], [[2373.5314285714285, 755.3828571428571, 4928.5028571428575, 3850.9714285714285], ["window"]]], "width": 5184, "height": 3888, "tags": []}