{"rects": [[[436.9371428571429, 536.9142857142857, 4461.942857142857, 3588.0685714285714], ["window"]]], "width": 5184, "height": 3888, "tags": []}