{"rects": [[[665.2800000000001, 358.56, 3667.6800000000003, 5037.12], ["window"]]], "width": 3888, "height": 5184, "tags": []}