{"rects": [[[118.49142857142857, 592.4571428571428, 4165.714285714285, 3706.56], ["window", "shop"]]], "width": 5184, "height": 3888, "tags": []}