{"rects": [[[992.3657142857143, 577.6457142857142, 4176.822857142857, 3747.2914285714287], ["window"]]], "width": 5184, "height": 3888, "tags": []}