{"rects": [[[1429.3028571428572, 422.1257142857143, 3854.674285714286, 3573.2571428571428], ["window"]]], "width": 5184, "height": 3888, "tags": []}