{"rects": [[[140.70857142857142, 7.405714285714286, 4302.72, 3343.68], ["window"]]], "width": 5184, "height": 3888, "tags": []}