{"rects": [[[259.2, 929.4171428571428, 3928.7314285714288, 3688.0457142857144], ["window"]]], "width": 5184, "height": 3888, "tags": []}