{"rects": [[[355.4742857142857, 359.1771428571429, 4273.097142857143, 3836.16], ["window"]]], "width": 5184, "height": 3888, "tags": []}