{"rects": [[[1221.942857142857, 359.1771428571429, 3436.2514285714287, 3291.84], ["window"]]], "width": 5184, "height": 3888, "tags": []}