{"rects": [[[233.28, 144.41142857142856, 4972.937142857143, 3795.4285714285716], ["window"]]], "width": 5184, "height": 3888, "tags": []}