{"rects": [[[377.69142857142856, 370.2857142857143, 4191.634285714285, 3810.24], ["window"]]], "width": 5184, "height": 3888, "tags": []}