{"rects": [[[796.1142857142858, 862.7657142857142, 3599.177142857143, 3562.1485714285714], ["window"]]], "width": 5184, "height": 3888, "tags": []}