{"rects": [[[318.4457142857143, 111.08571428571429, 4287.908571428571, 3869.4857142857145], ["door"]]], "width": 5184, "height": 3888, "tags": []}