{"rects": [[[114.78857142857143, 33.325714285714284, 4821.12, 3847.2685714285712], ["window"]]], "width": 5184, "height": 3888, "tags": []}