{"rects": [[[299.93142857142857, 433.2342857142857, 4169.417142857143, 2521.6457142857143], ["window"]]], "width": 5184, "height": 3888, "tags": []}