{"rects": [[[96.27428571428571, 262.90285714285716, 4313.828571428571, 3602.88], ["window"]]], "width": 5184, "height": 3888, "tags": []}