{"rects": [[[533.2114285714285, 488.77714285714285, 4121.28, 3769.5085714285715], ["window"]]], "width": 5184, "height": 3888, "tags": []}