{"rects": [[[1447.817142857143, 551.7257142857143, 4632.274285714286, 3476.982857142857], ["window"]]], "width": 5184, "height": 3888, "tags": []}