{"rects": [[[488.77714285714285, 262.90285714285716, 4691.52, 3765.805714285714], ["window"]]], "width": 5184, "height": 3888, "tags": []}