{"rects": [[[747.9771428571429, 670.2171428571429, 4428.617142857142, 3776.9142857142856], ["window"]]], "width": 5184, "height": 3888, "tags": []}