{"rects": [[[29.622857142857143, 181.44, 2888.2285714285713, 3684.342857142857], ["window"]], [[2914.1485714285714, 192.54857142857142, 5154.377142857143, 3832.457142857143], ["window"]]], "width": 5184, "height": 3888, "tags": []}