{"rects": [[[825.7371428571429, 114.78857142857143, 4743.36, 3702.8571428571427], ["window"]]], "width": 5184, "height": 3888, "tags": []}