{"rects": [[[1252.8000000000002, 920.1600000000001, 3831.84, 4942.08], ["window"]]], "width": 3888, "height": 5184, "tags": []}