{"rects": [[[96.27428571428571, 259.2, 4813.714285714285, 3747.2914285714287], ["window"]]], "width": 5184, "height": 3888, "tags": []}