{"rects": [[[1503.36, 1040.5028571428572, 4906.285714285715, 3739.885714285714], ["window"]]], "width": 5184, "height": 3888, "tags": []}