{"rects": [[[7.405714285714286, 399.9085714285714, 1344.1371428571429, 3495.497142857143], ["window"]]], "width": 5184, "height": 3888, "tags": []}