{"rects": [[[225.87428571428572, 311.04, 4584.137142857143, 3680.64], ["window"]]], "width": 5184, "height": 3888, "tags": []}