{"rects": [[[644.2971428571428, 1010.88, 4954.4228571428575, 3802.8342857142857], ["window"]]], "width": 5184, "height": 3888, "tags": []}