{"rects": [[[107.38285714285715, 236.98285714285714, 4947.017142857143, 3580.6628571428573], ["window"]]], "width": 5184, "height": 3888, "tags": []}