{"rects": [[[29.622857142857143, 414.72, 5024.777142857143, 3713.965714285714], ["window"]]], "width": 5184, "height": 3888, "tags": []}