{"rects": [[[733.1657142857143, 562.8342857142857, 4121.28, 3850.9714285714285], ["window"]]], "width": 5184, "height": 3888, "tags": []}