{"rects": [[[470.2628571428571, 255.49714285714285, 4558.217142857143, 3836.16], ["window", "shop"]]], "width": 5184, "height": 3888, "tags": []}