{"rects": [[[1262.6742857142858, 1103.4514285714286, 3773.2114285714288, 3506.6057142857144], ["window"]]], "width": 5184, "height": 3888, "tags": []}