{"rects": [[[896.0914285714285, 847.9542857142857, 4621.165714285714, 3462.1714285714284], ["window"]]], "width": 5184, "height": 3888, "tags": []}