{"rects": [[[536.9142857142857, 303.63428571428574, 3802.8342857142857, 3836.16], ["window"]]], "width": 5184, "height": 3888, "tags": []}