{"rects": [[[244.38857142857142, 174.03428571428572, 4306.4228571428575, 3758.4], ["window"]]], "width": 5184, "height": 3888, "tags": []}