{"rects": [[[1447.817142857143, 266.60571428571427, 3728.7771428571427, 3573.2571428571428], ["window"]]], "width": 5184, "height": 3888, "tags": []}