{"rects": [[[977.5542857142857, 1251.5657142857142, 3799.1314285714284, 3836.16], ["window"]]], "width": 5184, "height": 3888, "tags": []}