{"rects": [[[444.34285714285716, 133.30285714285714, 4306.4228571428575, 3765.805714285714], ["window"]]], "width": 5184, "height": 3888, "tags": []}