{"rects": [[[74.05714285714285, 596.16, 3476.982857142857, 3484.3885714285716], ["window"]]], "width": 5184, "height": 3888, "tags": []}