{"rects": [[[289.44, 984.96, 3486.2400000000002, 5119.200000000001], ["window"]]], "width": 3888, "height": 5184, "tags": []}