{"rects": [[[1288.5942857142857, 351.77142857142854, 3536.2285714285713, 3021.5314285714285], ["window"]]], "width": 5184, "height": 3888, "tags": []}