{"rects": [[[336.96, 255.49714285714285, 4584.137142857143, 3810.24], ["window"]]], "width": 5184, "height": 3888, "tags": []}