{"rects": [[[107.38285714285715, 66.65142857142857, 4654.4914285714285, 3676.937142857143], ["window"]]], "width": 5184, "height": 3888, "tags": []}