{"rects": [[[88.86857142857143, 285.12, 4498.971428571429, 3699.154285714286], ["window"]]], "width": 5184, "height": 3888, "tags": []}