{"rects": [[[729.4628571428572, 377.69142857142856, 3954.6514285714284, 3217.782857142857], ["window"]]], "width": 5184, "height": 3888, "tags": []}