{"rects": [[[462.85714285714283, 1466.3314285714287, 4476.754285714285, 3584.365714285714], ["window"]]], "width": 5184, "height": 3888, "tags": []}