{"rects": [[[22.217142857142857, 648.0, 5165.4857142857145, 3532.5257142857145], ["window"]]], "width": 5184, "height": 3888, "tags": []}