{"rects": [[[296.2285714285714, 303.63428571428574, 4058.3314285714287, 3802.8342857142857], ["window"]]], "width": 5184, "height": 3888, "tags": []}