{"rects": [[[1021.9885714285714, 88.86857142857143, 3843.5657142857144, 3750.9942857142855], ["window"]]], "width": 5184, "height": 3888, "tags": []}