{"rects": [[[255.49714285714285, 855.36, 4421.211428571429, 3821.3485714285716], ["window", "shop"]]], "width": 5184, "height": 3888, "tags": []}