{"rects": [[[255.49714285714285, 385.09714285714284, 3588.0685714285714, 3758.4], ["window"]]], "width": 5184, "height": 3888, "tags": []}