{"rects": [[[947.9314285714286, 533.2114285714285, 4598.948571428571, 3839.862857142857], ["window", "shop"]]], "width": 5184, "height": 3888, "tags": []}