{"rects": [[[70.35428571428571, 266.60571428571427, 4139.794285714285, 3854.674285714286], ["window"]]], "width": 5184, "height": 3888, "tags": []}