{"rects": [[[436.9371428571429, 92.57142857142857, 3514.0114285714285, 3562.1485714285714], ["window"]]], "width": 5184, "height": 3888, "tags": []}