{"rects": [[[240.68571428571428, 525.8057142857143, 2854.902857142857, 3462.1714285714284], ["window"]], [[2888.2285714285713, 522.1028571428571, 5176.594285714285, 3651.017142857143], ["window"]]], "width": 5184, "height": 3888, "tags": []}