{"rects": [[[318.4457142857143, 292.5257142857143, 3799.1314285714284, 3699.154285714286], ["window"]]], "width": 5184, "height": 3888, "tags": []}