{"rects": [[[803.52, 629.4857142857143, 3576.96, 3813.942857142857], ["window"]]], "width": 5184, "height": 3888, "tags": []}