{"rects": [[[366.58285714285716, 762.7885714285715, 4124.982857142857, 3721.3714285714286], ["window"]]], "width": 5184, "height": 3888, "tags": []}