{"rects": [[[296.2285714285714, 62.94857142857143, 3991.68, 3721.3714285714286], ["door"]]], "width": 5184, "height": 3888, "tags": []}