{"rects": [[[211.06285714285715, 211.06285714285715, 4650.788571428571, 3743.5885714285714], ["window"]]], "width": 5184, "height": 3888, "tags": []}