{"rects": [[[503.5885714285714, 174.03428571428572, 4121.28, 3799.1314285714284], ["window"]]], "width": 5184, "height": 3888, "tags": []}