{"rects": [[[44.434285714285714, 1096.0457142857142, 1914.3771428571429, 3791.7257142857143], ["window"]], [[3077.074285714286, 1466.3314285714287, 4935.908571428571, 3873.1885714285713], ["window"]]], "width": 5184, "height": 3888, "tags": []}