{"rects": [[[599.8628571428571, 214.7657142857143, 3850.9714285714285, 3873.1885714285713], ["window"]]], "width": 5184, "height": 3888, "tags": []}