{"rects": [[[329.5542857142857, 618.3771428571429, 4217.5542857142855, 3888], ["window"]]], "width": 5184, "height": 3888, "tags": []}