{"rects": [[[0, 0, 5184, 3888], ["facade"]], [[903.4971428571429, 314.74285714285713, 3839.862857142857, 3106.697142857143], ["window"]]], "width": 5184, "height": 3888, "tags": []}