{"rects": [[[251.7942857142857, 322.1485714285714, 3291.84, 3843.5657142857144], ["window"]]], "width": 5184, "height": 3888, "tags": []}