{"rects": [[[366.58285714285716, 155.52, 4821.12, 3791.7257142857143], ["window"]]], "width": 5184, "height": 3888, "tags": []}