{"rects": [[[96.27428571428571, 770.1942857142857, 4713.737142857143, 3739.885714285714], ["window"]]], "width": 5184, "height": 3888, "tags": []}