{"rects": [[[177.73714285714286, 248.09142857142857, 4606.354285714286, 3462.1714285714284], ["window"]]], "width": 5184, "height": 3888, "tags": []}