{"rects": [[[1344.1371428571429, 429.5314285714286, 3565.8514285714286, 3491.7942857142857], ["door"]]], "width": 5184, "height": 3888, "tags": []}