{"rects": [[[614.6742857142857, 155.52, 4039.8171428571427, 3536.2285714285713], ["window"]]], "width": 5184, "height": 3888, "tags": []}