{"rects": [[[344.36571428571426, 325.8514285714286, 4210.148571428572, 3762.102857142857], ["window"]]], "width": 5184, "height": 3888, "tags": []}