{"rects": [[[81.46285714285715, 18.514285714285712, 4117.5771428571425, 3762.102857142857], ["window"]]], "width": 5184, "height": 3888, "tags": []}