{"rects": [[[81.46285714285715, 377.69142857142856, 4461.942857142857, 3836.16], ["window"]]], "width": 5184, "height": 3888, "tags": []}