{"rects": [[[81.46285714285715, 162.9257142857143, 4780.388571428572, 3776.9142857142856], ["window"]]], "width": 5184, "height": 3888, "tags": []}