{"rects": [[[96.27428571428571, 192.54857142857142, 4561.92, 3832.457142857143], ["window"]]], "width": 5184, "height": 3888, "tags": []}