{"rects": [[[1099.7485714285715, 122.19428571428571, 4943.314285714286, 3669.5314285714285], ["window"]]], "width": 5184, "height": 3888, "tags": []}