{"rects": [[[48.137142857142855, 699.84, 3906.5142857142855, 3458.4685714285715], ["window"]]], "width": 5184, "height": 3888, "tags": []}