{"rects": [[[440.64, 55.542857142857144, 4421.211428571429, 3828.7542857142857], ["window"]]], "width": 5184, "height": 3888, "tags": []}