{"rects": [[[285.12, 1188.6171428571429, 3495.497142857143, 3688.0457142857144], ["window"]]], "width": 5184, "height": 3888, "tags": []}