{"rects": [[[40.73142857142857, 11.108571428571429, 4269.394285714286, 1981.0285714285715], ["window"]], [[55.542857142857144, 1999.5428571428572, 4402.697142857143, 3876.8914285714286], ["window"]]], "width": 5184, "height": 3888, "tags": []}