{"rects": [[[825.7371428571429, 296.2285714285714, 4291.611428571428, 3828.7542857142857], ["window"]]], "width": 5184, "height": 3888, "tags": []}