{"rects": [[[396.2057142857143, 707.2457142857143, 4217.5542857142855, 3791.7257142857143], ["window"]]], "width": 5184, "height": 3888, "tags": []}