{"rects": [[[133.30285714285714, 222.17142857142858, 4165.714285714285, 3402.925714285714], ["window"]]], "width": 5184, "height": 3888, "tags": []}