{"rects": [[[18.514285714285712, 1062.72, 2218.0114285714285, 3888], ["window"]], [[2221.714285714286, 1092.3428571428572, 4698.925714285714, 3817.6457142857143], ["window"]]], "width": 5184, "height": 3888, "tags": []}