{"rects": [[[725.76, 1333.0285714285715, 4302.72, 3858.3771428571426], ["window"]]], "width": 5184, "height": 3888, "tags": []}