{"rects": [[[422.1257142857143, 459.1542857142857, 4091.657142857143, 3506.6057142857144], ["window"]]], "width": 5184, "height": 3888, "tags": []}