{"rects": [[[29.622857142857143, 673.92, 4406.4, 3765.805714285714], ["window"]]], "width": 5184, "height": 3888, "tags": []}