{"rects": [[[475.20000000000005, 0, 3792.96, 5132.160000000001], ["window"]]], "width": 3888, "height": 5184, "tags": []}