{"rects": [[[177.73714285714286, 88.86857142857143, 4647.085714285714, 3788.022857142857], ["window"]]], "width": 5184, "height": 3888, "tags": []}