{"rects": [[[448.04571428571427, 592.4571428571428, 4380.48, 3491.7942857142857], ["window"]]], "width": 5184, "height": 3888, "tags": []}