{"rects": [[[11.108571428571429, 288.8228571428571, 4454.5371428571425, 3769.5085714285715], ["window"]]], "width": 5184, "height": 3888, "tags": []}