{"rects": [[[51.84, 362.88, 3017.828571428571, 3750.9942857142855], ["window"]]], "width": 5184, "height": 3888, "tags": []}