{"rects": [[[44.434285714285714, 211.06285714285715, 4236.068571428571, 3736.1828571428573], ["window"]]], "width": 5184, "height": 3888, "tags": []}