{"rects": [[[881.28, 133.30285714285714, 3869.4857142857145, 3825.0514285714285], ["window"]]], "width": 5184, "height": 3888, "tags": []}