{"rects": [[[77.76, 44.434285714285714, 4465.645714285714, 3706.56], ["window"]]], "width": 5184, "height": 3888, "tags": []}