{"rects": [[[33.325714285714284, 11.108571428571429, 4210.148571428572, 1869.942857142857], ["window"]], [[29.622857142857143, 1888.4571428571428, 4458.24, 3665.828571428571], ["window"]]], "width": 5184, "height": 3888, "tags": []}