{"rects": [[[411.01714285714286, 403.6114285714286, 4036.114285714286, 3817.6457142857143], ["window"]]], "width": 5184, "height": 3888, "tags": []}