{"rects": [[[166.62857142857143, 1610.7428571428572, 3862.08, 3506.6057142857144], ["window"]]], "width": 5184, "height": 3888, "tags": []}