{"rects": [[[462.85714285714283, 144.41142857142856, 4650.788571428571, 3791.7257142857143], ["window"]]], "width": 5184, "height": 3888, "tags": []}