{"rects": [[[244.38857142857142, 1192.32, 4387.885714285714, 3762.102857142857], ["window"]]], "width": 5184, "height": 3888, "tags": []}