{"rects": [[[477.66857142857145, 770.1942857142857, 4106.4685714285715, 3828.7542857142857], ["window"]]], "width": 5184, "height": 3888, "tags": []}