{"rects": [[[7.405714285714286, 562.8342857142857, 4276.8, 3839.862857142857], ["window"]]], "width": 5184, "height": 3888, "tags": []}