{"rects": [[[40.73142857142857, 425.8285714285714, 4721.142857142857, 3565.8514285714286], ["window"]]], "width": 5184, "height": 3888, "tags": []}