{"rects": [[[118.49142857142857, 507.2914285714286, 3347.382857142857, 3858.3771428571426], ["window"]]], "width": 5184, "height": 3888, "tags": []}