{"rects": [[[44.434285714285714, 1155.2914285714285, 2203.2, 3862.08], ["window"]], [[2221.714285714286, 1158.9942857142858, 4454.5371428571425, 3869.4857142857145], ["window"]]], "width": 5184, "height": 3888, "tags": []}