{"rects": [[[7.405714285714286, 877.5771428571428, 2062.4914285714285, 3762.102857142857], ["window"]], [[2084.7085714285713, 892.3885714285715, 4706.331428571429, 3769.5085714285715], ["window"]]], "width": 5184, "height": 3888, "tags": []}