{"rects": [[[129.6, 99.97714285714285, 3713.965714285714, 3806.537142857143], ["window"]]], "width": 5184, "height": 3888, "tags": []}