{"rects": [[[1029.3942857142856, 181.44, 2980.8, 3762.102857142857], ["window", "shop"]]], "width": 5184, "height": 3888, "tags": []}