{"rects": [[[351.77142857142854, 699.84, 3369.6, 3643.6114285714284], ["window"]]], "width": 5184, "height": 3888, "tags": []}