{"rects": [[[440.64, 281.41714285714284, 3506.6057142857144, 3121.5085714285715], ["window"]]], "width": 5184, "height": 3888, "tags": []}