{"rects": [[[29.622857142857143, 903.4971428571429, 4491.565714285714, 3784.32], ["window"]]], "width": 5184, "height": 3888, "tags": []}