{"rects": [[[66.65142857142857, 70.35428571428571, 3980.5714285714284, 3788.022857142857], ["window"]]], "width": 5184, "height": 3888, "tags": []}