{"rects": [[[48.137142857142855, 33.325714285714284, 4713.737142857143, 3706.56], ["window"]]], "width": 5184, "height": 3888, "tags": []}