{"rects": [[[151.81714285714287, 1292.297142857143, 4550.811428571428, 3780.617142857143], ["window"]]], "width": 5184, "height": 3888, "tags": []}