{"rects": [[[959.04, 151.81714285714287, 3639.9085714285716, 3576.96], ["window"]]], "width": 5184, "height": 3888, "tags": []}