{"rects": [[[22.217142857142857, 33.325714285714284, 3676.937142857143, 3802.8342857142857], ["window"]]], "width": 5184, "height": 3888, "tags": []}