{"rects": [[[107.38285714285715, 18.514285714285712, 4199.04, 3828.7542857142857], ["window"]]], "width": 5184, "height": 3888, "tags": []}