{"rects": [[[881.28, 481.37142857142857, 3465.8742857142856, 3410.3314285714287], ["window"]]], "width": 5184, "height": 3888, "tags": []}