{"rects": [[[592.4571428571428, 74.05714285714285, 3891.7028571428573, 1814.4], ["window"]]], "width": 5184, "height": 3888, "tags": []}