{"rects": [[[673.92, 55.542857142857144, 4025.0057142857145, 3728.7771428571427], ["window"]]], "width": 5184, "height": 3888, "tags": []}