{"rects": [[[48.137142857142855, 107.38285714285715, 4028.7085714285713, 3717.6685714285713], ["window"]]], "width": 5184, "height": 3888, "tags": []}