{"rects": [[[25.92, 33.325714285714284, 3214.08, 3873.1885714285713], ["window"]]], "width": 5184, "height": 3888, "tags": []}