{"rects": [[[285.12, 18.514285714285712, 4295.314285714286, 3747.2914285714287], ["window"]]], "width": 5184, "height": 3888, "tags": []}