{"rects": [[[177.73714285714286, 51.84, 3488.0914285714284, 3850.9714285714285], ["window"]]], "width": 5184, "height": 3888, "tags": []}