{"rects": [[[55.542857142857144, 718.3542857142858, 3821.3485714285716, 3862.08], ["window"]]], "width": 5184, "height": 3888, "tags": []}