{"rects": [[[162.9257142857143, 314.74285714285713, 3680.64, 3762.102857142857], ["window"]]], "width": 5184, "height": 3888, "tags": []}