{"rects": [[[462.85714285714283, 448.04571428571427, 4276.8, 3813.942857142857], ["window"]]], "width": 5184, "height": 3888, "tags": []}