{"rects": [[[96.27428571428571, 644.2971428571428, 4206.4457142857145, 3691.7485714285713], ["window"]]], "width": 5184, "height": 3888, "tags": []}