{"rects": [[[492.48, 922.0114285714286, 4502.674285714285, 3669.5314285714285], ["window", "shop"]]], "width": 5184, "height": 3888, "tags": []}