{"rects": [[[533.2114285714285, 259.2, 4243.4742857142855, 3551.04], ["window"]]], "width": 5184, "height": 3888, "tags": []}