{"rects": [[[40.73142857142857, 166.62857142857143, 5139.565714285714, 3673.2342857142858], ["window"]]], "width": 5184, "height": 3888, "tags": []}