{"rects": [[[155.52, 222.17142857142858, 5076.617142857142, 3780.617142857143], ["window"]]], "width": 5184, "height": 3888, "tags": []}