{"rects": [[[211.06285714285715, 44.434285714285714, 4428.617142857142, 3784.32], ["window"]]], "width": 5184, "height": 3888, "tags": []}