{"rects": [[[66.65142857142857, 329.5542857142857, 3417.7371428571428, 3799.1314285714284], ["window"]]], "width": 5184, "height": 3888, "tags": []}