{"rects": [[[70.35428571428571, 155.52, 5158.08, 3202.9714285714285], ["window"]]], "width": 5184, "height": 3888, "tags": []}