{"rects": [[[214.7657142857143, 55.542857142857144, 4269.394285714286, 3813.942857142857], ["window"]]], "width": 5184, "height": 3888, "tags": []}