{"rects": [[[470.2628571428571, 266.60571428571427, 4754.4685714285715, 3632.502857142857], ["window"]]], "width": 5184, "height": 3888, "tags": []}