{"rects": [[[381.39428571428573, 947.9314285714286, 4713.737142857143, 3217.782857142857], ["window"]]], "width": 5184, "height": 3888, "tags": []}