{"rects": [[[129.6, 251.7942857142857, 4684.114285714286, 3865.782857142857], ["window"]]], "width": 5184, "height": 3888, "tags": []}