{"rects": [[[29.622857142857143, 685.0285714285715, 2854.902857142857, 3713.965714285714], ["window"]], [[2880.822857142857, 662.8114285714286, 5139.565714285714, 3750.9942857142855], ["window"]]], "width": 5184, "height": 3888, "tags": []}