{"rects": [[[670.2171428571429, 66.65142857142857, 4239.771428571428, 3795.4285714285716], ["window"]]], "width": 5184, "height": 3888, "tags": []}