{"rects": [[[596.16, 207.36, 4313.828571428571, 3480.6857142857143], ["window"]]], "width": 5184, "height": 3888, "tags": []}