{"rects": [[[322.1485714285714, 81.46285714285715, 4465.645714285714, 3821.3485714285716], ["window"]]], "width": 5184, "height": 3888, "tags": []}