{"rects": [[[103.68, 174.03428571428572, 4387.885714285714, 3558.445714285714], ["window"]]], "width": 5184, "height": 3888, "tags": []}