{"rects": [[[636.8914285714286, 318.4457142857143, 4410.102857142857, 3839.862857142857], ["window"]]], "width": 5184, "height": 3888, "tags": []}