{"rects": [[[581.3485714285714, 22.217142857142857, 4343.451428571429, 3828.7542857142857], ["window"]]], "width": 5184, "height": 3888, "tags": []}