{"rects": [[[248.09142857142857, 951.6342857142857, 4184.228571428572, 3765.805714285714], ["window"]]], "width": 5184, "height": 3888, "tags": []}