{"rects": [[[862.7657142857142, 607.2685714285715, 4213.851428571428, 3402.925714285714], ["window"]]], "width": 5184, "height": 3888, "tags": []}