{"rects": [[[174.03428571428572, 636.8914285714286, 4191.634285714285, 3480.6857142857143], ["window"]]], "width": 5184, "height": 3888, "tags": []}