{"rects": [[[99.97714285714285, 59.245714285714286, 3854.674285714286, 3828.7542857142857], ["window"]]], "width": 5184, "height": 3888, "tags": []}