{"rects": [[[475.20000000000005, 466.56000000000006, 3654.7200000000003, 5084.64], ["window"]]], "width": 3888, "height": 5184, "tags": []}