{"rects": [[[296.2285714285714, 140.70857142857142, 4017.6, 3495.497142857143], ["window", "shop"]]], "width": 5184, "height": 3888, "tags": []}