{"rects": [[[66.65142857142857, 144.41142857142856, 3858.3771428571426, 3747.2914285714287], ["window"]]], "width": 5184, "height": 3888, "tags": []}