{"rects": [[[51.84, 159.22285714285715, 2562.3771428571426, 3728.7771428571427], ["window"]], [[2584.594285714286, 162.9257142857143, 5132.16, 3825.0514285714285], ["window"]]], "width": 5184, "height": 3888, "tags": []}