{"rects": [[[125.28, 483.84000000000003, 3680.6400000000003, 5054.400000000001], ["window"]]], "width": 3888, "height": 5184, "tags": []}