{"rects": [[[148.1142857142857, 262.90285714285716, 4528.594285714285, 3584.365714285714], ["window"]]], "width": 5184, "height": 3888, "tags": []}