{"rects": [[[185.14285714285714, 614.6742857142857, 4598.948571428571, 3806.537142857143], ["window"]]], "width": 5184, "height": 3888, "tags": []}