{"rects": [[[155.52, 144.41142857142856, 4250.88, 3854.674285714286], ["window"]]], "width": 5184, "height": 3888, "tags": []}