{"rects": [[[18.514285714285712, 51.84, 4961.828571428571, 3791.7257142857143], ["window"]]], "width": 5184, "height": 3888, "tags": []}