{"rects": [[[196.25142857142856, 151.81714285714287, 3199.2685714285712, 3788.022857142857], ["window"]]], "width": 5184, "height": 3888, "tags": []}