{"rects": [[[588.7542857142857, 162.9257142857143, 4484.16, 3780.617142857143], ["window"]]], "width": 5184, "height": 3888, "tags": []}