{"rects": [[[107.38285714285715, 122.19428571428571, 4150.902857142857, 3743.5885714285714], ["window"]]], "width": 5184, "height": 3888, "tags": []}