{"rects": [[[59.245714285714286, 48.137142857142855, 3651.017142857143, 3621.3942857142856], ["window", "shop"]]], "width": 5184, "height": 3888, "tags": []}