{"rects": [[[225.87428571428572, 862.7657142857142, 4995.154285714286, 3739.885714285714], ["window"]]], "width": 5184, "height": 3888, "tags": []}