{"rects": [[[274.01142857142855, 0, 3562.1485714285714, 3747.2914285714287], ["window"]]], "width": 5184, "height": 3888, "tags": []}