{"rects": [[[30.240000000000002, 21.6, 3451.6800000000003, 5093.280000000001], ["window"]]], "width": 3888, "height": 5184, "tags": []}