{"rects": [[[77.76, 311.04, 3191.862857142857, 3717.6685714285713], ["window"]], [[3210.3771428571426, 303.63428571428574, 5165.4857142857145, 3699.154285714286], ["window"]]], "width": 5184, "height": 3888, "tags": []}