{"rects": [[[1062.72, 14.811428571428571, 3295.542857142857, 2451.2914285714287], ["window"]]], "width": 5184, "height": 3888, "tags": []}