{"rects": [[[1021.9885714285714, 66.65142857142857, 4180.5257142857145, 2099.52], ["window", "shop"]]], "width": 5184, "height": 3888, "tags": []}