{"rects": [[[359.1771428571429, 288.8228571428571, 4754.4685714285715, 3710.2628571428572], ["window"]]], "width": 5184, "height": 3888, "tags": []}