{"rects": [[[107.38285714285715, 137.00571428571428, 4284.205714285714, 3565.8514285714286], ["window"]]], "width": 5184, "height": 3888, "tags": []}