{"rects": [[[1003.4742857142857, 88.86857142857143, 4839.634285714285, 3854.674285714286], ["window"]]], "width": 5184, "height": 3888, "tags": []}