{"rects": [[[214.7657142857143, 7.405714285714286, 4228.662857142857, 3436.2514285714287], ["window"]]], "width": 5184, "height": 3888, "tags": []}