{"rects": [[[422.1257142857143, 199.9542857142857, 4261.988571428571, 3628.8], ["window"]]], "width": 5184, "height": 3888, "tags": []}