{"rects": [[[144.41142857142856, 729.4628571428572, 3884.2971428571427, 3888], ["window"]]], "width": 5184, "height": 3888, "tags": []}