{"rects": [[[92.57142857142857, 25.92, 2469.805714285714, 3717.6685714285713], ["window"]], [[2432.7771428571427, 44.434285714285714, 5050.697142857143, 3743.5885714285714], ["window"]]], "width": 5184, "height": 3888, "tags": []}