{"rects": [[[348.06857142857143, 773.8971428571429, 5024.777142857143, 3295.542857142857], ["window"]]], "width": 5184, "height": 3888, "tags": []}