{"rects": [[[292.5257142857143, 7.405714285714286, 3499.2, 3399.2228571428573], ["window"]]], "width": 5184, "height": 3888, "tags": []}