{"rects": [[[108.0, 332.64000000000004, 3780.0000000000005, 5024.160000000001], ["window"]]], "width": 3888, "height": 5184, "tags": []}