{"rects": [[[751.68, 836.8457142857143, 4680.411428571429, 3839.862857142857], ["window"]]], "width": 5184, "height": 3888, "tags": []}