{"rects": [[[185.14285714285714, 88.86857142857143, 4173.12, 3784.32], ["window"]]], "width": 5184, "height": 3888, "tags": []}