{"rects": [[[251.7942857142857, 1355.2457142857143, 4661.897142857143, 3280.7314285714288], ["window"]]], "width": 5184, "height": 3888, "tags": []}