{"rects": [[[228.96, 250.56, 3836.1600000000003, 5011.200000000001], ["window"]]], "width": 3888, "height": 5184, "tags": []}