{"rects": [[[499.8857142857143, 459.1542857142857, 3565.8514285714286, 3543.634285714286], ["window"]]], "width": 5184, "height": 3888, "tags": []}