{"rects": [[[22.217142857142857, 25.92, 2869.714285714286, 3565.8514285714286], ["window"]], [[2891.9314285714286, 1018.2857142857143, 4458.24, 3876.8914285714286], ["window"]]], "width": 5184, "height": 3888, "tags": []}