{"rects": [[[899.7942857142857, 40.73142857142857, 3813.942857142857, 3762.102857142857], ["window", "shop"]]], "width": 5184, "height": 3888, "tags": []}