{"rects": [[[34.56, 712.8000000000001, 3823.2000000000003, 4985.280000000001], ["window"]]], "width": 3888, "height": 5184, "tags": []}