{"rects": [[[99.97714285714285, 88.86857142857143, 4543.405714285715, 3639.9085714285716], ["window"]]], "width": 5184, "height": 3888, "tags": []}