{"rects": [[[29.622857142857143, 659.1085714285714, 3125.2114285714288, 2951.177142857143], ["window"]], [[3154.8342857142857, 614.6742857142857, 5172.891428571428, 3228.8914285714286], ["window"]]], "width": 5184, "height": 3888, "tags": []}