{"rects": [[[781.3028571428572, 522.1028571428571, 4087.9542857142856, 3710.2628571428572], ["window"]]], "width": 5184, "height": 3888, "tags": []}