{"rects": [[[585.0514285714286, 577.6457142857142, 4184.228571428572, 3639.9085714285716], ["window"]]], "width": 5184, "height": 3888, "tags": []}