{"rects": [[[159.22285714285715, 85.16571428571429, 4598.948571428571, 3099.2914285714287], ["window"]]], "width": 5184, "height": 3888, "tags": []}