{"rects": [[[292.5257142857143, 688.7314285714285, 4847.04, 3847.2685714285712], ["window"]]], "width": 5184, "height": 3888, "tags": []}