{"rects": [[[751.68, 392.5028571428571, 4839.634285714285, 3747.2914285714287], ["window"]]], "width": 5184, "height": 3888, "tags": []}