{"rects": [[[766.4914285714285, 55.542857142857144, 4969.234285714286, 3758.4], ["window", "shop"]]], "width": 5184, "height": 3888, "tags": []}