{"rects": [[[233.28, 33.325714285714284, 4373.074285714286, 3791.7257142857143], ["window"]]], "width": 5184, "height": 3888, "tags": []}