{"rects": [[[529.5085714285714, 40.73142857142857, 3836.16, 3869.4857142857145], ["window", "shop"]]], "width": 5184, "height": 3888, "tags": []}