{"rects": [[[814.6285714285714, 181.44, 4654.4914285714285, 3458.4685714285715], ["window"]]], "width": 5184, "height": 3888, "tags": []}