{"rects": [[[62.94857142857143, 581.3485714285714, 4465.645714285714, 3658.422857142857], ["window"]]], "width": 5184, "height": 3888, "tags": []}