{"rects": [[[367.20000000000005, 574.5600000000001, 3710.88, 5110.56], ["door"]]], "width": 3888, "height": 5184, "tags": []}