{"rects": [[[55.542857142857144, 59.245714285714286, 4750.765714285714, 3817.6457142857143], ["window"]]], "width": 5184, "height": 3888, "tags": []}