{"rects": [[[62.94857142857143, 125.89714285714285, 4365.668571428571, 3784.32], ["window"]]], "width": 5184, "height": 3888, "tags": []}