{"rects": [[[85.16571428571429, 144.41142857142856, 5009.965714285714, 3780.617142857143], ["window"]]], "width": 5184, "height": 3888, "tags": []}