{"rects": [[[736.8685714285714, 159.22285714285715, 4465.645714285714, 3673.2342857142858], ["window", "shop"]]], "width": 5184, "height": 3888, "tags": []}