{"rects": [[[351.77142857142854, 240.68571428571428, 4835.931428571428, 3795.4285714285716], ["window", "shop"]]], "width": 5184, "height": 3888, "tags": []}