{"rects": [[[85.16571428571429, 355.4742857142857, 3725.074285714286, 3732.48], ["window"]]], "width": 5184, "height": 3888, "tags": []}