{"rects": [[[270.30857142857144, 870.1714285714286, 4991.451428571429, 3780.617142857143], ["window"]]], "width": 5184, "height": 3888, "tags": []}