{"rects": [[[503.5885714285714, 255.49714285714285, 4654.4914285714285, 3602.88], ["window"]]], "width": 5184, "height": 3888, "tags": []}