{"rects": [[[188.84571428571428, 85.16571428571429, 3876.8914285714286, 2914.1485714285714], ["window", "shop"]]], "width": 5184, "height": 3888, "tags": []}