{"rects": [[[277.7142857142857, 685.0285714285715, 4498.971428571429, 3721.3714285714286], ["window"]]], "width": 5184, "height": 3888, "tags": []}