{"rects": [[[224.64000000000001, 82.08000000000001, 3719.5200000000004, 4980.96], ["window"]]], "width": 3888, "height": 5184, "tags": []}