{"rects": [[[37.028571428571425, 659.1085714285714, 2462.4, 3832.457142857143], ["window"]], [[2536.457142857143, 740.5714285714286, 5128.457142857143, 3862.08], ["window"]]], "width": 5184, "height": 3888, "tags": []}