{"rects": [[[44.434285714285714, 233.28, 3995.382857142857, 3888], ["window"]]], "width": 5184, "height": 3888, "tags": []}