{"rects": [[[118.49142857142857, 74.05714285714285, 4180.5257142857145, 3421.44], ["window"]]], "width": 5184, "height": 3888, "tags": []}