{"rects": [[[151.81714285714287, 822.0342857142857, 3902.8114285714287, 3699.154285714286], ["window"]]], "width": 5184, "height": 3888, "tags": []}