{"rects": [[[448.04571428571427, 266.60571428571427, 4647.085714285714, 3865.782857142857], ["window"]]], "width": 5184, "height": 3888, "tags": []}