{"rects": [[[433.2342857142857, 37.028571428571425, 4884.068571428571, 3776.9142857142856], ["window"]]], "width": 5184, "height": 3888, "tags": []}