{"rects": [[[18.514285714285712, 66.65142857142857, 2577.1885714285713, 3773.2114285714288], ["window"]], [[2588.2971428571427, 107.38285714285715, 5150.674285714285, 3791.7257142857143], ["window"]]], "width": 5184, "height": 3888, "tags": []}