{"rects": [[[262.90285714285716, 22.217142857142857, 4354.56, 3573.2571428571428], ["window"]]], "width": 5184, "height": 3888, "tags": []}