{"rects": [[[659.1085714285714, 196.25142857142856, 4354.56, 3428.845714285714], ["window"]]], "width": 5184, "height": 3888, "tags": []}