{"rects": [[[103.68, 418.42285714285714, 4587.84, 3639.9085714285716], ["window"]]], "width": 5184, "height": 3888, "tags": []}