{"rects": [[[292.5257142857143, 92.57142857142857, 3343.68, 3858.3771428571426], ["window"]]], "width": 5184, "height": 3888, "tags": []}