{"rects": [[[96.27428571428571, 177.73714285714286, 4184.228571428572, 3776.9142857142856], ["window"]]], "width": 5184, "height": 3888, "tags": []}