{"rects": [[[51.84, 199.9542857142857, 2395.7485714285713, 3788.022857142857], ["window"]], [[2395.7485714285713, 214.7657142857143, 4558.217142857143, 3865.782857142857], ["window"]]], "width": 5184, "height": 3888, "tags": []}