{"rects": [[[933.12, 433.2342857142857, 4199.04, 3695.4514285714286], ["window"]]], "width": 5184, "height": 3888, "tags": []}