{"rects": [[[785.0057142857142, 573.9428571428572, 4165.714285714285, 3684.342857142857], ["window"]]], "width": 5184, "height": 3888, "tags": []}