{"rects": [[[33.325714285714284, 77.76, 4772.982857142857, 3547.3371428571427], ["window"]]], "width": 5184, "height": 3888, "tags": []}