{"rects": [[[96.27428571428571, 129.6, 4310.125714285714, 3858.3771428571426], ["window"]]], "width": 5184, "height": 3888, "tags": []}