{"rects": [[[70.35428571428571, 14.811428571428571, 4561.92, 3776.9142857142856], ["window"]]], "width": 5184, "height": 3888, "tags": []}