{"rects": [[[673.92, 92.57142857142857, 4406.4, 3739.885714285714], ["window"]]], "width": 5184, "height": 3888, "tags": []}