{"rects": [[[262.90285714285716, 203.65714285714284, 4069.44, 3636.2057142857143], ["window"]]], "width": 5184, "height": 3888, "tags": []}