{"rects": [[[499.8857142857143, 85.16571428571429, 3843.5657142857144, 3576.96], ["window"]]], "width": 5184, "height": 3888, "tags": []}