{"rects": [[[43.2, 25.92, 3849.1200000000003, 2933.28], ["window"]], [[60.480000000000004, 2954.88, 3849.1200000000003, 5149.4400000000005], ["window"]]], "width": 3888, "height": 5184, "tags": []}