{"rects": [[[111.08571428571429, 399.9085714285714, 4532.297142857143, 3425.1428571428573], ["window"]]], "width": 5184, "height": 3888, "tags": []}