{"rects": [[[473.9657142857143, 351.77142857142854, 4250.88, 3862.08], ["window"]]], "width": 5184, "height": 3888, "tags": []}