{"rects": [[[114.78857142857143, 792.4114285714286, 4580.434285714286, 3558.445714285714], ["window"]]], "width": 5184, "height": 3888, "tags": []}