{"rects": [[[22.217142857142857, 70.35428571428571, 3332.5714285714284, 3739.885714285714], ["window"]]], "width": 5184, "height": 3888, "tags": []}