{"rects": [[[388.8, 99.36000000000001, 3706.5600000000004, 4916.160000000001], ["door"]]], "width": 3888, "height": 5184, "tags": []}