{"rects": [[[85.16571428571429, 910.9028571428571, 4684.114285714286, 3384.4114285714286], ["window"]]], "width": 5184, "height": 3888, "tags": []}