{"rects": [[[914.6057142857143, 170.33142857142857, 3976.8685714285716, 3854.674285714286], ["window", "shop"]]], "width": 5184, "height": 3888, "tags": []}