{"rects": [[[14.811428571428571, 66.65142857142857, 4232.365714285715, 3599.177142857143], ["window"]]], "width": 5184, "height": 3888, "tags": []}