{"rects": [[[980.6400000000001, 419.04, 3529.44, 5162.400000000001], ["door"]]], "width": 3888, "height": 5184, "tags": []}