{"rects": [[[51.84, 1059.0171428571427, 4676.708571428571, 3717.6685714285713], ["window"]]], "width": 5184, "height": 3888, "tags": []}