{"rects": [[[263.52000000000004, 64.80000000000001, 3576.96, 4812.4800000000005], ["window"]]], "width": 3888, "height": 5184, "tags": []}