{"rects": [[[118.49142857142857, 655.4057142857143, 5006.262857142857, 2984.502857142857], ["window"]]], "width": 5184, "height": 3888, "tags": []}