{"rects": [[[581.3485714285714, 1121.9657142857143, 4735.954285714286, 3676.937142857143], ["window"]]], "width": 5184, "height": 3888, "tags": []}