{"rects": [[[122.19428571428571, 499.8857142857143, 3591.7714285714287, 3632.502857142857], ["window"]]], "width": 5184, "height": 3888, "tags": []}