{"rects": [[[85.16571428571429, 292.5257142857143, 4080.5485714285714, 3747.2914285714287], ["window"]]], "width": 5184, "height": 3888, "tags": []}