{"rects": [[[59.245714285714286, 788.7085714285714, 4454.5371428571425, 3773.2114285714288], ["window"]]], "width": 5184, "height": 3888, "tags": []}