{"rects": [[[656.6400000000001, 263.52000000000004, 3702.2400000000002, 5110.56], ["window"]]], "width": 3888, "height": 5184, "tags": []}