{"rects": [[[1036.8000000000002, 280.8, 3672.0000000000005, 5162.400000000001], ["window"]]], "width": 3888, "height": 5184, "tags": []}