{"rects": [[[64.80000000000001, 293.76, 3378.2400000000002, 4890.240000000001], ["window"]]], "width": 3888, "height": 5184, "tags": []}