{"rects": [[[25.92, 552.96, 3827.5200000000004, 4782.240000000001], ["window"]]], "width": 3888, "height": 5184, "tags": []}