{"rects": [[[0, 0, 5184, 3888], ["facade"]], [[344.36571428571426, 873.8742857142857, 4158.308571428572, 3265.92], ["window"]]], "width": 5184, "height": 3888, "tags": []}