{"rects": [[[3.702857142857143, 222.17142857142858, 4565.622857142857, 3865.782857142857], ["window"]]], "width": 5184, "height": 3888, "tags": []}