{"rects": [[[359.1771428571429, 1140.48, 4295.314285714286, 3539.9314285714286], ["window"]]], "width": 5184, "height": 3888, "tags": []}