{"rects": [[[348.06857142857143, 114.78857142857143, 4443.428571428572, 3784.32], ["window"]]], "width": 5184, "height": 3888, "tags": []}