{"rects": [[[60.480000000000004, 43.2, 3434.4, 4946.400000000001], ["window"]]], "width": 3888, "height": 5184, "tags": []}