{"rects": [[[922.0114285714286, 162.9257142857143, 4595.245714285715, 3817.6457142857143], ["window"]]], "width": 5184, "height": 3888, "tags": []}