{"rects": [[[40.73142857142857, 14.811428571428571, 5158.08, 3813.942857142857], ["window"]]], "width": 5184, "height": 3888, "tags": []}