{"rects": [[[692.4342857142857, 25.92, 3773.2114285714288, 3517.714285714286], ["window"]]], "width": 5184, "height": 3888, "tags": []}