{"rects": [[[918.3085714285714, 559.1314285714286, 5021.074285714286, 3765.805714285714], ["window"]]], "width": 5184, "height": 3888, "tags": []}