{"rects": [[[122.19428571428571, 55.542857142857144, 4221.257142857143, 3869.4857142857145], ["window"]]], "width": 5184, "height": 3888, "tags": []}