{"rects": [[[11.108571428571429, 610.9714285714285, 5017.371428571429, 3773.2114285714288], ["window"]]], "width": 5184, "height": 3888, "tags": []}