{"rects": [[[1149.1200000000001, 622.08, 3594.2400000000002, 5140.8], ["window"]]], "width": 3888, "height": 5184, "tags": []}