{"rects": [[[803.5200000000001, 920.1600000000001, 2574.7200000000003, 4618.08], ["window"]]], "width": 3888, "height": 5184, "tags": []}