{"rects": [[[86.4, 17.28, 3680.6400000000003, 5067.360000000001], ["window"]]], "width": 3888, "height": 5184, "tags": []}