{"rects": [[[1310.8114285714287, 448.04571428571427, 5124.754285714285, 3710.2628571428572], ["window"]]], "width": 5184, "height": 3888, "tags": []}