{"rects": [[[77.76, 18.514285714285712, 3962.057142857143, 3847.2685714285712], ["window", "shop"]]], "width": 5184, "height": 3888, "tags": []}