{"rects": [[[349.92, 99.36000000000001, 3689.28, 4985.280000000001], ["window"]]], "width": 3888, "height": 5184, "tags": []}