{"rects": [[[37.028571428571425, 366.58285714285716, 4724.845714285714, 2954.88], ["window"]]], "width": 5184, "height": 3888, "tags": []}