{"rects": [[[18.514285714285712, 44.434285714285714, 2547.5657142857144, 3536.2285714285713], ["window"]], [[2566.08, 562.8342857142857, 5143.268571428572, 3643.6114285714284], ["window"]]], "width": 5184, "height": 3888, "tags": []}