{"rects": [[[66.65142857142857, 214.7657142857143, 4584.137142857143, 3580.6628571428573], ["window", "shop"]]], "width": 5184, "height": 3888, "tags": []}