{"rects": [[[56.160000000000004, 77.76, 2773.44, 5136.4800000000005], ["window"]]], "width": 3888, "height": 5184, "tags": []}