{"rects": [[[725.76, 281.41714285714284, 4728.548571428571, 3806.537142857143], ["window"]]], "width": 5184, "height": 3888, "tags": []}