{"rects": [[[96.27428571428571, 3.702857142857143, 3791.7257142857143, 3825.0514285714285], ["window"]]], "width": 5184, "height": 3888, "tags": []}