{"rects": [[[216.0, 190.08, 3486.2400000000002, 4609.4400000000005], ["window"]]], "width": 3888, "height": 5184, "tags": []}