{"rects": [[[870.1714285714286, 485.07428571428574, 4513.782857142857, 3750.9942857142855], ["window", "shop"]]], "width": 5184, "height": 3888, "tags": []}