{"rects": [[[548.0228571428571, 473.9657142857143, 4173.12, 3762.102857142857], ["window"]]], "width": 5184, "height": 3888, "tags": []}