{"rects": [[[385.09714285714284, 7.405714285714286, 3973.1657142857143, 3888], ["window", "shop"]]], "width": 5184, "height": 3888, "tags": []}