{"rects": [[[388.8, 251.7942857142857, 4813.714285714285, 3825.0514285714285], ["window", "shop"]]], "width": 5184, "height": 3888, "tags": []}