{"rects": [[[188.84571428571428, 240.68571428571428, 4776.685714285714, 3862.08], ["window", "shop"]]], "width": 5184, "height": 3888, "tags": []}