{"rects": [[[25.92, 396.2057142857143, 5013.668571428571, 3436.2514285714287], ["window"]]], "width": 5184, "height": 3888, "tags": []}