{"rects": [[[64.80000000000001, 712.8000000000001, 3745.44, 4406.400000000001], ["window"]]], "width": 3888, "height": 5184, "tags": []}