{"rects": [[[299.93142857142857, 262.90285714285716, 4158.308571428572, 3610.285714285714], ["window"]]], "width": 5184, "height": 3888, "tags": []}