{"rects": [[[1173.8057142857142, 59.245714285714286, 4113.874285714286, 3832.457142857143], ["window"]]], "width": 5184, "height": 3888, "tags": []}