{"rects": [[[644.2971428571428, 59.245714285714286, 4187.931428571428, 3706.56], ["window", "shop"]]], "width": 5184, "height": 3888, "tags": []}