{"rects": [[[164.16000000000003, 276.48, 2803.6800000000003, 5088.96], ["window"]]], "width": 3888, "height": 5184, "tags": []}