{"rects": [[[59.245714285714286, 125.89714285714285, 3925.0285714285715, 3806.537142857143], ["window"]]], "width": 5184, "height": 3888, "tags": []}