{"rects": [[[174.03428571428572, 133.30285714285714, 3862.08, 3795.4285714285716], ["window"]]], "width": 5184, "height": 3888, "tags": []}