{"rects": [[[96.27428571428571, 203.65714285714284, 4280.5028571428575, 3688.0457142857144], ["window"]]], "width": 5184, "height": 3888, "tags": []}