{"rects": [[[607.2685714285715, 25.92, 3591.7714285714287, 3888], ["window"]]], "width": 5184, "height": 3888, "tags": []}