{"rects": [[[466.56000000000006, 51.84, 2760.48, 3080.1600000000003], ["window", "shop"]]], "width": 3888, "height": 5184, "tags": []}