{"rects": [[[55.542857142857144, 388.8, 3277.0285714285715, 3825.0514285714285], ["window"]]], "width": 5184, "height": 3888, "tags": []}