{"rects": [[[803.52, 3.702857142857143, 3965.7599999999998, 3888.0], ["window", "shop"]]], "width": 5184, "height": 3888, "tags": []}