{"rects": [[[18.514285714285712, 62.94857142857143, 5180.297142857143, 3202.9714285714285], ["window"]]], "width": 5184, "height": 3888, "tags": []}