{"rects": [[[1129.3714285714286, 199.9542857142857, 4795.2, 3688.0457142857144], ["window"]]], "width": 5184, "height": 3888, "tags": []}