{"rects": [[[59.245714285714286, 485.07428571428574, 4987.748571428571, 3380.7085714285713], ["window"]]], "width": 5184, "height": 3888, "tags": []}