{"rects": [[[370.2857142857143, 107.38285714285715, 3873.1885714285713, 3706.56], ["window"]]], "width": 5184, "height": 3888, "tags": []}