{"rects": [[[59.245714285714286, 340.66285714285715, 2980.8, 3765.805714285714], ["window"]], [[3003.017142857143, 348.06857142857143, 4680.411428571429, 3732.48], ["window"]]], "width": 5184, "height": 3888, "tags": []}