{"rects": [[[133.92000000000002, 691.2, 3572.6400000000003, 2743.2000000000003], ["window"]]], "width": 3888, "height": 5184, "tags": []}