{"rects": [[[345.6, 90.72, 3719.5200000000004, 5067.360000000001], ["window"]]], "width": 3888, "height": 5184, "tags": []}