{"rects": [[[33.325714285714284, 66.65142857142857, 4906.285714285715, 3573.2571428571428], ["window"]]], "width": 5184, "height": 3888, "tags": []}