{"rects": [[[950.4000000000001, 30.240000000000002, 3062.88, 5015.52], ["window", "shop"]]], "width": 3888, "height": 5184, "tags": []}