{"rects": [[[292.5257142857143, 22.217142857142857, 4624.868571428571, 3599.177142857143], ["window"]]], "width": 5184, "height": 3888, "tags": []}