{"rects": [[[762.7885714285715, 62.94857142857143, 4299.017142857143, 3888], ["window"]]], "width": 5184, "height": 3888, "tags": []}