{"rects": [[[22.217142857142857, 14.811428571428571, 3528.822857142857, 3806.537142857143], ["window"]]], "width": 5184, "height": 3888, "tags": []}