{"rects": [[[69.12, 125.28, 3114.7200000000003, 4648.320000000001], ["window", "shop"]]], "width": 3888, "height": 5184, "tags": []}