{"rects": [[[86.4, 535.6800000000001, 3754.0800000000004, 5024.160000000001], ["window", "shop"]]], "width": 3888, "height": 5184, "tags": []}