{"rects": [[[56.160000000000004, 129.60000000000002, 3114.7200000000003, 4462.56], ["window"]]], "width": 3888, "height": 5184, "tags": []}