{"rects": [[[485.07428571428574, 29.622857142857143, 4136.091428571429, 3888], ["window"]]], "width": 5184, "height": 3888, "tags": []}