{"rects": [[[367.20000000000005, 889.9200000000001, 3296.1600000000003, 4842.72], ["window"]]], "width": 3888, "height": 5184, "tags": []}