{"rects": [[[381.39428571428573, 129.6, 5058.102857142857, 3843.5657142857144], ["window", "shop"]]], "width": 5184, "height": 3888, "tags": []}