{"rects": [[[381.39428571428573, 74.05714285714285, 4099.062857142857, 3562.1485714285714], ["window", "shop"]]], "width": 5184, "height": 3888, "tags": []}