{"rects": [[[12.96, 1222.5600000000002, 3693.6000000000004, 4449.6], ["window"]]], "width": 3888, "height": 5184, "tags": []}