{"rects": [[[262.90285714285716, 240.68571428571428, 3784.32, 3732.48], ["window"]]], "width": 5184, "height": 3888, "tags": []}