{"rects": [[[1278.72, 168.48000000000002, 3879.36, 5011.200000000001], ["window", "shop"]]], "width": 3888, "height": 5184, "tags": []}