{"rects": [[[559.1314285714286, 1210.8342857142857, 5069.211428571429, 3850.9714285714285], ["window"]]], "width": 5184, "height": 3888, "tags": []}