{"rects": [[[151.81714285714287, 407.3142857142857, 4850.742857142857, 3558.445714285714], ["window"]]], "width": 5184, "height": 3888, "tags": []}