{"rects": [[[99.36000000000001, 1399.68, 3706.5600000000004, 5032.8], ["window"]]], "width": 3888, "height": 5184, "tags": []}