{"rects": [[[344.36571428571426, 88.86857142857143, 4935.908571428571, 3839.862857142857], ["window"]]], "width": 5184, "height": 3888, "tags": []}