{"rects": [[[518.4, 211.06285714285715, 4306.4228571428575, 3762.102857142857], ["window"]]], "width": 5184, "height": 3888, "tags": []}