{"rects": [[[174.03428571428572, 233.28, 5121.051428571429, 3691.7485714285713], ["window"]]], "width": 5184, "height": 3888, "tags": []}