{"rects": [[[77.76, 137.00571428571428, 4069.44, 3850.9714285714285], ["window"]]], "width": 5184, "height": 3888, "tags": []}