{"rects": [[[329.5542857142857, 259.2, 5117.348571428572, 3843.5657142857144], ["window"]]], "width": 5184, "height": 3888, "tags": []}