{"rects": [[[114.78857142857143, 255.49714285714285, 4587.84, 3810.24], ["window"]]], "width": 5184, "height": 3888, "tags": []}