{"rects": [[[166.62857142857143, 29.622857142857143, 4750.765714285714, 3432.5485714285714], ["window"]]], "width": 5184, "height": 3888, "tags": []}