{"rects": [[[375.84000000000003, 90.72, 3412.8, 4406.400000000001], ["window"]]], "width": 3888, "height": 5184, "tags": []}