{"rects": [[[14.811428571428571, 25.92, 4850.742857142857, 3854.674285714286], ["window"]]], "width": 5184, "height": 3888, "tags": []}