{"rects": [[[11.108571428571429, 1555.2, 2410.56, 3417.7371428571428], ["window"]], [[2440.1828571428573, 1555.2, 5084.022857142857, 3454.7657142857142], ["window"]]], "width": 5184, "height": 3888, "tags": []}