{"rects": [[[211.06285714285715, 385.09714285714284, 4795.2, 3728.7771428571427], ["window"]]], "width": 5184, "height": 3888, "tags": []}