{"rects": [[[599.8628571428571, 122.19428571428571, 4002.7885714285712, 3569.554285714286], ["window"]]], "width": 5184, "height": 3888, "tags": []}