{"rects": [[[55.542857142857144, 107.38285714285715, 4902.582857142857, 3813.942857142857], ["window"]]], "width": 5184, "height": 3888, "tags": []}