{"rects": [[[166.62857142857143, 99.97714285714285, 4765.5771428571425, 3821.3485714285716], ["window"]]], "width": 5184, "height": 3888, "tags": []}