{"rects": [[[336.96, 44.434285714285714, 4350.857142857143, 3862.08], ["window"]]], "width": 5184, "height": 3888, "tags": []}