{"rects": [[[392.5028571428571, 37.028571428571425, 5080.32, 3443.657142857143], ["window"]]], "width": 5184, "height": 3888, "tags": []}