{"rects": [[[3.702857142857143, 536.9142857142857, 5076.617142857142, 3788.022857142857], ["window"]]], "width": 5184, "height": 3888, "tags": []}