{"rects": [[[170.33142857142857, 151.81714285714287, 4428.617142857142, 3613.9885714285715], ["window"]]], "width": 5184, "height": 3888, "tags": []}