{"rects": [[[925.7142857142857, 892.3885714285715, 3662.1257142857144, 3862.08], ["window"]]], "width": 5184, "height": 3888, "tags": []}