{"rects": [[[551.7257142857143, 181.44, 4495.268571428572, 3488.0914285714284], ["window"]]], "width": 5184, "height": 3888, "tags": []}