{"rects": [[[70.35428571428571, 311.04, 4595.245714285715, 3588.0685714285714], ["window"]]], "width": 5184, "height": 3888, "tags": []}