{"rects": [[[614.6742857142857, 51.84, 4180.5257142857145, 3821.3485714285716], ["window", "shop"]]], "width": 5184, "height": 3888, "tags": []}