{"rects": [[[248.09142857142857, 322.1485714285714, 5113.645714285714, 3525.12], ["window"]]], "width": 5184, "height": 3888, "tags": []}