{"rects": [[[137.00571428571428, 355.4742857142857, 5154.377142857143, 3817.6457142857143], ["window"]]], "width": 5184, "height": 3888, "tags": []}