{"rects": [[[81.46285714285715, 103.68, 4813.714285714285, 3862.08], ["window"]]], "width": 5184, "height": 3888, "tags": []}