{"rects": [[[114.78857142857143, 18.514285714285712, 4495.268571428572, 3865.782857142857], ["window"]]], "width": 5184, "height": 3888, "tags": []}