{"rects": [[[981.2571428571429, 373.98857142857145, 5113.645714285714, 3810.24], ["window"]]], "width": 5184, "height": 3888, "tags": []}