{"rects": [[[25.92, 881.2800000000001, 3715.2000000000003, 5080.320000000001], ["window"]]], "width": 3888, "height": 5184, "tags": []}