{"rects": [[[866.4685714285714, 307.33714285714285, 4510.08, 3832.457142857143], ["window"]]], "width": 5184, "height": 3888, "tags": []}