{"rects": [[[862.7657142857142, 125.89714285714285, 5109.942857142857, 2932.6628571428573], ["window", "shop"]]], "width": 5184, "height": 3888, "tags": []}