{"rects": [[[29.622857142857143, 111.08571428571429, 4802.605714285714, 3647.3142857142857], ["window"]]], "width": 5184, "height": 3888, "tags": []}