{"rects": [[[112.32000000000001, 86.4, 3494.88, 2289.6000000000004], ["window"]]], "width": 3888, "height": 5184, "tags": []}