{"rects": [[[1723.68, 220.32000000000002, 3844.8, 5041.4400000000005], ["window"]]], "width": 3888, "height": 5184, "tags": []}