{"rects": [[[159.22285714285715, 781.3028571428572, 5158.08, 3191.862857142857], ["window"]]], "width": 5184, "height": 3888, "tags": []}