{"rects": [[[40.73142857142857, 151.81714285714287, 4573.028571428571, 3458.4685714285715], ["window"]]], "width": 5184, "height": 3888, "tags": []}