{"rects": [[[44.434285714285714, 573.9428571428572, 4732.251428571429, 3839.862857142857], ["window"]]], "width": 5184, "height": 3888, "tags": []}