{"rects": [[[70.35428571428571, 203.65714285714284, 4880.365714285715, 3769.5085714285715], ["window"]]], "width": 5184, "height": 3888, "tags": []}