{"rects": [[[25.92, 29.622857142857143, 4284.205714285714, 3710.2628571428572], ["window"]]], "width": 5184, "height": 3888, "tags": []}