{"rects": [[[712.8000000000001, 384.48, 3775.6800000000003, 5011.200000000001], ["window"]]], "width": 3888, "height": 5184, "tags": []}