{"rects": [[[367.20000000000005, 1084.3200000000002, 3542.4, 5132.160000000001], ["window", "shop"]]], "width": 3888, "height": 5184, "tags": []}