{"rects": [[[125.89714285714285, 88.86857142857143, 5109.942857142857, 3799.1314285714284], ["window"]]], "width": 5184, "height": 3888, "tags": []}