{"rects": [[[114.78857142857143, 85.16571428571429, 5006.262857142857, 3699.154285714286], ["window"]]], "width": 5184, "height": 3888, "tags": []}