{"rects": [[[164.16000000000003, 302.40000000000003, 3339.36, 4544.64], ["window"]]], "width": 3888, "height": 5184, "tags": []}