{"rects": [[[29.622857142857143, 710.9485714285714, 4987.748571428571, 3791.7257142857143], ["window"]]], "width": 5184, "height": 3888, "tags": []}