{"rects": [[[116.64000000000001, 354.24, 3780.0000000000005, 5050.08], ["window"]]], "width": 3888, "height": 5184, "tags": []}