{"rects": [[[11.108571428571429, 33.325714285714284, 2754.925714285714, 3865.782857142857], ["window"]], [[2777.1428571428573, 44.434285714285714, 5161.782857142857, 3862.08], ["window"]]], "width": 5184, "height": 3888, "tags": []}