{"rects": [[[30.240000000000002, 64.80000000000001, 3572.6400000000003, 5123.52], ["window", "shop"]]], "width": 3888, "height": 5184, "tags": []}