{"rects": [[[1265.76, 695.5200000000001, 3810.2400000000002, 5028.4800000000005], ["window"]]], "width": 3888, "height": 5184, "tags": []}