{"rects": [[[229.57714285714286, 92.57142857142857, 4743.36, 3750.9942857142855], ["window"]]], "width": 5184, "height": 3888, "tags": []}