{"rects": [[[174.03428571428572, 507.2914285714286, 4561.92, 3721.3714285714286], ["window"]]], "width": 5184, "height": 3888, "tags": []}