{"rects": [[[548.64, 276.48, 3404.1600000000003, 5132.160000000001], ["window"]]], "width": 3888, "height": 5184, "tags": []}