{"rects": [[[581.3485714285714, 773.8971428571429, 4947.017142857143, 3639.9085714285716], ["window"]]], "width": 5184, "height": 3888, "tags": []}