{"rects": [[[162.9257142857143, 122.19428571428571, 5106.24, 3839.862857142857], ["window"]]], "width": 5184, "height": 3888, "tags": []}