{"rects": [[[288.8228571428571, 373.98857142857145, 4261.988571428571, 3384.4114285714286], ["window"]]], "width": 5184, "height": 3888, "tags": []}