{"rects": [[[51.84, 285.12, 3728.1600000000003, 5175.360000000001], ["window"]]], "width": 3888, "height": 5184, "tags": []}