{"rects": [[[129.6, 577.6457142857142, 4950.72, 3676.937142857143], ["window"]]], "width": 5184, "height": 3888, "tags": []}