{"rects": [[[851.6571428571428, 522.1028571428571, 4743.36, 3736.1828571428573], ["window"]]], "width": 5184, "height": 3888, "tags": []}