{"rects": [[[114.78857142857143, 240.68571428571428, 3939.84, 3732.48], ["window"]]], "width": 5184, "height": 3888, "tags": []}