{"rects": [[[292.5257142857143, 77.76, 4961.828571428571, 3543.634285714286], ["window"]]], "width": 5184, "height": 3888, "tags": []}