{"rects": [[[462.24, 375.84000000000003, 3888, 5041.4400000000005], ["window"]]], "width": 3888, "height": 5184, "tags": []}