{"rects": [[[818.3314285714285, 411.01714285714286, 4998.857142857143, 3832.457142857143], ["window"]]], "width": 5184, "height": 3888, "tags": []}