{"rects": [[[522.1028571428571, 229.57714285714286, 4847.04, 3780.617142857143], ["window"]]], "width": 5184, "height": 3888, "tags": []}