{"rects": [[[33.325714285714284, 381.39428571428573, 3999.0857142857144, 3888], ["window"]]], "width": 5184, "height": 3888, "tags": []}