{"rects": [[[85.16571428571429, 359.1771428571429, 4187.931428571428, 3817.6457142857143], ["window"]]], "width": 5184, "height": 3888, "tags": []}