{"rects": [[[74.05714285714285, 459.1542857142857, 4247.177142857143, 3747.2914285714287], ["window", "shop"]]], "width": 5184, "height": 3888, "tags": []}