{"rects": [[[344.36571428571426, 648.0, 4021.302857142857, 3828.7542857142857], ["window"]]], "width": 5184, "height": 3888, "tags": []}