{"rects": [[[625.7828571428571, 222.17142857142858, 4543.405714285715, 3839.862857142857], ["window"]]], "width": 5184, "height": 3888, "tags": []}