{"rects": [[[1136.777142857143, 851.6571428571428, 4224.96, 3643.6114285714284], ["window"]]], "width": 5184, "height": 3888, "tags": []}