{"rects": [[[69.12, 928.8000000000001, 3767.0400000000004, 4924.8], ["window"]]], "width": 3888, "height": 5184, "tags": []}