{"rects": [[[639.36, 449.28000000000003, 3494.88, 5119.200000000001], ["window", "shop"]]], "width": 3888, "height": 5184, "tags": []}