{"rects": [[[103.68, 148.1142857142857, 4054.6285714285714, 3765.805714285714], ["window"]]], "width": 5184, "height": 3888, "tags": []}