{"rects": [[[214.7657142857143, 744.2742857142857, 4665.6, 3676.937142857143], ["window"]]], "width": 5184, "height": 3888, "tags": []}