{"rects": [[[688.7314285714285, 1040.5028571428572, 4887.771428571428, 3732.48], ["window"]]], "width": 5184, "height": 3888, "tags": []}