{"rects": [[[514.08, 565.9200000000001, 3512.1600000000003, 4916.160000000001], ["window"]]], "width": 3888, "height": 5184, "tags": []}