{"rects": [[[0, 22.217142857142857, 2269.8514285714286, 3862.08], ["window"]], [[2292.0685714285714, 7.405714285714286, 5109.942857142857, 3828.7542857142857], ["window"]]], "width": 5184, "height": 3888, "tags": []}