{"rects": [[[1114.56, 566.5371428571428, 4243.4742857142855, 3458.4685714285715], ["window"]]], "width": 5184, "height": 3888, "tags": []}