{"rects": [[[629.4857142857143, 174.03428571428572, 4743.36, 3710.2628571428572], ["window"]]], "width": 5184, "height": 3888, "tags": []}