{"rects": [[[96.27428571428571, 170.33142857142857, 5039.588571428571, 3725.074285714286], ["window"]]], "width": 5184, "height": 3888, "tags": []}