{"rects": [[[492.48, 302.40000000000003, 3667.6800000000003, 5153.76], ["window"]]], "width": 3888, "height": 5184, "tags": []}