{"rects": [[[48.137142857142855, 62.94857142857143, 4995.154285714286, 3806.537142857143], ["window"]]], "width": 5184, "height": 3888, "tags": []}