{"rects": [[[992.3657142857143, 444.34285714285716, 3280.7314285714288, 3762.102857142857], ["window"]]], "width": 5184, "height": 3888, "tags": []}