{"rects": [[[29.622857142857143, 929.4171428571428, 4713.737142857143, 3465.8742857142856], ["window"]]], "width": 5184, "height": 3888, "tags": []}