{"rects": [[[133.92000000000002, 241.92000000000002, 3024.0, 4972.320000000001], ["window"]]], "width": 3888, "height": 5184, "tags": []}