{"rects": [[[341.28000000000003, 142.56, 3667.6800000000003, 4285.4400000000005], ["window"]]], "width": 3888, "height": 5184, "tags": []}