{"rects": [[[33.325714285714284, 37.028571428571425, 4180.5257142857145, 3784.32], ["window"]]], "width": 5184, "height": 3888, "tags": []}