{"rects": [[[981.2571428571429, 103.68, 5143.268571428572, 3810.24], ["window"]]], "width": 5184, "height": 3888, "tags": []}