{"rects": [[[99.36000000000001, 138.24, 3676.32, 4795.200000000001], ["window"]]], "width": 3888, "height": 5184, "tags": []}