{"rects": [[[673.9200000000001, 444.96000000000004, 2967.84, 4920.4800000000005], ["window"]]], "width": 3888, "height": 5184, "tags": []}