{"rects": [[[950.4000000000001, 1671.8400000000001, 3814.5600000000004, 4177.4400000000005], ["window"]]], "width": 3888, "height": 5184, "tags": []}