{"rects": [[[133.30285714285714, 407.3142857142857, 3832.457142857143, 3888], ["window"]]], "width": 5184, "height": 3888, "tags": []}