{"rects": [[[86.4, 56.160000000000004, 3818.88, 2298.2400000000002], ["window", "shop"]]], "width": 3888, "height": 5184, "tags": []}