{"rects": [[[1913.7600000000002, 410.40000000000003, 3888, 5002.56], ["window"]]], "width": 3888, "height": 5184, "tags": []}