{"rects": [[[218.46857142857144, 188.84571428571428, 4676.708571428571, 3806.537142857143], ["window"]]], "width": 5184, "height": 3888, "tags": []}