{"rects": [[[118.49142857142857, 499.8857142857143, 4028.7085714285713, 3813.942857142857], ["window"]]], "width": 5184, "height": 3888, "tags": []}