{"rects": [[[371.52000000000004, 902.8800000000001, 3520.8, 5119.200000000001], ["window", "shop"]]], "width": 3888, "height": 5184, "tags": []}