{"rects": [[[22.217142857142857, 44.434285714285714, 4895.177142857143, 3884.2971428571427], ["window"]]], "width": 5184, "height": 3888, "tags": []}