{"rects": [[[933.1200000000001, 976.32, 3235.6800000000003, 4631.04], ["window"]]], "width": 3888, "height": 5184, "tags": []}