{"rects": [[[722.0571428571428, 66.65142857142857, 5076.617142857142, 3784.32], ["window"]]], "width": 5184, "height": 3888, "tags": []}