{"rects": [[[51.84, 174.03428571428572, 3732.48, 3613.9885714285715], ["window"]]], "width": 5184, "height": 3888, "tags": []}