{"rects": [[[692.4342857142857, 759.0857142857143, 4643.382857142858, 3702.8571428571427], ["window"]]], "width": 5184, "height": 3888, "tags": []}