{"rects": [[[4.32, 47.52, 3862.0800000000004, 4527.360000000001], ["window"]]], "width": 3888, "height": 5184, "tags": []}