{"rects": [[[248.09142857142857, 1040.5028571428572, 4369.371428571429, 3713.965714285714], ["window"]]], "width": 5184, "height": 3888, "tags": []}