{"rects": [[[540.6171428571429, 588.7542857142857, 4854.4457142857145, 3799.1314285714284], ["window"]]], "width": 5184, "height": 3888, "tags": []}