{"rects": [[[73.44, 129.60000000000002, 3356.6400000000003, 5145.12], ["window"]]], "width": 3888, "height": 5184, "tags": []}