{"rects": [[[662.8114285714286, 25.92, 4932.205714285714, 3762.102857142857], ["window"]]], "width": 5184, "height": 3888, "tags": []}