{"rects": [[[55.542857142857144, 1047.9085714285713, 4084.2514285714287, 2869.714285714286], ["window"]]], "width": 5184, "height": 3888, "tags": []}