{"rects": [[[299.93142857142857, 329.5542857142857, 5024.777142857143, 3758.4], ["window"]]], "width": 5184, "height": 3888, "tags": []}