{"rects": [[[292.5257142857143, 303.63428571428574, 4162.011428571429, 3691.7485714285713], ["window"]]], "width": 5184, "height": 3888, "tags": []}