{"rects": [[[37.028571428571425, 259.2, 4302.72, 3776.9142857142856], ["window"]]], "width": 5184, "height": 3888, "tags": []}