{"rects": [[[870.1714285714286, 14.811428571428571, 3817.6457142857143, 3732.48], ["window"]]], "width": 5184, "height": 3888, "tags": []}