{"rects": [[[60.480000000000004, 423.36, 3784.32, 4514.400000000001], ["window"]]], "width": 3888, "height": 5184, "tags": []}