{"rects": [[[496.18285714285713, 281.41714285714284, 4817.417142857143, 3206.674285714286], ["window"]]], "width": 5184, "height": 3888, "tags": []}