{"rects": [[[1140.48, 288.8228571428571, 4002.7885714285712, 2866.0114285714285], ["window"]]], "width": 5184, "height": 3888, "tags": []}