{"rects": [[[62.94857142857143, 162.9257142857143, 3962.057142857143, 3584.365714285714], ["window"]]], "width": 5184, "height": 3888, "tags": []}