{"rects": [[[48.137142857142855, 25.92, 4332.342857142857, 3828.7542857142857], ["window"]]], "width": 5184, "height": 3888, "tags": []}