{"rects": [[[92.57142857142857, 366.58285714285716, 4217.5542857142855, 3047.4514285714286], ["window"]]], "width": 5184, "height": 3888, "tags": []}