{"rects": [[[25.92, 492.48, 4835.931428571428, 3854.674285714286], ["window"]]], "width": 5184, "height": 3888, "tags": []}