{"rects": [[[266.60571428571427, 251.7942857142857, 3939.84, 3695.4514285714286], ["window"]]], "width": 5184, "height": 3888, "tags": []}