{"rects": [[[55.542857142857144, 133.30285714285714, 4880.365714285715, 3813.942857142857], ["window", "shop"]]], "width": 5184, "height": 3888, "tags": []}