{"rects": [[[51.84, 203.04000000000002, 3870.7200000000003, 5127.84], ["window"]]], "width": 3888, "height": 5184, "tags": []}