{"rects": [[[122.19428571428571, 299.93142857142857, 3195.5657142857144, 3662.1257142857144], ["window"]]], "width": 5184, "height": 3888, "tags": []}