{"rects": [[[618.3771428571429, 37.028571428571425, 4158.308571428572, 3780.617142857143], ["window"]]], "width": 5184, "height": 3888, "tags": []}