{"rects": [[[354.24, 397.44000000000005, 3564.0000000000005, 5162.400000000001], ["window"]]], "width": 3888, "height": 5184, "tags": []}