{"rects": [[[30.240000000000002, 112.32000000000001, 3555.36, 4959.360000000001], ["window", "shop"]]], "width": 3888, "height": 5184, "tags": []}