{"rects": [[[55.542857142857144, 251.7942857142857, 4373.074285714286, 3673.2342857142858], ["window"]]], "width": 5184, "height": 3888, "tags": []}