{"rects": [[[120.96000000000001, 440.64000000000004, 3715.2000000000003, 4872.96], ["window"]]], "width": 3888, "height": 5184, "tags": []}