{"rects": [[[220.32000000000002, 1140.48, 3667.6800000000003, 5076.0], ["window"]]], "width": 3888, "height": 5184, "tags": []}