{"rects": [[[29.622857142857143, 581.3485714285714, 4876.662857142857, 3517.714285714286], ["window"]]], "width": 5184, "height": 3888, "tags": []}