{"rects": [[[251.7942857142857, 473.9657142857143, 5028.48, 3713.965714285714], ["window"]]], "width": 5184, "height": 3888, "tags": []}