{"rects": [[[414.72, 325.8514285714286, 4487.862857142857, 3858.3771428571426], ["window", "shop"]]], "width": 5184, "height": 3888, "tags": []}