{"rects": [[[814.6285714285714, 396.2057142857143, 3828.7542857142857, 3791.7257142857143], ["window"]]], "width": 5184, "height": 3888, "tags": []}