{"rects": [[[70.35428571428571, 251.7942857142857, 4706.331428571429, 3821.3485714285716], ["window"]]], "width": 5184, "height": 3888, "tags": []}