{"rects": [[[509.76000000000005, 1088.64, 3741.1200000000003, 5028.4800000000005], ["window"]]], "width": 3888, "height": 5184, "tags": []}