{"rects": [[[622.08, 48.137142857142855, 4772.982857142857, 3828.7542857142857], ["window", "shop"]]], "width": 5184, "height": 3888, "tags": []}