{"rects": [[[907.2, 125.28, 2959.2000000000003, 4946.400000000001], ["window", "shop"]]], "width": 3888, "height": 5184, "tags": []}