{"rects": [[[677.6228571428571, 148.1142857142857, 4495.268571428572, 3784.32], ["window"]]], "width": 5184, "height": 3888, "tags": []}