{"rects": [[[743.0400000000001, 21.6, 2963.52, 5041.4400000000005], ["window", "shop"]]], "width": 3888, "height": 5184, "tags": []}