{"rects": [[[712.8000000000001, 682.5600000000001, 3775.6800000000003, 5076.0], ["window"]]], "width": 3888, "height": 5184, "tags": []}