{"rects": [[[64.80000000000001, 146.88, 3615.84, 5067.360000000001], ["window"]]], "width": 3888, "height": 5184, "tags": []}