{"rects": [[[103.68, 22.217142857142857, 4521.188571428572, 3688.0457142857144], ["window"]]], "width": 5184, "height": 3888, "tags": []}