{"rects": [[[902.8800000000001, 185.76000000000002, 3784.32, 5119.200000000001], ["window"]]], "width": 3888, "height": 5184, "tags": []}