{"rects": [[[85.16571428571429, 196.25142857142856, 4872.96, 3813.942857142857], ["window"]]], "width": 5184, "height": 3888, "tags": []}