{"rects": [[[751.6800000000001, 172.8, 3045.6000000000004, 4933.4400000000005], ["window"]]], "width": 3888, "height": 5184, "tags": []}