{"rects": [[[336.96000000000004, 211.68, 3654.7200000000003, 4674.240000000001], ["window"]]], "width": 3888, "height": 5184, "tags": []}