{"rects": [[[570.24, 1021.9885714285714, 4787.794285714285, 3717.6685714285713], ["window"]]], "width": 5184, "height": 3888, "tags": []}