{"rects": [[[319.68, 133.92000000000002, 3775.6800000000003, 5032.8], ["window"]]], "width": 3888, "height": 5184, "tags": []}