{"rects": [[[894.24, 332.64000000000004, 3667.6800000000003, 5179.68], ["door"]]], "width": 3888, "height": 5184, "tags": []}