{"rects": [[[51.84, 470.88000000000005, 3849.1200000000003, 4510.08], ["window"]]], "width": 3888, "height": 5184, "tags": []}