{"rects": [[[651.7028571428572, 33.325714285714284, 4639.68, 3836.16], ["window"]]], "width": 5184, "height": 3888, "tags": []}