{"rects": [[[259.2, 292.5257142857143, 4054.6285714285714, 3788.022857142857], ["window", "shop"]]], "width": 5184, "height": 3888, "tags": []}