{"rects": [[[411.01714285714286, 66.65142857142857, 5006.262857142857, 3876.8914285714286], ["window", "shop"]]], "width": 5184, "height": 3888, "tags": []}