{"rects": [[[902.8800000000001, 1205.28, 3862.0800000000004, 5162.400000000001], ["window"]]], "width": 3888, "height": 5184, "tags": []}