{"rects": [[[1326.24, 656.6400000000001, 3767.0400000000004, 5088.96], ["window"]]], "width": 3888, "height": 5184, "tags": []}