{"rects": [[[118.49142857142857, 181.44, 4062.0342857142855, 3839.862857142857], ["window", "shop"]]], "width": 5184, "height": 3888, "tags": []}