{"rects": [[[492.48, 306.72, 3633.1200000000003, 5119.200000000001], ["window"]]], "width": 3888, "height": 5184, "tags": []}