{"rects": [[[108.0, 436.32000000000005, 3559.6800000000003, 4147.200000000001], ["window"]]], "width": 3888, "height": 5184, "tags": []}