{"rects": [[[254.88000000000002, 116.64000000000001, 3849.1200000000003, 5084.64], ["door"]]], "width": 3888, "height": 5184, "tags": []}