{"rects": [[[844.2514285714286, 111.08571428571429, 3939.84, 3636.2057142857143], ["window"]]], "width": 5184, "height": 3888, "tags": []}