{"rects": [[[17.28, 648.0, 3572.6400000000003, 5136.4800000000005], ["window"]]], "width": 3888, "height": 5184, "tags": []}