{"rects": [[[514.6971428571428, 125.89714285714285, 4110.171428571429, 3865.782857142857], ["window"]]], "width": 5184, "height": 3888, "tags": []}