{"rects": [[[562.8342857142857, 662.8114285714286, 4795.2, 3825.0514285714285], ["window", "shop"]]], "width": 5184, "height": 3888, "tags": []}