{"rects": [[[203.04000000000002, 246.24, 3823.2000000000003, 4540.320000000001], ["window", "shop"]]], "width": 3888, "height": 5184, "tags": []}