{"rects": [[[51.84, 277.7142857142857, 4491.565714285714, 3695.4514285714286], ["window"]]], "width": 5184, "height": 3888, "tags": []}