{"rects": [[[325.8514285714286, 40.73142857142857, 4961.828571428571, 3395.52], ["window", "shop"]]], "width": 5184, "height": 3888, "tags": []}