{"rects": [[[220.32000000000002, 332.64000000000004, 3814.5600000000004, 4847.04], ["window"]]], "width": 3888, "height": 5184, "tags": []}