{"rects": [[[29.622857142857143, 603.5657142857143, 4432.32, 3810.24], ["window"]]], "width": 5184, "height": 3888, "tags": []}