{"rects": [[[740.5714285714286, 259.2, 4998.857142857143, 3888], ["window"]]], "width": 5184, "height": 3888, "tags": []}