{"rects": [[[462.85714285714283, 181.44, 4469.348571428572, 3847.2685714285712], ["window"]]], "width": 5184, "height": 3888, "tags": []}