{"rects": [[[607.2685714285715, 514.6971428571428, 4365.668571428571, 3825.0514285714285], ["window"]]], "width": 5184, "height": 3888, "tags": []}