{"rects": [[[14.811428571428571, 759.0857142857143, 2851.2, 3869.4857142857145], ["window"]], [[2969.691428571429, 788.7085714285714, 5172.891428571428, 3869.4857142857145], ["window"]]], "width": 5184, "height": 3888, "tags": []}