{"rects": [[[225.87428571428572, 370.2857142857143, 4487.862857142857, 3854.674285714286], ["window"]]], "width": 5184, "height": 3888, "tags": []}