{"rects": [[[37.028571428571425, 303.63428571428574, 3365.8971428571426, 3343.68], ["window", "shop"]], [[3377.0057142857145, 340.66285714285715, 5139.565714285714, 3662.1257142857144], ["window", "shop"]]], "width": 5184, "height": 3888, "tags": []}