{"rects": [[[14.811428571428571, 325.8514285714286, 2384.64, 3843.5657142857144], ["window"]], [[2432.7771428571427, 329.5542857142857, 5043.291428571429, 3706.56], ["window"]]], "width": 5184, "height": 3888, "tags": []}