{"rects": [[[367.20000000000005, 168.48000000000002, 3667.6800000000003, 5119.200000000001], ["window"]]], "width": 3888, "height": 5184, "tags": []}