{"rects": [[[1025.6914285714286, 462.85714285714283, 5080.32, 3765.805714285714], ["window"]]], "width": 5184, "height": 3888, "tags": []}