{"rects": [[[107.38285714285715, 51.84, 5072.914285714286, 3765.805714285714], ["window"]]], "width": 5184, "height": 3888, "tags": []}