{"rects": [[[388.8, 236.98285714285714, 5013.668571428571, 3847.2685714285712], ["window"]]], "width": 5184, "height": 3888, "tags": []}