{"rects": [[[274.01142857142855, 244.38857142857142, 4554.5142857142855, 3876.8914285714286], ["window"]]], "width": 5184, "height": 3888, "tags": []}