{"rects": [[[224.64000000000001, 324.0, 3024.0, 5093.280000000001], ["window"]]], "width": 3888, "height": 5184, "tags": []}