{"rects": [[[751.6800000000001, 302.40000000000003, 3814.5600000000004, 5127.84], ["window"]]], "width": 3888, "height": 5184, "tags": []}