{"rects": [[[747.36, 60.480000000000004, 3572.6400000000003, 5037.12], ["window", "shop"]]], "width": 3888, "height": 5184, "tags": []}