{"rects": [[[70.35428571428571, 270.30857142857144, 5180.297142857143, 3669.5314285714285], ["window"]]], "width": 5184, "height": 3888, "tags": []}