{"rects": [[[457.92, 332.64000000000004, 3451.6800000000003, 5011.200000000001], ["window"]]], "width": 3888, "height": 5184, "tags": []}