{"rects": [[[141.42857142857142, 282.85714285714283, 5472.857142857143, 3921.428571428571], ["window", "shop"]]], "width": 6000, "height": 4000, "tags": []}