{"rects": [[[617.1428571428571, 287.1428571428571, 5725.714285714285, 3814.285714285714], ["window"]]], "width": 6000, "height": 4000, "tags": []}