{"rects": [[[570.0, 231.42857142857142, 5832.857142857143, 3891.428571428571], ["window", "shop"]]], "width": 6000, "height": 4000, "tags": []}