{"rects": [[[394.2857142857143, 47.14285714285714, 5944.285714285714, 4000], ["window", "shop"]]], "width": 6000, "height": 4000, "tags": []}