{"rects": [[[385.7142857142857, 25.714285714285715, 5970.0, 3081.4285714285716], ["window", "shop"]]], "width": 6000, "height": 4000, "tags": []}