{"rects": [[[904.2857142857142, 4.285714285714286, 4092.8571428571427, 4000], ["window", "shop"]]], "width": 6000, "height": 4000, "tags": []}