{"rects": [[[197.14285714285714, 205.71428571428572, 5952.857142857143, 2652.8571428571427], ["window", "shop"]]], "width": 6000, "height": 4000, "tags": []}