{"rects": [[[1440.0, 124.28571428571428, 5957.142857142857, 3960.0], ["window"]]], "width": 6000, "height": 4000, "tags": []}