{"rects": [[[1431.4285714285713, 141.42857142857142, 5391.428571428572, 3758.5714285714284], ["window", "shop"]]], "width": 6000, "height": 4000, "tags": []}