{"rects": [[[702.8571428571429, 377.1428571428571, 5652.857142857143, 3968.5714285714284], ["window", "shop"]]], "width": 6000, "height": 4000, "tags": []}