{"rects": [[[1050.0, 154.28571428571428, 5361.428571428572, 3990.0], ["window"]]], "width": 6000, "height": 4000, "tags": []}