{"rects": [[[291.42857142857144, 604.2857142857142, 5897.142857142857, 3411.428571428571], ["window", "shop"]]], "width": 6000, "height": 4000, "tags": []}