{"rects": [[[741.4285714285714, 111.42857142857143, 5747.142857142857, 3861.428571428571], ["window", "shop"]]], "width": 6000, "height": 4000, "tags": []}