{"rects": [[[398.57142857142856, 17.142857142857142, 4525.714285714285, 3938.5714285714284], ["window", "shop"]]], "width": 6000, "height": 4000, "tags": []}