{"rects": [[[882.8571428571428, 55.714285714285715, 5198.571428571428, 3574.285714285714], ["window"]]], "width": 6000, "height": 4000, "tags": []}