{"rects": [[[1547.142857142857, 42.857142857142854, 5880.0, 3900.0], ["window"]]], "width": 6000, "height": 4000, "tags": []}