{"rects": [[[102.85714285714286, 180.0, 5974.285714285714, 3454.285714285714], ["window", "shop"]]], "width": 6000, "height": 4000, "tags": []}