{"rects": [[[780.0, 608.5714285714286, 5460.0, 3827.142857142857], ["window"]]], "width": 6000, "height": 4000, "tags": []}