{"rects": [[[552.8571428571429, 8.571428571428571, 5412.857142857143, 3981.428571428571], ["window", "shop"]]], "width": 6000, "height": 4000, "tags": []}