{"rects": [[[102.85714285714286, 30.0, 5712.857142857143, 4000], ["window", "shop"]]], "width": 6000, "height": 4000, "tags": []}