{"rects": [[[8.571428571428571, 81.42857142857143, 5944.285714285714, 3985.714285714286], ["window", "shop"]]], "width": 6000, "height": 4000, "tags": []}