{"rects": [[[535.7142857142857, 8.571428571428571, 5854.285714285714, 3942.8571428571427], ["window"]]], "width": 6000, "height": 4000, "tags": []}