{"rects": [[[265.7142857142857, 47.14285714285714, 5961.428571428572, 3660.0], ["window", "shop"]]], "width": 6000, "height": 4000, "tags": []}