{"rects": [[[21.428571428571427, 4.285714285714286, 5944.285714285714, 3248.5714285714284], ["window"]]], "width": 6000, "height": 4000, "tags": []}