{"rects": [[[8.571428571428571, 8.571428571428571, 5995.714285714285, 3060.0], ["window"]]], "width": 6000, "height": 4000, "tags": []}