{"rects": [[[1478.5714285714284, 47.14285714285714, 5871.428571428572, 3955.714285714286], ["window"]]], "width": 6000, "height": 4000, "tags": []}