{"rects": [[[210.0, 612.8571428571429, 5867.142857142857, 3994.285714285714], ["window"]]], "width": 6000, "height": 4000, "tags": []}