{"rects": [[[947.1428571428571, 72.85714285714286, 5700.0, 3951.428571428571], ["window"]]], "width": 6000, "height": 4000, "tags": []}