{"rects": [[[21.428571428571427, 12.857142857142858, 5995.714285714285, 3342.8571428571427], ["window"]]], "width": 6000, "height": 4000, "tags": []}