{"rects": [[[72.85714285714286, 480.0, 5914.285714285714, 3805.714285714286], ["window"]]], "width": 6000, "height": 4000, "tags": []}