{"rects": [[[998.5714285714286, 30.0, 5121.428571428572, 3600.0], ["window"]]], "width": 6000, "height": 4000, "tags": []}