{"rects": [[[908.5714285714286, 68.57142857142857, 5914.285714285714, 3985.714285714286], ["window", "shop"]]], "width": 6000, "height": 4000, "tags": []}