{"rects": [[[1110.0, 34.285714285714285, 4272.857142857143, 3720.0], ["window"]]], "width": 6000, "height": 4000, "tags": []}