{"rects": [[[754.2857142857142, 4.285714285714286, 4680.0, 3870.0], ["window", "shop"]]], "width": 6000, "height": 4000, "tags": []}