{"rects": [[[715.7142857142857, 12.857142857142858, 5721.428571428572, 3900.0], ["window", "shop"]]], "width": 6000, "height": 4000, "tags": []}