{"rects": [[[968.5714285714286, 240.0, 5125.714285714285, 3754.285714285714], ["window", "shop"]]], "width": 6000, "height": 4000, "tags": []}