{"rects": [[[12.857142857142858, 312.85714285714283, 5991.428571428572, 2858.5714285714284], ["window"]]], "width": 6000, "height": 4000, "tags": []}