{"rects": [[[8.571428571428571, 12.857142857142858, 5991.428571428572, 2494.285714285714], ["window"]]], "width": 6000, "height": 4000, "tags": []}