{"rects": [[[574.2857142857142, 8.571428571428571, 5880.0, 3968.5714285714284], ["window", "shop"]]], "width": 6000, "height": 4000, "tags": []}