{"rects": [[[312.85714285714283, 1067.142857142857, 5948.571428571428, 3994.285714285714], ["window"]]], "width": 6000, "height": 4000, "tags": []}