{"rects": [[[141.42857142857142, 595.7142857142857, 5905.714285714285, 3154.285714285714], ["window", "shop"]]], "width": 6000, "height": 4000, "tags": []}