{"rects": [[[98.57142857142857, 385.7142857142857, 5948.571428571428, 3685.714285714286], ["window"]]], "width": 6000, "height": 4000, "tags": []}