{"rects": [[[1071.4285714285713, 308.57142857142856, 5781.428571428572, 3998.5714285714284], ["window"]]], "width": 6000, "height": 4000, "tags": []}