{"rects": [[[1011.4285714285714, 0, 5995.714285714285, 3955.714285714286], ["window"]]], "width": 6000, "height": 4000, "tags": []}