{"rects": [[[501.4285714285714, 505.7142857142857, 5670.0, 3660.0], ["window"]]], "width": 6000, "height": 4000, "tags": []}