{"rects": [[[1491.4285714285713, 85.71428571428571, 5537.142857142857, 3925.714285714286], ["window"]]], "width": 6000, "height": 4000, "tags": []}