{"rects": [[[368.57142857142856, 904.2857142857142, 5768.571428571428, 3715.714285714286], ["window"]]], "width": 6000, "height": 4000, "tags": []}