{"rects": [[[214.28571428571428, 445.7142857142857, 5665.714285714285, 3244.285714285714], ["window"]]], "width": 6000, "height": 4000, "tags": []}