{"rects": [[[775.7142857142857, 205.71428571428572, 5417.142857142857, 3947.142857142857], ["window"]]], "width": 6000, "height": 4000, "tags": []}