{"rects": [[[711.4285714285714, 12.857142857142858, 5442.857142857143, 3295.714285714286], ["window", "shop"]]], "width": 6000, "height": 4000, "tags": []}