{"rects": [[[351.42857142857144, 107.14285714285714, 4478.571428571428, 3947.142857142857], ["window"]]], "width": 6000, "height": 4000, "tags": []}