{"rects": [[[1620.0, 38.57142857142857, 5832.857142857143, 3822.8571428571427], ["window"]]], "width": 6000, "height": 4000, "tags": []}