{"rects": [[[0, 4.285714285714286, 5987.142857142857, 3021.4285714285716], ["window"]]], "width": 6000, "height": 4000, "tags": []}