{"rects": [[[878.5714285714286, 304.2857142857143, 4384.285714285714, 3711.428571428571], ["window"]]], "width": 6000, "height": 4000, "tags": []}