{"rects": [[[450.0, 411.42857142857144, 5708.571428571428, 3917.142857142857], ["window", "shop"]]], "width": 6000, "height": 4000, "tags": []}