{"rects": [[[510.0, 162.85714285714286, 5837.142857142857, 3861.428571428571], ["window", "shop"]]], "width": 6000, "height": 4000, "tags": []}