{"rects": [[[0, 12.857142857142858, 5987.142857142857, 3977.142857142857], ["window"]]], "width": 6000, "height": 4000, "tags": []}