{"rects": [[[274.2857142857143, 51.42857142857143, 5995.714285714285, 3960.0], ["window"]]], "width": 6000, "height": 4000, "tags": []}