{"rects": [[[47.14285714285714, 878.5714285714286, 5952.857142857143, 3990.0], ["window"]]], "width": 6000, "height": 4000, "tags": []}