{"rects": [[[728.5714285714286, 8.571428571428571, 5717.142857142857, 3968.5714285714284], ["window"]]], "width": 6000, "height": 4000, "tags": []}