{"rects": [[[244.28571428571428, 1281.4285714285713, 5901.428571428572, 3107.142857142857], ["window"]]], "width": 6000, "height": 4000, "tags": []}