{"rects": [[[1294.2857142857142, 64.28571428571428, 4782.857142857143, 3510.0], ["window"]]], "width": 6000, "height": 4000, "tags": []}