{"rects": [[[981.4285714285714, 47.14285714285714, 5944.285714285714, 3951.428571428571], ["window"]]], "width": 6000, "height": 4000, "tags": []}