{"rects": [[[214.28571428571428, 21.428571428571427, 5850.0, 3788.5714285714284], ["window", "shop"]]], "width": 6000, "height": 4000, "tags": []}