{"rects": [[[552.8571428571429, 8.571428571428571, 5961.428571428572, 2185.714285714286], ["window", "shop"]]], "width": 6000, "height": 4000, "tags": []}