{"rects": [[[582.8571428571429, 34.285714285714285, 5871.428571428572, 3630.0], ["window"]]], "width": 6000, "height": 4000, "tags": []}