{"rects": [[[1581.4285714285713, 574.2857142857142, 5468.571428571428, 3990.0], ["window", "shop"]]], "width": 6000, "height": 4000, "tags": []}