{"rects": [[[8.571428571428571, 398.57142857142856, 5721.428571428572, 3972.8571428571427], ["window"]]], "width": 6000, "height": 4000, "tags": []}