{"rects": [[[887.1428571428571, 17.142857142857142, 5207.142857142857, 3990.0], ["window", "shop"]]], "width": 6000, "height": 4000, "tags": []}