{"rects": [[[1097.142857142857, 8.571428571428571, 5010.0, 3904.285714285714], ["window"]]], "width": 6000, "height": 4000, "tags": []}