{"rects": [[[1405.7142857142858, 72.85714285714286, 5391.428571428572, 3994.285714285714], ["window", "shop"]]], "width": 6000, "height": 4000, "tags": []}