{"rects": [[[775.7142857142857, 21.428571428571427, 5237.142857142857, 3942.8571428571427], ["window", "shop"]]], "width": 6000, "height": 4000, "tags": []}