{"rects": [[[34.285714285714285, 60.0, 5974.285714285714, 3947.142857142857], ["window"]]], "width": 6000, "height": 4000, "tags": []}