{"rects": [[[385.7142857142857, 107.14285714285714, 5717.142857142857, 3861.428571428571], ["window", "shop"]]], "width": 6000, "height": 4000, "tags": []}