{"rects": [[[360.0, 462.85714285714283, 5665.714285714285, 3818.5714285714284], ["window", "shop"]]], "width": 6000, "height": 4000, "tags": []}