{"rects": [[[175.71428571428572, 38.57142857142857, 5970.0, 3994.285714285714], ["window"]]], "width": 6000, "height": 4000, "tags": []}