{"rects": [[[8.571428571428571, 4.285714285714286, 5982.857142857143, 3390.0], ["window", "shop"]]], "width": 6000, "height": 4000, "tags": []}