{"rects": [[[167.14285714285714, 600.0, 5995.714285714285, 3745.714285714286], ["window", "shop"]]], "width": 6000, "height": 4000, "tags": []}