{"rects": [[[1148.5714285714284, 175.71428571428572, 5802.857142857143, 3934.285714285714], ["window"]]], "width": 6000, "height": 4000, "tags": []}