{"rects": [[[535.7142857142857, 274.2857142857143, 5584.285714285714, 3887.142857142857], ["window", "shop"]]], "width": 6000, "height": 4000, "tags": []}