{"rects": [[[861.4285714285714, 192.85714285714286, 5905.714285714285, 3402.8571428571427], ["window"]]], "width": 6000, "height": 4000, "tags": []}