{"rects": [[[0, 295.7142857142857, 5982.857142857143, 3934.285714285714], ["window", "shop"]]], "width": 6000, "height": 4000, "tags": []}