{"rects": [[[85.71428571428571, 4.285714285714286, 5978.571428571428, 2991.4285714285716], ["window", "shop"]]], "width": 6000, "height": 4000, "tags": []}