{"rects": [[[1898.5714285714284, 317.1428571428571, 5725.714285714285, 3732.8571428571427], ["window", "shop"]]], "width": 6000, "height": 4000, "tags": []}