{"rects": [[[715.7142857142857, 505.7142857142857, 5734.285714285714, 3595.714285714286], ["window"]]], "width": 6000, "height": 4000, "tags": []}