{"rects": [[[822.8571428571429, 805.7142857142857, 5661.428571428572, 3192.8571428571427], ["window", "shop"]]], "width": 6000, "height": 4000, "tags": []}