{"rects": [[[840.0, 21.428571428571427, 5897.142857142857, 3381.428571428571], ["window", "shop"]]], "width": 6000, "height": 4000, "tags": []}