{"rects": [[[634.2857142857142, 381.42857142857144, 5657.142857142857, 3184.285714285714], ["window"]]], "width": 6000, "height": 4000, "tags": []}