{"rects": [[[124.28571428571428, 758.5714285714286, 5987.142857142857, 2807.142857142857], ["window", "shop"]]], "width": 6000, "height": 4000, "tags": []}