{"rects": [[[1204.2857142857142, 295.7142857142857, 5712.857142857143, 3295.714285714286], ["window"]]], "width": 6000, "height": 4000, "tags": []}