{"rects": [[[1182.857142857143, 98.57142857142857, 5760.0, 3917.142857142857], ["window"]]], "width": 6000, "height": 4000, "tags": []}