{"rects": [[[565.7142857142857, 270.0, 4877.142857142857, 3848.5714285714284], ["window"]]], "width": 6000, "height": 4000, "tags": []}