{"rects": [[[990.0, 98.57142857142857, 5245.714285714285, 3912.8571428571427], ["window"]]], "width": 6000, "height": 4000, "tags": []}