{"rects": [[[55.714285714285715, 12.857142857142858, 5862.857142857143, 3870.0], ["window"]]], "width": 6000, "height": 4000, "tags": []}