{"rects": [[[175.71428571428572, 85.71428571428571, 5970.0, 2957.142857142857], ["window", "shop"]]], "width": 6000, "height": 4000, "tags": []}