{"rects": [[[1238.5714285714284, 441.4285714285714, 4688.571428571428, 3878.5714285714284], ["window"]]], "width": 6000, "height": 4000, "tags": []}