{"rects": [[[1302.857142857143, 0, 4654.285714285714, 3998.5714285714284], ["window", "shop"]]], "width": 6000, "height": 4000, "tags": []}