{"rects": [[[784.2857142857142, 8.571428571428571, 5691.428571428572, 3938.5714285714284], ["window", "shop"]]], "width": 6000, "height": 4000, "tags": []}