{"rects": [[[822.8571428571429, 355.7142857142857, 5888.571428571428, 3792.8571428571427], ["window"]]], "width": 6000, "height": 4000, "tags": []}