{"rects": [[[1980.0, 0, 5027.142857142857, 3771.428571428571], ["window", "shop"]]], "width": 6000, "height": 4000, "tags": []}