{"rects": [[[171.42857142857142, 21.428571428571427, 5717.142857142857, 3171.4285714285716], ["window", "shop"]]], "width": 6000, "height": 4000, "tags": []}