{"rects": [[[1667.142857142857, 480.0, 5622.857142857143, 3617.142857142857], ["window"]]], "width": 6000, "height": 4000, "tags": []}