{"rects": [[[0, 12.857142857142858, 5991.428571428572, 3698.5714285714284], ["window"]]], "width": 6000, "height": 4000, "tags": []}