{"rects": [[[990.0, 17.142857142857142, 5241.428571428572, 3771.428571428571], ["window"]]], "width": 6000, "height": 4000, "tags": []}