{"rects": [[[805.7142857142857, 522.8571428571429, 5087.142857142857, 3977.142857142857], ["window", "shop"]]], "width": 6000, "height": 4000, "tags": []}