{"rects": [[[295.7142857142857, 34.285714285714285, 5815.714285714285, 3857.142857142857], ["window"]]], "width": 6000, "height": 4000, "tags": []}