{"rects": [[[21.428571428571427, 77.14285714285714, 5995.714285714285, 2374.285714285714], ["window"]]], "width": 6000, "height": 4000, "tags": []}