{"rects": [[[1697.142857142857, 8.571428571428571, 5785.714285714285, 3990.0], ["window"]]], "width": 6000, "height": 4000, "tags": []}