{"rects": [[[1564.2857142857142, 128.57142857142856, 5665.714285714285, 4000], ["window", "shop"]]], "width": 6000, "height": 4000, "tags": []}