{"rects": [[[458.57142857142856, 124.28571428571428, 5982.857142857143, 3985.714285714286], ["window"]]], "width": 6000, "height": 4000, "tags": []}