{"rects": [[[1131.4285714285713, 85.71428571428571, 5417.142857142857, 3981.428571428571], ["window"]]], "width": 6000, "height": 4000, "tags": []}