{"rects": [[[630.0, 60.0, 5537.142857142857, 3994.285714285714], ["window", "shop"]]], "width": 6000, "height": 4000, "tags": []}