{"rects": [[[441.4285714285714, 21.428571428571427, 5545.714285714285, 3882.8571428571427], ["window", "shop"]]], "width": 6000, "height": 4000, "tags": []}