{"rects": [[[1547.142857142857, 612.8571428571429, 5258.571428571428, 3488.5714285714284], ["window", "shop"]]], "width": 6000, "height": 4000, "tags": []}