{"rects": [[[840.0, 107.14285714285714, 5678.571428571428, 3917.142857142857], ["window"]]], "width": 6000, "height": 4000, "tags": []}