{"rects": [[[664.2857142857142, 334.2857142857143, 5524.285714285714, 3167.142857142857], ["window"]]], "width": 6000, "height": 4000, "tags": []}