{"rects": [[[1971.4285714285713, 115.71428571428571, 5764.285714285714, 2820.0], ["window", "shop"]]], "width": 6000, "height": 4000, "tags": []}