{"rects": [[[115.71428571428571, 107.14285714285714, 5832.857142857143, 3642.8571428571427], ["window", "shop"]]], "width": 6000, "height": 4000, "tags": []}