{"rects": [[[25.714285714285715, 192.85714285714286, 2730.0, 3994.285714285714], ["window", "shop"]]], "width": 6000, "height": 4000, "tags": []}