{"rects": [[[325.7142857142857, 8.571428571428571, 5361.428571428572, 3930.0], ["window", "shop"]]], "width": 6000, "height": 4000, "tags": []}