{"rects": [[[1020.0, 214.28571428571428, 5665.714285714285, 3994.285714285714], ["window", "shop"]]], "width": 6000, "height": 4000, "tags": []}