{"rects": [[[1165.7142857142858, 184.28571428571428, 5777.142857142857, 3552.8571428571427], ["window", "shop"]]], "width": 6000, "height": 4000, "tags": []}