{"rects": [[[115.71428571428571, 210.0, 5678.571428571428, 3908.5714285714284], ["window"]]], "width": 6000, "height": 4000, "tags": []}