{"rects": [[[420.0, 270.0, 5447.142857142857, 3861.428571428571], ["window"]]], "width": 6000, "height": 4000, "tags": []}