{"rects": [[[4.285714285714286, 4.285714285714286, 5995.714285714285, 3240.0], ["window"]]], "width": 6000, "height": 4000, "tags": []}