{"rects": [[[745.7142857142857, 12.857142857142858, 5717.142857142857, 4000], ["door", "shop"]]], "width": 6000, "height": 4000, "tags": []}