{"rects": [[[1620.0, 42.857142857142854, 4710.0, 3998.5714285714284], ["window", "shop"]]], "width": 6000, "height": 4000, "tags": []}