{"rects": [[[608.5714285714286, 94.28571428571428, 5331.428571428572, 3972.8571428571427], ["window"]]], "width": 6000, "height": 4000, "tags": []}