{"rects": [[[844.2857142857142, 518.5714285714286, 5901.428571428572, 3591.428571428571], ["window"]]], "width": 6000, "height": 4000, "tags": []}