{"rects": [[[402.85714285714283, 737.1428571428571, 5678.571428571428, 3784.285714285714], ["window"]]], "width": 6000, "height": 4000, "tags": []}