{"rects": [[[1251.4285714285713, 8.571428571428571, 5931.428571428572, 3981.428571428571], ["window"]]], "width": 6000, "height": 4000, "tags": []}