{"rects": [[[505.7142857142857, 17.142857142857142, 5040.0, 4000], ["window", "shop"]]], "width": 6000, "height": 4000, "tags": []}