{"rects": [[[732.8571428571429, 8.571428571428571, 5387.142857142857, 3994.285714285714], ["window", "shop"]]], "width": 6000, "height": 4000, "tags": []}