{"rects": [[[1020.0, 642.8571428571429, 5905.714285714285, 3424.285714285714], ["window", "shop"]]], "width": 6000, "height": 4000, "tags": []}