{"rects": [[[415.7142857142857, 437.1428571428571, 5661.428571428572, 3591.428571428571], ["window", "shop"]]], "width": 6000, "height": 4000, "tags": []}