{"rects": [[[1041.4285714285713, 68.57142857142857, 5511.428571428572, 3964.285714285714], ["window", "shop"]]], "width": 6000, "height": 4000, "tags": []}