{"rects": [[[908.5714285714286, 227.14285714285714, 5571.428571428572, 3634.285714285714], ["window"]]], "width": 6000, "height": 4000, "tags": []}