{"rects": [[[1080.0, 55.714285714285715, 5665.714285714285, 3947.142857142857], ["window"]]], "width": 6000, "height": 4000, "tags": []}