{"rects": [[[762.8571428571429, 51.42857142857143, 5117.142857142857, 3835.714285714286], ["window", "shop"]]], "width": 6000, "height": 4000, "tags": []}