{"rects": [[[1260.3600000000001, 657.72, 4030.5600000000004, 3243.2400000000002], ["window"]]], "width": 5184, "height": 3456, "tags": []}