{"rects": [[[1124.28, 1010.8800000000001, 2313.36, 2867.4], ["window"]], [[3065.0400000000004, 1227.96, 4215.240000000001, 2961.36], ["window"]]], "width": 5184, "height": 3456, "tags": []}