{"rects": [[[1088.64, 265.68, 3382.5600000000004, 3152.52], ["window"]], [[3188.1600000000003, 395.28000000000003, 5086.8, 3139.5600000000004], ["window"]]], "width": 5184, "height": 3456, "tags": ["deleted"]}