{"rects": [[[1215.0, 638.2800000000001, 3735.7200000000003, 3048.84], ["window"]]], "width": 5184, "height": 3456, "tags": []}