{"rects": [[[2812.32, 965.5200000000001, 5073.84, 3453.84], ["window"]], [[197.64000000000001, 761.4000000000001, 2080.08, 2345.76], ["window"]]], "width": 5184, "height": 3456, "tags": []}