{"rects": [[[803.5200000000001, 181.44, 2770.2000000000003, 2255.04], ["window"]]], "width": 5184, "height": 3456, "tags": []}