{"rects": [[[712.8000000000001, 116.64000000000001, 4386.96, 3427.92], ["window"]]], "width": 5184, "height": 3456, "tags": []}