{"rects": [[[835.9200000000001, 178.20000000000002, 4565.16, 3191.4], ["window"]], [[2488.32, 2290.6800000000003, 2812.32, 2426.76], ["private"]]], "width": 5184, "height": 3456, "tags": []}