{"rects": [[[1159.92, 217.08, 4351.320000000001, 2925.7200000000003], ["window"]]], "width": 5184, "height": 3456, "tags": []}