{"rects": [[[790.5600000000001, 317.52000000000004, 4173.12, 3223.8], ["window"]]], "width": 5184, "height": 3456, "tags": []}