{"rects": [[[2161.08, 149.04000000000002, 4354.56, 1999.0800000000002], ["window"]], [[233.28000000000003, 729.0, 2063.88, 2592.0], ["window"]]], "width": 5184, "height": 3456, "tags": []}