{"rects": [[[68.04, 16.200000000000003, 1846.8000000000002, 878.0400000000001], ["window"]]], "width": 5184, "height": 3456, "tags": []}