{"rects": [[[440.64000000000004, 346.68, 4966.92, 3343.6800000000003], ["window"]]], "width": 5184, "height": 3456, "tags": []}