{"rects": [[[1613.5200000000002, 625.32, 3615.84, 3087.7200000000003], ["window"]]], "width": 5184, "height": 3456, "tags": []}