{"rects": [[[2099.52, 1007.6400000000001, 4017.6000000000004, 2063.88], ["window"]]], "width": 5184, "height": 3456, "tags": []}