{"rects": [[[852.12, 547.5600000000001, 4390.200000000001, 3207.6000000000004], ["window"]]], "width": 5184, "height": 3456, "tags": []}