{"rects": [[[204.12, 764.6400000000001, 4552.200000000001, 3333.96], ["window"]]], "width": 5184, "height": 3456, "tags": []}