{"rects": [[[333.72, 333.72, 2076.84, 2514.2400000000002], ["window"]], [[2919.2400000000002, 767.88, 4620.240000000001, 2864.1600000000003], ["window"]]], "width": 5184, "height": 3456, "tags": []}