{"rects": [[[1383.48, 476.28000000000003, 4059.7200000000003, 2825.28], ["window"]]], "width": 5184, "height": 3456, "tags": []}