{"rects": [[[100.44000000000001, 988.2, 1454.76, 2653.5600000000004], ["window"]], [[2919.2400000000002, 913.6800000000001, 4701.240000000001, 2724.84], ["window"]]], "width": 5184, "height": 3456, "tags": []}