{"rects": [[[191.16000000000003, 213.84, 5005.8, 3227.0400000000004], ["window"]]], "width": 5184, "height": 3456, "tags": []}