{"rects": [[[1377.0, 1036.8000000000002, 3771.36, 3175.2000000000003], ["window"]]], "width": 5184, "height": 3456, "tags": []}