{"rects": [[[1078.92, 476.28000000000003, 3913.92, 3175.2000000000003], ["window"]]], "width": 5184, "height": 3456, "tags": []}