{"rects": [[[806.7600000000001, 288.36, 4581.360000000001, 3405.2400000000002], ["window"]]], "width": 5184, "height": 3456, "tags": []}