{"rects": [[[434.16, 3.24, 1921.3200000000002, 1989.3600000000001], ["window"]], [[1749.6000000000001, 213.84, 4046.76, 3456], ["window"]]], "width": 5184, "height": 3456, "tags": []}