{"rects": [[[1448.2800000000002, 25.92, 4808.160000000001, 2549.88], ["window"]]], "width": 5184, "height": 3456, "tags": []}