{"rects": [[[25.92, 1762.5600000000002, 3337.2000000000003, 4173.12], ["window"]]], "width": 3456, "height": 5184, "tags": ["rot90"]}