{"rects": [[[1153.44, 524.88, 4030.5600000000004, 3201.1200000000003], ["window"]]], "width": 5184, "height": 3456, "tags": []}