{"rects": [[[1386.72, 842.4000000000001, 3904.2000000000003, 3304.8], ["window"]]], "width": 5184, "height": 3456, "tags": []}