{"rects": [[[466.56000000000006, 835.9200000000001, 2967.84, 3424.6800000000003], ["window"]]], "width": 5184, "height": 3456, "tags": []}