{"rects": [[[1185.8400000000001, 897.48, 2873.88, 2455.92], ["window"]], [[2741.04, 835.9200000000001, 4299.4800000000005, 2216.1600000000003], ["window"]]], "width": 5184, "height": 3456, "tags": []}