{"rects": [[[1577.88, 550.8000000000001, 3612.6000000000004, 3110.4], ["window"]], [[3350.1600000000003, 1224.72, 5180.76, 3402.0], ["window"]]], "width": 5184, "height": 3456, "tags": []}