{"rects": [[[1040.04, 230.04000000000002, 4377.240000000001, 3321.0], ["window"]]], "width": 5184, "height": 3456, "tags": []}