{"rects": [[[184.68, 1010.8800000000001, 5132.160000000001, 3456], ["window"]]], "width": 5184, "height": 3456, "tags": []}