{"rects": [[[946.08, 129.60000000000002, 4186.08, 3382.5600000000004], ["window"]]], "width": 5184, "height": 3456, "tags": []}