{"rects": [[[1205.28, 217.08, 4542.4800000000005, 3188.1600000000003], ["window"]]], "width": 5184, "height": 3456, "tags": []}