{"rects": [[[1921.3200000000002, 1279.8000000000002, 3431.1600000000003, 2131.92], ["window"]], [[3483.0000000000005, 2073.6000000000004, 4804.92, 2877.1200000000003], ["window"]], [[0, 0, 5184, 3456], ["facade"]]], "width": 5184, "height": 3456, "tags": []}