{"rects": [[[1788.48, 1134.0, 3123.36, 2297.1600000000003], ["window"]], [[3013.2000000000003, 77.76, 5005.8, 1296.0], ["window"]]], "width": 5184, "height": 3456, "tags": []}