{"rects": [[[845.6400000000001, 994.6800000000001, 2741.04, 3181.6800000000003], ["window"]]], "width": 5184, "height": 3456, "tags": []}