{"rects": [[[392.04, 197.64000000000001, 5012.280000000001, 2925.7200000000003], ["window"]]], "width": 5184, "height": 3456, "tags": []}