{"rects": [[[213.84, 362.88, 2608.2000000000003, 3350.1600000000003], ["window"]], [[2530.44, 372.6, 4928.04, 3376.0800000000004], ["window"]]], "width": 5184, "height": 3456, "tags": []}