{"rects": [[[1500.1200000000001, 1396.44, 3269.1600000000003, 2773.44], ["window"]]], "width": 5184, "height": 3456, "tags": []}