{"rects": [[[1500.1200000000001, 1033.5600000000002, 3444.1200000000003, 2711.88], ["window"]], [[3379.32, 482.76000000000005, 5180.76, 2909.52], ["window"]]], "width": 5184, "height": 3456, "tags": []}