{"rects": [[[359.64000000000004, 93.96000000000001, 4199.04, 3359.88], ["window"]]], "width": 5184, "height": 3456, "tags": []}