{"rects": [[[2494.8, 466.56000000000006, 4374.0, 2465.6400000000003], ["window"]], [[725.76, 1477.44, 2549.88, 3256.2000000000003], ["window"]]], "width": 5184, "height": 3456, "tags": []}