{"rects": [[[285.12, 1069.2, 1995.8400000000001, 2786.4], ["window"]], [[2054.1600000000003, 1085.4, 4075.92, 2779.92], ["window"]]], "width": 5184, "height": 3456, "tags": []}