{"rects": [[[1033.5600000000002, 609.12, 4150.4400000000005, 3408.48], ["window"]]], "width": 5184, "height": 3456, "tags": []}