{"rects": [[[1085.4, 110.16000000000001, 4309.200000000001, 2883.6000000000004], ["window"]]], "width": 5184, "height": 3456, "tags": []}