{"rects": [[[1691.2800000000002, 1218.24, 2783.1600000000003, 2530.44], ["window"]], [[3389.0400000000004, 573.48, 4623.4800000000005, 2021.7600000000002], ["window"]], [[3476.5200000000004, 2005.5600000000002, 4698.0, 3252.96], ["window"]]], "width": 5184, "height": 3456, "tags": []}