{"rects": [[[819.72, 187.92000000000002, 4309.200000000001, 3133.0800000000004], ["window"]]], "width": 5184, "height": 3456, "tags": []}