{"rects": [[[839.1600000000001, 683.6400000000001, 2715.1200000000003, 2523.96], ["window"]], [[2540.1600000000003, 764.6400000000001, 4445.280000000001, 2452.6800000000003], ["window"]]], "width": 5184, "height": 3456, "tags": []}