{"rects": [[[1283.0400000000002, 450.36, 4296.240000000001, 2705.4], ["window"]]], "width": 5184, "height": 3456, "tags": []}