{"rects": [[[933.1200000000001, 589.6800000000001, 4331.88, 3304.8], ["window"]]], "width": 5184, "height": 3456, "tags": []}