{"rects": [[[952.5600000000001, 741.96, 3356.6400000000003, 3350.1600000000003], ["window"]]], "width": 5184, "height": 3456, "tags": []}