{"rects": [[[635.0400000000001, 933.1200000000001, 4066.2000000000003, 3055.32], ["window"]]], "width": 5184, "height": 3456, "tags": []}