{"rects": [[[1412.64, 557.2800000000001, 5106.240000000001, 3308.0400000000004], ["window"]]], "width": 5184, "height": 3456, "tags": []}