{"rects": [[[42.120000000000005, 213.84, 952.5600000000001, 1056.24], ["window"]], [[2932.2000000000003, 1344.6000000000001, 4872.96, 2520.7200000000003], ["window"]], [[822.96, 2128.6800000000003, 2886.84, 3431.1600000000003], ["window"]]], "width": 5184, "height": 3456, "tags": []}