{"rects": [[[2527.2000000000003, 997.9200000000001, 4623.4800000000005, 3220.5600000000004], ["window"]], [[2799.36, 2835.0, 2980.8, 2909.52], ["private"]], [[1863.0000000000002, 2805.84, 2060.6400000000003, 2893.32], ["private"]], [[456.84000000000003, 2763.7200000000003, 573.48, 2847.96], ["private"]], [[174.96, 2825.28, 288.36, 2906.28], ["private"]], [[5067.360000000001, 2737.8, 5180.76, 2906.28], ["private"]]], "width": 5184, "height": 3456, "tags": []}