{"rects": [[[939.6, 583.2, 2621.1600000000003, 1425.6000000000001], ["window"]], [[2491.56, 1827.3600000000001, 4156.92, 2647.0800000000004], ["window"]]], "width": 5184, "height": 3456, "tags": []}