{"rects": [[[602.64, 84.24000000000001, 3956.0400000000004, 3346.92], ["window"]]], "width": 5184, "height": 3456, "tags": []}