{"rects": [[[1529.2800000000002, 116.64000000000001, 3742.2000000000003, 3343.6800000000003], ["window"]]], "width": 5184, "height": 3456, "tags": []}