{"rects": [[[486.00000000000006, 136.08, 4471.200000000001, 3456], ["window"]]], "width": 5184, "height": 3456, "tags": []}