{"rects": [[[437.40000000000003, 233.28000000000003, 4944.240000000001, 2977.5600000000004], ["window"]]], "width": 5184, "height": 3456, "tags": []}