{"rects": [[[842.4000000000001, 1101.6000000000001, 4286.52, 3456], ["window"]]], "width": 5184, "height": 3456, "tags": []}