{"rects": [[[845.6400000000001, 171.72, 4147.200000000001, 3100.6800000000003], ["window"]]], "width": 5184, "height": 3456, "tags": []}