{"rects": [[[1425.6000000000001, 962.2800000000001, 3638.5200000000004, 3136.32], ["window"]]], "width": 5184, "height": 3456, "tags": []}