{"rects": [[[793.8000000000001, 450.36, 4085.6400000000003, 3363.1200000000003], ["window"]]], "width": 5184, "height": 3456, "tags": []}