{"rects": [[[463.32000000000005, 200.88000000000002, 4953.96, 3411.7200000000003], ["window"]]], "width": 5184, "height": 3456, "tags": []}