{"rects": [[[1620.0, 1218.24, 4192.56, 2640.6000000000004], ["window"]], [[87.48, 126.36000000000001, 1577.88, 1956.96], ["window"]]], "width": 5184, "height": 3456, "tags": []}