{"rects": [[[1114.5600000000002, 518.4000000000001, 3965.76, 3450.6000000000004], ["window"]]], "width": 5184, "height": 3456, "tags": []}