{"rects": [[[758.1600000000001, 469.8, 4568.400000000001, 3295.0800000000004], ["window"]]], "width": 5184, "height": 3456, "tags": []}