{"rects": [[[356.40000000000003, 657.72, 3272.4, 4675.320000000001], ["window"]]], "width": 3456, "height": 5184, "tags": ["rot270"]}