{"rects": [[[981.72, 223.56, 4458.240000000001, 2896.5600000000004], ["window"]]], "width": 5184, "height": 3456, "tags": []}