{"rects": [[[968.7600000000001, 686.88, 2417.04, 4231.4400000000005], ["window"]]], "width": 3456, "height": 5184, "tags": ["rot90"]}