{"rects": [[[916.9200000000001, 275.40000000000003, 4137.4800000000005, 3052.0800000000004], ["window"]]], "width": 5184, "height": 3456, "tags": []}