{"rects": [[[887.7600000000001, 55.080000000000005, 5025.240000000001, 2919.2400000000002], ["window"]]], "width": 5184, "height": 3456, "tags": []}