{"rects": [[[754.9200000000001, 447.12, 4487.400000000001, 3456], ["window"]]], "width": 5184, "height": 3456, "tags": []}