{"rects": [[[2903.04, 1208.52, 4594.320000000001, 2222.6400000000003], ["window"]], [[2815.5600000000004, 1914.8400000000001, 4542.4800000000005, 3081.2400000000002], ["window"]]], "width": 5184, "height": 3456, "tags": []}