{"rects": [[[1354.3200000000002, 926.6400000000001, 3920.4, 2935.44], ["window"]]], "width": 5184, "height": 3456, "tags": []}