{"rects": [[[1279.8000000000002, 706.32, 3975.4800000000005, 3175.2000000000003], ["window"]]], "width": 5184, "height": 3456, "tags": []}