{"rects": [[[1308.96, 401.76000000000005, 3580.2000000000003, 2964.6000000000004], ["window"]], [[3272.4, 469.8, 5148.360000000001, 3009.96], ["window"]]], "width": 5184, "height": 3456, "tags": []}