{"rects": [[[570.24, 1140.48, 1908.3600000000001, 2857.6800000000003], ["window"]], [[3900.96, 767.88, 5151.6, 2310.1200000000003], ["window"]]], "width": 5184, "height": 3456, "tags": []}