{"rects": [[[1078.92, 453.6, 4114.8, 2715.1200000000003], ["window"]], [[3904.2000000000003, 962.2800000000001, 5070.6, 2358.7200000000003], ["window"]]], "width": 5184, "height": 3456, "tags": []}