{"rects": [[[1308.96, 518.4000000000001, 3829.6800000000003, 3240.0], ["window"]]], "width": 5184, "height": 3456, "tags": []}