{"rects": [[[683.6400000000001, 369.36, 2734.5600000000004, 2507.76], ["window"]]], "width": 5184, "height": 3456, "tags": []}