{"rects": [[[3372.84, 900.72, 4918.320000000001, 2339.28], ["window"]], [[933.1200000000001, 1030.3200000000002, 2407.32, 2384.6400000000003], ["window"]]], "width": 5184, "height": 3456, "tags": []}