{"rects": [[[2757.2400000000002, 1655.64, 3745.44, 2922.48], ["window"]], [[1325.16, 709.5600000000001, 2232.36, 1869.48], ["window"]]], "width": 5184, "height": 3456, "tags": []}