{"rects": [[[1095.1200000000001, 829.44, 4341.6, 2883.6000000000004], ["window"]]], "width": 5184, "height": 3456, "tags": []}