{"rects": [[[1671.8400000000001, 116.64000000000001, 3657.96, 3139.5600000000004], ["window"]], [[19.44, 486.00000000000006, 1720.44, 2925.7200000000003], ["window"]]], "width": 5184, "height": 3456, "tags": []}