{"rects": [[[1875.96, 288.36, 3291.84, 1480.68], ["window"]], [[751.6800000000001, 1982.88, 2141.6400000000003, 2980.8], ["window"]]], "width": 5184, "height": 3456, "tags": []}