{"rects": [[[486.00000000000006, 330.48, 2174.04, 3032.6400000000003], ["window"]]], "width": 5184, "height": 3456, "tags": ["deleted"]}