{"rects": [[[486.00000000000006, 265.68, 4348.08, 3175.2000000000003], ["window"]]], "width": 5184, "height": 3456, "tags": []}