{"rects": [[[1688.0400000000002, 411.48, 3573.7200000000003, 2196.7200000000003], ["window"]]], "width": 5184, "height": 3456, "tags": []}