{"rects": [[[903.96, 243.00000000000003, 3975.4800000000005, 3078.0], ["window"]]], "width": 5184, "height": 3456, "tags": []}