{"rects": [[[916.9200000000001, 981.72, 2773.44, 2637.36], ["window"]], [[2579.04, 1040.04, 4458.240000000001, 2676.2400000000002], ["window"]]], "width": 5184, "height": 3456, "tags": []}