{"rects": [[[2225.88, 900.72, 4137.4800000000005, 2673.0], ["window"]], [[281.88, 1334.88, 2446.2000000000003, 2932.2000000000003], ["window"]]], "width": 5184, "height": 3456, "tags": []}