{"rects": [[[1399.68, 278.64000000000004, 3978.7200000000003, 2899.8], ["window"]]], "width": 5184, "height": 3456, "tags": []}