{"rects": [[[2251.8, 249.48000000000002, 3738.96, 1918.0800000000002], ["window"]], [[2391.1200000000003, 1979.64, 4053.2400000000002, 3456], ["window"]]], "width": 5184, "height": 3456, "tags": []}