{"rects": [[[878.0400000000001, 741.96, 3755.1600000000003, 3074.76], ["window"]]], "width": 5184, "height": 3456, "tags": []}