{"rects": [[[1370.52, 440.64000000000004, 3900.96, 3113.6400000000003], ["window"]]], "width": 5184, "height": 3456, "tags": []}