{"rects": [[[848.8800000000001, 200.88000000000002, 3220.5600000000004, 3152.52], ["window"]]], "width": 5184, "height": 3456, "tags": []}