{"rects": [[[210.60000000000002, 6.48, 3693.6000000000004, 3311.28], ["window"]]], "width": 5184, "height": 3456, "tags": []}