{"rects": [[[1807.92, 239.76000000000002, 5122.4400000000005, 3081.2400000000002], ["window"]]], "width": 5184, "height": 3456, "tags": []}