{"rects": [[[3052.0800000000004, 1762.5600000000002, 4882.68, 3408.48], ["window"]], [[988.2, 1778.7600000000002, 2420.28, 3456], ["window"]]], "width": 5184, "height": 3456, "tags": []}