{"rects": [[[1503.3600000000001, 456.84000000000003, 4179.6, 3184.92], ["window"]]], "width": 5184, "height": 3456, "tags": []}