{"rects": [[[1085.4, 719.2800000000001, 3152.52, 3350.1600000000003], ["window"]]], "width": 5184, "height": 3456, "tags": []}