{"rects": [[[696.6, 129.60000000000002, 4338.360000000001, 3369.6000000000004], ["window"]]], "width": 5184, "height": 3456, "tags": []}