{"rects": [[[1308.96, 408.24, 4280.04, 2695.6800000000003], ["window"]], [[110.16000000000001, 362.88, 1211.76, 1496.88], ["window"]]], "width": 5184, "height": 3456, "tags": []}