{"rects": [[[962.2800000000001, 388.8, 3794.0400000000004, 3178.44], ["window"]]], "width": 5184, "height": 3456, "tags": []}