{"rects": [[[90.72, 1085.4, 2702.1600000000003, 2951.6400000000003], ["window"]]], "width": 5184, "height": 3456, "tags": []}