{"rects": [[[1788.48, 1027.0800000000002, 3495.96, 2984.0400000000004], ["window"]], [[3363.1200000000003, 1065.96, 4953.96, 2997.0], ["window"]]], "width": 5184, "height": 3456, "tags": []}