{"rects": [[[923.4000000000001, 463.32000000000005, 4037.0400000000004, 3081.2400000000002], ["window"]]], "width": 5184, "height": 3456, "tags": []}