{"rects": [[[1419.1200000000001, 191.16000000000003, 4082.4, 3168.7200000000003], ["window"]]], "width": 5184, "height": 3456, "tags": []}