{"rects": [[[1367.2800000000002, 1091.88, 3735.7200000000003, 2951.6400000000003], ["window"]]], "width": 5184, "height": 3456, "tags": []}