{"rects": [[[920.1600000000001, 1098.3600000000001, 2161.08, 2585.52], ["window"]], [[3013.2000000000003, 463.32000000000005, 4464.72, 2183.76], ["window"]]], "width": 5184, "height": 3456, "tags": []}