{"rects": [[[220.32000000000002, 1091.88, 3321.0, 4079.1600000000003], ["window"]]], "width": 3456, "height": 5184, "tags": ["rot90"]}