{"rects": [[[1756.0800000000002, 741.96, 4416.12, 3350.1600000000003], ["window"]]], "width": 5184, "height": 3456, "tags": []}