{"rects": [[[1577.88, 946.08, 3606.1200000000003, 2812.32], ["window"]], [[3865.32, 1088.64, 5135.400000000001, 2365.2000000000003], ["window"]]], "width": 5184, "height": 3456, "tags": []}