{"rects": [[[1717.2, 298.08000000000004, 3645.0000000000005, 1820.88], ["window"]]], "width": 5184, "height": 3456, "tags": []}