{"rects": [[[1461.24, 803.5200000000001, 3800.5200000000004, 2984.0400000000004], ["window"]]], "width": 5184, "height": 3456, "tags": []}