{"rects": [[[511.92, 677.1600000000001, 4759.56, 2634.1200000000003], ["window"]]], "width": 5184, "height": 3456, "tags": []}