{"rects": [[[1519.5600000000002, 557.2800000000001, 4257.360000000001, 3165.48], ["window"]]], "width": 5184, "height": 3456, "tags": []}