{"rects": [[[822.96, 440.64000000000004, 5054.400000000001, 3000.2400000000002], ["window"]]], "width": 5184, "height": 3456, "tags": []}