{"rects": [[[1279.8000000000002, 129.60000000000002, 4869.72, 3359.88], ["window"]]], "width": 5184, "height": 3456, "tags": []}