{"rects": [[[722.5200000000001, 181.44, 4688.280000000001, 3456], ["window"]]], "width": 5184, "height": 3456, "tags": []}