{"rects": [[[385.56, 1001.1600000000001, 2673.0, 3184.92], ["window"]], [[2274.48, 1130.76, 4727.160000000001, 3385.8], ["window"]]], "width": 5184, "height": 3456, "tags": []}