{"rects": [[[1095.1200000000001, 12.96, 4860.0, 3324.2400000000002], ["window"]]], "width": 5184, "height": 3456, "tags": []}