{"rects": [[[1001.1600000000001, 281.88, 3716.28, 3314.5200000000004], ["window"]]], "width": 5184, "height": 3456, "tags": []}