{"rects": [[[2349.0, 955.8000000000001, 4963.68, 3188.1600000000003], ["window"]]], "width": 5184, "height": 3456, "tags": []}