{"rects": [[[903.96, 1833.8400000000001, 2896.5600000000004, 4393.4400000000005], ["window"]]], "width": 3456, "height": 5184, "tags": ["rot270"]}