{"rects": [[[738.72, 1334.88, 2507.76, 2899.8], ["window"]], [[3149.28, 1341.3600000000001, 4834.08, 2851.2000000000003], ["window"]]], "width": 5184, "height": 3456, "tags": []}