{"rects": [[[3155.76, 1315.44, 4766.04, 2232.36], ["window"]], [[1833.8400000000001, 2167.56, 3126.6000000000004, 3110.4], ["window"]], [[136.08, 2245.32, 1146.96, 3097.44], ["window"]]], "width": 5184, "height": 3456, "tags": []}