{"rects": [[[230.04000000000002, 978.48, 1982.88, 2877.1200000000003], ["window"]], [[1516.3200000000002, 2750.76, 3246.48, 4587.84], ["window"]]], "width": 3456, "height": 5184, "tags": ["rot270"]}