{"rects": [[[469.8, 207.36, 4850.280000000001, 3337.2000000000003], ["window"]]], "width": 5184, "height": 3456, "tags": []}