{"rects": [[[635.0400000000001, 93.96000000000001, 4837.320000000001, 3456], ["window"]]], "width": 5184, "height": 3456, "tags": []}