{"rects": [[[1069.2, 55.080000000000005, 3949.5600000000004, 3295.0800000000004], ["window"]]], "width": 5184, "height": 3456, "tags": []}