{"rects": [[[842.4000000000001, 353.16, 3129.84, 3278.88], ["window"]], [[2575.8, 615.6, 4863.240000000001, 3359.88], ["window"]]], "width": 5184, "height": 3456, "tags": []}