{"rects": [[[1351.0800000000002, 456.84000000000003, 4004.6400000000003, 3236.76], ["window"]]], "width": 5184, "height": 3456, "tags": []}