{"rects": [[[1607.0400000000002, 586.44, 4636.4400000000005, 3217.32], ["window"]]], "width": 5184, "height": 3456, "tags": []}