{"rects": [[[1179.3600000000001, 356.40000000000003, 4432.320000000001, 3389.0400000000004], ["window"]]], "width": 5184, "height": 3456, "tags": []}