{"rects": [[[1124.28, 1176.1200000000001, 2744.28, 2517.48], ["window"]], [[3113.6400000000003, 1470.96, 4730.400000000001, 3129.84], ["window"]]], "width": 5184, "height": 3456, "tags": []}