{"rects": [[[1389.96, 531.36, 3936.6000000000004, 2734.5600000000004], ["window"]]], "width": 5184, "height": 3456, "tags": []}