{"rects": [[[1062.72, 359.64000000000004, 4072.6800000000003, 3123.36], ["window"]]], "width": 5184, "height": 3456, "tags": []}