{"rects": [[[265.68, 414.72, 2669.76, 3411.7200000000003], ["window"]], [[2517.48, 560.52, 4983.12, 3308.0400000000004], ["window"]]], "width": 5184, "height": 3456, "tags": []}