{"rects": [[[2135.1600000000003, 1146.96, 3790.8, 2520.7200000000003], ["window"]]], "width": 5184, "height": 3456, "tags": []}