{"rects": [[[673.9200000000001, 178.20000000000002, 4889.160000000001, 3456], ["window"]]], "width": 5184, "height": 3456, "tags": []}