{"rects": [[[1743.1200000000001, 962.2800000000001, 4066.2000000000003, 2958.1200000000003], ["window"]], [[58.32000000000001, 1487.16, 1762.5600000000002, 3035.88], ["window"]]], "width": 5184, "height": 3456, "tags": []}