{"rects": [[[612.36, 200.88000000000002, 4228.200000000001, 3366.36], ["window"]]], "width": 5184, "height": 3456, "tags": []}