{"rects": [[[547.5600000000001, 74.52000000000001, 4153.68, 2611.44], ["window"]]], "width": 5184, "height": 3456, "tags": []}