{"rects": [[[1143.72, 197.64000000000001, 3771.36, 3256.2000000000003], ["window"]]], "width": 5184, "height": 3456, "tags": []}