{"rects": [[[149.04000000000002, 314.28000000000003, 4267.08, 3456], ["window"]]], "width": 5184, "height": 3456, "tags": []}