{"rects": [[[1111.3200000000002, 579.96, 2757.2400000000002, 2047.68], ["window"]], [[2582.28, 641.5200000000001, 4182.84, 2002.3200000000002], ["window"]]], "width": 5184, "height": 3456, "tags": []}