{"rects": [[[116.64000000000001, 349.92, 1895.4, 2187.0], ["window"]], [[3700.0800000000004, 1347.8400000000001, 4989.6, 2954.88], ["window"]]], "width": 5184, "height": 3456, "tags": []}