{"rects": [[[829.44, 340.20000000000005, 4610.52, 3282.1200000000003], ["window"]]], "width": 5184, "height": 3456, "tags": []}