{"rects": [[[1305.72, 968.7600000000001, 3424.6800000000003, 3048.84], ["window"]]], "width": 5184, "height": 3456, "tags": []}