{"rects": [[[2653.5600000000004, 1312.2, 4824.360000000001, 3269.1600000000003], ["window"]], [[664.2, 1820.88, 2293.92, 3210.84], ["window"]]], "width": 5184, "height": 3456, "tags": []}