{"rects": [[[2608.2000000000003, 615.6, 4762.8, 2715.1200000000003], ["window"]], [[761.4000000000001, 1176.1200000000001, 2815.5600000000004, 3249.7200000000003], ["window"]]], "width": 5184, "height": 3456, "tags": []}