{"rects": [[[42.120000000000005, 991.44, 4438.8, 3437.6400000000003], ["window"]]], "width": 5184, "height": 3456, "tags": []}