{"rects": [[[1467.72, 554.0400000000001, 4257.360000000001, 3353.4], ["window"]]], "width": 5184, "height": 3456, "tags": []}