{"rects": [[[997.9200000000001, 651.24, 2216.1600000000003, 1859.7600000000002], ["window"]], [[2089.8, 1001.1600000000001, 3949.5600000000004, 2520.7200000000003], ["window"]]], "width": 5184, "height": 3456, "tags": []}