{"rects": [[[369.36, 340.20000000000005, 2575.8, 2721.6000000000004], ["window"]], [[2115.7200000000003, 1010.8800000000001, 4082.4, 3207.6000000000004], ["window"]]], "width": 5184, "height": 3456, "tags": []}