{"rects": [[[926.6400000000001, 2083.32, 2417.04, 3395.5200000000004], ["window"]], [[2404.0800000000004, 897.48, 4017.6000000000004, 2187.0], ["window"]]], "width": 5184, "height": 3456, "tags": []}