{"rects": [[[255.96, 51.84, 4905.360000000001, 3207.6000000000004], ["window"]]], "width": 5184, "height": 3456, "tags": ["deleted"]}