{"rects": [[[579.96, 544.32, 2485.0800000000004, 2271.2400000000002], ["window"]], [[2530.44, 1571.4, 4597.56, 3353.4], ["window"]]], "width": 5184, "height": 3456, "tags": []}