{"rects": [[[868.32, 1192.3200000000002, 3450.6000000000004, 4131.0], ["window"]]], "width": 3456, "height": 5184, "tags": ["rot90"]}