{"rects": [[[767.88, 298.08000000000004, 3768.1200000000003, 3456], ["window"]]], "width": 5184, "height": 3456, "tags": []}