{"rects": [[[417.96000000000004, 252.72000000000003, 4727.160000000001, 2711.88], ["window"]]], "width": 5184, "height": 3456, "tags": []}