{"rects": [[[1441.8000000000002, 942.84, 4218.4800000000005, 3052.0800000000004], ["window"]], [[132.84, 1370.52, 1347.8400000000001, 2754.0], ["window"]]], "width": 5184, "height": 3456, "tags": []}