{"rects": [[[1075.68, 596.1600000000001, 4004.6400000000003, 2715.1200000000003], ["window"]]], "width": 5184, "height": 3456, "tags": []}