{"rects": [[[1001.1600000000001, 813.24, 2779.92, 2381.4], ["window"]], [[2381.4, 916.9200000000001, 4386.96, 2566.0800000000004], ["window"]]], "width": 5184, "height": 3456, "tags": []}