{"rects": [[[505.44000000000005, 233.28000000000003, 2663.28, 1364.0400000000002], ["window"]], [[2514.2400000000002, 1069.2, 4720.68, 2248.56], ["window"]]], "width": 5184, "height": 3456, "tags": []}