{"rects": [[[453.6, 622.08, 4309.200000000001, 3045.6000000000004], ["window"]]], "width": 5184, "height": 3456, "tags": []}