{"rects": [[[1467.72, 1156.68, 4147.200000000001, 3019.6800000000003], ["window"]]], "width": 5184, "height": 3456, "tags": []}