{"rects": [[[1062.72, 486.00000000000006, 4098.6, 3227.0400000000004], ["window"]]], "width": 5184, "height": 3456, "tags": []}