{"rects": [[[712.8000000000001, 84.24000000000001, 4898.88, 2653.5600000000004], ["window"]]], "width": 5184, "height": 3456, "tags": []}