{"rects": [[[1542.24, 664.2, 4189.320000000001, 3288.6000000000004], ["window"]]], "width": 5184, "height": 3456, "tags": []}