{"rects": [[[0, 0, 5184, 3456], ["window"]], [[774.36, 110.16000000000001, 3943.0800000000004, 2958.1200000000003], ["window"]]], "width": 5184, "height": 3456, "tags": []}