{"rects": [[[1140.48, 635.0400000000001, 4160.16, 3343.6800000000003], ["window"]]], "width": 5184, "height": 3456, "tags": []}