{"rects": [[[1859.7600000000002, 392.04, 3564.0000000000005, 2099.52], ["window"]], [[586.44, 1914.8400000000001, 1801.44, 3155.76], ["window"]], [[3544.5600000000004, 2063.88, 4710.96, 3045.6000000000004], ["window"]]], "width": 5184, "height": 3456, "tags": []}