{"rects": [[[1114.5600000000002, 61.56, 4455.0, 3162.2400000000002], ["window"]]], "width": 5184, "height": 3456, "tags": ["deleted"]}