{"rects": [[[375.84000000000003, 1127.52, 3291.84, 5012.280000000001], ["window"]]], "width": 3456, "height": 5184, "tags": ["rot270"]}