{"rects": [[[1885.68, 916.9200000000001, 2987.28, 1992.6000000000001], ["window"]], [[1908.3600000000001, 1976.4, 2941.92, 2984.0400000000004], ["window"]], [[3479.76, 2044.44, 4432.320000000001, 2974.32], ["window"]], [[1794.96, 100.44000000000001, 3058.5600000000004, 981.72], ["window"]], [[832.6800000000001, 1127.52, 1671.8400000000001, 2080.08], ["window"]]], "width": 5184, "height": 3456, "tags": []}