{"rects": [[[1108.0800000000002, 191.16000000000003, 4659.12, 3184.92], ["window"]]], "width": 5184, "height": 3456, "tags": ["deleted"]}