{"rects": [[[1448.2800000000002, 683.6400000000001, 4299.4800000000005, 3456], ["window"]]], "width": 5184, "height": 3456, "tags": []}