{"rects": [[[1308.96, 443.88000000000005, 4176.360000000001, 3223.8], ["window"]]], "width": 5184, "height": 3456, "tags": []}