{"rects": [[[774.36, 19.44, 3891.2400000000002, 3181.6800000000003], ["window"]]], "width": 5184, "height": 3456, "tags": []}