{"rects": [[[806.7600000000001, 502.20000000000005, 2948.4, 2501.28], ["window"]], [[2835.0, 618.84, 4746.6, 2504.52], ["window"]]], "width": 5184, "height": 3456, "tags": []}