{"rects": [[[1853.2800000000002, 764.6400000000001, 3816.7200000000003, 2122.2000000000003], ["window"]], [[184.68, 1824.1200000000001, 1555.2, 2880.36], ["window"]]], "width": 5184, "height": 3456, "tags": []}