{"rects": [[[1999.0800000000002, 787.32, 3100.6800000000003, 3171.96], ["window"]]], "width": 5184, "height": 3456, "tags": []}