{"rects": [[[1558.44, 447.12, 4163.400000000001, 3139.5600000000004], ["window"]]], "width": 5184, "height": 3456, "tags": ["deleted"]}