{"rects": [[[670.6800000000001, 278.64000000000004, 4714.200000000001, 2673.0], ["window"]]], "width": 5184, "height": 3456, "tags": []}