{"rects": [[[1671.8400000000001, 61.56, 3227.0400000000004, 3456], ["window"]], [[3243.2400000000002, 965.5200000000001, 5158.08, 2993.76], ["window"]]], "width": 5184, "height": 3456, "tags": []}