{"rects": [[[1509.8400000000001, 780.84, 4267.08, 3133.0800000000004], ["window"]]], "width": 5184, "height": 3456, "tags": []}