{"rects": [[[87.48, 1370.52, 1587.6000000000001, 2627.6400000000003], ["window"]], [[1419.1200000000001, 314.28000000000003, 3411.7200000000003, 1564.92], ["window"]]], "width": 5184, "height": 3456, "tags": []}