{"rects": [[[560.52, 2553.1200000000003, 2012.0400000000002, 3421.44], ["window"]], [[1863.0000000000002, 1263.6000000000001, 3188.1600000000003, 2021.7600000000002], ["window"]]], "width": 5184, "height": 3456, "tags": []}