{"rects": [[[845.6400000000001, 615.6, 4283.280000000001, 2426.76], ["window"]]], "width": 5184, "height": 3456, "tags": []}