{"rects": [[[923.4000000000001, 233.28000000000003, 4341.6, 3340.44], ["window"]]], "width": 5184, "height": 3456, "tags": []}