{"rects": [[[1104.8400000000001, 1179.3600000000001, 3197.88, 2818.8], ["window"]]], "width": 5184, "height": 3456, "tags": []}