{"rects": [[[1636.2, 359.64000000000004, 4231.4400000000005, 3016.44], ["window"]]], "width": 5184, "height": 3456, "tags": []}