{"rects": [[[994.6800000000001, 294.84000000000003, 4429.08, 3456], ["window"]]], "width": 5184, "height": 3456, "tags": []}