{"rects": [[[832.6800000000001, 498.96000000000004, 4215.240000000001, 3291.84], ["window"]]], "width": 5184, "height": 3456, "tags": []}