{"rects": [[[64.80000000000001, 84.24000000000001, 5093.280000000001, 3184.92], ["window"]]], "width": 5184, "height": 3456, "tags": []}