{"rects": [[[936.36, 2225.88, 2786.4, 4312.4400000000005], ["window"]], [[246.24, 74.52000000000001, 2219.4, 1992.6000000000001], ["window"]]], "width": 3456, "height": 5184, "tags": ["rot270"]}