{"rects": [[[392.04, 48.6, 1979.64, 1846.8000000000002], ["window"]], [[2397.6000000000004, 1545.48, 4176.360000000001, 3126.6000000000004], ["window"]]], "width": 5184, "height": 3456, "tags": []}