{"rects": [[[1927.8000000000002, 822.96, 4283.280000000001, 2954.88], ["window"]]], "width": 5184, "height": 3456, "tags": []}