{"rects": [[[2076.84, 680.4000000000001, 3437.6400000000003, 1901.88], ["window"]], [[968.7600000000001, 1749.6000000000001, 2232.36, 2987.28], ["window"]], [[0, 0, 5184, 3456], ["facade"]]], "width": 5184, "height": 3456, "tags": []}