{"rects": [[[1772.2800000000002, 1772.2800000000002, 3324.2400000000002, 3081.2400000000002], ["window"]], [[1911.6000000000001, 479.52000000000004, 3184.92, 1577.88], ["window"]]], "width": 5184, "height": 3456, "tags": []}