{"rects": [[[758.1600000000001, 505.44000000000005, 4348.08, 3456], ["window"]]], "width": 5184, "height": 3456, "tags": []}