{"rects": [[[959.0400000000001, 233.28000000000003, 5151.6, 3456], ["window"]]], "width": 5184, "height": 3456, "tags": []}