{"rects": [[[1091.88, 382.32000000000005, 4364.280000000001, 3249.7200000000003], ["window"]]], "width": 5184, "height": 3456, "tags": []}