{"rects": [[[1428.8400000000001, 1088.64, 4186.08, 3314.5200000000004], ["window"]]], "width": 5184, "height": 3456, "tags": []}