{"rects": [[[557.2800000000001, 158.76000000000002, 4591.08, 3123.36], ["window"]]], "width": 5184, "height": 3456, "tags": []}