{"rects": [[[1765.8000000000002, 819.72, 3690.36, 2634.1200000000003], ["window"]]], "width": 5184, "height": 3456, "tags": []}