{"rects": [[[395.28000000000003, 1001.1600000000001, 3456, 4707.72], ["window"]]], "width": 3456, "height": 5184, "tags": ["rot270"]}