{"rects": [[[2617.92, 848.8800000000001, 4707.72, 2789.6400000000003], ["window"]]], "width": 5184, "height": 3456, "tags": []}