{"rects": [[[657.72, 246.24, 4147.200000000001, 3450.6000000000004], ["window"]]], "width": 5184, "height": 3456, "tags": []}