{"rects": [[[1762.5600000000002, 259.20000000000005, 3926.88, 3243.2400000000002], ["window"]]], "width": 5184, "height": 3456, "tags": []}