{"rects": [[[1438.5600000000002, 324.0, 3972.2400000000002, 3275.6400000000003], ["window"]]], "width": 5184, "height": 3456, "tags": []}