{"rects": [[[1477.44, 437.40000000000003, 4364.280000000001, 3340.44], ["window"]]], "width": 5184, "height": 3456, "tags": []}