{"rects": [[[3084.48, 6.48, 5054.400000000001, 1296.0], ["window"]], [[3583.44, 1451.52, 5103.0, 2925.7200000000003], ["window"]], [[1574.64, 1227.96, 2899.8, 2394.36], ["window"]]], "width": 5184, "height": 3456, "tags": []}