{"rects": [[[586.44, 1250.64, 1746.3600000000001, 2196.7200000000003], ["window"]]], "width": 5184, "height": 3456, "tags": []}