{"rects": [[[100.44000000000001, 210.60000000000002, 3450.6000000000004, 3447.36], ["window"]]], "width": 3456, "height": 5184, "tags": ["rot270"]}