{"rects": [[[1419.1200000000001, 900.72, 3755.1600000000003, 3107.1600000000003], ["window"]]], "width": 5184, "height": 3456, "tags": []}