{"rects": [[[822.96, 690.12, 4380.4800000000005, 3094.2000000000003], ["window"]]], "width": 5184, "height": 3456, "tags": []}