{"rects": [[[1137.24, 171.72, 2822.04, 3032.6400000000003], ["window"]], [[2708.6400000000003, 382.32000000000005, 4322.16, 3191.4], ["window"]]], "width": 5184, "height": 3456, "tags": []}