{"rects": [[[965.5200000000001, 255.96, 4766.04, 3314.5200000000004], ["window"]]], "width": 5184, "height": 3456, "tags": []}