{"rects": [[[916.9200000000001, 294.84000000000003, 4523.04, 3094.2000000000003], ["window"]]], "width": 5184, "height": 3456, "tags": []}