{"rects": [[[1195.5600000000002, 1078.92, 4075.92, 2345.76], ["window"]], [[1227.96, 2225.88, 4017.6000000000004, 3456], ["window"]]], "width": 5184, "height": 3456, "tags": []}