{"rects": [[[1626.48, 628.5600000000001, 3748.6800000000003, 2705.4], ["window"]]], "width": 5184, "height": 3456, "tags": []}