{"rects": [[[1623.24, 1023.84, 3900.96, 2890.0800000000004], ["window"]], [[6.48, 1017.36, 1166.4, 2838.2400000000002], ["window"]]], "width": 5184, "height": 3456, "tags": []}