{"rects": [[[955.8000000000001, 573.48, 2925.7200000000003, 2404.0800000000004], ["window"]], [[2507.76, 683.6400000000001, 4403.16, 2511.0], ["window"]]], "width": 5184, "height": 3456, "tags": []}