{"rects": [[[450.36, 486.00000000000006, 5164.56, 3301.5600000000004], ["window"]]], "width": 5184, "height": 3456, "tags": []}