{"rects": [[[1956.96, 939.6, 3298.32, 2300.4], ["window"]], [[2909.52, 1937.5200000000002, 4516.56, 3343.6800000000003], ["window"]]], "width": 5184, "height": 3456, "tags": []}