{"rects": [[[648.0, 230.04000000000002, 4727.160000000001, 3389.0400000000004], ["window"]]], "width": 5184, "height": 3456, "tags": []}