{"rects": [[[1652.4, 865.08, 3288.6000000000004, 2770.2000000000003], ["window"]]], "width": 5184, "height": 3456, "tags": []}