{"rects": [[[1590.8400000000001, 1260.3600000000001, 3071.52, 2342.52], ["window"]]], "width": 5184, "height": 3456, "tags": []}