{"rects": [[[1059.48, 489.24, 4037.0400000000004, 3301.5600000000004], ["window"]]], "width": 5184, "height": 3456, "tags": []}