{"rects": [[[466.56000000000006, 372.6, 4869.72, 3314.5200000000004], ["window"]]], "width": 5184, "height": 3456, "tags": []}