{"rects": [[[119.88000000000001, 839.1600000000001, 2844.7200000000003, 3353.4], ["window"]]], "width": 5184, "height": 3456, "tags": []}