{"rects": [[[670.6800000000001, 1260.3600000000001, 4646.16, 2857.6800000000003], ["window"]]], "width": 5184, "height": 3456, "tags": []}