{"rects": [[[1027.0800000000002, 336.96000000000004, 4228.200000000001, 3220.5600000000004], ["window"]]], "width": 5184, "height": 3456, "tags": []}