{"rects": [[[1357.5600000000002, 405.0, 2815.5600000000004, 1445.0400000000002], ["window"]], [[2517.48, 1607.0400000000002, 4027.32, 3022.92], ["window"]], [[0, 0, 5184, 3456], ["facade"]]], "width": 5184, "height": 3456, "tags": []}