{"rects": [[[1490.4, 502.20000000000005, 3842.6400000000003, 3214.0800000000004], ["window"]]], "width": 5184, "height": 3456, "tags": []}