{"rects": [[[434.16, 1532.5200000000002, 3343.6800000000003, 4098.6], ["window"]]], "width": 3456, "height": 5184, "tags": ["rot270"]}