{"rects": [[[1879.2, 1004.4000000000001, 3317.76, 2284.2000000000003], ["window"]]], "width": 5184, "height": 3456, "tags": []}