{"rects": [[[1422.3600000000001, 991.44, 3800.5200000000004, 3249.7200000000003], ["window"]]], "width": 5184, "height": 3456, "tags": []}