{"rects": [[[933.1200000000001, 275.40000000000003, 3473.28, 2896.5600000000004], ["window"]]], "width": 5184, "height": 3456, "tags": []}