{"rects": [[[997.9200000000001, 635.0400000000001, 4192.56, 3168.7200000000003], ["window"]]], "width": 5184, "height": 3456, "tags": []}