{"rects": [[[424.44000000000005, 233.28000000000003, 5005.8, 3453.84], ["window"]]], "width": 5184, "height": 3456, "tags": []}