{"rects": [[[1396.44, 1419.1200000000001, 2916.0, 3113.6400000000003], ["window"]], [[2660.04, 1717.2, 4004.6400000000003, 3304.8], ["window"]]], "width": 5184, "height": 3456, "tags": []}