{"rects": [[[576.72, 975.24, 2472.1200000000003, 2828.52], ["window"]], [[2410.56, 1380.24, 3713.0400000000004, 2624.4], ["window"]], [[3657.96, 1367.2800000000002, 5080.320000000001, 2835.0], ["window"]]], "width": 5184, "height": 3456, "tags": []}