{"rects": [[[1613.5200000000002, 677.1600000000001, 3949.5600000000004, 3227.0400000000004], ["window"]]], "width": 5184, "height": 3456, "tags": []}