{"rects": [[[1620.0, 583.2, 3431.1600000000003, 3337.2000000000003], ["window"]]], "width": 5184, "height": 3456, "tags": []}