{"rects": [[[1010.8800000000001, 505.44000000000005, 4921.56, 3440.88], ["window"]]], "width": 5184, "height": 3456, "tags": []}