{"rects": [[[1224.72, 628.5600000000001, 4568.400000000001, 2997.0], ["window"]]], "width": 5184, "height": 3456, "tags": []}