{"rects": [[[1804.68, 489.24, 3677.4, 3301.5600000000004], ["window"]], [[3450.6000000000004, 670.6800000000001, 5145.12, 3346.92], ["window"]]], "width": 5184, "height": 3456, "tags": []}