{"rects": [[[119.88000000000001, 761.4000000000001, 2728.0800000000004, 3275.6400000000003], ["window"]], [[2141.6400000000003, 644.76, 4937.76, 3184.92], ["window"]]], "width": 5184, "height": 3456, "tags": []}