{"rects": [[[1584.3600000000001, 858.6, 2990.52, 2507.76], ["window"]], [[2883.6000000000004, 810.0, 4422.6, 2540.1600000000003], ["window"]]], "width": 5184, "height": 3456, "tags": []}