{"rects": [[[800.2800000000001, 149.04000000000002, 4182.84, 3295.0800000000004], ["window"]]], "width": 5184, "height": 3456, "tags": []}