{"rects": [[[275.40000000000003, 356.40000000000003, 3456, 4568.400000000001], ["window"]]], "width": 3456, "height": 5184, "tags": ["rot270"]}