{"rects": [[[1202.0400000000002, 515.1600000000001, 3965.76, 3029.4], ["window"]]], "width": 5184, "height": 3456, "tags": []}