{"rects": [[[2404.0800000000004, 923.4000000000001, 3586.6800000000003, 2109.2400000000002], ["window"]], [[586.44, 1360.8000000000002, 1590.8400000000001, 2384.6400000000003], ["window"]]], "width": 5184, "height": 3456, "tags": []}