{"rects": [[[1111.3200000000002, 599.4000000000001, 4124.52, 3456], ["window"]]], "width": 5184, "height": 3456, "tags": []}