{"rects": [[[1438.5600000000002, 933.1200000000001, 3632.0400000000004, 2617.92], ["window"]]], "width": 5184, "height": 3456, "tags": []}