{"rects": [[[2501.28, 1030.3200000000002, 4053.2400000000002, 2903.04], ["window"]]], "width": 5184, "height": 3456, "tags": []}