{"rects": [[[1441.8000000000002, 609.12, 4085.6400000000003, 3201.1200000000003], ["window"]]], "width": 5184, "height": 3456, "tags": []}