{"rects": [[[136.08, 1010.8800000000001, 3016.44, 5161.320000000001], ["window"]]], "width": 3456, "height": 5184, "tags": ["rot270"]}