{"rects": [[[1098.3600000000001, 926.6400000000001, 2345.76, 1969.92], ["window"]], [[3337.2000000000003, 2459.1600000000003, 4299.4800000000005, 3398.76], ["window"]]], "width": 5184, "height": 3456, "tags": []}