{"rects": [[[1409.4, 304.56, 4056.4800000000005, 3087.7200000000003], ["window"]]], "width": 5184, "height": 3456, "tags": []}