{"rects": [[[761.4000000000001, 346.68, 3369.6000000000004, 2990.52], ["window"]], [[3330.7200000000003, 946.08, 5106.240000000001, 3204.36], ["window"]]], "width": 5184, "height": 3456, "tags": []}