{"rects": [[[1522.8000000000002, 797.0400000000001, 3586.6800000000003, 2371.6800000000003], ["window"]], [[1639.44, 2271.2400000000002, 3544.5600000000004, 3456], ["window"]]], "width": 5184, "height": 3456, "tags": []}