{"rects": [[[1036.8000000000002, 965.5200000000001, 3288.6000000000004, 4668.84], ["window"]]], "width": 3456, "height": 5184, "tags": ["rot90"]}