{"rects": [[[648.0, 375.84000000000003, 2099.52, 1409.4], ["window"]], [[2945.1600000000003, 1986.1200000000001, 4299.4800000000005, 2977.5600000000004], ["window"]], [[0, 0, 5184, 3456], ["facade"]]], "width": 5184, "height": 3456, "tags": []}