{"rects": [[[1351.0800000000002, 703.08, 3920.4, 3363.1200000000003], ["window"]]], "width": 5184, "height": 3456, "tags": []}