{"rects": [[[946.08, 116.64000000000001, 4581.360000000001, 3453.84], ["window"]]], "width": 5184, "height": 3456, "tags": []}