{"rects": [[[1030.3200000000002, 343.44, 4691.52, 3363.1200000000003], ["window"]]], "width": 5184, "height": 3456, "tags": []}