{"rects": [[[764.6400000000001, 515.1600000000001, 4526.280000000001, 3214.0800000000004], ["window"]]], "width": 5184, "height": 3456, "tags": []}