{"rects": [[[64.80000000000001, 194.4, 4999.320000000001, 3456], ["window"]]], "width": 5184, "height": 3456, "tags": []}