{"rects": [[[1519.5600000000002, 722.5200000000001, 3638.5200000000004, 3120.1200000000003], ["window"]]], "width": 5184, "height": 3456, "tags": []}