{"rects": [[[842.4000000000001, 1257.1200000000001, 2151.36, 2371.6800000000003], ["window"]], [[2980.8, 936.36, 4302.72, 2063.88], ["window"]]], "width": 5184, "height": 3456, "tags": []}