{"rects": [[[1234.44, 356.40000000000003, 3849.1200000000003, 3317.76], ["window"]]], "width": 5184, "height": 3456, "tags": []}