{"rects": [[[1425.6000000000001, 362.88, 3969.0000000000005, 3456], ["window"]]], "width": 5184, "height": 3456, "tags": []}