{"rects": [[[822.96, 116.64000000000001, 3194.6400000000003, 2374.92], ["window"]]], "width": 5184, "height": 3456, "tags": []}