{"rects": [[[758.1600000000001, 719.2800000000001, 2841.48, 4827.6], ["window"]]], "width": 3456, "height": 5184, "tags": ["rot270"]}