{"rects": [[[288.36, 1607.0400000000002, 2125.44, 3333.96], ["window"]], [[1587.6000000000001, 664.2, 3246.48, 1519.5600000000002], ["window"]]], "width": 3456, "height": 5184, "tags": ["rot270"]}