{"rects": [[[1866.2400000000002, 434.16, 3440.88, 1658.88], ["window"]], [[1944.0000000000002, 1613.5200000000002, 3567.2400000000002, 3052.0800000000004], ["window"]], [[3168.7200000000003, 660.96, 4970.160000000001, 2708.6400000000003], ["window"]]], "width": 5184, "height": 3456, "tags": []}