{"rects": [[[1224.72, 842.4000000000001, 3722.76, 3220.5600000000004], ["window"]]], "width": 5184, "height": 3456, "tags": []}