{"rects": [[[1108.0800000000002, 168.48000000000002, 4642.92, 3026.1600000000003], ["window"]]], "width": 5184, "height": 3456, "tags": []}