{"rects": [[[356.40000000000003, 55.080000000000005, 4996.08, 3456], ["window"]]], "width": 5184, "height": 3456, "tags": ["deleted"]}