{"rects": [[[518.4000000000001, 424.44000000000005, 4788.72, 3214.0800000000004], ["window"]]], "width": 5184, "height": 3456, "tags": []}