{"rects": [[[1007.6400000000001, 324.0, 4108.320000000001, 3042.36], ["window"]]], "width": 5184, "height": 3456, "tags": []}