{"rects": [[[670.6800000000001, 12.96, 3735.7200000000003, 3019.6800000000003], ["window"]]], "width": 5184, "height": 3456, "tags": []}