{"rects": [[[210.60000000000002, 489.24, 5174.280000000001, 3456], ["window"]]], "width": 5184, "height": 3456, "tags": []}