{"rects": [[[278.64000000000004, 651.24, 1888.92, 2465.6400000000003], ["window"]], [[3376.0800000000004, 1516.3200000000002, 4698.0, 3197.88], ["window"]]], "width": 5184, "height": 3456, "tags": []}