{"rects": [[[1292.76, 797.0400000000001, 3981.96, 3314.5200000000004], ["window"]]], "width": 5184, "height": 3456, "tags": []}