{"rects": [[[683.6400000000001, 16.200000000000003, 4753.08, 3456], ["window"]]], "width": 5184, "height": 3456, "tags": []}