{"rects": [[[197.64000000000001, 897.48, 3081.2400000000002, 4869.72], ["window"]]], "width": 3456, "height": 5184, "tags": ["rot270"]}