{"rects": [[[1033.5600000000002, 498.96000000000004, 4241.16, 3456], ["window"]]], "width": 5184, "height": 3456, "tags": []}