{"rects": [[[874.8000000000001, 826.2, 4195.8, 3126.6000000000004], ["window"]]], "width": 5184, "height": 3456, "tags": []}