{"rects": [[[255.96, 929.8800000000001, 2349.0, 2329.56], ["window"]], [[2776.6800000000003, 1098.3600000000001, 4979.88, 2511.0], ["window"]], [[0, 0, 5184, 3456], ["facade"]]], "width": 5184, "height": 3456, "tags": []}