{"rects": [[[994.6800000000001, 434.16, 3839.4, 3324.2400000000002], ["window"]]], "width": 5184, "height": 3456, "tags": []}