{"rects": [[[2131.92, 1198.8000000000002, 3476.5200000000004, 2637.36], ["window"]], [[0, 0, 5184, 3456], ["facade"]]], "width": 5184, "height": 3456, "tags": []}