{"rects": [[[544.32, 537.84, 4905.360000000001, 3139.5600000000004], ["window"]]], "width": 5184, "height": 3456, "tags": []}