{"rects": [[[1969.92, 1059.48, 3146.0400000000004, 2135.1600000000003], ["window"]]], "width": 5184, "height": 3456, "tags": []}