{"rects": [[[615.6, 401.76000000000005, 2886.84, 2702.1600000000003], ["window"]]], "width": 3456, "height": 5184, "tags": ["rot270"]}