{"rects": [[[518.4000000000001, 648.0, 1830.6000000000001, 1853.2800000000002], ["window"]], [[3330.7200000000003, 1927.8000000000002, 4788.72, 3016.44], ["window"]]], "width": 5184, "height": 3456, "tags": []}