{"rects": [[[787.32, 677.1600000000001, 4529.52, 3113.6400000000003], ["window"]]], "width": 5184, "height": 3456, "tags": []}