{"rects": [[[398.52000000000004, 197.64000000000001, 4782.240000000001, 3291.84], ["window"]]], "width": 5184, "height": 3456, "tags": []}