{"rects": [[[336.96000000000004, 162.0, 1788.48, 1645.92], ["window"]], [[3272.4, 1665.3600000000001, 4804.92, 3159.0], ["window"]], [[0, 0, 5184, 3456], ["facade"]]], "width": 5184, "height": 3456, "tags": []}