{"rects": [[[456.84000000000003, 670.6800000000001, 4698.0, 3288.6000000000004], ["window"]]], "width": 5184, "height": 3456, "tags": []}