{"rects": [[[463.32000000000005, 129.60000000000002, 4720.68, 3129.84], ["window"]]], "width": 5184, "height": 3456, "tags": []}