{"rects": [[[609.12, 84.24000000000001, 4623.4800000000005, 3456], ["window"]]], "width": 5184, "height": 3456, "tags": []}