{"rects": [[[1561.68, 832.6800000000001, 3677.4, 2459.1600000000003], ["window"]]], "width": 5184, "height": 3456, "tags": []}