{"rects": [[[1007.6400000000001, 327.24, 4458.240000000001, 3110.4], ["window"]]], "width": 5184, "height": 3456, "tags": []}