{"rects": [[[1292.76, 923.4000000000001, 3580.2000000000003, 3204.36], ["window"]]], "width": 5184, "height": 3456, "tags": []}