{"rects": [[[359.64000000000004, 87.48, 4678.56, 3120.1200000000003], ["window"]]], "width": 5184, "height": 3456, "tags": []}