{"rects": [[[1610.2800000000002, 576.72, 3515.4, 1969.92], ["window"]], [[1688.0400000000002, 1840.3200000000002, 3661.2000000000003, 3291.84], ["window"]]], "width": 5184, "height": 3456, "tags": []}