{"rects": [[[784.08, 635.0400000000001, 3039.1200000000003, 3032.6400000000003], ["window"]], [[2666.52, 767.88, 4263.84, 2799.36], ["window"]]], "width": 5184, "height": 3456, "tags": []}