{"rects": [[[1198.8000000000002, 1046.52, 2776.6800000000003, 2462.4], ["window"]]], "width": 5184, "height": 3456, "tags": []}