{"rects": [[[473.04, 793.8000000000001, 4617.0, 3052.0800000000004], ["window"]]], "width": 5184, "height": 3456, "tags": []}