{"rects": [[[142.56, 1036.8000000000002, 3456, 4701.240000000001], ["window"]]], "width": 3456, "height": 5184, "tags": ["rot270"]}