{"rects": [[[719.2800000000001, 920.1600000000001, 4772.52, 3000.2400000000002], ["window"]]], "width": 5184, "height": 3456, "tags": []}