{"rects": [[[1007.6400000000001, 596.1600000000001, 3959.28, 3126.6000000000004], ["window"]]], "width": 5184, "height": 3456, "tags": []}