{"rects": [[[272.16, 628.5600000000001, 3456, 4798.4400000000005], ["window"]]], "width": 3456, "height": 5184, "tags": ["rot270"]}