{"rects": [[[2012.0400000000002, 975.24, 3139.5600000000004, 2400.84], ["window"]], [[3217.32, 1179.3600000000001, 4879.4400000000005, 2922.48], ["window"]]], "width": 5184, "height": 3456, "tags": []}