{"rects": [[[1739.88, 518.4000000000001, 3771.36, 3009.96], ["window"]], [[3223.8, 508.68, 5180.76, 2932.2000000000003], ["window"]]], "width": 5184, "height": 3456, "tags": []}