{"rects": [[[1594.0800000000002, 1412.64, 2786.4, 2462.4], ["window"]], [[1675.0800000000002, 2647.0800000000004, 2666.52, 3576.96], ["window"]], [[887.7600000000001, 686.88, 1752.8400000000001, 1691.2800000000002], ["window"]], [[0, 0, 3456, 5184], ["facade"]]], "width": 3456, "height": 5184, "tags": ["rot270"]}