{"rects": [[[1480.68, 735.48, 3794.0400000000004, 2945.1600000000003], ["window"]]], "width": 5184, "height": 3456, "tags": []}