{"rects": [[[1344.6000000000001, 1432.0800000000002, 3026.1600000000003, 2864.1600000000003], ["window"]]], "width": 5184, "height": 3456, "tags": []}