{"rects": [[[1697.7600000000002, 673.9200000000001, 3372.84, 3369.6000000000004], ["window"]]], "width": 5184, "height": 3456, "tags": []}