{"rects": [[[1134.0, 965.5200000000001, 3502.44, 3133.0800000000004], ["window"]], [[3440.88, 1490.4, 4519.8, 2475.36], ["window"]]], "width": 5184, "height": 3456, "tags": []}