{"rects": [[[1166.4, 758.1600000000001, 3975.4800000000005, 3269.1600000000003], ["window"]]], "width": 5184, "height": 3456, "tags": []}