{"rects": [[[579.96, 910.44, 2588.76, 2643.84], ["window"]], [[1360.8000000000002, 2805.84, 3418.2000000000003, 5018.76], ["window"]]], "width": 3456, "height": 5184, "tags": ["rot270"]}