{"rects": [[[1104.8400000000001, 239.76000000000002, 3994.92, 3100.6800000000003], ["window"]]], "width": 5184, "height": 3456, "tags": []}