{"rects": [[[1104.8400000000001, 103.68, 4273.56, 3220.5600000000004], ["window"]]], "width": 5184, "height": 3456, "tags": []}