{"rects": [[[359.64000000000004, 136.08, 4698.0, 3045.6000000000004], ["window"]]], "width": 5184, "height": 3456, "tags": []}