{"rects": [[[1279.8000000000002, 1078.92, 3343.6800000000003, 3052.0800000000004], ["window"]], [[3392.28, 1260.3600000000001, 5031.72, 3304.8], ["window"]]], "width": 5184, "height": 3456, "tags": []}