{"rects": [[[1218.24, 800.2800000000001, 3832.92, 2984.0400000000004], ["window"]]], "width": 5184, "height": 3456, "tags": []}