{"rects": [[[1221.48, 268.92, 4377.240000000001, 3418.2000000000003], ["window"]]], "width": 5184, "height": 3456, "tags": []}