{"rects": [[[1694.5200000000002, 586.44, 3573.7200000000003, 3246.48], ["window"]]], "width": 5184, "height": 3456, "tags": []}