{"rects": [[[670.6800000000001, 168.48000000000002, 3269.1600000000003, 3956.0400000000004], ["window"]]], "width": 3456, "height": 5184, "tags": ["rot90"]}