{"rects": [[[1007.6400000000001, 797.0400000000001, 4101.84, 3223.8], ["window"]]], "width": 5184, "height": 3456, "tags": []}