{"rects": [[[294.84000000000003, 136.08, 2692.44, 3291.84], ["window"]], [[2426.76, 174.96, 5041.4400000000005, 3314.5200000000004], ["window"]]], "width": 5184, "height": 3456, "tags": []}