{"rects": [[[913.6800000000001, 142.56, 4649.400000000001, 3291.84], ["window"]]], "width": 5184, "height": 3456, "tags": []}