{"rects": [[[2805.84, 738.72, 4824.360000000001, 2316.6000000000004], ["window"]]], "width": 5184, "height": 3456, "tags": []}