{"rects": [[[955.8000000000001, 252.72000000000003, 4406.400000000001, 3278.88], ["window"]]], "width": 5184, "height": 3456, "tags": []}