{"rects": [[[2391.1200000000003, 518.4000000000001, 5070.6, 3168.7200000000003], ["window"]], [[392.04, 654.48, 2475.36, 2903.04], ["window"]]], "width": 5184, "height": 3456, "tags": []}