{"rects": [[[1979.64, 1474.2, 3175.2000000000003, 2488.32], ["window"]], [[3654.7200000000003, 2378.1600000000003, 4898.88, 3275.6400000000003], ["window"]]], "width": 5184, "height": 3456, "tags": []}