{"rects": [[[1428.8400000000001, 145.8, 4419.360000000001, 3343.6800000000003], ["window"]]], "width": 5184, "height": 3456, "tags": []}