{"rects": [[[0, 0, 5184, 3456], ["window"]], [[1373.76, 392.04, 3897.7200000000003, 2708.6400000000003], ["window"]]], "width": 5184, "height": 3456, "tags": []}