{"rects": [[[1117.8000000000002, 923.4000000000001, 2698.92, 1888.92], ["window"]], [[2575.8, 1610.2800000000002, 4299.4800000000005, 2543.4], ["window"]]], "width": 5184, "height": 3456, "tags": []}