{"rects": [[[884.5200000000001, 628.5600000000001, 4795.200000000001, 1960.2], ["window"]]], "width": 5184, "height": 3456, "tags": []}