{"rects": [[[1454.76, 463.32000000000005, 4043.5200000000004, 2734.5600000000004], ["window"]]], "width": 5184, "height": 3456, "tags": []}