{"rects": [[[353.16, 197.64000000000001, 1675.0800000000002, 2021.7600000000002], ["window"]], [[1493.64, 2397.6000000000004, 2802.6000000000004, 3528.36], ["window"]]], "width": 3456, "height": 5184, "tags": ["rot270"]}