{"rects": [[[476.28000000000003, 1095.1200000000001, 3453.84, 3832.92], ["window"]]], "width": 3456, "height": 5184, "tags": ["rot90"]}