{"rects": [[[249.48000000000002, 810.0, 2494.8, 3184.92], ["window"]], [[2838.2400000000002, 1101.6000000000001, 4953.96, 3291.84], ["window"]]], "width": 5184, "height": 3456, "tags": []}