{"rects": [[[1441.8000000000002, 100.44000000000001, 3978.7200000000003, 3456], ["window"]]], "width": 5184, "height": 3456, "tags": []}