{"rects": [[[93.96000000000001, 421.20000000000005, 3456, 4490.64], ["window"]]], "width": 3456, "height": 5184, "tags": ["rot90"]}