{"rects": [[[554.0400000000001, 311.04, 4001.4, 2938.6800000000003], ["window"]]], "width": 5184, "height": 3456, "tags": []}