{"rects": [[[440.64000000000004, 74.52000000000001, 4493.88, 3414.96], ["window"]]], "width": 5184, "height": 3456, "tags": []}