{"rects": [[[806.7600000000001, 68.04, 4445.280000000001, 3236.76], ["window"]]], "width": 5184, "height": 3456, "tags": []}