{"rects": [[[1302.48, 298.08000000000004, 3875.0400000000004, 2818.8], ["window"]]], "width": 5184, "height": 3456, "tags": []}