{"rects": [[[1645.92, 913.6800000000001, 4066.2000000000003, 3272.4], ["window"]]], "width": 5184, "height": 3456, "tags": []}