{"rects": [[[1059.48, 1726.92, 2705.4, 3139.5600000000004], ["window"]], [[2604.96, 1895.4, 4075.92, 3324.2400000000002], ["window"]], [[2536.92, 586.44, 4163.400000000001, 1872.72], ["window"]]], "width": 5184, "height": 3456, "tags": []}