{"rects": [[[1260.3600000000001, 311.04, 4636.4400000000005, 3136.32], ["window"]]], "width": 5184, "height": 3456, "tags": []}