{"rects": [[[884.5200000000001, 845.6400000000001, 2964.6000000000004, 2630.88], ["window"]]], "width": 5184, "height": 3456, "tags": []}