{"rects": [[[336.96000000000004, 58.32000000000001, 4662.360000000001, 3113.6400000000003], ["window"]]], "width": 5184, "height": 3456, "tags": []}