{"rects": [[[959.0400000000001, 453.6, 4150.4400000000005, 3444.1200000000003], ["window"]], [[22.68, 1736.64, 1137.24, 2925.7200000000003], ["window"]]], "width": 5184, "height": 3456, "tags": []}