{"rects": [[[716.0400000000001, 903.96, 3544.5600000000004, 2637.36], ["window"]]], "width": 5184, "height": 3456, "tags": []}