{"rects": [[[1393.2, 25.92, 4121.280000000001, 3295.0800000000004], ["window"]]], "width": 5184, "height": 3456, "tags": []}