{"rects": [[[602.64, 424.44000000000005, 4578.12, 3214.0800000000004], ["window"]]], "width": 5184, "height": 3456, "tags": ["deleted"]}