{"rects": [[[910.44, 797.0400000000001, 2899.8, 3129.84], ["window"]], [[2786.4, 865.08, 4860.0, 3045.6000000000004], ["window"]]], "width": 5184, "height": 3456, "tags": []}