{"rects": [[[822.96, 210.60000000000002, 4539.240000000001, 3090.96], ["window"]]], "width": 5184, "height": 3456, "tags": []}