{"rects": [[[767.88, 191.16000000000003, 4526.280000000001, 3456], ["window"]]], "width": 5184, "height": 3456, "tags": []}