{"rects": [[[1153.44, 596.1600000000001, 4902.12, 3000.2400000000002], ["window"]]], "width": 5184, "height": 3456, "tags": []}