{"rects": [[[1438.5600000000002, 356.40000000000003, 3842.6400000000003, 2647.0800000000004], ["window"]]], "width": 5184, "height": 3456, "tags": []}