{"rects": [[[505.44000000000005, 158.76000000000002, 4782.240000000001, 3402.0], ["window"]]], "width": 5184, "height": 3456, "tags": []}