{"rects": [[[1208.52, 589.6800000000001, 3787.5600000000004, 3087.7200000000003], ["window"]]], "width": 5184, "height": 3456, "tags": []}