{"rects": [[[531.36, 191.16000000000003, 4740.12, 3356.6400000000003], ["window"]]], "width": 5184, "height": 3456, "tags": []}