{"rects": [[[1717.2, 887.7600000000001, 3573.7200000000003, 2384.6400000000003], ["window"]]], "width": 5184, "height": 3456, "tags": []}