{"rects": [[[1036.8000000000002, 217.08, 4166.64, 3269.1600000000003], ["window"]]], "width": 5184, "height": 3456, "tags": []}