{"rects": [[[784.08, 1127.52, 2368.44, 2773.44], ["window"]], [[2306.88, 1195.5600000000002, 3726.0000000000005, 2721.6000000000004], ["window"]]], "width": 5184, "height": 3456, "tags": []}