{"rects": [[[1046.52, 294.84000000000003, 4173.12, 3162.2400000000002], ["window"]]], "width": 5184, "height": 3456, "tags": []}