{"rects": [[[486.00000000000006, 372.6, 4626.72, 3214.0800000000004], ["window"]]], "width": 5184, "height": 3456, "tags": []}