{"rects": [[[1675.0800000000002, 793.8000000000001, 3748.6800000000003, 2916.0], ["window"]]], "width": 5184, "height": 3456, "tags": []}