{"rects": [[[955.8000000000001, 298.08000000000004, 4442.04, 3431.1600000000003], ["window"]]], "width": 5184, "height": 3456, "tags": []}