{"rects": [[[1156.68, 631.8000000000001, 4017.6000000000004, 3201.1200000000003], ["window"]]], "width": 5184, "height": 3456, "tags": []}