{"rects": [[[1629.72, 683.6400000000001, 4367.52, 3139.5600000000004], ["window"]]], "width": 5184, "height": 3456, "tags": []}