{"rects": [[[1720.44, 1380.24, 4312.4400000000005, 3094.2000000000003], ["window"]]], "width": 5184, "height": 3456, "tags": []}