{"rects": [[[1584.3600000000001, 132.84, 4066.2000000000003, 3142.8], ["window"]]], "width": 5184, "height": 3456, "tags": []}