{"rects": [[[1500.1200000000001, 719.2800000000001, 2890.0800000000004, 1856.5200000000002], ["window"]], [[3356.6400000000003, 1905.1200000000001, 4380.4800000000005, 2974.32], ["window"]]], "width": 5184, "height": 3456, "tags": []}