{"rects": [[[975.24, 187.92000000000002, 4406.400000000001, 3369.6000000000004], ["window"]]], "width": 5184, "height": 3456, "tags": []}