{"rects": [[[826.2, 116.64000000000001, 4169.88, 3249.7200000000003], ["window"]]], "width": 5184, "height": 3456, "tags": []}