{"rects": [[[868.32, 424.44000000000005, 4461.4800000000005, 2841.48], ["window"]]], "width": 5184, "height": 3456, "tags": []}