{"rects": [[[631.8000000000001, 84.24000000000001, 4610.52, 2984.0400000000004], ["window"]]], "width": 5184, "height": 3456, "tags": []}