{"rects": [[[933.1200000000001, 110.16000000000001, 3402.0, 2138.4], ["window"]]], "width": 5184, "height": 3456, "tags": []}