{"rects": [[[0, 437.40000000000003, 4121.280000000001, 3456], ["window"]]], "width": 5184, "height": 3456, "tags": []}