{"rects": [[[1065.96, 835.9200000000001, 4328.64, 3210.84], ["window"]], [[2536.92, 1794.96, 2890.0800000000004, 2096.28], ["private"]]], "width": 5184, "height": 3456, "tags": []}