{"rects": [[[333.72, 398.52000000000004, 3356.6400000000003, 3551.0400000000004], ["window"]]], "width": 3456, "height": 5184, "tags": ["rot270"]}