{"rects": [[[599.4000000000001, 291.6, 4273.56, 3214.0800000000004], ["window"]]], "width": 5184, "height": 3456, "tags": []}