{"rects": [[[1250.64, 1292.76, 3178.44, 2948.4], ["window"]], [[3732.4800000000005, 1283.0400000000002, 5112.72, 2527.2000000000003], ["window"]]], "width": 5184, "height": 3456, "tags": []}