{"rects": [[[6.48, 1169.64, 1866.2400000000002, 2721.6000000000004], ["window"]], [[1613.5200000000002, 1334.88, 3249.7200000000003, 3337.2000000000003], ["window"]]], "width": 5184, "height": 3456, "tags": []}