{"rects": [[[615.6, 482.76000000000005, 4999.320000000001, 3359.88], ["window"]]], "width": 5184, "height": 3456, "tags": []}