{"rects": [[[1564.92, 761.4000000000001, 3547.8, 2553.1200000000003], ["window"]], [[3508.92, 978.48, 5138.64, 2504.52], ["window"]]], "width": 5184, "height": 3456, "tags": []}