{"rects": [[[1253.88, 806.7600000000001, 3836.1600000000003, 3376.0800000000004], ["window"]]], "width": 5184, "height": 3456, "tags": []}