{"rects": [[[2449.44, 550.8000000000001, 5115.96, 2938.6800000000003], ["window"]]], "width": 5184, "height": 3456, "tags": []}