{"rects": [[[648.0, 463.32000000000005, 2721.6000000000004, 2248.56], ["window"]], [[2144.88, 1389.96, 3794.0400000000004, 3071.52], ["window"]]], "width": 5184, "height": 3456, "tags": []}