{"rects": [[[1850.0400000000002, 382.32000000000005, 4860.0, 2553.1200000000003], ["window"]], [[502.20000000000005, 926.6400000000001, 1918.0800000000002, 2501.28], ["window"]]], "width": 5184, "height": 3456, "tags": []}