{"rects": [[[738.72, 320.76000000000005, 4299.4800000000005, 3240.0], ["window"]]], "width": 5184, "height": 3456, "tags": []}