{"rects": [[[635.0400000000001, 657.72, 2899.8, 4500.360000000001], ["window"]]], "width": 3456, "height": 5184, "tags": ["rot90"]}