{"rects": [[[382.32000000000005, 453.6, 4357.8, 3308.0400000000004], ["window"]]], "width": 5184, "height": 3456, "tags": []}