{"rects": [[[1522.8000000000002, 576.72, 3567.2400000000002, 2886.84], ["window"]]], "width": 5184, "height": 3456, "tags": []}