{"rects": [[[1399.68, 560.52, 3693.6000000000004, 2640.6000000000004], ["window"]]], "width": 5184, "height": 3456, "tags": []}