{"rects": [[[524.88, 797.0400000000001, 2805.84, 3120.1200000000003], ["window"]]], "width": 5184, "height": 3456, "tags": []}