{"rects": [[[1769.0400000000002, 1273.3200000000002, 3602.88, 2847.96], ["window"]], [[3518.6400000000003, 1072.44, 5148.360000000001, 2805.84], ["window"]]], "width": 5184, "height": 3456, "tags": []}