{"rects": [[[421.20000000000005, 382.32000000000005, 4393.4400000000005, 3456], ["window"]], [[4043.5200000000004, 3181.6800000000003, 4280.04, 3372.84], ["private"]]], "width": 5184, "height": 3456, "tags": []}