{"rects": [[[434.16, 1137.24, 2293.92, 2802.6000000000004], ["window"]], [[2468.88, 1156.68, 4208.76, 2809.0800000000004], ["window"]], [[2452.6800000000003, 16.200000000000003, 3875.0400000000004, 1121.04], ["window"]]], "width": 5184, "height": 3456, "tags": []}