{"rects": [[[1338.1200000000001, 236.52, 3849.1200000000003, 3456], ["window"]]], "width": 5184, "height": 3456, "tags": []}