{"rects": [[[1111.3200000000002, 498.96000000000004, 4351.320000000001, 3240.0], ["window"]]], "width": 5184, "height": 3456, "tags": []}