{"rects": [[[926.6400000000001, 155.52, 4250.88, 3301.5600000000004], ["window"]]], "width": 5184, "height": 3456, "tags": []}