{"rects": [[[3564.0000000000005, 1159.92, 4866.4800000000005, 2517.48], ["window"]], [[534.6, 628.5600000000001, 3356.6400000000003, 2883.6000000000004], ["window"]]], "width": 5184, "height": 3456, "tags": []}