{"rects": [[[1014.1200000000001, 644.76, 4059.7200000000003, 2702.1600000000003], ["window"]]], "width": 5184, "height": 3456, "tags": []}