{"rects": [[[722.5200000000001, 103.68, 4539.240000000001, 3456], ["window"]]], "width": 5184, "height": 3456, "tags": []}