{"rects": [[[1134.0, 754.9200000000001, 4490.64, 3188.1600000000003], ["window"]]], "width": 5184, "height": 3456, "tags": []}