{"rects": [[[136.08, 427.68, 2695.6800000000003, 4594.320000000001], ["window"]]], "width": 3456, "height": 5184, "tags": ["rot270"]}