{"rects": [[[1814.4, 1257.1200000000001, 3492.7200000000003, 2890.0800000000004], ["window"]], [[3110.4, 165.24, 4740.12, 1713.96], ["window"]], [[35.64, 469.8, 1999.0800000000002, 2274.48], ["window"]]], "width": 5184, "height": 3456, "tags": []}