{"rects": [[[2601.7200000000003, 567.0, 4837.320000000001, 2977.5600000000004], ["window"]]], "width": 5184, "height": 3456, "tags": []}