{"rects": [[[1509.8400000000001, 855.36, 4033.8, 2478.6000000000004], ["window"]]], "width": 5184, "height": 3456, "tags": []}