{"rects": [[[716.0400000000001, 424.44000000000005, 4659.12, 3456], ["window"]]], "width": 5184, "height": 3456, "tags": []}