{"rects": [[[777.6, 210.60000000000002, 5090.04, 3337.2000000000003], ["window"]]], "width": 5184, "height": 3456, "tags": []}