{"rects": [[[761.4000000000001, 243.00000000000003, 4143.96, 3233.5200000000004], ["window"]]], "width": 5184, "height": 3456, "tags": []}