{"rects": [[[1292.76, 1279.8000000000002, 3343.6800000000003, 2880.36], ["window"]]], "width": 5184, "height": 3456, "tags": []}