{"rects": [[[1156.68, 800.2800000000001, 3667.6800000000003, 2906.28], ["window"]]], "width": 5184, "height": 3456, "tags": []}