{"rects": [[[878.0400000000001, 29.160000000000004, 4140.72, 3456], ["window"]]], "width": 5184, "height": 3456, "tags": []}