{"rects": [[[466.56000000000006, 1169.64, 2514.2400000000002, 2579.04], ["window"]], [[2391.1200000000003, 560.52, 3965.76, 1950.48], ["window"]]], "width": 5184, "height": 3456, "tags": []}