{"rects": [[[243.00000000000003, 220.32000000000002, 4749.84, 3100.6800000000003], ["window"]]], "width": 5184, "height": 3456, "tags": []}