{"rects": [[[74.52000000000001, 385.56, 4707.72, 3450.6000000000004], ["window"]]], "width": 5184, "height": 3456, "tags": []}