{"rects": [[[463.32000000000005, 774.36, 2093.04, 3019.6800000000003], ["window"]], [[3230.28, 874.8000000000001, 4736.88, 3061.8], ["window"]]], "width": 5184, "height": 3456, "tags": []}