{"rects": [[[748.44, 515.1600000000001, 4539.240000000001, 3427.92], ["window"]]], "width": 5184, "height": 3456, "tags": ["deleted"]}