{"rects": [[[424.44000000000005, 745.2, 4011.1200000000003, 3061.8], ["window"]]], "width": 5184, "height": 3456, "tags": []}