{"rects": [[[489.24, 249.48000000000002, 4863.240000000001, 3456], ["window"]]], "width": 5184, "height": 3456, "tags": []}