{"rects": [[[1435.3200000000002, 615.6, 4464.72, 3207.6000000000004], ["window"]]], "width": 5184, "height": 3456, "tags": []}