{"rects": [[[0, 0, 5184, 3456], ["window"]], [[680.4000000000001, 936.36, 2990.52, 2465.6400000000003], ["window"]]], "width": 5184, "height": 3456, "tags": []}