{"rects": [[[667.44, 275.40000000000003, 4902.12, 3431.1600000000003], ["window"]]], "width": 5184, "height": 3456, "tags": []}