{"rects": [[[1675.0800000000002, 638.2800000000001, 4383.72, 3006.7200000000003], ["window"]]], "width": 5184, "height": 3456, "tags": []}