{"rects": [[[842.4000000000001, 881.2800000000001, 4296.240000000001, 3240.0], ["window"]]], "width": 5184, "height": 3456, "tags": []}