{"rects": [[[1257.1200000000001, 874.8000000000001, 3502.44, 2967.84], ["window"]]], "width": 5184, "height": 3456, "tags": []}