{"rects": [[[3440.88, 767.88, 5090.04, 2799.36], ["window"]], [[479.52000000000004, 1296.0, 1548.72, 2640.6000000000004], ["window"]], [[1982.88, 495.72, 3667.6800000000003, 2255.04], ["window"]]], "width": 5184, "height": 3456, "tags": []}