{"rects": [[[599.4000000000001, 145.8, 4970.160000000001, 3314.5200000000004], ["window"]]], "width": 5184, "height": 3456, "tags": []}