{"rects": [[[1668.6000000000001, 330.48, 4600.8, 3207.6000000000004], ["window"]]], "width": 5184, "height": 3456, "tags": []}