{"rects": [[[243.00000000000003, 268.92, 2316.6000000000004, 2345.76], ["window"]]], "width": 5184, "height": 3456, "tags": []}