{"rects": [[[1691.2800000000002, 673.9200000000001, 3612.6000000000004, 2906.28], ["window"]]], "width": 5184, "height": 3456, "tags": []}