{"rects": [[[1095.1200000000001, 793.8000000000001, 4131.0, 3175.2000000000003], ["window"]]], "width": 5184, "height": 3456, "tags": []}