{"rects": [[[424.44000000000005, 136.08, 4429.08, 3162.2400000000002], ["window"]]], "width": 5184, "height": 3456, "tags": []}