{"rects": [[[800.2800000000001, 651.24, 4393.4400000000005, 3087.7200000000003], ["window"]]], "width": 5184, "height": 3456, "tags": []}