{"rects": [[[1509.8400000000001, 492.48, 3541.32, 3026.1600000000003], ["window"]], [[3324.2400000000002, 463.32000000000005, 5180.76, 2148.1200000000003], ["window"]]], "width": 5184, "height": 3456, "tags": []}