{"rects": [[[2553.1200000000003, 249.48000000000002, 4173.12, 1629.72], ["window"]], [[1043.28, 2018.5200000000002, 2530.44, 3042.36], ["window"]]], "width": 5184, "height": 3456, "tags": []}