{"rects": [[[719.2800000000001, 430.92, 4108.320000000001, 3120.1200000000003], ["window"]]], "width": 5184, "height": 3456, "tags": []}