{"rects": [[[181.44, 1108.0800000000002, 3227.0400000000004, 4782.240000000001], ["window"]]], "width": 3456, "height": 5184, "tags": ["rot270"]}