{"rects": [[[93.96000000000001, 557.2800000000001, 4691.52, 2734.5600000000004], ["window"]]], "width": 5184, "height": 3456, "tags": []}