{"rects": [[[1487.16, 401.76000000000005, 4785.4800000000005, 3171.96], ["window"]]], "width": 5184, "height": 3456, "tags": []}