{"rects": [[[1001.1600000000001, 401.76000000000005, 4448.52, 3269.1600000000003], ["window"]]], "width": 5184, "height": 3456, "tags": []}