{"rects": [[[942.84, 139.32000000000002, 4464.72, 3343.6800000000003], ["window"]]], "width": 5184, "height": 3456, "tags": []}