{"rects": [[[0, 0, 5184, 3456], ["window"]], [[1192.3200000000002, 515.1600000000001, 4075.92, 3078.0], ["window"]]], "width": 5184, "height": 3456, "tags": []}