{"rects": [[[761.4000000000001, 340.20000000000005, 4357.8, 3032.6400000000003], ["window"]]], "width": 5184, "height": 3456, "tags": []}