{"rects": [[[923.4000000000001, 573.48, 3761.6400000000003, 3272.4], ["window"]]], "width": 5184, "height": 3456, "tags": []}