{"rects": [[[1597.3200000000002, 602.64, 3628.8, 2592.0], ["window"]], [[3133.0800000000004, 508.68, 5109.4800000000005, 2368.44], ["window"]]], "width": 5184, "height": 3456, "tags": []}