{"rects": [[[2125.44, 1143.72, 3651.48, 2556.36], ["window"]], [[32.400000000000006, 1632.96, 1198.8000000000002, 2945.1600000000003], ["window"]], [[716.0400000000001, 110.16000000000001, 2682.7200000000003, 1419.1200000000001], ["window"]]], "width": 5184, "height": 3456, "tags": []}