{"rects": [[[589.6800000000001, 100.44000000000001, 4620.240000000001, 3275.6400000000003], ["window"]]], "width": 5184, "height": 3456, "tags": []}