{"rects": [[[1743.1200000000001, 1490.4, 3350.1600000000003, 2624.4], ["window"]], [[3476.5200000000004, 434.16, 4944.240000000001, 1370.52], ["window"]]], "width": 5184, "height": 3456, "tags": []}