{"rects": [[[74.52000000000001, 171.72, 5135.400000000001, 2698.92], ["window"]]], "width": 5184, "height": 3456, "tags": []}