{"rects": [[[1539.0, 635.0400000000001, 3803.76, 2566.0800000000004], ["window"]]], "width": 5184, "height": 3456, "tags": []}