{"rects": [[[1218.24, 1059.48, 3823.2000000000003, 2990.52], ["window"]], [[38.88, 291.6, 1623.24, 1419.1200000000001], ["window"]]], "width": 5184, "height": 3456, "tags": []}