{"rects": [[[929.8800000000001, 77.76, 4309.200000000001, 3411.7200000000003], ["window"]]], "width": 5184, "height": 3456, "tags": []}