{"rects": [[[612.36, 910.44, 1824.1200000000001, 2352.2400000000002], ["window"]], [[2274.48, 1234.44, 2928.96, 2511.0], ["window"]], [[2721.6000000000004, 1312.2, 3978.7200000000003, 2617.92], ["window"]]], "width": 5184, "height": 3456, "tags": []}