{"rects": [[[2815.5600000000004, 1435.3200000000002, 4545.72, 2271.2400000000002], ["window"]], [[1299.24, 2054.1600000000003, 2183.76, 2903.04], ["window"]]], "width": 5184, "height": 3456, "tags": []}