{"rects": [[[1811.16, 939.6, 4390.200000000001, 3120.1200000000003], ["window"]]], "width": 5184, "height": 3456, "tags": []}