{"rects": [[[1581.1200000000001, 625.32, 4808.160000000001, 3220.5600000000004], ["window"]]], "width": 5184, "height": 3456, "tags": []}