{"rects": [[[1075.68, 554.0400000000001, 3560.76, 3032.6400000000003], ["window"]]], "width": 5184, "height": 3456, "tags": []}