{"rects": [[[145.8, 16.200000000000003, 1908.3600000000001, 1263.6000000000001], ["window"]], [[184.68, 1419.1200000000001, 2873.88, 3703.32], ["window"]]], "width": 3456, "height": 5184, "tags": ["rot270"]}