{"rects": [[[790.5600000000001, 64.80000000000001, 4659.12, 3456], ["window"]]], "width": 5184, "height": 3456, "tags": []}