{"rects": [[[1474.2, 592.9200000000001, 4247.64, 2945.1600000000003], ["window"]]], "width": 5184, "height": 3456, "tags": []}