{"rects": [[[1049.76, 421.20000000000005, 4620.240000000001, 3456], ["window"]]], "width": 5184, "height": 3456, "tags": []}