{"rects": [[[1448.2800000000002, 706.32, 4250.88, 3039.1200000000003], ["window"]]], "width": 5184, "height": 3456, "tags": []}