{"rects": [[[469.8, 589.6800000000001, 3220.5600000000004, 3207.6000000000004], ["window"]]], "width": 5184, "height": 3456, "tags": []}