{"rects": [[[1710.72, 2232.36, 3194.6400000000003, 3456], ["window"]], [[3019.6800000000003, 2300.4, 4435.56, 3456], ["window"]]], "width": 5184, "height": 3456, "tags": []}