{"rects": [[[1169.64, 479.52000000000004, 4691.52, 3207.6000000000004], ["window"]]], "width": 5184, "height": 3456, "tags": []}