{"rects": [[[2741.04, 2336.04, 3654.7200000000003, 2925.7200000000003], ["window"]], [[2621.1600000000003, 1328.4, 3502.44, 1950.48], ["window"]], [[0, 0, 5184, 3456], ["facade"]]], "width": 5184, "height": 3456, "tags": []}