{"rects": [[[777.6, 119.88000000000001, 4526.280000000001, 3456], ["window"]]], "width": 5184, "height": 3456, "tags": []}