{"rects": [[[379.08000000000004, 236.52, 2310.1200000000003, 3201.1200000000003], ["window"]]], "width": 5184, "height": 3456, "tags": []}