{"rects": [[[991.44, 709.5600000000001, 3272.4, 2958.1200000000003], ["window"]], [[3094.2000000000003, 1308.96, 4610.52, 2718.36], ["window"]]], "width": 5184, "height": 3456, "tags": []}