{"rects": [[[466.56000000000006, 716.0400000000001, 4892.400000000001, 2770.2000000000003], ["window"]]], "width": 5184, "height": 3456, "tags": []}