{"rects": [[[1283.0400000000002, 6.48, 4030.5600000000004, 3382.5600000000004], ["window"]]], "width": 5184, "height": 3456, "tags": []}