{"rects": [[[1357.5600000000002, 673.9200000000001, 3690.36, 2867.4], ["window"]]], "width": 5184, "height": 3456, "tags": []}