{"rects": [[[1613.5200000000002, 703.08, 3499.2000000000003, 3262.6800000000003], ["window"]]], "width": 5184, "height": 3456, "tags": []}