{"rects": [[[1351.0800000000002, 301.32, 4403.16, 3168.7200000000003], ["window"]]], "width": 5184, "height": 3456, "tags": []}