{"rects": [[[1134.0, 576.72, 4649.400000000001, 2964.6000000000004], ["window"]]], "width": 5184, "height": 3456, "tags": []}