{"rects": [[[2498.04, 129.60000000000002, 4014.36, 2647.0800000000004], ["window"]], [[1202.0400000000002, 1176.1200000000001, 2585.52, 3340.44], ["window"]]], "width": 5184, "height": 3456, "tags": []}