{"rects": [[[579.96, 200.88000000000002, 3771.36, 3026.1600000000003], ["window"]]], "width": 5184, "height": 3456, "tags": []}