{"rects": [[[1911.6000000000001, 592.9200000000001, 3557.5200000000004, 2546.6400000000003], ["window"]], [[563.76, 1020.6, 1594.0800000000002, 2216.1600000000003], ["window"]]], "width": 5184, "height": 3456, "tags": []}