{"rects": [[[631.8000000000001, 281.88, 3930.1200000000003, 3411.7200000000003], ["window"]]], "width": 5184, "height": 3456, "tags": []}