{"rects": [[[1850.0400000000002, 965.5200000000001, 3528.36, 2579.04], ["window"]]], "width": 5184, "height": 3456, "tags": []}