{"rects": [[[440.64000000000004, 162.0, 4636.4400000000005, 3456], ["window"]]], "width": 5184, "height": 3456, "tags": []}