{"rects": [[[1830.6000000000001, 524.88, 3648.2400000000002, 3022.92], ["window"]]], "width": 5184, "height": 3456, "tags": []}