{"rects": [[[1629.72, 482.76000000000005, 3891.2400000000002, 3006.7200000000003], ["window"]]], "width": 5184, "height": 3456, "tags": []}