{"rects": [[[845.6400000000001, 1010.8800000000001, 3852.36, 2964.6000000000004], ["window"]]], "width": 5184, "height": 3456, "tags": []}