{"rects": [[[1095.1200000000001, 200.88000000000002, 4685.04, 3346.92], ["window"]]], "width": 5184, "height": 3456, "tags": []}