{"rects": [[[359.64000000000004, 806.7600000000001, 2511.0, 3227.0400000000004], ["window"]], [[2264.76, 949.32, 4322.16, 2841.48], ["window"]]], "width": 5184, "height": 3456, "tags": []}