{"rects": [[[2676.2400000000002, 648.0, 4681.8, 2663.28], ["window"]], [[440.64000000000004, 641.5200000000001, 2044.44, 2352.2400000000002], ["window"]]], "width": 5184, "height": 3456, "tags": []}