{"rects": [[[368.57142857142856, 805.7142857142857, 5648.571428571428, 2935.714285714286], ["window"]]], "width": 6000, "height": 4000, "tags": []}