{"rects": [[[887.1428571428571, 171.42857142857142, 5490.0, 3462.8571428571427], ["window"]]], "width": 6000, "height": 4000, "tags": []}