{"rects": [[[1907.142857142857, 55.714285714285715, 4932.857142857143, 3317.142857142857], ["window"]]], "width": 6000, "height": 4000, "tags": []}