{"rects": [[[231.42857142857142, 522.8571428571429, 5657.142857142857, 3531.428571428571], ["window"]]], "width": 6000, "height": 4000, "tags": []}