{"rects": [[[1761.4285714285713, 338.57142857142856, 4208.571428571428, 3574.285714285714], ["window"]]], "width": 6000, "height": 4000, "tags": []}