{"rects": [[[587.1428571428571, 368.57142857142856, 5010.0, 3887.142857142857], ["window"]]], "width": 6000, "height": 4000, "tags": []}