{"rects": [[[574.2857142857142, 437.1428571428571, 5631.428571428572, 3587.142857142857], ["window"]]], "width": 6000, "height": 4000, "tags": []}