{"rects": [[[822.8571428571429, 407.1428571428571, 5408.571428571428, 3737.142857142857], ["window"]]], "width": 6000, "height": 4000, "tags": []}