{"rects": [[[848.5714285714286, 381.42857142857144, 5485.714285714285, 3407.142857142857], ["window"]]], "width": 6000, "height": 4000, "tags": []}