{"rects": [[[1101.4285714285713, 561.4285714285714, 5065.714285714285, 3497.142857142857], ["window"]]], "width": 6000, "height": 4000, "tags": []}