{"rects": [[[745.7142857142857, 77.14285714285714, 5520.0, 3818.5714285714284], ["window"]]], "width": 6000, "height": 4000, "tags": []}