{"rects": [[[364.2857142857143, 942.8571428571428, 5742.857142857143, 3248.5714285714284], ["window"]]], "width": 6000, "height": 4000, "tags": []}