{"rects": [[[1654.2857142857142, 1157.142857142857, 5138.571428571428, 3197.142857142857], ["window"]]], "width": 6000, "height": 4000, "tags": []}