{"rects": [[[1581.4285714285713, 437.1428571428571, 5010.0, 3484.285714285714], ["window"]]], "width": 6000, "height": 4000, "tags": []}