{"rects": [[[287.1428571428571, 707.1428571428571, 5910.0, 3282.8571428571427], ["window"]]], "width": 6000, "height": 4000, "tags": []}