{"rects": [[[1937.142857142857, 145.71428571428572, 5318.571428571428, 3805.714285714286], ["window", "shop"]], [[677.1428571428571, 184.28571428571428, 1898.5714285714284, 3720.0], ["door"]]], "width": 6000, "height": 4000, "tags": []}