{"rects": [[[964.2857142857142, 21.428571428571427, 5382.857142857143, 3775.714285714286], ["window", "shop"]]], "width": 6000, "height": 4000, "tags": []}