{"rects": [[[955.7142857142857, 141.42857142857142, 5061.428571428572, 3930.0], ["window", "shop"]]], "width": 6000, "height": 4000, "tags": []}