{"rects": [[[1864.2857142857142, 852.8571428571428, 4808.571428571428, 3218.5714285714284], ["window"]]], "width": 6000, "height": 4000, "tags": []}