{"rects": [[[450.0, 321.42857142857144, 5524.285714285714, 3741.428571428571], ["window"]]], "width": 6000, "height": 4000, "tags": []}