{"rects": [[[1667.142857142857, 274.2857142857143, 4898.571428571428, 3762.8571428571427], ["window"]]], "width": 6000, "height": 4000, "tags": []}