{"rects": [[[1032.857142857143, 788.5714285714286, 5267.142857142857, 3840.0], ["window"]]], "width": 6000, "height": 4000, "tags": []}