{"rects": [[[1414.2857142857142, 1028.5714285714284, 4752.857142857143, 2828.5714285714284], ["window"]]], "width": 6000, "height": 4000, "tags": []}