{"rects": [[[870.0, 1041.4285714285713, 5387.142857142857, 3321.428571428571], ["window"]]], "width": 6000, "height": 4000, "tags": []}