{"rects": [[[377.1428571428571, 21.428571428571427, 5854.285714285714, 3882.8571428571427], ["window"]]], "width": 6000, "height": 4000, "tags": []}