{"rects": [[[1667.142857142857, 1165.7142857142858, 4354.285714285714, 3115.714285714286], ["window"]], [[4671.428571428572, 1380.0, 5897.142857142857, 3025.714285714286], ["window"]]], "width": 6000, "height": 4000, "tags": []}