{"rects": [[[1418.5714285714284, 454.2857142857143, 4431.428571428572, 3167.142857142857], ["window"]]], "width": 6000, "height": 4000, "tags": []}