{"rects": [[[861.4285714285714, 218.57142857142856, 4341.428571428572, 3767.142857142857], ["window"]]], "width": 6000, "height": 4000, "tags": []}