{"rects": [[[1410.0, 38.57142857142857, 4392.857142857143, 3977.142857142857], ["window"]]], "width": 6000, "height": 4000, "tags": []}