{"rects": [[[94.28571428571428, 977.1428571428571, 5944.285714285714, 3214.285714285714], ["window"]]], "width": 6000, "height": 4000, "tags": []}