{"rects": [[[685.7142857142857, 42.857142857142854, 5837.142857142857, 3878.5714285714284], ["window"]]], "width": 6000, "height": 4000, "tags": []}