{"rects": [[[1585.7142857142858, 257.1428571428571, 4577.142857142857, 3475.714285714286], ["window"]]], "width": 6000, "height": 4000, "tags": []}