{"rects": [[[844.2857142857142, 252.85714285714286, 5262.857142857143, 3990.0], ["window"]]], "width": 6000, "height": 4000, "tags": []}