{"rects": [[[1054.2857142857142, 21.428571428571427, 5232.857142857143, 3818.5714285714284], ["window"]]], "width": 6000, "height": 4000, "tags": []}