{"rects": [[[797.1428571428571, 312.85714285714283, 5100.0, 3698.5714285714284], ["window"]]], "width": 6000, "height": 4000, "tags": []}