{"rects": [[[1011.4285714285714, 291.42857142857144, 4714.285714285714, 3767.142857142857], ["window"]]], "width": 6000, "height": 4000, "tags": []}