{"rects": [[[870.0, 64.28571428571428, 5438.571428571428, 3767.142857142857], ["window"]]], "width": 6000, "height": 4000, "tags": []}