{"rects": [[[600.0, 197.14285714285714, 5301.428571428572, 3887.142857142857], ["window"]]], "width": 6000, "height": 4000, "tags": []}