{"rects": [[[111.42857142857143, 565.7142857142857, 5858.571428571428, 2982.8571428571427], ["window"]]], "width": 6000, "height": 4000, "tags": []}