{"rects": [[[981.4285714285714, 42.857142857142854, 4504.285714285714, 3501.428571428571], ["window"]], [[4598.571428571428, 582.8571428571429, 5918.571428571428, 2708.5714285714284], ["window"]]], "width": 6000, "height": 4000, "tags": []}