{"rects": [[[1757.142857142857, 244.28571428571428, 4555.714285714285, 3561.428571428571], ["window"]]], "width": 6000, "height": 4000, "tags": []}