{"rects": [[[1114.2857142857142, 85.71428571428571, 4435.714285714285, 3852.8571428571427], ["window", "shop"]]], "width": 6000, "height": 4000, "tags": []}