{"rects": [[[1495.7142857142858, 822.8571428571429, 3810.0, 3698.5714285714284], ["window"]]], "width": 6000, "height": 4000, "tags": []}