{"rects": [[[587.1428571428571, 428.57142857142856, 5777.142857142857, 3677.142857142857], ["window"]]], "width": 6000, "height": 4000, "tags": []}