{"rects": [[[621.4285714285714, 1122.857142857143, 4680.0, 2974.285714285714], ["window"]]], "width": 6000, "height": 4000, "tags": []}