{"rects": [[[167.14285714285714, 227.14285714285714, 5995.714285714285, 3758.5714285714284], ["window"]]], "width": 6000, "height": 4000, "tags": []}