{"rects": [[[145.71428571428572, 780.0, 5665.714285714285, 3758.5714285714284], ["window"]]], "width": 6000, "height": 4000, "tags": []}