{"rects": [[[660.0, 94.28571428571428, 5014.285714285714, 3912.8571428571427], ["window"]]], "width": 6000, "height": 4000, "tags": []}