{"rects": [[[1658.5714285714284, 955.7142857142857, 4727.142857142857, 3797.142857142857], ["window"]]], "width": 6000, "height": 4000, "tags": []}