{"rects": [[[1817.142857142857, 488.57142857142856, 4547.142857142857, 3715.714285714286], ["window"]]], "width": 6000, "height": 4000, "tags": []}