{"rects": [[[137.14285714285714, 210.0, 5845.714285714285, 3535.714285714286], ["window"]]], "width": 6000, "height": 4000, "tags": []}