{"rects": [[[30.0, 758.5714285714286, 5922.857142857143, 3492.8571428571427], ["window"]]], "width": 6000, "height": 4000, "tags": []}