{"rects": [[[715.7142857142857, 197.14285714285714, 5164.285714285714, 3938.5714285714284], ["window", "shop"]]], "width": 6000, "height": 4000, "tags": []}