{"rects": [[[60.0, 411.42857142857144, 5785.714285714285, 3351.428571428571], ["window"]]], "width": 6000, "height": 4000, "tags": []}