{"rects": [[[1337.142857142857, 270.0, 4508.571428571428, 3955.714285714286], ["window"]]], "width": 6000, "height": 4000, "tags": []}