{"rects": [[[664.2857142857142, 8.571428571428571, 5588.571428571428, 3780.0], ["window"]]], "width": 6000, "height": 4000, "tags": []}