{"rects": [[[1251.4285714285713, 60.0, 4358.571428571428, 3904.285714285714], ["window"]]], "width": 6000, "height": 4000, "tags": []}