{"rects": [[[514.2857142857142, 887.1428571428571, 5412.857142857143, 3012.8571428571427], ["window"]]], "width": 6000, "height": 4000, "tags": []}