{"rects": [[[1337.142857142857, 64.28571428571428, 5387.142857142857, 3810.0], ["window"]]], "width": 6000, "height": 4000, "tags": []}