{"rects": [[[394.2857142857143, 797.1428571428571, 5430.0, 3428.5714285714284], ["window"]]], "width": 6000, "height": 4000, "tags": []}