{"rects": [[[938.5714285714286, 0, 5515.714285714285, 3771.428571428571], ["window"]]], "width": 6000, "height": 4000, "tags": []}