{"rects": [[[1247.142857142857, 25.714285714285715, 5005.714285714285, 3960.0], ["window"]]], "width": 6000, "height": 4000, "tags": []}