{"rects": [[[668.5714285714286, 261.42857142857144, 5592.857142857143, 3835.714285714286], ["window", "shop"]]], "width": 6000, "height": 4000, "tags": []}