{"rects": [[[38.57142857142857, 685.7142857142857, 5884.285714285714, 3690.0], ["window"]]], "width": 6000, "height": 4000, "tags": []}