{"rects": [[[317.1428571428571, 767.1428571428571, 5614.285714285714, 3505.714285714286], ["window"]]], "width": 6000, "height": 4000, "tags": []}