{"rects": [[[1170.0, 68.57142857142857, 4602.857142857143, 3917.142857142857], ["window"]]], "width": 6000, "height": 4000, "tags": []}