{"rects": [[[47.14285714285714, 98.57142857142857, 5648.571428571428, 3420.0], ["window", "shop"]]], "width": 6000, "height": 4000, "tags": []}