{"rects": [[[561.4285714285714, 72.85714285714286, 4118.571428571428, 3912.8571428571427], ["window", "shop"]], [[4161.428571428572, 34.285714285714285, 5635.714285714285, 3951.428571428571], ["door"]]], "width": 6000, "height": 4000, "tags": []}