{"rects": [[[960.0, 278.57142857142856, 4722.857142857143, 3908.5714285714284], ["window"]]], "width": 6000, "height": 4000, "tags": []}