{"rects": [[[1354.2857142857142, 557.1428571428571, 4397.142857142857, 3737.142857142857], ["window"]]], "width": 6000, "height": 4000, "tags": []}