{"rects": [[[1521.4285714285713, 1032.857142857143, 4174.285714285714, 2875.714285714286], ["window"]], [[4230.0, 1028.5714285714284, 5250.0, 2785.714285714286], ["window"]]], "width": 6000, "height": 4000, "tags": []}