{"rects": [[[2147.142857142857, 8.571428571428571, 4465.714285714285, 3882.8571428571427], ["window"]]], "width": 6000, "height": 4000, "tags": []}