{"rects": [[[415.7142857142857, 424.2857142857143, 5644.285714285714, 3638.5714285714284], ["window"]]], "width": 6000, "height": 4000, "tags": []}