{"rects": [[[94.28571428571428, 398.57142857142856, 5892.857142857143, 3012.8571428571427], ["window"]]], "width": 6000, "height": 4000, "tags": []}