{"rects": [[[972.8571428571428, 107.14285714285714, 3664.285714285714, 3098.5714285714284], ["window"]]], "width": 6000, "height": 4000, "tags": []}