{"rects": [[[1607.142857142857, 128.57142857142856, 5151.428571428572, 3767.142857142857], ["window"]]], "width": 6000, "height": 4000, "tags": []}