{"rects": [[[1324.2857142857142, 25.714285714285715, 5057.142857142857, 3930.0], ["window"]]], "width": 6000, "height": 4000, "tags": []}