{"rects": [[[1405.7142857142858, 402.85714285714283, 5087.142857142857, 3137.142857142857], ["window"]]], "width": 6000, "height": 4000, "tags": []}