{"rects": [[[1834.2857142857142, 625.7142857142857, 4362.857142857143, 3630.0], ["window"]]], "width": 6000, "height": 4000, "tags": []}