{"rects": [[[51.42857142857143, 1204.2857142857142, 5850.0, 2914.285714285714], ["window"]]], "width": 6000, "height": 4000, "tags": []}