{"rects": [[[1285.7142857142858, 304.2857142857143, 4821.428571428572, 4000], ["window", "shop"]]], "width": 6000, "height": 4000, "tags": []}