{"rects": [[[942.8571428571428, 467.1428571428571, 2558.5714285714284, 3582.8571428571427], ["door", "shop"]], [[2575.714285714286, 668.5714285714286, 5520.0, 2820.0], ["window", "shop"]]], "width": 6000, "height": 4000, "tags": []}