{"rects": [[[570.0, 77.14285714285714, 5134.285714285714, 3887.142857142857], ["window"]]], "width": 6000, "height": 4000, "tags": []}