{"rects": [[[1092.857142857143, 432.85714285714283, 5434.285714285714, 3600.0], ["window"]]], "width": 6000, "height": 4000, "tags": []}