{"rects": [[[308.57142857142856, 664.2857142857142, 5601.428571428572, 3180.0], ["window"]]], "width": 6000, "height": 4000, "tags": []}