{"rects": [[[805.7142857142857, 355.7142857142857, 5344.285714285714, 3655.714285714286], ["window"]]], "width": 6000, "height": 4000, "tags": []}