{"rects": [[[2588.5714285714284, 227.14285714285714, 5905.714285714285, 3878.5714285714284], ["window"]], [[175.71428571428572, 171.42857142857142, 2357.142857142857, 3865.714285714286], ["window"]]], "width": 6000, "height": 4000, "tags": []}