{"rects": [[[120.0, 98.57142857142857, 5961.428571428572, 3295.714285714286], ["window"]]], "width": 6000, "height": 4000, "tags": []}