{"rects": [[[702.8571428571429, 732.8571428571429, 5232.857142857143, 3707.142857142857], ["window"]]], "width": 6000, "height": 4000, "tags": []}