{"rects": [[[788.5714285714286, 287.1428571428571, 5027.142857142857, 3750.0], ["window"]]], "width": 6000, "height": 4000, "tags": []}