{"rects": [[[338.57142857142856, 1200.0, 5828.571428571428, 3587.142857142857], ["window"]]], "width": 6000, "height": 4000, "tags": []}