{"rects": [[[1624.2857142857142, 715.7142857142857, 4178.571428571428, 3244.285714285714], ["window"]], [[4594.285714285714, 891.4285714285714, 5910.0, 2370.0], ["window"]]], "width": 6000, "height": 4000, "tags": []}