{"rects": [[[312.85714285714283, 458.57142857142856, 5571.428571428572, 3870.0], ["window"]]], "width": 6000, "height": 4000, "tags": []}