{"rects": [[[870.0, 90.0, 5511.428571428572, 3852.8571428571427], ["window"]]], "width": 6000, "height": 4000, "tags": []}