{"rects": [[[947.1428571428571, 420.0, 5760.0, 3218.5714285714284], ["window", "shop"]]], "width": 6000, "height": 4000, "tags": []}