{"rects": [[[938.5714285714286, 788.5714285714286, 5134.285714285714, 3681.428571428571], ["window"]]], "width": 6000, "height": 4000, "tags": []}