{"rects": [[[180.0, 784.2857142857142, 5712.857142857143, 3741.428571428571], ["window"]]], "width": 6000, "height": 4000, "tags": []}