{"rects": [[[660.0, 317.1428571428571, 5022.857142857143, 3912.8571428571427], ["window", "shop"]]], "width": 6000, "height": 4000, "tags": []}