{"rects": [[[1375.7142857142858, 137.14285714285714, 4174.285714285714, 3960.0], ["window"]]], "width": 6000, "height": 4000, "tags": []}