{"rects": [[[972.8571428571428, 270.0, 4397.142857142857, 3874.285714285714], ["window"]]], "width": 6000, "height": 4000, "tags": []}