{"rects": [[[1332.857142857143, 394.2857142857143, 4354.285714285714, 3454.285714285714], ["window"]]], "width": 6000, "height": 4000, "tags": []}