{"rects": [[[844.2857142857142, 214.28571428571428, 5018.571428571428, 3792.8571428571427], ["window"]]], "width": 6000, "height": 4000, "tags": []}