{"rects": [[[240.0, 771.4285714285714, 1928.5714285714284, 2657.142857142857], ["window"]], [[2057.142857142857, 775.7142857142857, 5087.142857142857, 2451.4285714285716], ["window"]]], "width": 6000, "height": 4000, "tags": []}