{"rects": [[[1517.142857142857, 480.0, 4298.571428571428, 3330.0], ["window"]]], "width": 6000, "height": 4000, "tags": []}