{"rects": [[[287.1428571428571, 441.4285714285714, 5348.571428571428, 3651.428571428571], ["window"]]], "width": 6000, "height": 4000, "tags": []}