{"rects": [[[1324.2857142857142, 360.0, 4980.0, 3647.142857142857], ["window"]]], "width": 6000, "height": 4000, "tags": []}