{"rects": [[[180.0, 458.57142857142856, 5777.142857142857, 3608.5714285714284], ["window"]]], "width": 6000, "height": 4000, "tags": []}