{"rects": [[[638.5714285714286, 450.0, 5442.857142857143, 3672.8571428571427], ["window"]]], "width": 6000, "height": 4000, "tags": []}