{"rects": [[[1594.2857142857142, 621.4285714285714, 4388.571428571428, 3818.5714285714284], ["window"]]], "width": 6000, "height": 4000, "tags": []}