{"rects": [[[518.5714285714286, 128.57142857142856, 5292.857142857143, 3827.142857142857], ["window"]]], "width": 6000, "height": 4000, "tags": []}