{"rects": [[[1427.142857142857, 197.14285714285714, 4941.428571428572, 3797.142857142857], ["window"]]], "width": 6000, "height": 4000, "tags": []}