{"rects": [[[891.4285714285714, 895.7142857142857, 5635.714285714285, 3514.285714285714], ["window"]]], "width": 6000, "height": 4000, "tags": []}