{"rects": [[[1465.7142857142858, 248.57142857142856, 5232.857142857143, 3947.142857142857], ["window"]]], "width": 6000, "height": 4000, "tags": []}