{"rects": [[[882.8571428571428, 312.85714285714283, 5262.857142857143, 3677.142857142857], ["window"]]], "width": 6000, "height": 4000, "tags": []}