{"rects": [[[625.7142857142857, 68.57142857142857, 5940.0, 3964.285714285714], ["window"]]], "width": 6000, "height": 4000, "tags": []}