{"rects": [[[527.1428571428571, 1024.2857142857142, 5580.0, 3685.714285714286], ["window"]]], "width": 6000, "height": 4000, "tags": []}