{"rects": [[[1860.0, 651.4285714285714, 4701.428571428572, 3535.714285714286], ["window", "shop"]]], "width": 6000, "height": 4000, "tags": []}