{"rects": [[[1062.857142857143, 424.2857142857143, 4448.571428571428, 3312.8571428571427], ["window"]]], "width": 6000, "height": 4000, "tags": []}