{"rects": [[[1684.2857142857142, 42.857142857142854, 4504.285714285714, 3870.0], ["window"]]], "width": 6000, "height": 4000, "tags": []}