{"rects": [[[724.2857142857142, 184.28571428571428, 5267.142857142857, 3424.285714285714], ["window"]]], "width": 6000, "height": 4000, "tags": []}