{"rects": [[[540.0, 141.42857142857142, 5627.142857142857, 3865.714285714286], ["window"]]], "width": 6000, "height": 4000, "tags": []}