{"rects": [[[1324.2857142857142, 852.8571428571428, 4731.428571428572, 3861.428571428571], ["window"]]], "width": 6000, "height": 4000, "tags": []}