{"rects": [[[990.0, 12.857142857142858, 5010.0, 3964.285714285714], ["window"]]], "width": 6000, "height": 4000, "tags": []}