{"rects": [[[1307.142857142857, 990.0, 4247.142857142857, 3947.142857142857], ["window"]]], "width": 6000, "height": 4000, "tags": []}