{"rects": [[[2070.0, 522.8571428571429, 4461.428571428572, 3887.142857142857], ["window", "shop"]]], "width": 6000, "height": 4000, "tags": []}