{"rects": [[[180.0, 64.28571428571428, 5644.285714285714, 3891.428571428571], ["window"]]], "width": 6000, "height": 4000, "tags": []}