{"rects": [[[861.4285714285714, 441.4285714285714, 5824.285714285714, 3784.285714285714], ["window"]]], "width": 6000, "height": 4000, "tags": []}