{"rects": [[[1572.857142857143, 1114.2857142857142, 3677.142857142857, 3128.5714285714284], ["window"]], [[3758.5714285714284, 1542.857142857143, 5400.0, 3248.5714285714284], ["window"]]], "width": 6000, "height": 4000, "tags": []}