{"rects": [[[728.5714285714286, 505.7142857142857, 5160.0, 3707.142857142857], ["window"]]], "width": 6000, "height": 4000, "tags": []}