{"rects": [[[707.1428571428571, 261.42857142857144, 5824.285714285714, 3822.8571428571427], ["window"]]], "width": 6000, "height": 4000, "tags": []}