{"rects": [[[630.0, 647.1428571428571, 5511.428571428572, 3377.142857142857], ["window"]]], "width": 6000, "height": 4000, "tags": []}