{"rects": [[[390.0, 445.7142857142857, 5644.285714285714, 3668.5714285714284], ["window"]]], "width": 6000, "height": 4000, "tags": []}