{"rects": [[[308.57142857142856, 287.1428571428571, 5944.285714285714, 3184.285714285714], ["window"]]], "width": 6000, "height": 4000, "tags": []}