{"rects": [[[702.8571428571429, 124.28571428571428, 5425.714285714285, 3912.8571428571427], ["window"]]], "width": 6000, "height": 4000, "tags": []}