{"rects": [[[1641.4285714285713, 394.2857142857143, 5134.285714285714, 3758.5714285714284], ["window"]]], "width": 6000, "height": 4000, "tags": []}