{"rects": [[[1521.4285714285713, 852.8571428571428, 4362.857142857143, 3428.5714285714284], ["window"]]], "width": 6000, "height": 4000, "tags": []}