{"rects": [[[1495.7142857142858, 227.14285714285714, 4825.714285714285, 3861.428571428571], ["window"]]], "width": 6000, "height": 4000, "tags": []}