{"rects": [[[2211.4285714285716, 587.1428571428571, 4830.0, 3561.428571428571], ["window"]]], "width": 6000, "height": 4000, "tags": []}