{"rects": [[[531.4285714285714, 98.57142857142857, 5262.857142857143, 3874.285714285714], ["window"]]], "width": 6000, "height": 4000, "tags": []}