{"rects": [[[150.0, 98.57142857142857, 5987.142857142857, 3651.428571428571], ["window"]]], "width": 6000, "height": 4000, "tags": []}