{"rects": [[[677.1428571428571, 561.4285714285714, 5687.142857142857, 3711.428571428571], ["window"]]], "width": 6000, "height": 4000, "tags": []}