{"rects": [[[1332.857142857143, 570.0, 4782.857142857143, 3827.142857142857], ["window"]]], "width": 6000, "height": 4000, "tags": []}