{"rects": [[[921.4285714285714, 98.57142857142857, 5284.285714285714, 4000], ["window"]]], "width": 6000, "height": 4000, "tags": []}