{"rects": [[[582.8571428571429, 227.14285714285714, 5888.571428571428, 3780.0], ["window"]]], "width": 6000, "height": 4000, "tags": []}