{"rects": [[[1512.857142857143, 651.4285714285714, 5040.0, 3402.8571428571427], ["window"]], [[218.57142857142856, 792.8571428571429, 1401.4285714285713, 2322.8571428571427], ["window"]]], "width": 6000, "height": 4000, "tags": []}