{"rects": [[[921.4285714285714, 47.14285714285714, 5438.571428571428, 3857.142857142857], ["window"]]], "width": 6000, "height": 4000, "tags": []}