{"rects": [[[1028.5714285714284, 621.4285714285714, 4890.0, 3801.428571428571], ["window", "shop"]]], "width": 6000, "height": 4000, "tags": []}