{"rects": [[[784.2857142857142, 120.0, 5082.857142857143, 3874.285714285714], ["window"]]], "width": 6000, "height": 4000, "tags": []}