{"rects": [[[1277.142857142857, 107.14285714285714, 5177.142857142857, 3930.0], ["window"]]], "width": 6000, "height": 4000, "tags": []}