{"rects": [[[848.5714285714286, 197.14285714285714, 5087.142857142857, 3870.0], ["window"]]], "width": 6000, "height": 4000, "tags": []}