{"rects": [[[557.1428571428571, 1200.0, 5665.714285714285, 2760.0], ["window"]]], "width": 6000, "height": 4000, "tags": []}