{"rects": [[[818.5714285714286, 81.42857142857143, 5532.857142857143, 3900.0], ["window"]]], "width": 6000, "height": 4000, "tags": []}