{"rects": [[[120.0, 574.2857142857142, 5961.428571428572, 3077.142857142857], ["window"]]], "width": 6000, "height": 4000, "tags": []}