{"rects": [[[368.57142857142856, 1487.142857142857, 5674.285714285714, 3681.428571428571], ["window"]]], "width": 6000, "height": 4000, "tags": []}