{"rects": [[[647.1428571428571, 535.7142857142857, 5631.428571428572, 3831.428571428571], ["window"]]], "width": 6000, "height": 4000, "tags": []}