{"rects": [[[822.8571428571429, 518.5714285714286, 5460.0, 3608.5714285714284], ["window"]]], "width": 6000, "height": 4000, "tags": []}