{"rects": [[[1015.7142857142857, 4.285714285714286, 5588.571428571428, 3900.0], ["window"]]], "width": 6000, "height": 4000, "tags": []}