{"rects": [[[85.71428571428571, 1187.142857142857, 5871.428571428572, 2995.714285714286], ["window"]]], "width": 6000, "height": 4000, "tags": []}