{"rects": [[[1470.0, 492.85714285714283, 4362.857142857143, 3471.428571428571], ["window"]]], "width": 6000, "height": 4000, "tags": []}