{"rects": [[[154.28571428571428, 132.85714285714286, 5995.714285714285, 3595.714285714286], ["window", "shop"]]], "width": 6000, "height": 4000, "tags": []}