{"rects": [[[2022.857142857143, 1238.5714285714284, 4641.428571428572, 3694.285714285714], ["window"]]], "width": 6000, "height": 4000, "tags": []}