{"rects": [[[600.0, 1101.4285714285713, 5485.714285714285, 3715.714285714286], ["window"]]], "width": 6000, "height": 4000, "tags": []}