{"rects": [[[180.0, 137.14285714285714, 4997.142857142857, 3985.714285714286], ["window", "shop"]]], "width": 6000, "height": 4000, "tags": []}