{"rects": [[[342.85714285714283, 544.2857142857142, 5348.571428571428, 3664.285714285714], ["window"]]], "width": 6000, "height": 4000, "tags": []}