{"rects": [[[852.8571428571428, 94.28571428571428, 5301.428571428572, 3450.0], ["window"]]], "width": 6000, "height": 4000, "tags": []}