{"rects": [[[1791.4285714285713, 295.7142857142857, 4461.428571428572, 3240.0], ["window"]]], "width": 6000, "height": 4000, "tags": []}