{"rects": [[[368.57142857142856, 265.7142857142857, 5584.285714285714, 3840.0], ["window"]]], "width": 6000, "height": 4000, "tags": []}