{"rects": [[[514.2857142857142, 30.0, 5571.428571428572, 3968.5714285714284], ["window", "shop"]]], "width": 6000, "height": 4000, "tags": []}