{"rects": [[[377.1428571428571, 1324.2857142857142, 5481.428571428572, 3570.0], ["window"]]], "width": 6000, "height": 4000, "tags": []}