{"rects": [[[128.57142857142856, 724.2857142857142, 5661.428571428572, 2245.714285714286], ["window", "shop"]]], "width": 6000, "height": 4000, "tags": []}