{"rects": [[[1628.5714285714284, 561.4285714285714, 5155.714285714285, 3492.8571428571427], ["window"]]], "width": 6000, "height": 4000, "tags": []}