{"rects": [[[681.4285714285714, 261.42857142857144, 5944.285714285714, 3437.142857142857], ["window"]]], "width": 6000, "height": 4000, "tags": []}