{"rects": [[[210.0, 415.7142857142857, 5854.285714285714, 3664.285714285714], ["window"]]], "width": 6000, "height": 4000, "tags": []}