{"rects": [[[784.2857142857142, 30.0, 5044.285714285714, 3758.5714285714284], ["window"]]], "width": 6000, "height": 4000, "tags": []}