{"rects": [[[651.4285714285714, 64.28571428571428, 5721.428571428572, 3694.285714285714], ["window"]]], "width": 6000, "height": 4000, "tags": []}