{"rects": [[[2190.0, 17.142857142857142, 5610.0, 3998.5714285714284], ["facade"]]], "width": 6000, "height": 4000, "tags": []}