{"rects": [[[1054.2857142857142, 270.0, 5931.428571428572, 3942.8571428571427], ["window", "shop"]]], "width": 6000, "height": 4000, "tags": []}