{"rects": [[[1242.857142857143, 480.0, 4568.571428571428, 3788.5714285714284], ["window"]]], "width": 6000, "height": 4000, "tags": []}