{"rects": [[[287.1428571428571, 278.57142857142856, 5905.714285714285, 3407.142857142857], ["window"]]], "width": 6000, "height": 4000, "tags": []}