{"rects": [[[347.1428571428571, 98.57142857142857, 5468.571428571428, 2802.8571428571427], ["window"]]], "width": 6000, "height": 4000, "tags": []}