{"rects": [[[1264.2857142857142, 295.7142857142857, 5138.571428571428, 3870.0], ["window"]]], "width": 6000, "height": 4000, "tags": []}