{"rects": [[[372.85714285714283, 998.5714285714286, 4791.428571428572, 3904.285714285714], ["shop", "door"]]], "width": 6000, "height": 4000, "tags": []}