{"rects": [[[1624.2857142857142, 295.7142857142857, 4872.857142857143, 3724.285714285714], ["window"]]], "width": 6000, "height": 4000, "tags": []}