{"rects": [[[1397.142857142857, 77.14285714285714, 4992.857142857143, 3921.428571428571], ["window"]]], "width": 6000, "height": 4000, "tags": []}