{"rects": [[[938.5714285714286, 840.0, 5695.714285714285, 3578.5714285714284], ["window"]]], "width": 6000, "height": 4000, "tags": []}