{"rects": [[[1182.857142857143, 415.7142857142857, 4958.571428571428, 3505.714285714286], ["window"]]], "width": 6000, "height": 4000, "tags": []}