{"rects": [[[1045.7142857142858, 582.8571428571429, 5605.714285714285, 3690.0], ["window"]]], "width": 6000, "height": 4000, "tags": []}