{"rects": [[[360.0, 141.42857142857142, 5747.142857142857, 3908.5714285714284], ["window"]]], "width": 6000, "height": 4000, "tags": []}