{"rects": [[[385.7142857142857, 25.714285714285715, 4795.714285714285, 3805.714285714286], ["window", "shop"]]], "width": 6000, "height": 4000, "tags": []}