{"rects": [[[638.5714285714286, 364.2857142857143, 5211.428571428572, 3801.428571428571], ["window"]]], "width": 6000, "height": 4000, "tags": []}