{"rects": [[[720.0, 694.2857142857142, 5010.0, 3064.285714285714], ["window"]]], "width": 6000, "height": 4000, "tags": []}