{"rects": [[[240.0, 990.0, 5781.428571428572, 2704.285714285714], ["window"]]], "width": 6000, "height": 4000, "tags": []}