{"rects": [[[1525.7142857142858, 578.5714285714286, 4748.571428571428, 3317.142857142857], ["window"]]], "width": 6000, "height": 4000, "tags": []}