{"rects": [[[342.85714285714283, 274.2857142857143, 5078.571428571428, 3891.428571428571], ["window", "shop"]]], "width": 6000, "height": 4000, "tags": []}