{"rects": [[[1448.5714285714284, 184.28571428571428, 4975.714285714285, 3527.142857142857], ["window"]]], "width": 6000, "height": 4000, "tags": []}