{"rects": [[[1444.2857142857142, 0, 4534.285714285714, 3972.8571428571427], ["window"]]], "width": 6000, "height": 4000, "tags": []}