{"rects": [[[1414.2857142857142, 300.0, 4110.0, 3908.5714285714284], ["window"]]], "width": 6000, "height": 4000, "tags": []}