{"rects": [[[1234.2857142857142, 925.7142857142857, 4470.0, 3814.285714285714], ["window"]]], "width": 6000, "height": 4000, "tags": []}