{"rects": [[[942.8571428571428, 685.7142857142857, 5151.428571428572, 3844.285714285714], ["window"]]], "width": 6000, "height": 4000, "tags": []}