{"rects": [[[1118.5714285714284, 270.0, 4161.428571428572, 3625.714285714286], ["window"]]], "width": 6000, "height": 4000, "tags": []}