{"rects": [[[574.2857142857142, 617.1428571428571, 5348.571428571428, 3385.714285714286], ["window"]]], "width": 6000, "height": 4000, "tags": []}