{"rects": [[[1667.142857142857, 115.71428571428571, 5678.571428571428, 3840.0], ["window"]]], "width": 6000, "height": 4000, "tags": []}