{"rects": [[[810.0, 681.4285714285714, 5734.285714285714, 3681.428571428571], ["window"]]], "width": 6000, "height": 4000, "tags": []}