{"rects": [[[1530.0, 660.0, 3947.142857142857, 3214.285714285714], ["window"]]], "width": 6000, "height": 4000, "tags": []}