{"rects": [[[445.7142857142857, 441.4285714285714, 5554.285714285714, 3780.0], ["window"]]], "width": 6000, "height": 4000, "tags": []}