{"rects": [[[2014.2857142857142, 750.0, 4080.0, 3531.428571428571], ["window"]]], "width": 6000, "height": 4000, "tags": []}