{"rects": [[[1602.857142857143, 51.42857142857143, 4547.142857142857, 3741.428571428571], ["window"]]], "width": 6000, "height": 4000, "tags": []}