{"rects": [[[1148.5714285714284, 445.7142857142857, 5357.142857142857, 3621.428571428571], ["window"]]], "width": 6000, "height": 4000, "tags": []}