{"rects": [[[30.0, 540.0, 5987.142857142857, 3947.142857142857], ["window"]]], "width": 6000, "height": 4000, "tags": []}