{"rects": [[[278.57142857142856, 741.4285714285714, 5618.571428571428, 3265.714285714286], ["window"]]], "width": 6000, "height": 4000, "tags": []}