{"rects": [[[1817.142857142857, 21.428571428571427, 4465.714285714285, 3865.714285714286], ["window"]]], "width": 6000, "height": 4000, "tags": []}