{"rects": [[[1157.142857142857, 522.8571428571429, 5014.285714285714, 3591.428571428571], ["window"]]], "width": 6000, "height": 4000, "tags": []}