{"rects": [[[445.7142857142857, 214.28571428571428, 5614.285714285714, 3835.714285714286], ["window"]]], "width": 6000, "height": 4000, "tags": []}