{"rects": [[[1195.7142857142858, 192.85714285714286, 5018.571428571428, 3917.142857142857], ["window"]]], "width": 6000, "height": 4000, "tags": []}