{"rects": [[[2318.5714285714284, 865.7142857142857, 5674.285714285714, 3578.5714285714284], ["window"]], [[355.7142857142857, 1020.0, 2207.142857142857, 3368.5714285714284], ["window"]]], "width": 6000, "height": 4000, "tags": []}