{"rects": [[[1148.5714285714284, 295.7142857142857, 4838.571428571428, 3878.5714285714284], ["window"]]], "width": 6000, "height": 4000, "tags": []}