{"rects": [[[874.2857142857142, 107.14285714285714, 5391.428571428572, 3831.428571428571], ["window"]]], "width": 6000, "height": 4000, "tags": []}