{"rects": [[[570.0, 338.57142857142856, 5447.142857142857, 3930.0], ["window", "shop"]]], "width": 6000, "height": 4000, "tags": []}