{"rects": [[[745.7142857142857, 480.0, 4808.571428571428, 3732.8571428571427], ["window"]]], "width": 6000, "height": 4000, "tags": []}