{"rects": [[[1015.7142857142857, 98.57142857142857, 4671.428571428572, 3925.714285714286], ["window"]]], "width": 6000, "height": 4000, "tags": []}