{"rects": [[[874.2857142857142, 797.1428571428571, 5297.142857142857, 3651.428571428571], ["window"]]], "width": 6000, "height": 4000, "tags": []}