{"rects": [[[1294.2857142857142, 364.2857142857143, 5010.0, 3497.142857142857], ["window"]]], "width": 6000, "height": 4000, "tags": []}