{"rects": [[[372.85714285714283, 771.4285714285714, 5802.857142857143, 3184.285714285714], ["window"]]], "width": 6000, "height": 4000, "tags": []}