{"rects": [[[1178.5714285714284, 895.7142857142857, 2841.4285714285716, 3094.285714285714], ["window"]], [[3771.428571428571, 702.8571428571429, 5468.571428571428, 3141.4285714285716], ["window"]]], "width": 6000, "height": 4000, "tags": []}