{"rects": [[[638.5714285714286, 501.4285714285714, 5490.0, 3754.285714285714], ["window"]]], "width": 6000, "height": 4000, "tags": []}