{"rects": [[[1705.7142857142856, 702.8571428571429, 4800.0, 3231.4285714285716], ["window"]]], "width": 6000, "height": 4000, "tags": []}