{"rects": [[[934.2857142857142, 205.71428571428572, 5862.857142857143, 3270.0], ["window"]]], "width": 6000, "height": 4000, "tags": []}