{"rects": [[[1710.0, 42.857142857142854, 4401.428571428572, 4000], ["window"]]], "width": 6000, "height": 4000, "tags": []}