{"rects": [[[1105.7142857142858, 205.71428571428572, 5048.571428571428, 3467.142857142857], ["window"]]], "width": 6000, "height": 4000, "tags": []}