{"rects": [[[1024.2857142857142, 240.0, 5562.857142857143, 3955.714285714286], ["window"]]], "width": 6000, "height": 4000, "tags": []}