{"rects": [[[222.85714285714286, 137.14285714285714, 5858.571428571428, 3947.142857142857], ["window"]]], "width": 6000, "height": 4000, "tags": []}