{"rects": [[[1448.5714285714284, 822.8571428571429, 4804.285714285714, 3167.142857142857], ["window"]]], "width": 6000, "height": 4000, "tags": []}