{"rects": [[[968.5714285714286, 81.42857142857143, 4984.285714285714, 3630.0], ["window"]]], "width": 6000, "height": 4000, "tags": []}