{"rects": [[[1722.857142857143, 175.71428571428572, 4624.285714285714, 3762.8571428571427], ["window"]]], "width": 6000, "height": 4000, "tags": []}