{"rects": [[[441.4285714285714, 1122.857142857143, 5884.285714285714, 3077.142857142857], ["window"]]], "width": 6000, "height": 4000, "tags": []}