{"rects": [[[291.42857142857144, 805.7142857142857, 5824.285714285714, 3758.5714285714284], ["window"]]], "width": 6000, "height": 4000, "tags": []}