{"rects": [[[908.5714285714286, 600.0, 5112.857142857143, 3535.714285714286], ["window"]]], "width": 6000, "height": 4000, "tags": []}