{"rects": [[[132.85714285714286, 300.0, 5627.142857142857, 3964.285714285714], ["window"]]], "width": 6000, "height": 4000, "tags": []}