{"rects": [[[1105.7142857142858, 527.1428571428571, 4482.857142857143, 3514.285714285714], ["window"]]], "width": 6000, "height": 4000, "tags": []}