{"rects": [[[612.8571428571429, 685.7142857142857, 5391.428571428572, 3818.5714285714284], ["window"]]], "width": 6000, "height": 4000, "tags": []}