{"rects": [[[728.5714285714286, 227.14285714285714, 5275.714285714285, 3184.285714285714], ["window"]]], "width": 6000, "height": 4000, "tags": []}