{"rects": [[[681.4285714285714, 831.4285714285714, 5554.285714285714, 3291.4285714285716], ["window"]]], "width": 6000, "height": 4000, "tags": []}