{"rects": [[[420.0, 1182.857142857143, 5532.857142857143, 3514.285714285714], ["window"]]], "width": 6000, "height": 4000, "tags": []}