{"rects": [[[132.85714285714286, 972.8571428571428, 5704.285714285714, 3707.142857142857], ["window", "shop"]]], "width": 6000, "height": 4000, "tags": []}