{"rects": [[[1838.5714285714284, 437.1428571428571, 4127.142857142857, 3150.0], ["window"]]], "width": 6000, "height": 4000, "tags": []}