{"rects": [[[2061.4285714285716, 342.85714285714283, 4290.0, 3432.8571428571427], ["window"]]], "width": 6000, "height": 4000, "tags": []}