{"rects": [[[1020.0, 720.0, 2507.142857142857, 3334.285714285714], ["window"]], [[2952.8571428571427, 981.4285714285714, 4067.142857142857, 3184.285714285714], ["window"]], [[4170.0, 857.1428571428571, 4941.428571428572, 2897.142857142857], ["window"]]], "width": 6000, "height": 4000, "tags": []}