{"rects": [[[308.57142857142856, 754.2857142857142, 5790.0, 3355.714285714286], ["window"]]], "width": 6000, "height": 4000, "tags": []}