{"rects": [[[1620.0, 77.14285714285714, 5010.0, 3955.714285714286], ["window"]]], "width": 6000, "height": 4000, "tags": []}