{"rects": [[[1568.5714285714284, 544.2857142857142, 4770.0, 3852.8571428571427], ["window"]]], "width": 6000, "height": 4000, "tags": []}