{"rects": [[[1032.857142857143, 775.7142857142857, 5194.285714285714, 3278.5714285714284], ["window"]]], "width": 6000, "height": 4000, "tags": []}