{"rects": [[[4.285714285714286, 690.0, 5927.142857142857, 3102.8571428571427], ["window"]]], "width": 6000, "height": 4000, "tags": []}