{"rects": [[[175.71428571428572, 750.0, 5828.571428571428, 2948.5714285714284], ["window"]]], "width": 6000, "height": 4000, "tags": []}