{"rects": [[[1161.4285714285713, 407.1428571428571, 4950.0, 3664.285714285714], ["window"]]], "width": 6000, "height": 4000, "tags": []}