{"rects": [[[1362.857142857143, 55.714285714285715, 5190.0, 3938.5714285714284], ["window"]]], "width": 6000, "height": 4000, "tags": []}