{"rects": [[[1397.142857142857, 445.7142857142857, 4568.571428571428, 3317.142857142857], ["window"]]], "width": 6000, "height": 4000, "tags": []}