{"rects": [[[552.8571428571429, 188.57142857142856, 4937.142857142857, 3745.714285714286], ["window"]]], "width": 6000, "height": 4000, "tags": []}