{"rects": [[[1954.2857142857142, 124.28571428571428, 4212.857142857143, 3882.8571428571427], ["window"]]], "width": 6000, "height": 4000, "tags": []}