{"rects": [[[1290.0, 244.28571428571428, 4894.285714285714, 3638.5714285714284], ["window"]]], "width": 6000, "height": 4000, "tags": []}