{"rects": [[[432.85714285714283, 647.1428571428571, 5391.428571428572, 3681.428571428571], ["window"]]], "width": 6000, "height": 4000, "tags": []}