{"rects": [[[1761.4285714285713, 115.71428571428571, 5177.142857142857, 3578.5714285714284], ["window"]]], "width": 6000, "height": 4000, "tags": []}