{"rects": [[[1658.5714285714284, 428.57142857142856, 4804.285714285714, 3917.142857142857], ["window"]]], "width": 6000, "height": 4000, "tags": []}