{"rects": [[[1808.5714285714284, 347.1428571428571, 5027.142857142857, 3621.428571428571], ["window"]]], "width": 6000, "height": 4000, "tags": []}