{"rects": [[[248.57142857142856, 437.1428571428571, 5862.857142857143, 3818.5714285714284], ["window"]]], "width": 6000, "height": 4000, "tags": []}