{"rects": [[[1071.4285714285713, 120.0, 5464.285714285714, 3844.285714285714], ["window"]]], "width": 6000, "height": 4000, "tags": []}