{"rects": [[[372.85714285714283, 180.0, 5511.428571428572, 3934.285714285714], ["window"]]], "width": 6000, "height": 4000, "tags": []}