{"rects": [[[282.85714285714283, 17.142857142857142, 5670.0, 3938.5714285714284], ["window", "shop"]]], "width": 6000, "height": 4000, "tags": []}