{"rects": [[[141.42857142857142, 1315.7142857142858, 5892.857142857143, 3814.285714285714], ["window"]]], "width": 6000, "height": 4000, "tags": []}