{"rects": [[[334.2857142857143, 677.1428571428571, 5648.571428571428, 3737.142857142857], ["window"]]], "width": 6000, "height": 4000, "tags": []}