{"rects": [[[1705.7142857142856, 377.1428571428571, 5177.142857142857, 3518.5714285714284], ["window", "shop"]]], "width": 6000, "height": 4000, "tags": []}