{"rects": [[[175.71428571428572, 994.2857142857142, 5910.0, 3964.285714285714], ["window"]]], "width": 6000, "height": 4000, "tags": []}