{"rects": [[[2082.8571428571427, 107.14285714285714, 4191.428571428572, 3162.8571428571427], ["window"]]], "width": 6000, "height": 4000, "tags": []}