{"rects": [[[1401.4285714285713, 780.0, 4667.142857142857, 3510.0], ["window"]]], "width": 6000, "height": 4000, "tags": []}