{"rects": [[[278.57142857142856, 634.2857142857142, 5597.142857142857, 3424.285714285714], ["window"]]], "width": 6000, "height": 4000, "tags": []}