{"rects": [[[330.0, 655.7142857142857, 5965.714285714285, 3278.5714285714284], ["window", "shop"]]], "width": 6000, "height": 4000, "tags": []}