{"rects": [[[411.42857142857144, 818.5714285714286, 5755.714285714285, 3655.714285714286], ["window"]]], "width": 6000, "height": 4000, "tags": []}