{"rects": [[[1388.5714285714284, 184.28571428571428, 4967.142857142857, 3720.0], ["window"]]], "width": 6000, "height": 4000, "tags": []}