{"rects": [[[1791.4285714285713, 385.7142857142857, 4654.285714285714, 3874.285714285714], ["window"]]], "width": 6000, "height": 4000, "tags": []}