{"rects": [[[424.2857142857143, 878.5714285714286, 5884.285714285714, 3128.5714285714284], ["window"]]], "width": 6000, "height": 4000, "tags": []}