{"rects": [[[377.1428571428571, 947.1428571428571, 5451.428571428572, 3467.142857142857], ["window"]]], "width": 6000, "height": 4000, "tags": []}