{"rects": [[[167.14285714285714, 158.57142857142856, 5905.714285714285, 3848.5714285714284], ["window"]]], "width": 6000, "height": 4000, "tags": []}