{"rects": [[[158.57142857142856, 480.0, 5648.571428571428, 3900.0], ["window"]]], "width": 6000, "height": 4000, "tags": []}