{"rects": [[[201.42857142857142, 844.2857142857142, 5970.0, 3402.8571428571427], ["window"]]], "width": 6000, "height": 4000, "tags": []}