{"rects": [[[1058.5714285714284, 21.428571428571427, 4898.571428571428, 3985.714285714286], ["window"]]], "width": 6000, "height": 4000, "tags": []}