{"rects": [[[227.14285714285714, 287.1428571428571, 5931.428571428572, 3428.5714285714284], ["window"]]], "width": 6000, "height": 4000, "tags": []}