{"rects": [[[861.4285714285714, 570.0, 5485.714285714285, 2957.142857142857], ["window"]]], "width": 6000, "height": 4000, "tags": []}