{"rects": [[[1782.857142857143, 188.57142857142856, 5001.428571428572, 3600.0], ["window"]]], "width": 6000, "height": 4000, "tags": []}