{"rects": [[[930.0, 505.7142857142857, 5288.571428571428, 3484.285714285714], ["window"]]], "width": 6000, "height": 4000, "tags": []}