{"rects": [[[540.0, 210.0, 4821.428571428572, 3655.714285714286], ["window"]]], "width": 6000, "height": 4000, "tags": []}