{"rects": [[[1577.142857142857, 4.285714285714286, 4585.714285714285, 3930.0], ["window"]]], "width": 6000, "height": 4000, "tags": []}