{"rects": [[[55.714285714285715, 351.42857142857144, 5155.714285714285, 3702.8571428571427], ["window", "shop"]], [[5211.428571428572, 977.1428571428571, 5952.857142857143, 3690.0], ["door", "shop"]]], "width": 6000, "height": 4000, "tags": []}