{"rects": [[[638.5714285714286, 158.57142857142856, 5310.0, 3942.8571428571427], ["window"]]], "width": 6000, "height": 4000, "tags": []}