{"rects": [[[938.5714285714286, 167.14285714285714, 5250.0, 3304.285714285714], ["window"]]], "width": 6000, "height": 4000, "tags": []}