{"rects": [[[861.4285714285714, 505.7142857142857, 5657.142857142857, 3848.5714285714284], ["window"]]], "width": 6000, "height": 4000, "tags": []}