{"rects": [[[1654.2857142857142, 441.4285714285714, 4092.8571428571427, 3612.8571428571427], ["window"]], [[4444.285714285714, 450.0, 5562.857142857143, 3480.0], ["window"]]], "width": 6000, "height": 4000, "tags": []}