{"rects": [[[1345.7142857142858, 85.71428571428571, 4285.714285714285, 3810.0], ["window"]]], "width": 6000, "height": 4000, "tags": []}