{"rects": [[[1358.5714285714284, 304.2857142857143, 4152.857142857143, 3848.5714285714284], ["window"]], [[4234.285714285714, 287.1428571428571, 5567.142857142857, 3720.0], ["window"]]], "width": 6000, "height": 4000, "tags": []}