{"rects": [[[68.57142857142857, 574.2857142857142, 5880.0, 3454.285714285714], ["window"]]], "width": 6000, "height": 4000, "tags": []}