{"rects": [[[312.85714285714283, 90.0, 5768.571428571428, 3377.142857142857], ["window"]]], "width": 6000, "height": 4000, "tags": []}