{"rects": [[[1350.0, 574.2857142857142, 4907.142857142857, 3891.428571428571], ["window"]]], "width": 6000, "height": 4000, "tags": []}