{"rects": [[[1217.142857142857, 317.1428571428571, 4662.857142857143, 4000], ["window"]]], "width": 6000, "height": 4000, "tags": []}