{"rects": [[[2031.4285714285713, 308.57142857142856, 4512.857142857143, 3364.285714285714], ["window"]]], "width": 6000, "height": 4000, "tags": []}