{"rects": [[[617.1428571428571, 150.0, 5442.857142857143, 3874.285714285714], ["window"]]], "width": 6000, "height": 4000, "tags": []}