{"rects": [[[1620.0, 38.57142857142857, 5001.428571428572, 3840.0], ["window"]]], "width": 6000, "height": 4000, "tags": []}