{"rects": [[[64.28571428571428, 844.2857142857142, 5914.285714285714, 3801.428571428571], ["window"]]], "width": 6000, "height": 4000, "tags": []}