{"rects": [[[1478.5714285714284, 360.0, 5010.0, 3775.714285714286], ["window"]]], "width": 6000, "height": 4000, "tags": []}