{"rects": [[[514.2857142857142, 265.7142857142857, 5142.857142857143, 3582.8571428571427], ["window"]]], "width": 6000, "height": 4000, "tags": []}