{"rects": [[[561.4285714285714, 522.8571428571429, 5395.714285714285, 3514.285714285714], ["window"]]], "width": 6000, "height": 4000, "tags": []}