{"rects": [[[1332.857142857143, 132.85714285714286, 4384.285714285714, 3908.5714285714284], ["window"]]], "width": 6000, "height": 4000, "tags": []}