{"rects": [[[2048.5714285714284, 548.5714285714286, 4701.428571428572, 3745.714285714286], ["window"]]], "width": 6000, "height": 4000, "tags": []}