{"rects": [[[1135.7142857142858, 398.57142857142856, 5661.428571428572, 3930.0], ["window"]]], "width": 6000, "height": 4000, "tags": []}