{"rects": [[[1825.7142857142856, 175.71428571428572, 4435.714285714285, 3248.5714285714284], ["window"]]], "width": 6000, "height": 4000, "tags": []}