{"rects": [[[938.5714285714286, 210.0, 4834.285714285714, 3707.142857142857], ["window"]]], "width": 6000, "height": 4000, "tags": []}