{"rects": [[[368.57142857142856, 1277.142857142857, 1384.2857142857142, 2957.142857142857], ["window"]], [[1598.5714285714284, 732.8571428571429, 5022.857142857143, 3364.285714285714], ["window"]]], "width": 6000, "height": 4000, "tags": []}