{"rects": [[[771.4285714285714, 257.1428571428571, 4817.142857142857, 3818.5714285714284], ["window"]]], "width": 6000, "height": 4000, "tags": []}