{"rects": [[[1667.142857142857, 1457.142857142857, 3960.0, 3034.285714285714], ["window"]]], "width": 6000, "height": 4000, "tags": []}