{"rects": [[[561.4285714285714, 1024.2857142857142, 5897.142857142857, 3441.428571428571], ["window"]]], "width": 6000, "height": 4000, "tags": []}