{"rects": [[[621.4285714285714, 308.57142857142856, 5524.285714285714, 3968.5714285714284], ["window"]]], "width": 6000, "height": 4000, "tags": []}