{"rects": [[[1058.5714285714284, 505.7142857142857, 1988.5714285714284, 2652.8571428571427], ["window"]], [[2070.0, 891.4285714285714, 5087.142857142857, 2867.142857142857], ["window"]]], "width": 6000, "height": 4000, "tags": []}