{"rects": [[[98.57142857142857, 437.1428571428571, 5897.142857142857, 3848.5714285714284], ["window"]]], "width": 6000, "height": 4000, "tags": []}