{"rects": [[[1405.7142857142858, 548.5714285714286, 4397.142857142857, 3402.8571428571427], ["window"]]], "width": 6000, "height": 4000, "tags": []}