{"rects": [[[1924.2857142857142, 715.7142857142857, 4234.285714285714, 3030.0], ["window"]]], "width": 6000, "height": 4000, "tags": []}