{"rects": [[[1367.142857142857, 21.428571428571427, 4337.142857142857, 3994.285714285714], ["window"]]], "width": 6000, "height": 4000, "tags": []}