{"rects": [[[98.57142857142857, 728.5714285714286, 4980.0, 3295.714285714286], ["window"]]], "width": 6000, "height": 4000, "tags": []}