{"rects": [[[1002.8571428571428, 34.285714285714285, 5284.285714285714, 3934.285714285714], ["window"]]], "width": 6000, "height": 4000, "tags": []}