{"rects": [[[368.57142857142856, 458.57142857142856, 5344.285714285714, 3651.428571428571], ["window"]]], "width": 6000, "height": 4000, "tags": []}