{"rects": [[[681.4285714285714, 8.571428571428571, 5035.714285714285, 3784.285714285714], ["window"]]], "width": 6000, "height": 4000, "tags": []}