{"rects": [[[968.5714285714286, 197.14285714285714, 4992.857142857143, 3861.428571428571], ["window"]]], "width": 6000, "height": 4000, "tags": []}