{"rects": [[[252.85714285714286, 257.1428571428571, 5670.0, 3921.428571428571], ["window"]]], "width": 6000, "height": 4000, "tags": []}