{"rects": [[[248.57142857142856, 132.85714285714286, 5691.428571428572, 3942.8571428571427], ["shop", "window"]]], "width": 6000, "height": 4000, "tags": []}