{"rects": [[[102.85714285714286, 128.57142857142856, 5378.571428571428, 3904.285714285714], ["window", "shop"]]], "width": 6000, "height": 4000, "tags": []}