{"rects": [[[595.7142857142857, 355.7142857142857, 5588.571428571428, 3814.285714285714], ["window"]]], "width": 6000, "height": 4000, "tags": []}