{"rects": [[[638.5714285714286, 120.0, 5460.0, 3852.8571428571427], ["window"]]], "width": 6000, "height": 4000, "tags": []}