{"rects": [[[942.8571428571428, 8.571428571428571, 5048.571428571428, 3998.5714285714284], ["window"]]], "width": 6000, "height": 4000, "tags": []}