{"rects": [[[552.8571428571429, 664.2857142857142, 5652.857142857143, 3707.142857142857], ["window"]]], "width": 6000, "height": 4000, "tags": []}