{"rects": [[[274.2857142857143, 591.4285714285714, 5678.571428571428, 3900.0], ["window"]]], "width": 6000, "height": 4000, "tags": []}