{"rects": [[[338.57142857142856, 411.42857142857144, 5815.714285714285, 3780.0], ["window"]]], "width": 6000, "height": 4000, "tags": []}