{"rects": [[[1105.7142857142858, 154.28571428571428, 4838.571428571428, 3925.714285714286], ["window"]]], "width": 6000, "height": 4000, "tags": []}