{"rects": [[[630.0, 981.4285714285714, 5575.714285714285, 3248.5714285714284], ["window"]]], "width": 6000, "height": 4000, "tags": []}