{"rects": [[[407.1428571428571, 64.28571428571428, 5610.0, 3981.428571428571], ["window"]]], "width": 6000, "height": 4000, "tags": []}