{"rects": [[[115.71428571428571, 141.42857142857142, 5832.857142857143, 3870.0], ["window"]]], "width": 6000, "height": 4000, "tags": []}