{"rects": [[[582.8571428571429, 381.42857142857144, 5202.857142857143, 3630.0], ["window", "shop"]]], "width": 6000, "height": 4000, "tags": []}