{"rects": [[[1384.2857142857142, 132.85714285714286, 5065.714285714285, 3737.142857142857], ["window"]]], "width": 6000, "height": 4000, "tags": []}