{"rects": [[[1002.8571428571428, 235.7142857142857, 5515.714285714285, 3912.8571428571427], ["window"]]], "width": 6000, "height": 4000, "tags": []}