{"rects": [[[857.1428571428571, 107.14285714285714, 5657.142857142857, 3702.8571428571427], ["window"]]], "width": 6000, "height": 4000, "tags": []}