{"rects": [[[85.71428571428571, 531.4285714285714, 5935.714285714285, 3334.285714285714], ["window"]]], "width": 6000, "height": 4000, "tags": []}