{"rects": [[[1590.0, 398.57142857142856, 5168.571428571428, 3441.428571428571], ["window"]]], "width": 6000, "height": 4000, "tags": []}