{"rects": [[[1675.7142857142856, 432.85714285714283, 4435.714285714285, 3488.5714285714284], ["window"]]], "width": 6000, "height": 4000, "tags": []}