{"rects": [[[1782.857142857143, 441.4285714285714, 4341.428571428572, 3180.0], ["window"]]], "width": 6000, "height": 4000, "tags": []}