{"rects": [[[1080.0, 647.1428571428571, 5301.428571428572, 3291.4285714285716], ["window"]]], "width": 6000, "height": 4000, "tags": []}