{"rects": [[[300.0, 235.7142857142857, 5254.285714285714, 3917.142857142857], ["window"]]], "width": 6000, "height": 4000, "tags": []}