{"rects": [[[981.4285714285714, 402.85714285714283, 4864.285714285714, 3741.428571428571], ["window"]]], "width": 6000, "height": 4000, "tags": []}