{"rects": [[[475.7142857142857, 334.2857142857143, 5897.142857142857, 3865.714285714286], ["window"]]], "width": 6000, "height": 4000, "tags": []}