{"rects": [[[1290.0, 552.8571428571429, 4564.285714285714, 3818.5714285714284], ["window"]]], "width": 6000, "height": 4000, "tags": []}