{"rects": [[[270.0, 432.85714285714283, 5220.0, 3724.285714285714], ["window"]]], "width": 6000, "height": 4000, "tags": []}