{"rects": [[[510.0, 128.57142857142856, 5610.0, 3921.428571428571], ["window"]]], "width": 6000, "height": 4000, "tags": []}