{"rects": [[[407.1428571428571, 381.42857142857144, 5785.714285714285, 3651.428571428571], ["window"]]], "width": 6000, "height": 4000, "tags": []}