{"rects": [[[518.5714285714286, 424.2857142857143, 2288.5714285714284, 3758.5714285714284], ["window"]], [[2790.0, 291.42857142857144, 5867.142857142857, 3861.428571428571], ["window"]]], "width": 6000, "height": 4000, "tags": []}