{"rects": [[[767.1428571428571, 257.1428571428571, 4735.714285714285, 3287.142857142857], ["window"]]], "width": 6000, "height": 4000, "tags": []}