{"rects": [[[1684.2857142857142, 1127.142857142857, 4448.571428571428, 2940.0], ["window"]]], "width": 6000, "height": 4000, "tags": []}