{"rects": [[[304.2857142857143, 334.2857142857143, 5631.428571428572, 3925.714285714286], ["window"]]], "width": 6000, "height": 4000, "tags": []}