{"rects": [[[685.7142857142857, 231.42857142857142, 5584.285714285714, 3912.8571428571427], ["window"]]], "width": 6000, "height": 4000, "tags": []}