{"rects": [[[68.57142857142857, 985.7142857142857, 5854.285714285714, 3158.5714285714284], ["window"]]], "width": 6000, "height": 4000, "tags": []}