{"rects": [[[34.285714285714285, 904.2857142857142, 5940.0, 3908.5714285714284], ["window"]]], "width": 6000, "height": 4000, "tags": []}