{"rects": [[[471.4285714285714, 235.7142857142857, 5575.714285714285, 3642.8571428571427], ["window"]]], "width": 6000, "height": 4000, "tags": []}