{"rects": [[[621.4285714285714, 30.0, 5288.571428571428, 3891.428571428571], ["window"]]], "width": 6000, "height": 4000, "tags": []}