{"rects": [[[1131.4285714285713, 145.71428571428572, 4812.857142857143, 3762.8571428571427], ["window"]]], "width": 6000, "height": 4000, "tags": []}