{"rects": [[[1992.857142857143, 1457.142857142857, 5352.857142857143, 2922.8571428571427], ["window"]]], "width": 6000, "height": 4000, "tags": []}