{"rects": [[[115.71428571428571, 424.2857142857143, 5657.142857142857, 3775.714285714286], ["window"]]], "width": 6000, "height": 4000, "tags": []}