{"rects": [[[270.0, 454.2857142857143, 5691.428571428572, 3660.0], ["window"]]], "width": 6000, "height": 4000, "tags": []}