{"rects": [[[1435.7142857142858, 411.42857142857144, 4388.571428571428, 3295.714285714286], ["window"]]], "width": 6000, "height": 4000, "tags": []}