{"rects": [[[295.7142857142857, 55.714285714285715, 5845.714285714285, 3981.428571428571], ["window"]]], "width": 6000, "height": 4000, "tags": []}