{"rects": [[[1208.5714285714284, 355.7142857142857, 4714.285714285714, 3338.5714285714284], ["window"]]], "width": 6000, "height": 4000, "tags": []}