{"rects": [[[518.5714285714286, 685.7142857142857, 5798.571428571428, 3818.5714285714284], ["window"]]], "width": 6000, "height": 4000, "tags": []}