{"rects": [[[1440.0, 878.5714285714286, 4684.285714285714, 2970.0], ["window"]]], "width": 6000, "height": 4000, "tags": []}