{"rects": [[[497.1428571428571, 561.4285714285714, 5202.857142857143, 3694.285714285714], ["window"]]], "width": 6000, "height": 4000, "tags": []}