{"rects": [[[1054.2857142857142, 972.8571428571428, 4461.428571428572, 3210.0], ["window"]]], "width": 6000, "height": 4000, "tags": []}