{"rects": [[[120.0, 634.2857142857142, 5841.428571428572, 3565.714285714286], ["window"]]], "width": 6000, "height": 4000, "tags": []}