{"rects": [[[214.28571428571428, 595.7142857142857, 5961.428571428572, 3450.0], ["window"]]], "width": 6000, "height": 4000, "tags": []}