{"rects": [[[274.2857142857143, 124.28571428571428, 5824.285714285714, 3831.428571428571], ["window"]]], "width": 6000, "height": 4000, "tags": []}