{"rects": [[[574.2857142857142, 85.71428571428571, 5502.857142857143, 3930.0], ["window"]]], "width": 6000, "height": 4000, "tags": []}