{"rects": [[[887.1428571428571, 12.857142857142858, 5460.0, 3921.428571428571], ["window"]]], "width": 6000, "height": 4000, "tags": []}