{"rects": [[[372.85714285714283, 342.85714285714283, 5220.0, 3424.285714285714], ["window"]]], "width": 6000, "height": 4000, "tags": []}