{"rects": [[[25.714285714285715, 197.14285714285714, 5790.0, 3831.428571428571], ["facade"]]], "width": 6000, "height": 4000, "tags": []}