{"rects": [[[964.2857142857142, 677.1428571428571, 5314.285714285714, 3394.285714285714], ["window"]]], "width": 6000, "height": 4000, "tags": []}