{"rects": [[[1037.142857142857, 531.4285714285714, 4812.857142857143, 3917.142857142857], ["window", "shop"]]], "width": 6000, "height": 4000, "tags": []}