{"rects": [[[402.85714285714283, 162.85714285714286, 5511.428571428572, 3912.8571428571427], ["window"]]], "width": 6000, "height": 4000, "tags": []}