{"rects": [[[270.0, 741.4285714285714, 5880.0, 3565.714285714286], ["window"]]], "width": 6000, "height": 4000, "tags": []}