{"rects": [[[1247.142857142857, 270.0, 4662.857142857143, 3934.285714285714], ["window"]]], "width": 6000, "height": 4000, "tags": []}