{"rects": [[[235.7142857142857, 115.71428571428571, 5892.857142857143, 3891.428571428571], ["window"]]], "width": 6000, "height": 4000, "tags": []}