{"rects": [[[1950.0, 930.0, 4105.714285714285, 3072.8571428571427], ["window"]]], "width": 6000, "height": 4000, "tags": []}