{"rects": [[[625.7142857142857, 90.0, 5370.0, 3917.142857142857], ["window"]]], "width": 6000, "height": 4000, "tags": []}