{"rects": [[[1320.0, 471.4285714285714, 5142.857142857143, 3424.285714285714], ["window"]], [[30.0, 1251.4285714285713, 822.8571428571429, 3437.142857142857], ["window"]]], "width": 6000, "height": 4000, "tags": []}