{"rects": [[[180.0, 85.71428571428571, 5597.142857142857, 3407.142857142857], ["window"]]], "width": 6000, "height": 4000, "tags": []}