{"rects": [[[1487.142857142857, 458.57142857142856, 4422.857142857143, 3325.714285714286], ["window"]]], "width": 6000, "height": 4000, "tags": []}