{"rects": [[[85.71428571428571, 625.7142857142857, 5935.714285714285, 3754.285714285714], ["window"]]], "width": 6000, "height": 4000, "tags": []}