{"rects": [[[325.7142857142857, 364.2857142857143, 5910.0, 4000], ["facade"]]], "width": 6000, "height": 4000, "tags": []}