{"rects": [[[1504.2857142857142, 518.5714285714286, 4457.142857142857, 3244.285714285714], ["window"]], [[4705.714285714285, 664.2857142857142, 5948.571428571428, 2614.285714285714], ["window"]]], "width": 6000, "height": 4000, "tags": []}