{"rects": [[[1212.857142857143, 8.571428571428571, 5018.571428571428, 3908.5714285714284], ["window"]]], "width": 6000, "height": 4000, "tags": []}