{"rects": [[[124.28571428571428, 201.42857142857142, 5862.857142857143, 3364.285714285714], ["window"]]], "width": 6000, "height": 4000, "tags": []}