{"rects": [[[1542.857142857143, 685.7142857142857, 5305.714285714285, 3720.0], ["window"]]], "width": 6000, "height": 4000, "tags": []}