{"rects": [[[445.7142857142857, 445.7142857142857, 5841.428571428572, 3741.428571428571], ["window", "shop"]]], "width": 6000, "height": 4000, "tags": []}