{"rects": [[[377.1428571428571, 248.57142857142856, 5635.714285714285, 3462.8571428571427], ["window"]]], "width": 6000, "height": 4000, "tags": []}