{"rects": [[[865.7142857142857, 180.0, 5550.0, 3861.428571428571], ["window"]]], "width": 6000, "height": 4000, "tags": []}