{"rects": [[[1242.857142857143, 72.85714285714286, 4748.571428571428, 3951.428571428571], ["window"]]], "width": 6000, "height": 4000, "tags": []}