{"rects": [[[1101.4285714285713, 55.714285714285715, 5117.142857142857, 3968.5714285714284], ["window"]]], "width": 6000, "height": 4000, "tags": []}