{"rects": [[[1435.7142857142858, 985.7142857142857, 4615.714285714285, 3257.142857142857], ["window"]]], "width": 6000, "height": 4000, "tags": []}