{"rects": [[[480.0, 244.28571428571428, 5507.142857142857, 3552.8571428571427], ["window"]]], "width": 6000, "height": 4000, "tags": []}