{"rects": [[[758.5714285714286, 77.14285714285714, 4842.857142857143, 3925.714285714286], ["shop", "door"]]], "width": 6000, "height": 4000, "tags": []}