{"rects": [[[205.71428571428572, 561.4285714285714, 5935.714285714285, 3728.5714285714284], ["window", "shop"]]], "width": 6000, "height": 4000, "tags": []}