{"rects": [[[64.28571428571428, 42.857142857142854, 5837.142857142857, 3964.285714285714], ["window"]]], "width": 6000, "height": 4000, "tags": []}