{"rects": [[[818.5714285714286, 141.42857142857142, 5802.857142857143, 3870.0], ["window", "shop"]]], "width": 6000, "height": 4000, "tags": []}