{"rects": [[[1795.7142857142856, 1401.4285714285713, 4598.571428571428, 3741.428571428571], ["door", "shop"]]], "width": 6000, "height": 4000, "tags": []}