{"rects": [[[175.71428571428572, 681.4285714285714, 5747.142857142857, 3291.4285714285716], ["window"]]], "width": 6000, "height": 4000, "tags": []}