{"rects": [[[257.1428571428571, 1131.4285714285713, 5760.0, 3561.428571428571], ["window"]]], "width": 6000, "height": 4000, "tags": []}