{"rects": [[[312.85714285714283, 210.0, 5730.0, 3767.142857142857], ["window"]]], "width": 6000, "height": 4000, "tags": []}