{"rects": [[[1092.857142857143, 501.4285714285714, 5001.428571428572, 3180.0], ["window"]]], "width": 6000, "height": 4000, "tags": []}