{"rects": [[[368.57142857142856, 192.85714285714286, 5760.0, 3857.142857142857], ["window", "shop"]]], "width": 6000, "height": 4000, "tags": []}