{"rects": [[[1101.4285714285713, 171.42857142857142, 5091.428571428572, 3844.285714285714], ["window"]]], "width": 6000, "height": 4000, "tags": []}