{"rects": [[[458.57142857142856, 402.85714285714283, 5340.0, 3608.5714285714284], ["window"]]], "width": 6000, "height": 4000, "tags": []}