{"rects": [[[1641.4285714285713, 25.714285714285715, 5155.714285714285, 3990.0], ["window"]]], "width": 6000, "height": 4000, "tags": []}