{"rects": [[[1662.857142857143, 265.7142857142857, 4744.285714285714, 3758.5714285714284], ["window"]]], "width": 6000, "height": 4000, "tags": []}