{"rects": [[[2237.142857142857, 364.2857142857143, 5730.0, 3334.285714285714], ["window"]]], "width": 6000, "height": 4000, "tags": []}