{"rects": [[[895.7142857142857, 132.85714285714286, 5061.428571428572, 3925.714285714286], ["window"]]], "width": 6000, "height": 4000, "tags": []}