{"rects": [[[192.85714285714286, 677.1428571428571, 5554.285714285714, 3891.428571428571], ["window"]]], "width": 6000, "height": 4000, "tags": []}