{"rects": [[[1435.7142857142858, 510.0, 4705.714285714285, 3840.0], ["window"]]], "width": 6000, "height": 4000, "tags": []}