{"rects": [[[814.2857142857142, 1474.2857142857142, 4950.0, 3102.8571428571427], ["window"]]], "width": 6000, "height": 4000, "tags": []}