{"rects": [[[1105.7142857142858, 407.1428571428571, 4598.571428571428, 3565.714285714286], ["window"]]], "width": 6000, "height": 4000, "tags": []}