{"rects": [[[120.0, 312.85714285714283, 5811.428571428572, 3942.8571428571427], ["window", "shop"]]], "width": 6000, "height": 4000, "tags": []}