{"rects": [[[1247.142857142857, 312.85714285714283, 4290.0, 3762.8571428571427], ["window"]]], "width": 6000, "height": 4000, "tags": []}