{"rects": [[[1015.7142857142857, 42.857142857142854, 5220.0, 3818.5714285714284], ["window"]]], "width": 6000, "height": 4000, "tags": []}