{"rects": [[[1474.2857142857142, 55.714285714285715, 5087.142857142857, 3788.5714285714284], ["window"]]], "width": 6000, "height": 4000, "tags": []}