{"rects": [[[1491.4285714285713, 51.42857142857143, 4422.857142857143, 3904.285714285714], ["window"]]], "width": 6000, "height": 4000, "tags": []}