{"rects": [[[1084.2857142857142, 527.1428571428571, 4774.285714285714, 3775.714285714286], ["window", "shop"]]], "width": 6000, "height": 4000, "tags": []}