{"rects": [[[595.7142857142857, 612.8571428571429, 5687.142857142857, 3574.285714285714], ["window"]]], "width": 6000, "height": 4000, "tags": []}