{"rects": [[[107.14285714285714, 12.857142857142858, 5901.428571428572, 3801.428571428571], ["window"]]], "width": 6000, "height": 4000, "tags": []}