{"rects": [[[128.57142857142856, 805.7142857142857, 5944.285714285714, 3582.8571428571427], ["window"]]], "width": 6000, "height": 4000, "tags": []}