{"rects": [[[1182.857142857143, 145.71428571428572, 4157.142857142857, 3947.142857142857], ["window", "shop"]]], "width": 6000, "height": 4000, "tags": []}