{"rects": [[[1774.2857142857142, 432.85714285714283, 4838.571428571428, 3548.5714285714284], ["window"]]], "width": 6000, "height": 4000, "tags": []}