{"rects": [[[754.2857142857142, 458.57142857142856, 5447.142857142857, 3424.285714285714], ["window"]]], "width": 6000, "height": 4000, "tags": []}