{"rects": [[[904.2857142857142, 94.28571428571428, 5155.714285714285, 3471.428571428571], ["window"]]], "width": 6000, "height": 4000, "tags": []}