{"rects": [[[180.0, 668.5714285714286, 5627.142857142857, 3754.285714285714], ["window"]]], "width": 6000, "height": 4000, "tags": []}