{"rects": [[[1358.5714285714284, 411.42857142857144, 4534.285714285714, 3467.142857142857], ["window"]]], "width": 6000, "height": 4000, "tags": []}