{"rects": [[[848.5714285714286, 1071.4285714285713, 5408.571428571428, 3797.142857142857], ["window"]]], "width": 6000, "height": 4000, "tags": []}