{"rects": [[[540.0, 518.5714285714286, 5644.285714285714, 3891.428571428571], ["window"]]], "width": 6000, "height": 4000, "tags": []}