{"rects": [[[1131.4285714285713, 852.8571428571428, 4770.0, 3312.8571428571427], ["window"]]], "width": 6000, "height": 4000, "tags": []}