{"rects": [[[964.2857142857142, 4.285714285714286, 5982.857142857143, 3090.0], ["facade"]]], "width": 6000, "height": 4000, "tags": []}