{"rects": [[[240.0, 480.0, 5528.571428571428, 3852.8571428571427], ["window"]]], "width": 6000, "height": 4000, "tags": []}