{"rects": [[[300.0, 368.57142857142856, 5640.0, 3895.714285714286], ["window"]]], "width": 6000, "height": 4000, "tags": []}