{"rects": [[[1281.4285714285713, 128.57142857142856, 5018.571428571428, 3874.285714285714], ["window"]]], "width": 6000, "height": 4000, "tags": []}