{"rects": [[[1851.4285714285713, 540.0, 4062.8571428571427, 3535.714285714286], ["window"]]], "width": 6000, "height": 4000, "tags": []}