{"rects": [[[758.5714285714286, 162.85714285714286, 5001.428571428572, 3998.5714285714284], ["window"]]], "width": 6000, "height": 4000, "tags": []}