{"rects": [[[638.5714285714286, 244.28571428571428, 5571.428571428572, 3968.5714285714284], ["window"]]], "width": 6000, "height": 4000, "tags": []}