{"rects": [[[141.42857142857142, 1354.2857142857142, 5952.857142857143, 3467.142857142857], ["window"]]], "width": 6000, "height": 4000, "tags": []}