{"rects": [[[1320.0, 158.57142857142856, 4812.857142857143, 3591.428571428571], ["window"]]], "width": 6000, "height": 4000, "tags": []}