{"rects": [[[938.5714285714286, 252.85714285714286, 5502.857142857143, 3655.714285714286], ["window"]]], "width": 6000, "height": 4000, "tags": []}