{"rects": [[[1092.857142857143, 501.4285714285714, 4752.857142857143, 3587.142857142857], ["window"]]], "width": 6000, "height": 4000, "tags": []}