{"rects": [[[197.14285714285714, 1032.857142857143, 5910.0, 3227.142857142857], ["window"]]], "width": 6000, "height": 4000, "tags": []}