{"rects": [[[634.2857142857142, 462.85714285714283, 4954.285714285714, 3720.0], ["window"]]], "width": 6000, "height": 4000, "tags": []}