{"rects": [[[1217.142857142857, 724.2857142857142, 4547.142857142857, 3685.714285714286], ["window"]]], "width": 6000, "height": 4000, "tags": []}