{"rects": [[[1555.7142857142858, 201.42857142857142, 5280.0, 3724.285714285714], ["window"]]], "width": 6000, "height": 4000, "tags": []}