{"rects": [[[124.28571428571428, 295.7142857142857, 5442.857142857143, 3582.8571428571427], ["window"]]], "width": 6000, "height": 4000, "tags": []}