{"rects": [[[895.7142857142857, 1101.4285714285713, 4847.142857142857, 3741.428571428571], ["window"]]], "width": 6000, "height": 4000, "tags": []}