{"rects": [[[1337.142857142857, 994.2857142857142, 4645.714285714285, 2798.5714285714284], ["window"]]], "width": 6000, "height": 4000, "tags": []}