{"rects": [[[424.2857142857143, 424.2857142857143, 5927.142857142857, 3227.142857142857], ["window"]]], "width": 6000, "height": 4000, "tags": []}