{"rects": [[[1114.2857142857142, 634.2857142857142, 5001.428571428572, 3287.142857142857], ["window"]]], "width": 6000, "height": 4000, "tags": []}