{"rects": [[[1984.2857142857142, 0, 4915.714285714285, 3840.0], ["window"]]], "width": 6000, "height": 4000, "tags": []}