{"rects": [[[295.7142857142857, 21.428571428571427, 5541.428571428572, 3921.428571428571], ["window"]]], "width": 6000, "height": 4000, "tags": []}