{"rects": [[[655.7142857142857, 60.0, 5447.142857142857, 3805.714285714286], ["window", "shop"]]], "width": 6000, "height": 4000, "tags": []}