{"rects": [[[728.5714285714286, 368.57142857142856, 5832.857142857143, 3930.0], ["window"]]], "width": 6000, "height": 4000, "tags": []}