{"rects": [[[1478.5714285714284, 47.14285714285714, 5040.0, 3942.8571428571427], ["window"]]], "width": 6000, "height": 4000, "tags": []}