{"rects": [[[545.6228571428571, 575.6571428571428, 6457.371428571428, 4134.719999999999], ["window"]]], "width": 7008, "height": 4672, "tags": []}