{"rects": [[[1076.2285714285713, 485.5542857142857, 5511.291428571428, 4369.988571428571], ["window"]]], "width": 7008, "height": 4672, "tags": []}