{"rects": [[[1021.1657142857142, 715.8171428571428, 6157.028571428571, 4415.04], ["window", "shop"]]], "width": 7008, "height": 4672, "tags": []}