{"rects": [[[540.6171428571428, 340.3885714285714, 6832.799999999999, 4595.245714285714], ["window"]]], "width": 7008, "height": 4672, "tags": []}