{"rects": [[[891.0171428571427, 10.01142857142857, 6247.131428571428, 4635.291428571428], ["window"]]], "width": 7008, "height": 4672, "tags": []}