{"rects": [[[810.9257142857142, 160.18285714285713, 6482.4, 4545.188571428571], ["window"]]], "width": 7008, "height": 4672, "tags": []}