{"rects": [[[70.08, 655.7485714285714, 6732.685714285713, 4430.057142857143], ["window"]]], "width": 7008, "height": 4672, "tags": []}