{"rects": [[[675.7714285714285, 135.1542857142857, 5931.771428571428, 4520.16], ["window"]]], "width": 7008, "height": 4672, "tags": []}