{"rects": [[[2292.617142857143, 575.6571428571428, 5546.331428571428, 3744.2742857142853], ["window"]]], "width": 7008, "height": 4672, "tags": []}