{"rects": [[[1156.32, 470.53714285714284, 5766.5828571428565, 4014.582857142857], ["window"]]], "width": 7008, "height": 4672, "tags": []}