{"rects": [[[345.3942857142857, 20.02285714285714, 6952.937142857142, 4560.205714285714], ["window"]]], "width": 7008, "height": 4672, "tags": []}