{"rects": [[[45.051428571428566, 375.4285714285714, 6982.971428571428, 4159.748571428571], ["window", "shop"]]], "width": 7008, "height": 4672, "tags": []}