{"rects": [[[330.3771428571428, 820.9371428571428, 6637.5771428571425, 4415.04], ["window"]]], "width": 7008, "height": 4672, "tags": []}