{"rects": [[[1036.182857142857, 0, 6577.508571428571, 4490.125714285714], ["window"]]], "width": 7008, "height": 4672, "tags": []}