{"rects": [[[1261.4399999999998, 20.02285714285714, 6977.965714285714, 4369.988571428571], ["window"]]], "width": 7008, "height": 4672, "tags": []}