{"rects": [[[135.1542857142857, 375.4285714285714, 6552.48, 4224.822857142857], ["window"]]], "width": 7008, "height": 4672, "tags": []}