{"rects": [[[120.13714285714285, 896.0228571428571, 6707.657142857142, 4254.857142857142], ["window"]]], "width": 7008, "height": 4672, "tags": []}