{"rects": [[[265.30285714285714, 1421.6228571428571, 6952.937142857142, 4124.708571428571], ["window", "shop"]]], "width": 7008, "height": 4672, "tags": []}