{"rects": [[[85.09714285714286, 860.982857142857, 6827.794285714285, 4415.04], ["window"]]], "width": 7008, "height": 4672, "tags": []}