{"rects": [[[1481.6914285714286, 130.14857142857142, 5451.222857142857, 4590.24], ["window"]]], "width": 7008, "height": 4672, "tags": []}