{"rects": [[[150.17142857142855, 70.08, 6782.742857142856, 4455.085714285714], ["window"]]], "width": 7008, "height": 4672, "tags": []}