{"rects": [[[570.6514285714285, 90.10285714285713, 6287.177142857143, 4505.142857142857], ["window"]]], "width": 7008, "height": 4672, "tags": []}