{"rects": [[[175.2, 1001.1428571428571, 6292.182857142857, 3669.1885714285713], ["window"]]], "width": 7008, "height": 4672, "tags": []}