{"rects": [[[971.1085714285714, 300.3428571428571, 6427.337142857143, 4515.154285714285], ["window"]]], "width": 7008, "height": 4672, "tags": []}