{"rects": [[[1341.5314285714285, 700.8, 5896.731428571428, 4074.6514285714284], ["window"]]], "width": 7008, "height": 4672, "tags": []}