{"rects": [[[30.034285714285712, 1126.2857142857142, 6997.988571428571, 4324.937142857142], ["window"]]], "width": 7008, "height": 4672, "tags": []}