{"rects": [[[1576.8, 30.034285714285712, 5911.748571428571, 4605.257142857143], ["window"]]], "width": 7008, "height": 4672, "tags": []}