{"rects": [[[775.8857142857142, 315.35999999999996, 6837.805714285714, 4344.96], ["window", "shop"]]], "width": 7008, "height": 4672, "tags": []}