{"rects": [[[345.3942857142857, 260.29714285714283, 6942.925714285714, 4124.708571428571], ["window"]]], "width": 7008, "height": 4672, "tags": []}