{"rects": [[[1591.8171428571427, 20.02285714285714, 6562.4914285714285, 4600.251428571428], ["window"]]], "width": 7008, "height": 4672, "tags": []}