{"rects": [[[2172.48, 230.26285714285711, 5421.188571428571, 4670.331428571429], ["window"]]], "width": 7008, "height": 4672, "tags": []}