{"rects": [[[941.0742857142857, 415.47428571428566, 6147.017142857142, 4610.262857142857], ["window"]]], "width": 7008, "height": 4672, "tags": []}