{"rects": [[[1506.7199999999998, 750.8571428571428, 5666.468571428571, 4284.891428571428], ["window"]]], "width": 7008, "height": 4672, "tags": []}