{"rects": [[[790.9028571428571, 275.3142857142857, 6742.697142857142, 4450.08], ["window"]]], "width": 7008, "height": 4672, "tags": []}