{"rects": [[[1421.6228571428571, 565.6457142857142, 5210.948571428571, 4400.022857142857], ["window"]]], "width": 7008, "height": 4672, "tags": []}