{"rects": [[[185.21142857142857, 1141.302857142857, 6947.931428571428, 4334.948571428571], ["window"]]], "width": 7008, "height": 4672, "tags": []}