{"rects": [[[1251.4285714285713, 115.13142857142856, 5801.622857142856, 4655.314285714286], ["window"]]], "width": 7008, "height": 4672, "tags": []}