{"rects": [[[1631.862857142857, 695.7942857142857, 5801.622857142856, 4074.6514285714284], ["window"]]], "width": 7008, "height": 4672, "tags": []}