{"rects": [[[260.29714285714283, 875.9999999999999, 6121.988571428571, 4314.925714285714], ["window"]]], "width": 7008, "height": 4672, "tags": []}