{"rects": [[[250.28571428571428, 480.5485714285714, 6702.651428571428, 4344.96], ["window"]]], "width": 7008, "height": 4672, "tags": []}