{"rects": [[[2472.822857142857, 490.55999999999995, 5956.799999999999, 4500.137142857143], ["window"]], [[535.6114285714285, 1121.28, 2267.5885714285714, 4520.16], ["window"]]], "width": 7008, "height": 4672, "tags": []}