{"rects": [[[580.6628571428571, 921.0514285714285, 6757.714285714285, 4349.965714285714], ["window"]]], "width": 7008, "height": 4672, "tags": []}