{"rects": [[[996.1371428571427, 165.1885714285714, 6482.4, 4450.08], ["window"]]], "width": 7008, "height": 4672, "tags": []}