{"rects": [[[390.44571428571425, 840.9599999999999, 6717.668571428571, 4159.748571428571], ["window"]]], "width": 7008, "height": 4672, "tags": []}