{"rects": [[[1171.3371428571427, 380.4342857142857, 5556.342857142857, 4515.154285714285], ["window"]]], "width": 7008, "height": 4672, "tags": []}