{"rects": [[[1071.222857142857, 270.3085714285714, 6337.234285714285, 4209.805714285714], ["window"]]], "width": 7008, "height": 4672, "tags": []}