{"rects": [[[210.23999999999998, 370.42285714285714, 6962.948571428571, 4274.88], ["window"]]], "width": 7008, "height": 4672, "tags": []}