{"rects": [[[1216.3885714285714, 380.4342857142857, 6121.988571428571, 4545.188571428571], ["window"]]], "width": 7008, "height": 4672, "tags": []}