{"rects": [[[30.034285714285712, 180.20571428571427, 6992.982857142857, 4672], ["facade"]]], "width": 7008, "height": 4672, "tags": []}