{"rects": [[[385.44, 745.8514285714285, 6972.959999999999, 4174.765714285714], ["window"]]], "width": 7008, "height": 4672, "tags": []}