{"rects": [[[615.702857142857, 65.07428571428571, 6737.691428571428, 4510.148571428571], ["window"]]], "width": 7008, "height": 4672, "tags": []}