{"rects": [[[1842.102857142857, 55.06285714285714, 5976.822857142856, 4530.171428571428], ["window"]]], "width": 7008, "height": 4672, "tags": []}