{"rects": [[[1021.1657142857142, 530.6057142857143, 6051.908571428571, 4555.2], ["window"]]], "width": 7008, "height": 4672, "tags": []}