{"rects": [[[265.30285714285714, 405.4628571428571, 6857.828571428571, 4329.942857142857], ["window"]]], "width": 7008, "height": 4672, "tags": []}