{"rects": [[[325.37142857142857, 180.20571428571427, 6902.879999999999, 3994.5599999999995], ["window"]]], "width": 7008, "height": 4672, "tags": []}