{"rects": [[[916.0457142857142, 265.30285714285714, 5606.4, 4550.194285714286], ["window"]]], "width": 7008, "height": 4672, "tags": []}