{"rects": [[[560.64, 50.05714285714285, 6397.302857142857, 4405.028571428571], ["window"]]], "width": 7008, "height": 4672, "tags": []}