{"rects": [[[1091.2457142857143, 0, 6747.702857142856, 4625.28], ["window"]]], "width": 7008, "height": 4672, "tags": []}