{"rects": [[[5.005714285714285, 295.33714285714285, 6592.525714285714, 4410.034285714285], ["window"]]], "width": 7008, "height": 4672, "tags": []}