{"rects": [[[966.102857142857, 50.05714285714285, 5866.697142857142, 4465.097142857143], ["window"]]], "width": 7008, "height": 4672, "tags": []}