{"rects": [[[360.41142857142853, 650.7428571428571, 6782.742857142856, 4530.171428571428], ["window", "shop"]]], "width": 7008, "height": 4672, "tags": []}