{"rects": [[[975.28, 712.48, 4105.5199999999995, 6400.639999999999], ["window"]]], "width": 4672, "height": 7008, "tags": []}