{"rects": [[[974.2080000000001, 1271.424, 4061.952, 8173.4400000000005], ["window"]]], "width": 5504, "height": 8256, "tags": []}