{"rects": [[[1436.544, 2815.2960000000003, 4111.488, 6134.2080000000005], ["window"]], [[1940.16, 24.768, 3772.992, 2658.4320000000002], ["window"]]], "width": 5504, "height": 8256, "tags": []}