{"rects": [[[346.752, 1733.76, 5292.0960000000005, 8173.4400000000005], ["window"]]], "width": 5504, "height": 8256, "tags": []}