{"rects": [[[445.824, 1535.616, 4838.0160000000005, 6505.728], ["window"]], [[1329.2160000000001, 0, 4425.216, 2518.08], ["window"]]], "width": 5504, "height": 8256, "tags": []}