{"rects": [[[2881.344, 1139.328, 5366.400000000001, 4408.704], ["window"]], [[288.96000000000004, 676.992, 2319.936, 4276.608], ["window"]]], "width": 8256, "height": 5504, "tags": []}