{"rects": [[[66.048, 891.648, 2377.728, 4416.96], ["window"]], [[2732.736, 1048.512, 6365.376, 5300.352], ["window"]], [[6134.2080000000005, 718.272, 7801.92, 2815.2960000000003], ["window"]]], "width": 8256, "height": 5504, "tags": []}