{"rects": [[[107.328, 1824.576, 3129.024, 3872.0640000000003], ["window"]], [[2947.3920000000003, 1766.784, 7273.536, 4276.608], ["window"]], [[107.328, 24.768, 2097.024, 1692.48], ["window"]], [[2204.352, 57.792, 4086.7200000000003, 1527.3600000000001], ["window"]], [[4152.768, 0, 7620.2880000000005, 1502.592], ["window"]]], "width": 8256, "height": 5504, "tags": []}