{"rects": [[[2385.984, 1420.0320000000002, 5638.848, 5060.928], ["window"]], [[5506.752, 57.792, 7215.744000000001, 2972.16], ["window"]]], "width": 8256, "height": 5504, "tags": []}