{"rects": [[[1197.1200000000001, 1923.6480000000001, 3814.272, 7141.4400000000005], ["window"]]], "width": 5504, "height": 8256, "tags": []}