{"rects": [[[1213.632, 2072.256, 4037.184, 6835.968], ["window"]], [[1725.5040000000001, 0, 4004.1600000000003, 2666.688], ["window"]]], "width": 5504, "height": 8256, "tags": []}