{"rects": [[[3062.976, 1502.592, 6926.784000000001, 4004.1600000000003], ["window"]], [[478.848, 1626.432, 2831.808, 4053.696], ["window"]]], "width": 8256, "height": 5504, "tags": []}