{"rects": [[[3195.072, 1461.3120000000001, 7455.168000000001, 5226.048], ["window"]]], "width": 8256, "height": 5504, "tags": []}