{"rects": [[[2707.968, 1287.9360000000001, 8247.744, 4251.84], ["window"]], [[1213.632, 1502.592, 2683.2000000000003, 4383.936], ["window"]]], "width": 8256, "height": 5504, "tags": []}