{"rects": [[[1114.56, 2716.224, 4260.0960000000005, 7182.72], ["window"]], [[1461.3120000000001, 107.328, 4086.7200000000003, 2633.664], ["window"]]], "width": 5504, "height": 8256, "tags": []}