{"rects": [[[1857.6000000000001, 3013.44, 3583.1040000000003, 5531.52], ["window"]], [[1898.88, 396.288, 3500.544, 2485.056], ["window"]], [[198.144, 635.712, 1766.784, 2807.04], ["window"]]], "width": 5504, "height": 8256, "tags": []}