{"rects": [[[1048.512, 2154.8160000000003, 4284.8640000000005, 6868.992], ["window"]]], "width": 5504, "height": 8256, "tags": []}