{"rects": [[[1023.744, 1221.888, 4260.0960000000005, 7768.896000000001], ["window"]]], "width": 5504, "height": 8256, "tags": []}