{"rects": [[[1122.816, 1634.688, 4359.168, 6720.384], ["window"]], [[1659.4560000000001, 33.024, 3995.904, 2286.9120000000003], ["window"]]], "width": 5504, "height": 8256, "tags": []}