{"rects": [[[577.9200000000001, 1279.68, 5003.136, 8173.4400000000005], ["window"]]], "width": 5504, "height": 8256, "tags": []}