{"rects": [[[421.05600000000004, 850.368, 5209.536, 7215.744000000001], ["window", "shop"]]], "width": 5504, "height": 8256, "tags": []}