{"rects": [[[1180.608, 2072.256, 4375.68, 5927.808], ["window"]], [[1593.4080000000001, 421.05600000000004, 4103.232, 2873.088], ["window"]]], "width": 5504, "height": 8256, "tags": []}