{"rects": [[[1296.192, 2551.1040000000003, 4004.1600000000003, 5944.32], ["window"]], [[1667.712, 165.12, 3607.8720000000003, 2130.0480000000002], ["window"]]], "width": 5504, "height": 8256, "tags": []}