{"rects": [[[1618.176, 2864.832, 3632.6400000000003, 5696.64], ["window"]], [[1816.3200000000002, 189.888, 3492.288, 2608.896], ["window"]]], "width": 5504, "height": 8256, "tags": []}