{"rects": [[[2691.456, 1122.816, 5457.216, 4557.312], ["window"]], [[0, 1816.3200000000002, 1931.904, 3979.3920000000003], ["window"]]], "width": 8256, "height": 5504, "tags": []}