{"rects": [[[668.736, 577.9200000000001, 4516.032, 7983.552000000001], ["window"]]], "width": 5504, "height": 8256, "tags": []}