{"rects": [[[1725.5040000000001, 454.08000000000004, 6811.2, 4078.464], ["window"]]], "width": 8256, "height": 5504, "tags": []}