{"rects": [[[2906.112, 627.456, 5473.728, 4804.992], ["window"]], [[5572.8, 932.928, 8222.976, 4656.384], ["window"]], [[776.0640000000001, 850.368, 2947.3920000000003, 4689.408], ["window"]]], "width": 8256, "height": 5504, "tags": []}