{"rects": [[[2840.0640000000003, 1387.008, 5366.400000000001, 3863.808], ["window"]], [[511.872, 404.544, 2030.976, 3847.2960000000003], ["window"]]], "width": 8256, "height": 5504, "tags": []}