{"rects": [[[767.808, 1841.088, 4788.4800000000005, 7356.0960000000005], ["window"]]], "width": 5504, "height": 8256, "tags": []}