{"rects": [[[338.496, 189.888, 5292.0960000000005, 8148.6720000000005], ["window"]]], "width": 5504, "height": 8256, "tags": []}