{"rects": [[[1816.3200000000002, 1254.912, 6505.728, 5292.0960000000005], ["window"]]], "width": 8256, "height": 5504, "tags": []}