{"rects": [[[1221.888, 2262.1440000000002, 4268.352, 7215.744000000001], ["window"]]], "width": 5504, "height": 8256, "tags": []}