{"rects": [[[759.552, 388.03200000000004, 5052.6720000000005, 7744.128000000001], ["window"]]], "width": 5504, "height": 8256, "tags": []}