{"rects": [[[2757.504, 1032.0, 5564.544, 4094.976], ["window"]], [[511.872, 1155.8400000000001, 3302.4, 4218.816], ["window"]], [[4961.856, 1188.864, 7867.968, 4111.488], ["window"]], [[3170.304, 140.352, 5234.304, 1444.8], ["window"]], [[5382.912, 115.584, 7108.416, 1403.52], ["window"]], [[1131.0720000000001, 16.512, 3029.952, 1560.384], ["window"]]], "width": 8256, "height": 5504, "tags": []}