{"rects": [[[1155.8400000000001, 33.024, 5126.976000000001, 5168.256], ["window", "shop"]]], "width": 8256, "height": 5504, "tags": []}