{"rects": [[[1486.08, 602.688, 4590.336, 4689.408], ["window"]], [[4895.808, 2113.536, 7380.8640000000005, 5126.976000000001], ["window"]]], "width": 8256, "height": 5504, "tags": []}