{"rects": [[[2848.32, 445.824, 5118.72, 5366.400000000001], ["window"]], [[5151.744000000001, 41.28, 8066.112, 4788.4800000000005], ["window"]]], "width": 8256, "height": 5504, "tags": []}