{"rects": [[[3236.352, 1263.1680000000001, 5209.536, 3723.456], ["window"]], [[0, 1387.008, 2584.128, 3979.3920000000003], ["window"]]], "width": 8256, "height": 5504, "tags": []}