{"rects": [[[2237.376, 916.416, 6414.912, 4086.7200000000003], ["window"]], [[0, 1287.9360000000001, 2757.504, 3946.368], ["window"]]], "width": 8256, "height": 5504, "tags": []}