{"rects": [[[660.48, 371.52, 4524.2880000000005, 7356.0960000000005], ["window"]]], "width": 5504, "height": 8256, "tags": []}