{"rects": [[[1609.92, 1684.2240000000002, 4251.84, 7744.128000000001], ["window"]]], "width": 5504, "height": 8256, "tags": []}