{"rects": [[[1659.4560000000001, 140.352, 7075.392, 4623.360000000001], ["window", "shop"]]], "width": 8256, "height": 5504, "tags": []}