{"rects": [[[652.224, 1287.9360000000001, 4854.528, 7669.8240000000005], ["window"]]], "width": 5504, "height": 8256, "tags": []}