{"rects": [[[982.464, 2419.0080000000003, 4466.496, 6613.0560000000005], ["window"]]], "width": 5504, "height": 8256, "tags": []}