{"rects": [[[1205.376, 1989.6960000000001, 4053.696, 8008.320000000001], ["window"]]], "width": 5504, "height": 8256, "tags": []}