{"rects": [[[619.2, 1395.2640000000001, 4970.112, 8033.088000000001], ["window"]]], "width": 5504, "height": 8256, "tags": []}