{"rects": [[[635.712, 1733.76, 5292.0960000000005, 7430.400000000001], ["window"]]], "width": 5504, "height": 8256, "tags": []}