{"rects": [[[1420.0320000000002, 2435.52, 4028.928, 6183.744000000001], ["window"]], [[1725.5040000000001, 16.512, 3962.88, 2286.9120000000003], ["window"]]], "width": 5504, "height": 8256, "tags": []}