{"rects": [[[577.9200000000001, 668.736, 5556.2880000000005, 5060.928], ["window"]]], "width": 8256, "height": 5504, "tags": []}