{"rects": [[[2906.112, 1287.9360000000001, 5523.264, 4194.048], ["window"]], [[6134.2080000000005, 1708.992, 8181.696, 4416.96], ["window"]]], "width": 8256, "height": 5504, "tags": []}