{"rects": [[[842.1120000000001, 2171.328, 4573.8240000000005, 6745.152], ["window"]]], "width": 5504, "height": 8256, "tags": []}