{"rects": [[[635.712, 1725.5040000000001, 4623.360000000001, 7331.328], ["window"]]], "width": 5504, "height": 8256, "tags": []}