{"rects": [[[1527.3600000000001, 1841.088, 3929.856, 6373.6320000000005], ["window"]]], "width": 5504, "height": 8256, "tags": []}