{"rects": [[[2600.64, 1337.472, 6637.8240000000005, 4738.944], ["window"]], [[115.584, 1725.5040000000001, 2039.232, 4829.76], ["window"]]], "width": 8256, "height": 5504, "tags": []}