{"rects": [[[5407.68, 668.736, 7579.008, 4796.736], ["window"]], [[2988.672, 792.576, 5102.2080000000005, 4714.176], ["window"]], [[1015.488, 1007.232, 2798.784, 4813.2480000000005], ["window"]]], "width": 8256, "height": 5504, "tags": []}