{"rects": [[[1180.608, 842.1120000000001, 4623.360000000001, 8247.744], ["window"]]], "width": 5504, "height": 8256, "tags": []}