{"rects": [[[1362.24, 2064.0, 4070.208, 6522.24], ["window"]], [[1585.152, 0, 3872.0640000000003, 2683.2000000000003], ["window"]]], "width": 5504, "height": 8256, "tags": []}