{"rects": [[[1155.8400000000001, 2080.512, 4086.7200000000003, 7215.744000000001], ["window"]]], "width": 5504, "height": 8256, "tags": []}