{"rects": [[[1486.08, 2253.888, 4028.928, 5886.528], ["window"]], [[1626.432, 264.192, 3896.8320000000003, 2575.8720000000003], ["window"]]], "width": 5504, "height": 8256, "tags": []}