{"rects": [[[2509.824, 883.392, 5721.408, 4738.944], ["window"]], [[6117.696, 1552.1280000000002, 8231.232, 4788.4800000000005], ["window"]]], "width": 8256, "height": 5504, "tags": []}