{"rects": [[[630.0, 1118.5714285714284, 5082.857142857143, 3771.428571428571], ["window"]]], "width": 6000, "height": 4000, "tags": []}