{"rects": [[[175.71428571428572, 690.0, 4851.428571428572, 3801.428571428571], ["window"]]], "width": 6000, "height": 4000, "tags": []}