{"rects": [[[1410.0, 338.57142857142856, 4632.857142857143, 3711.428571428571], ["window"]]], "width": 6000, "height": 4000, "tags": []}