{"rects": [[[917.1428571428571, 244.28571428571428, 4598.571428571428, 3484.285714285714], ["window"]]], "width": 6000, "height": 4000, "tags": []}