{"rects": [[[1135.7142857142858, 818.5714285714286, 4718.571428571428, 2888.5714285714284], ["window"]]], "width": 6000, "height": 4000, "tags": []}