{"rects": [[[1962.857142857143, 1157.142857142857, 3638.5714285714284, 3458.5714285714284], ["window"]]], "width": 6000, "height": 4000, "tags": []}