{"rects": [[[1225.7142857142858, 887.1428571428571, 4264.285714285714, 3274.285714285714], ["window"]]], "width": 6000, "height": 4000, "tags": []}