{"rects": [[[1302.857142857143, 60.0, 4980.0, 3788.5714285714284], ["window"]]], "width": 6000, "height": 4000, "tags": []}