{"rects": [[[188.57142857142856, 270.0, 5451.428571428572, 3270.0], ["window"]]], "width": 6000, "height": 4000, "tags": []}