{"rects": [[[1345.7142857142858, 771.4285714285714, 5340.0, 3844.285714285714], ["window"]]], "width": 6000, "height": 4000, "tags": []}