{"rects": [[[1804.2857142857142, 411.42857142857144, 4367.142857142857, 2481.4285714285716], ["window"]]], "width": 6000, "height": 4000, "tags": []}