{"rects": [[[998.5714285714286, 270.0, 5147.142857142857, 3685.714285714286], ["window"]]], "width": 6000, "height": 4000, "tags": []}