{"rects": [[[1452.857142857143, 780.0, 4868.571428571428, 3458.5714285714284], ["window"]]], "width": 6000, "height": 4000, "tags": []}