{"rects": [[[137.14285714285714, 552.8571428571429, 5331.428571428572, 3111.4285714285716], ["window"]]], "width": 6000, "height": 4000, "tags": []}