{"rects": [[[642.8571428571429, 771.4285714285714, 4774.285714285714, 3895.714285714286], ["window"]]], "width": 6000, "height": 4000, "tags": []}