{"rects": [[[351.42857142857144, 158.57142857142856, 5151.428571428572, 3930.0], ["window"]]], "width": 6000, "height": 4000, "tags": []}