{"rects": [[[261.42857142857144, 467.1428571428571, 5760.0, 3385.714285714286], ["window"]]], "width": 6000, "height": 4000, "tags": []}