{"rects": [[[1410.0, 754.2857142857142, 5220.0, 3171.4285714285716], ["window"]]], "width": 6000, "height": 4000, "tags": []}