{"rects": [[[685.7142857142857, 295.7142857142857, 4032.8571428571427, 3912.8571428571427], ["door"]]], "width": 6000, "height": 4000, "tags": []}