{"rects": [[[17.142857142857142, 347.1428571428571, 5670.0, 3355.714285714286], ["window"]]], "width": 6000, "height": 4000, "tags": []}