{"rects": [[[304.2857142857143, 270.0, 5580.0, 3552.8571428571427], ["window"]]], "width": 6000, "height": 4000, "tags": []}