{"rects": [[[835.7142857142857, 462.85714285714283, 4778.571428571428, 3964.285714285714], ["window"]]], "width": 6000, "height": 4000, "tags": []}