{"rects": [[[402.85714285714283, 582.8571428571429, 5490.0, 3175.714285714286], ["window"]]], "width": 6000, "height": 4000, "tags": []}