{"rects": [[[1568.5714285714284, 180.0, 5258.571428571428, 3690.0], ["window"]]], "width": 6000, "height": 4000, "tags": []}