{"rects": [[[1397.142857142857, 8.571428571428571, 5065.714285714285, 3672.8571428571427], ["window"]]], "width": 6000, "height": 4000, "tags": []}