{"rects": [[[1251.4285714285713, 844.2857142857142, 3501.428571428571, 3000.0], ["window"]], [[21.428571428571427, 784.2857142857142, 1204.2857142857142, 3758.5714285714284], ["window"]]], "width": 6000, "height": 4000, "tags": []}