{"rects": [[[878.5714285714286, 300.0, 4941.428571428572, 3960.0], ["window"]]], "width": 6000, "height": 4000, "tags": []}