{"rects": [[[1045.7142857142858, 428.57142857142856, 4560.0, 3197.142857142857], ["window"]]], "width": 6000, "height": 4000, "tags": []}