{"rects": [[[1602.857142857143, 278.57142857142856, 4208.571428571428, 2802.8571428571427], ["window"]]], "width": 6000, "height": 4000, "tags": []}