{"rects": [[[38.57142857142857, 480.0, 5751.428571428572, 3732.8571428571427], ["window"]]], "width": 6000, "height": 4000, "tags": []}