{"rects": [[[222.85714285714286, 861.4285714285714, 5717.142857142857, 3231.4285714285716], ["window"]]], "width": 6000, "height": 4000, "tags": []}