{"rects": [[[1217.142857142857, 874.2857142857142, 4598.571428571428, 3724.285714285714], ["window"]]], "width": 6000, "height": 4000, "tags": []}