{"rects": [[[1135.7142857142858, 947.1428571428571, 4782.857142857143, 3754.285714285714], ["window"]]], "width": 6000, "height": 4000, "tags": []}