{"rects": [[[1007.1428571428571, 450.0, 4667.142857142857, 3870.0], ["window"]]], "width": 6000, "height": 4000, "tags": []}