{"rects": [[[1144.2857142857142, 1178.5714285714284, 3664.285714285714, 3072.8571428571427], ["window"]]], "width": 6000, "height": 4000, "tags": []}