{"rects": [[[1247.142857142857, 201.42857142857142, 4165.714285714285, 3565.714285714286], ["window"]]], "width": 6000, "height": 4000, "tags": []}