{"rects": [[[1135.7142857142858, 338.57142857142856, 4491.428571428572, 3780.0], ["window"]]], "width": 6000, "height": 4000, "tags": []}