{"rects": [[[1418.5714285714284, 664.2857142857142, 4212.857142857143, 3111.4285714285716], ["window"]]], "width": 6000, "height": 4000, "tags": []}