{"rects": [[[1757.142857142857, 728.5714285714286, 5022.857142857143, 3192.8571428571427], ["window"]]], "width": 6000, "height": 4000, "tags": []}