{"rects": [[[1662.857142857143, 111.42857142857143, 4538.571428571428, 3960.0], ["window"]]], "width": 6000, "height": 4000, "tags": []}