{"rects": [[[458.57142857142856, 651.4285714285714, 4418.571428571428, 3741.428571428571], ["window"]]], "width": 6000, "height": 4000, "tags": []}