{"rects": [[[1032.857142857143, 1238.5714285714284, 4444.285714285714, 3265.714285714286], ["window"]]], "width": 6000, "height": 4000, "tags": []}