{"rects": [[[510.0, 407.1428571428571, 4718.571428571428, 3557.142857142857], ["window"]]], "width": 6000, "height": 4000, "tags": []}