{"rects": [[[145.71428571428572, 698.5714285714286, 5485.714285714285, 3510.0], ["window"]]], "width": 6000, "height": 4000, "tags": []}