{"rects": [[[591.4285714285714, 497.1428571428571, 5005.714285714285, 4000], ["window"]]], "width": 6000, "height": 4000, "tags": []}