{"rects": [[[1020.0, 544.2857142857142, 4920.0, 3861.428571428571], ["window"]]], "width": 6000, "height": 4000, "tags": []}