{"rects": [[[861.4285714285714, 1028.5714285714284, 4122.857142857143, 3587.142857142857], ["window"]]], "width": 6000, "height": 4000, "tags": []}