{"rects": [[[2331.4285714285716, 728.5714285714286, 4024.285714285714, 2991.4285714285716], ["window"]]], "width": 6000, "height": 4000, "tags": []}