{"rects": [[[1165.7142857142858, 475.7142857142857, 4727.142857142857, 3814.285714285714], ["window"]]], "width": 6000, "height": 4000, "tags": []}