{"rects": [[[360.0, 102.85714285714286, 5601.428571428572, 3505.714285714286], ["window"]]], "width": 6000, "height": 4000, "tags": []}