{"rects": [[[1757.142857142857, 827.1428571428571, 4294.285714285714, 2978.5714285714284], ["window"]]], "width": 6000, "height": 4000, "tags": []}