{"rects": [[[2134.285714285714, 1431.4285714285713, 4067.142857142857, 3407.142857142857], ["window"]]], "width": 6000, "height": 4000, "tags": []}