{"rects": [[[1418.5714285714284, 651.4285714285714, 4842.857142857143, 3287.142857142857], ["window"]]], "width": 6000, "height": 4000, "tags": []}