{"rects": [[[1350.0, 1165.7142857142858, 3960.0, 2841.4285714285716], ["window"]]], "width": 6000, "height": 4000, "tags": []}