{"rects": [[[891.4285714285714, 394.2857142857143, 4692.857142857143, 3072.8571428571427], ["window"]]], "width": 6000, "height": 4000, "tags": []}