{"rects": [[[471.4285714285714, 81.42857142857143, 5318.571428571428, 3754.285714285714], ["window"]]], "width": 6000, "height": 4000, "tags": []}