{"rects": [[[732.8571428571429, 25.714285714285715, 5280.0, 3694.285714285714], ["window"]]], "width": 6000, "height": 4000, "tags": []}