{"rects": [[[4.285714285714286, 1178.5714285714284, 5352.857142857143, 3321.428571428571], ["window"]]], "width": 6000, "height": 4000, "tags": []}