{"rects": [[[240.0, 154.28571428571428, 5747.142857142857, 3535.714285714286], ["window"]]], "width": 6000, "height": 4000, "tags": []}