{"rects": [[[617.1428571428571, 634.2857142857142, 5310.0, 3171.4285714285716], ["window"]]], "width": 6000, "height": 4000, "tags": []}