{"rects": [[[2288.5714285714284, 1302.857142857143, 3831.428571428571, 2978.5714285714284], ["window"]], [[3882.8571428571427, 1945.7142857142856, 5100.0, 3274.285714285714], ["window"]]], "width": 6000, "height": 4000, "tags": []}