{"rects": [[[411.42857142857144, 428.57142857142856, 4941.428571428572, 3270.0], ["window"]]], "width": 6000, "height": 4000, "tags": []}