{"rects": [[[1637.142857142857, 882.8571428571428, 4358.571428571428, 2772.8571428571427], ["window"]]], "width": 6000, "height": 4000, "tags": []}