{"rects": [[[77.14285714285714, 85.71428571428571, 4350.0, 3878.5714285714284], ["window"]]], "width": 6000, "height": 4000, "tags": []}