{"rects": [[[1675.7142857142856, 715.7142857142857, 4538.571428571428, 3741.428571428571], ["window"]]], "width": 6000, "height": 4000, "tags": []}