{"rects": [[[827.1428571428571, 12.857142857142858, 4637.142857142857, 3865.714285714286], ["window"]]], "width": 6000, "height": 4000, "tags": []}