{"rects": [[[844.2857142857142, 690.0, 4774.285714285714, 3458.5714285714284], ["window"]]], "width": 6000, "height": 4000, "tags": []}