{"rects": [[[865.7142857142857, 1015.7142857142857, 4264.285714285714, 3660.0], ["window"]]], "width": 6000, "height": 4000, "tags": []}