{"rects": [[[227.14285714285714, 60.0, 5155.714285714285, 3942.8571428571427], ["window"]]], "width": 6000, "height": 4000, "tags": []}