{"rects": [[[1855.7142857142856, 930.0, 4097.142857142857, 2995.714285714286], ["window"]]], "width": 6000, "height": 4000, "tags": []}