{"rects": [[[1684.2857142857142, 1028.5714285714284, 4067.142857142857, 3120.0], ["window"]]], "width": 6000, "height": 4000, "tags": []}