{"rects": [[[21.428571428571427, 252.85714285714286, 5807.142857142857, 3497.142857142857], ["window"]]], "width": 6000, "height": 4000, "tags": []}