{"rects": [[[887.1428571428571, 368.57142857142856, 5498.571428571428, 2888.5714285714284], ["window"]]], "width": 6000, "height": 4000, "tags": []}