{"rects": [[[1332.857142857143, 1152.857142857143, 3724.285714285714, 3038.5714285714284], ["window"]]], "width": 6000, "height": 4000, "tags": []}