{"rects": [[[257.1428571428571, 775.7142857142857, 5528.571428571428, 3265.714285714286], ["window"]]], "width": 6000, "height": 4000, "tags": []}