{"rects": [[[1504.2857142857142, 1067.142857142857, 4187.142857142857, 3471.428571428571], ["window"]]], "width": 6000, "height": 4000, "tags": []}