{"rects": [[[955.7142857142857, 334.2857142857143, 5640.0, 3540.0], ["window"]]], "width": 6000, "height": 4000, "tags": []}