{"rects": [[[732.8571428571429, 141.42857142857142, 4980.0, 3814.285714285714], ["window"]]], "width": 6000, "height": 4000, "tags": []}