{"rects": [[[235.7142857142857, 295.7142857142857, 5541.428571428572, 3060.0], ["window"]]], "width": 6000, "height": 4000, "tags": []}