{"rects": [[[1062.857142857143, 1054.2857142857142, 4388.571428571428, 3295.714285714286], ["window"]]], "width": 6000, "height": 4000, "tags": []}