{"rects": [[[775.7142857142857, 591.4285714285714, 5700.0, 3175.714285714286], ["window"]]], "width": 6000, "height": 4000, "tags": []}