{"rects": [[[1534.2857142857142, 1255.7142857142858, 5254.285714285714, 3398.5714285714284], ["window"]]], "width": 6000, "height": 4000, "tags": []}