{"rects": [[[1461.4285714285713, 291.42857142857144, 3882.8571428571427, 3017.142857142857], ["window"]]], "width": 6000, "height": 4000, "tags": []}