{"rects": [[[257.1428571428571, 608.5714285714286, 5982.857142857143, 2828.5714285714284], ["window"]]], "width": 6000, "height": 4000, "tags": []}