{"rects": [[[711.4285714285714, 484.2857142857143, 5361.428571428572, 3887.142857142857], ["window"]]], "width": 6000, "height": 4000, "tags": []}