{"rects": [[[2194.285714285714, 887.1428571428571, 3668.5714285714284, 2837.142857142857], ["window"]]], "width": 6000, "height": 4000, "tags": []}