{"rects": [[[942.8571428571428, 848.5714285714286, 4628.571428571428, 3531.428571428571], ["window"]]], "width": 6000, "height": 4000, "tags": []}