{"rects": [[[441.4285714285714, 38.57142857142857, 5400.0, 3908.5714285714284], ["window"]]], "width": 6000, "height": 4000, "tags": []}