{"rects": [[[977.1428571428571, 647.1428571428571, 3604.285714285714, 3240.0], ["window"]]], "width": 6000, "height": 4000, "tags": []}