{"rects": [[[801.4285714285714, 402.85714285714283, 4868.571428571428, 2965.714285714286], ["window"]]], "width": 6000, "height": 4000, "tags": []}