{"rects": [[[844.2857142857142, 522.8571428571429, 4872.857142857143, 3921.428571428571], ["window"]]], "width": 6000, "height": 4000, "tags": []}