{"rects": [[[1208.5714285714284, 244.28571428571428, 4650.0, 3805.714285714286], ["window"]]], "width": 6000, "height": 4000, "tags": []}