{"rects": [[[732.8571428571429, 278.57142857142856, 5507.142857142857, 3660.0], ["window"]]], "width": 6000, "height": 4000, "tags": []}