{"rects": [[[1041.4285714285713, 355.7142857142857, 4345.714285714285, 3210.0], ["window"]]], "width": 6000, "height": 4000, "tags": []}