{"rects": [[[535.7142857142857, 64.28571428571428, 5601.428571428572, 3724.285714285714], ["window"]]], "width": 6000, "height": 4000, "tags": []}