{"rects": [[[1054.2857142857142, 338.57142857142856, 5074.285714285714, 3167.142857142857], ["window"]]], "width": 6000, "height": 4000, "tags": []}