{"rects": [[[582.8571428571429, 595.7142857142857, 5258.571428571428, 3604.285714285714], ["window"]]], "width": 6000, "height": 4000, "tags": []}