{"rects": [[[2018.5714285714284, 677.1428571428571, 4877.142857142857, 2708.5714285714284], ["window"]]], "width": 6000, "height": 4000, "tags": []}