{"rects": [[[955.7142857142857, 197.14285714285714, 5108.571428571428, 2884.285714285714], ["window"]]], "width": 6000, "height": 4000, "tags": []}