{"rects": [[[582.8571428571429, 192.85714285714286, 5018.571428571428, 3835.714285714286], ["window"]]], "width": 6000, "height": 4000, "tags": []}