{"rects": [[[1842.857142857143, 531.4285714285714, 4032.8571428571427, 3968.5714285714284], ["window"]]], "width": 6000, "height": 4000, "tags": []}