{"rects": [[[1448.5714285714284, 218.57142857142856, 4405.714285714285, 3660.0], ["window"]]], "width": 6000, "height": 4000, "tags": []}