{"rects": [[[42.857142857142854, 737.1428571428571, 5447.142857142857, 3317.142857142857], ["window"]]], "width": 6000, "height": 4000, "tags": []}