{"rects": [[[1290.0, 840.0, 4967.142857142857, 3372.8571428571427], ["window"]]], "width": 6000, "height": 4000, "tags": []}