{"rects": [[[1512.857142857143, 930.0, 5584.285714285714, 2777.142857142857], ["window"]]], "width": 6000, "height": 4000, "tags": []}