{"rects": [[[385.7142857142857, 784.2857142857142, 5558.571428571428, 3437.142857142857], ["window"]]], "width": 6000, "height": 4000, "tags": []}