{"rects": [[[1204.2857142857142, 762.8571428571429, 5314.285714285714, 3038.5714285714284], ["window"]]], "width": 6000, "height": 4000, "tags": []}