{"rects": [[[1157.142857142857, 330.0, 4817.142857142857, 2772.8571428571427], ["window"]]], "width": 6000, "height": 4000, "tags": []}