{"rects": [[[1911.4285714285713, 994.2857142857142, 4105.714285714285, 3137.142857142857], ["window"]]], "width": 6000, "height": 4000, "tags": []}