{"rects": [[[175.71428571428572, 252.85714285714286, 5790.0, 3261.4285714285716], ["window"]]], "width": 6000, "height": 4000, "tags": []}