{"rects": [[[540.0, 411.42857142857144, 4491.428571428572, 3338.5714285714284], ["window"]]], "width": 6000, "height": 4000, "tags": []}