{"rects": [[[977.1428571428571, 758.5714285714286, 4830.0, 3235.714285714286], ["window"]]], "width": 6000, "height": 4000, "tags": []}