{"rects": [[[1050.0, 167.14285714285714, 3934.285714285714, 3411.428571428571], ["window"]]], "width": 6000, "height": 4000, "tags": []}