{"rects": [[[882.8571428571428, 638.5714285714286, 4585.714285714285, 3175.714285714286], ["window"]]], "width": 6000, "height": 4000, "tags": []}