{"rects": [[[1568.5714285714284, 1268.5714285714284, 3972.8571428571427, 2532.8571428571427], ["window"]]], "width": 6000, "height": 4000, "tags": []}