{"rects": [[[94.28571428571428, 360.0, 5078.571428571428, 3780.0], ["window"]]], "width": 6000, "height": 4000, "tags": []}