{"rects": [[[124.28571428571428, 690.0, 5447.142857142857, 3051.4285714285716], ["window"]]], "width": 6000, "height": 4000, "tags": []}