{"rects": [[[1915.7142857142856, 1041.4285714285713, 4894.285714285714, 3467.142857142857], ["window"]]], "width": 6000, "height": 4000, "tags": []}