{"rects": [[[1461.4285714285713, 115.71428571428571, 4024.285714285714, 3955.714285714286], ["window"]]], "width": 6000, "height": 4000, "tags": []}