{"rects": [[[2130.0, 1320.0, 4495.714285714285, 3638.5714285714284], ["window"]], [[21.428571428571427, 1191.4285714285713, 1958.5714285714284, 3707.142857142857], ["window"]]], "width": 6000, "height": 4000, "tags": []}