{"rects": [[[330.0, 677.1428571428571, 5712.857142857143, 3908.5714285714284], ["window"]]], "width": 6000, "height": 4000, "tags": []}