{"rects": [[[1735.7142857142856, 835.7142857142857, 4371.428571428572, 3420.0], ["window"]]], "width": 6000, "height": 4000, "tags": []}