{"rects": [[[2142.8571428571427, 1092.857142857143, 3527.142857142857, 3021.4285714285716], ["window"]], [[3925.714285714286, 1251.4285714285713, 5622.857142857143, 3205.714285714286], ["window"]]], "width": 6000, "height": 4000, "tags": []}