{"rects": [[[544.2857142857142, 102.85714285714286, 4975.714285714285, 3681.428571428571], ["window"]]], "width": 6000, "height": 4000, "tags": []}