{"rects": [[[1362.857142857143, 990.0, 3720.0, 3561.428571428571], ["window"]]], "width": 6000, "height": 4000, "tags": []}