{"rects": [[[1251.4285714285713, 930.0, 4898.571428571428, 3750.0], ["window"]]], "width": 6000, "height": 4000, "tags": []}