{"rects": [[[1050.0, 304.2857142857143, 5232.857142857143, 3968.5714285714284], ["window"]]], "width": 6000, "height": 4000, "tags": []}