{"rects": [[[1924.2857142857142, 492.85714285714283, 4860.0, 3835.714285714286], ["window"]]], "width": 6000, "height": 4000, "tags": []}