{"rects": [[[1135.7142857142858, 2022.857142857143, 5151.428571428572, 3917.142857142857], ["window"]]], "width": 6000, "height": 4000, "tags": []}