{"rects": [[[1560.0, 1418.5714285714284, 4230.0, 3235.714285714286], ["window"]]], "width": 6000, "height": 4000, "tags": []}