{"rects": [[[25.714285714285715, 1504.2857142857142, 4551.428571428572, 3480.0], ["window"]]], "width": 6000, "height": 4000, "tags": []}