{"rects": [[[1204.2857142857142, 270.0, 5117.142857142857, 3312.8571428571427], ["window"]]], "width": 6000, "height": 4000, "tags": []}