{"rects": [[[1088.5714285714284, 711.4285714285714, 4821.428571428572, 3527.142857142857], ["window"]]], "width": 6000, "height": 4000, "tags": []}