{"rects": [[[85.71428571428571, 351.42857142857144, 5747.142857142857, 3407.142857142857], ["window"]]], "width": 6000, "height": 4000, "tags": []}