{"rects": [[[1787.142857142857, 1182.857142857143, 3968.5714285714284, 3600.0], ["window"]]], "width": 6000, "height": 4000, "tags": []}