{"rects": [[[445.7142857142857, 300.0, 5545.714285714285, 3732.8571428571427], ["window"]]], "width": 6000, "height": 4000, "tags": []}