{"rects": [[[797.1428571428571, 158.57142857142856, 4611.428571428572, 3822.8571428571427], ["window"]]], "width": 6000, "height": 4000, "tags": []}