{"rects": [[[685.7142857142857, 162.85714285714286, 5134.285714285714, 3784.285714285714], ["window"]]], "width": 6000, "height": 4000, "tags": []}