{"rects": [[[192.85714285714286, 261.42857142857144, 5417.142857142857, 3287.142857142857], ["window"]]], "width": 6000, "height": 4000, "tags": []}