{"rects": [[[1290.0, 617.1428571428571, 4920.0, 3527.142857142857], ["window"]]], "width": 6000, "height": 4000, "tags": []}