{"rects": [[[1555.7142857142858, 737.1428571428571, 3505.714285714286, 2974.285714285714], ["window"]], [[98.57142857142857, 1144.2857142857142, 1478.5714285714284, 2961.4285714285716], ["window"]]], "width": 6000, "height": 4000, "tags": []}