{"rects": [[[912.8571428571428, 390.0, 5027.142857142857, 3835.714285714286], ["window"]]], "width": 6000, "height": 4000, "tags": []}