{"rects": [[[1097.142857142857, 154.28571428571428, 4731.428571428572, 3917.142857142857], ["window"]]], "width": 6000, "height": 4000, "tags": []}