{"rects": [[[1058.5714285714284, 788.5714285714286, 4718.571428571428, 3642.8571428571427], ["window"]]], "width": 6000, "height": 4000, "tags": []}