{"rects": [[[775.7142857142857, 775.7142857142857, 5314.285714285714, 3522.8571428571427], ["window"]]], "width": 6000, "height": 4000, "tags": []}