{"rects": [[[1692.857142857143, 762.8571428571429, 4011.428571428571, 3685.714285714286], ["window"]]], "width": 6000, "height": 4000, "tags": []}