{"rects": [[[244.28571428571428, 201.42857142857142, 5592.857142857143, 3321.428571428571], ["window"]]], "width": 6000, "height": 4000, "tags": []}