{"rects": [[[47.14285714285714, 197.14285714285714, 4988.571428571428, 3942.8571428571427], ["window"]]], "width": 6000, "height": 4000, "tags": []}