{"rects": [[[462.85714285714283, 450.0, 4975.714285714285, 3518.5714285714284], ["window"]]], "width": 6000, "height": 4000, "tags": []}