{"rects": [[[1011.4285714285714, 1058.5714285714284, 5528.571428571428, 3497.142857142857], ["window"]]], "width": 6000, "height": 4000, "tags": []}