{"rects": [[[1157.142857142857, 878.5714285714286, 4838.571428571428, 3497.142857142857], ["window"]]], "width": 6000, "height": 4000, "tags": []}