{"rects": [[[488.57142857142856, 655.7142857142857, 5550.0, 3317.142857142857], ["window"]]], "width": 6000, "height": 4000, "tags": []}