{"rects": [[[462.85714285714283, 728.5714285714286, 5001.428571428572, 3102.8571428571427], ["window"]]], "width": 6000, "height": 4000, "tags": []}