{"rects": [[[111.42857142857143, 184.28571428571428, 5794.285714285714, 3252.8571428571427], ["window"]]], "width": 6000, "height": 4000, "tags": []}