{"rects": [[[145.71428571428572, 407.1428571428571, 5357.142857142857, 3591.428571428571], ["window"]]], "width": 6000, "height": 4000, "tags": []}