{"rects": [[[1628.5714285714284, 1058.5714285714284, 4508.571428571428, 3115.714285714286], ["window"]]], "width": 6000, "height": 4000, "tags": []}