{"rects": [[[1264.2857142857142, 1024.2857142857142, 4165.714285714285, 3214.285714285714], ["window"]]], "width": 6000, "height": 4000, "tags": []}