{"rects": [[[1238.5714285714284, 604.2857142857142, 4200.0, 3600.0], ["window"]]], "width": 6000, "height": 4000, "tags": []}