{"rects": [[[197.14285714285714, 904.2857142857142, 4598.571428571428, 3497.142857142857], ["window"]]], "width": 6000, "height": 4000, "tags": []}