{"rects": [[[1221.4285714285713, 484.2857142857143, 3977.142857142857, 3295.714285714286], ["window"]]], "width": 6000, "height": 4000, "tags": []}