{"rects": [[[1358.5714285714284, 951.4285714285714, 4864.285714285714, 3265.714285714286], ["window"]]], "width": 6000, "height": 4000, "tags": []}