{"rects": [[[325.7142857142857, 707.1428571428571, 4980.0, 3364.285714285714], ["window"]]], "width": 6000, "height": 4000, "tags": []}