{"rects": [[[1324.2857142857142, 231.42857142857142, 4555.714285714285, 3398.5714285714284], ["window"]]], "width": 6000, "height": 4000, "tags": []}