{"rects": [[[445.7142857142857, 827.1428571428571, 5575.714285714285, 3407.142857142857], ["window"]]], "width": 6000, "height": 4000, "tags": []}