{"rects": [[[990.0, 227.14285714285714, 4714.285714285714, 3600.0], ["window"]]], "width": 6000, "height": 4000, "tags": []}