{"rects": [[[338.57142857142856, 570.0, 4032.8571428571427, 3591.428571428571], ["window"]]], "width": 6000, "height": 4000, "tags": []}