{"rects": [[[467.1428571428571, 1024.2857142857142, 5618.571428571428, 3090.0], ["window"]]], "width": 6000, "height": 4000, "tags": []}