{"rects": [[[2160.0, 1011.4285714285714, 4885.714285714285, 2507.142857142857], ["window"]]], "width": 6000, "height": 4000, "tags": []}