{"rects": [[[1384.2857142857142, 565.7142857142857, 4118.571428571428, 3445.714285714286], ["window"]]], "width": 6000, "height": 4000, "tags": []}