{"rects": [[[964.2857142857142, 227.14285714285714, 4967.142857142857, 3621.428571428571], ["window"]]], "width": 6000, "height": 4000, "tags": []}