{"rects": [[[2040.0, 1285.7142857142858, 4572.857142857143, 2828.5714285714284], ["window"]]], "width": 6000, "height": 4000, "tags": []}