{"rects": [[[930.0, 535.7142857142857, 5794.285714285714, 3548.5714285714284], ["window"]]], "width": 6000, "height": 4000, "tags": []}