{"rects": [[[162.85714285714286, 1080.0, 5798.571428571428, 3184.285714285714], ["window"]]], "width": 6000, "height": 4000, "tags": []}