{"rects": [[[501.4285714285714, 218.57142857142856, 5485.714285714285, 3681.428571428571], ["window"]]], "width": 6000, "height": 4000, "tags": []}