{"rects": [[[1452.857142857143, 304.2857142857143, 4487.142857142857, 3527.142857142857], ["window"]]], "width": 6000, "height": 4000, "tags": []}