{"rects": [[[1110.0, 128.57142857142856, 4538.571428571428, 3257.142857142857], ["window"]]], "width": 6000, "height": 4000, "tags": []}