{"rects": [[[882.8571428571428, 925.7142857142857, 4877.142857142857, 3355.714285714286], ["window"]]], "width": 6000, "height": 4000, "tags": []}