{"rects": [[[1028.5714285714284, 608.5714285714286, 5935.714285714285, 3304.285714285714], ["window"]]], "width": 6000, "height": 4000, "tags": []}