{"rects": [[[2095.714285714286, 732.8571428571429, 4860.0, 3805.714285714286], ["window"]]], "width": 6000, "height": 4000, "tags": []}