{"rects": [[[137.14285714285714, 85.71428571428571, 5717.142857142857, 3805.714285714286], ["window"]]], "width": 6000, "height": 4000, "tags": []}