{"rects": [[[1375.7142857142858, 291.42857142857144, 4894.285714285714, 3274.285714285714], ["window"]]], "width": 6000, "height": 4000, "tags": []}