{"rects": [[[518.5714285714286, 535.7142857142857, 5340.0, 3158.5714285714284], ["window"]]], "width": 6000, "height": 4000, "tags": []}