{"rects": [[[1740.0, 518.5714285714286, 5331.428571428572, 3437.142857142857], ["window"]]], "width": 6000, "height": 4000, "tags": []}