{"rects": [[[750.0, 694.2857142857142, 4834.285714285714, 2978.5714285714284], ["window"]]], "width": 6000, "height": 4000, "tags": []}