{"rects": [[[38.57142857142857, 514.2857142857142, 5802.857142857143, 3698.5714285714284], ["window"]]], "width": 6000, "height": 4000, "tags": []}