{"rects": [[[222.85714285714286, 565.7142857142857, 5982.857142857143, 3690.0], ["window"]]], "width": 6000, "height": 4000, "tags": []}