{"rects": [[[1234.2857142857142, 540.0, 4920.0, 3664.285714285714], ["window"]]], "width": 6000, "height": 4000, "tags": []}