{"rects": [[[377.1428571428571, 475.7142857142857, 5644.285714285714, 3960.0], ["window"]]], "width": 6000, "height": 4000, "tags": []}