{"rects": [[[617.1428571428571, 154.28571428571428, 5807.142857142857, 3784.285714285714], ["window"]]], "width": 6000, "height": 4000, "tags": []}