{"rects": [[[420.0, 1131.4285714285713, 4967.142857142857, 3424.285714285714], ["window"]]], "width": 6000, "height": 4000, "tags": []}