{"rects": [[[595.7142857142857, 38.57142857142857, 5005.714285714285, 3454.285714285714], ["window"]]], "width": 6000, "height": 4000, "tags": []}