{"rects": [[[2108.5714285714284, 77.14285714285714, 4525.714285714285, 3432.8571428571427], ["window"]]], "width": 6000, "height": 4000, "tags": []}