{"rects": [[[1097.142857142857, 252.85714285714286, 5348.571428571428, 3642.8571428571427], ["window"]]], "width": 6000, "height": 4000, "tags": []}