{"rects": [[[591.4285714285714, 535.7142857142857, 5087.142857142857, 3852.8571428571427], ["window"]]], "width": 6000, "height": 4000, "tags": []}