{"rects": [[[831.4285714285714, 4.285714285714286, 3882.8571428571427, 3291.4285714285716], ["window"]]], "width": 6000, "height": 4000, "tags": []}