{"rects": [[[861.4285714285714, 1534.2857142857142, 3385.714285714286, 3278.5714285714284], ["window"]]], "width": 6000, "height": 4000, "tags": []}