{"rects": [[[1260.0, 415.7142857142857, 4740.0, 3844.285714285714], ["window"]]], "width": 6000, "height": 4000, "tags": []}