{"rects": [[[1311.4285714285713, 604.2857142857142, 4752.857142857143, 3218.5714285714284], ["window"]]], "width": 6000, "height": 4000, "tags": []}