{"rects": [[[638.5714285714286, 934.2857142857142, 5357.142857142857, 3411.428571428571], ["window"]]], "width": 6000, "height": 4000, "tags": []}