{"rects": [[[1422.857142857143, 42.857142857142854, 3754.285714285714, 3638.5714285714284], ["window"]]], "width": 6000, "height": 4000, "tags": []}