{"rects": [[[1410.0, 42.857142857142854, 5018.571428571428, 3977.142857142857], ["window", "shop"]]], "width": 6000, "height": 4000, "tags": []}