{"rects": [[[240.0, 184.28571428571428, 3917.142857142857, 3938.5714285714284], ["window"]]], "width": 6000, "height": 4000, "tags": []}