{"rects": [[[210.0, 137.14285714285714, 5262.857142857143, 3334.285714285714], ["window"]]], "width": 6000, "height": 4000, "tags": []}