{"rects": [[[38.57142857142857, 595.7142857142857, 5768.571428571428, 3424.285714285714], ["window"]]], "width": 6000, "height": 4000, "tags": []}