{"rects": [[[917.1428571428571, 398.57142857142856, 4191.428571428572, 3480.0], ["window"]]], "width": 6000, "height": 4000, "tags": []}