{"rects": [[[304.2857142857143, 848.5714285714286, 5815.714285714285, 3355.714285714286], ["window"]]], "width": 6000, "height": 4000, "tags": []}