{"rects": [[[0, 0, 6000, 4000], ["facade"]], [[1872.857142857143, 647.1428571428571, 3822.8571428571427, 3450.0], ["window"]]], "width": 6000, "height": 4000, "tags": []}