{"rects": [[[257.1428571428571, 257.1428571428571, 4512.857142857143, 3265.714285714286], ["window"]]], "width": 6000, "height": 4000, "tags": []}