{"rects": [[[1860.0, 171.42857142857142, 5220.0, 3840.0], ["window"]], [[17.142857142857142, 214.28571428571428, 1504.2857142857142, 3694.285714285714], ["window"]]], "width": 6000, "height": 4000, "tags": []}