{"rects": [[[1375.7142857142858, 642.8571428571429, 4487.142857142857, 3510.0], ["window"]]], "width": 6000, "height": 4000, "tags": []}