{"rects": [[[1170.0, 698.5714285714286, 5014.285714285714, 3064.285714285714], ["window"]]], "width": 6000, "height": 4000, "tags": []}