{"rects": [[[0, 0, 6000, 4000], ["facade"]], [[1281.4285714285713, 951.4285714285714, 3454.285714285714, 2995.714285714286], ["window"]]], "width": 6000, "height": 4000, "tags": []}