{"rects": [[[942.8571428571428, 732.8571428571429, 4277.142857142857, 3265.714285714286], ["window"]]], "width": 6000, "height": 4000, "tags": []}