{"rects": [[[1264.2857142857142, 68.57142857142857, 5220.0, 3998.5714285714284], ["window", "shop"]]], "width": 6000, "height": 4000, "tags": []}