{"rects": [[[908.5714285714286, 102.85714285714286, 4984.285714285714, 3531.428571428571], ["window"]]], "width": 6000, "height": 4000, "tags": []}