{"rects": [[[3745.714285714286, 1071.4285714285713, 5485.714285714285, 3445.714285714286], ["window"]], [[977.1428571428571, 1680.0, 2237.142857142857, 3612.8571428571427], ["window"]], [[2288.5714285714284, 1474.2857142857142, 3450.0, 2965.714285714286], ["window"]]], "width": 6000, "height": 4000, "tags": []}