{"rects": [[[2507.142857142857, 102.85714285714286, 4427.142857142857, 3840.0], ["window"]]], "width": 6000, "height": 4000, "tags": []}