{"rects": [[[1508.5714285714284, 912.8571428571428, 4504.285714285714, 3741.428571428571], ["window"]]], "width": 6000, "height": 4000, "tags": []}