{"rects": [[[1397.142857142857, 664.2857142857142, 4710.0, 3437.142857142857], ["window"]]], "width": 6000, "height": 4000, "tags": []}