{"rects": [[[171.42857142857142, 167.14285714285714, 5318.571428571428, 3308.5714285714284], ["window"]]], "width": 6000, "height": 4000, "tags": []}