{"rects": [[[535.7142857142857, 30.0, 4898.571428571428, 3784.285714285714], ["window"]]], "width": 6000, "height": 4000, "tags": []}