{"rects": [[[231.42857142857142, 797.1428571428571, 5755.714285714285, 3325.714285714286], ["window"]]], "width": 6000, "height": 4000, "tags": []}