{"rects": [[[522.8571428571429, 805.7142857142857, 5601.428571428572, 3480.0], ["window"]]], "width": 6000, "height": 4000, "tags": []}