{"rects": [[[1225.7142857142858, 668.5714285714286, 5425.714285714285, 3064.285714285714], ["window"]]], "width": 6000, "height": 4000, "tags": []}