{"rects": [[[1405.7142857142858, 857.1428571428571, 3960.0, 3458.5714285714284], ["window"]], [[4118.571428571428, 1487.142857142857, 5670.0, 4000], ["window"]]], "width": 6000, "height": 4000, "tags": []}