{"rects": [[[827.1428571428571, 325.7142857142857, 5485.714285714285, 3544.285714285714], ["window"]]], "width": 6000, "height": 4000, "tags": []}