{"rects": [[[934.2857142857142, 758.5714285714286, 5121.428571428572, 3745.714285714286], ["window"]]], "width": 6000, "height": 4000, "tags": []}