{"rects": [[[1620.0, 835.7142857142857, 4165.714285714285, 3257.142857142857], ["window"]], [[150.0, 882.8571428571428, 1182.857142857143, 2931.4285714285716], ["window"]]], "width": 6000, "height": 4000, "tags": []}