{"rects": [[[167.14285714285714, 128.57142857142856, 4752.857142857143, 3647.142857142857], ["window"]]], "width": 6000, "height": 4000, "tags": []}