{"rects": [[[668.5714285714286, 51.42857142857143, 5370.0, 3767.142857142857], ["window"]]], "width": 6000, "height": 4000, "tags": []}