{"rects": [[[1140.0, 694.2857142857142, 4345.714285714285, 3690.0], ["window"]]], "width": 6000, "height": 4000, "tags": []}