{"rects": [[[1294.2857142857142, 85.71428571428571, 4208.571428571428, 3625.714285714286], ["window"]]], "width": 6000, "height": 4000, "tags": []}