{"rects": [[[60.0, 1097.142857142857, 5918.571428571428, 3278.5714285714284], ["window"]]], "width": 6000, "height": 4000, "tags": []}