{"rects": [[[1997.142857142857, 475.7142857142857, 4298.571428571428, 3591.428571428571], ["window"]]], "width": 6000, "height": 4000, "tags": []}