{"rects": [[[1015.7142857142857, 535.7142857142857, 4877.142857142857, 3338.5714285714284], ["window"]]], "width": 6000, "height": 4000, "tags": []}