{"rects": [[[642.8571428571429, 788.5714285714286, 4975.714285714285, 2850.0], ["window"]]], "width": 6000, "height": 4000, "tags": []}