{"rects": [[[578.5714285714286, 630.0, 4615.714285714285, 3377.142857142857], ["window"]]], "width": 6000, "height": 4000, "tags": []}