{"rects": [[[25.714285714285715, 1405.7142857142858, 3968.5714285714284, 3458.5714285714284], ["window"]]], "width": 6000, "height": 4000, "tags": []}