{"rects": [[[1907.142857142857, 934.2857142857142, 4410.0, 3505.714285714286], ["window"]]], "width": 6000, "height": 4000, "tags": []}