{"rects": [[[1765.7142857142856, 775.7142857142857, 4302.857142857143, 3664.285714285714], ["window", "shop"]], [[4328.571428571428, 780.0, 5515.714285714285, 3621.428571428571], ["shop", "door"]]], "width": 6000, "height": 4000, "tags": []}