{"rects": [[[775.7142857142857, 574.2857142857142, 4465.714285714285, 3887.142857142857], ["window"]]], "width": 6000, "height": 4000, "tags": []}