{"rects": [[[390.0, 330.0, 5824.285714285714, 3917.142857142857], ["window"]]], "width": 6000, "height": 4000, "tags": []}