{"rects": [[[870.0, 591.4285714285714, 5520.0, 3741.428571428571], ["window"]]], "width": 6000, "height": 4000, "tags": []}