{"rects": [[[252.85714285714286, 51.42857142857143, 4710.0, 3977.142857142857], ["window"]]], "width": 6000, "height": 4000, "tags": []}