{"rects": [[[467.1428571428571, 25.714285714285715, 5952.857142857143, 3291.4285714285716], ["window"]]], "width": 6000, "height": 4000, "tags": []}