{"rects": [[[591.4285714285714, 1170.0, 4054.285714285714, 3321.428571428571], ["window"]]], "width": 6000, "height": 4000, "tags": []}