{"rects": [[[1410.0, 55.714285714285715, 4795.714285714285, 3775.714285714286], ["window"]]], "width": 6000, "height": 4000, "tags": []}