{"rects": [[[1225.7142857142858, 162.85714285714286, 5022.857142857143, 3158.5714285714284], ["window"]]], "width": 6000, "height": 4000, "tags": []}