{"rects": [[[484.2857142857143, 415.7142857142857, 4182.857142857143, 3814.285714285714], ["window"]]], "width": 6000, "height": 4000, "tags": []}