{"rects": [[[715.7142857142857, 197.14285714285714, 5490.0, 3925.714285714286], ["window"]]], "width": 6000, "height": 4000, "tags": []}