{"rects": [[[1474.2857142857142, 1204.2857142857142, 4105.714285714285, 3304.285714285714], ["window"]]], "width": 6000, "height": 4000, "tags": []}