{"rects": [[[222.85714285714286, 90.0, 5751.428571428572, 3372.8571428571427], ["window"]]], "width": 6000, "height": 4000, "tags": []}