{"rects": [[[1277.142857142857, 141.42857142857142, 5524.285714285714, 3762.8571428571427], ["window"]]], "width": 6000, "height": 4000, "tags": []}