{"rects": [[[1182.857142857143, 1195.7142857142858, 4290.0, 2854.285714285714], ["window"]]], "width": 6000, "height": 4000, "tags": []}