{"rects": [[[702.8571428571429, 55.714285714285715, 4915.714285714285, 3822.8571428571427], ["window"]]], "width": 6000, "height": 4000, "tags": []}