{"rects": [[[1367.142857142857, 681.4285714285714, 4560.0, 3021.4285714285716], ["window"]]], "width": 6000, "height": 4000, "tags": []}