{"rects": [[[977.1428571428571, 711.4285714285714, 4238.571428571428, 3197.142857142857], ["window"]]], "width": 6000, "height": 4000, "tags": []}