{"rects": [[[2125.714285714286, 972.8571428571428, 3968.5714285714284, 3235.714285714286], ["window"]], [[621.4285714285714, 651.4285714285714, 2035.7142857142856, 2292.8571428571427], ["window"]]], "width": 6000, "height": 4000, "tags": []}