{"rects": [[[1662.857142857143, 810.0, 3685.714285714286, 3047.142857142857], ["window"]], [[372.85714285714283, 942.8571428571428, 1602.857142857143, 3030.0], ["window"]]], "width": 6000, "height": 4000, "tags": []}