{"rects": [[[990.0, 137.14285714285714, 5365.714285714285, 3810.0], ["window"]]], "width": 6000, "height": 4000, "tags": []}