{"rects": [[[1692.857142857143, 544.2857142857142, 4208.571428571428, 3711.428571428571], ["window"]]], "width": 6000, "height": 4000, "tags": []}