{"rects": [[[741.4285714285714, 741.4285714285714, 5108.571428571428, 3788.5714285714284], ["window"]]], "width": 6000, "height": 4000, "tags": []}