{"rects": [[[964.2857142857142, 1024.2857142857142, 4860.0, 3822.8571428571427], ["window"]]], "width": 6000, "height": 4000, "tags": []}