{"rects": [[[1285.7142857142858, 1530.0, 4062.8571428571427, 3244.285714285714], ["window"]]], "width": 6000, "height": 4000, "tags": []}