{"rects": [[[8.571428571428571, 488.57142857142856, 5725.714285714285, 3960.0], ["facade"]]], "width": 6000, "height": 4000, "tags": []}