{"rects": [[[492.85714285714283, 137.14285714285714, 4932.857142857143, 3942.8571428571427], ["window"]]], "width": 6000, "height": 4000, "tags": []}