{"rects": [[[904.2857142857142, 540.0, 5442.857142857143, 3694.285714285714], ["window"]]], "width": 6000, "height": 4000, "tags": []}