{"rects": [[[137.14285714285714, 582.8571428571429, 5365.714285714285, 3595.714285714286], ["window"]]], "width": 6000, "height": 4000, "tags": []}