{"rects": [[[150.0, 227.14285714285714, 4868.571428571428, 3347.142857142857], ["window"]]], "width": 6000, "height": 4000, "tags": []}