{"rects": [[[1928.5714285714284, 1238.5714285714284, 3750.0, 3544.285714285714], ["window"]]], "width": 6000, "height": 4000, "tags": []}