{"rects": [[[1915.7142857142856, 1285.7142857142858, 4195.714285714285, 3621.428571428571], ["window"]], [[214.28571428571428, 1337.142857142857, 1637.142857142857, 3535.714285714286], ["window"]]], "width": 6000, "height": 4000, "tags": []}