{"rects": [[[1208.5714285714284, 660.0, 4371.428571428572, 3167.142857142857], ["window"]]], "width": 6000, "height": 4000, "tags": []}