{"rects": [[[2082.8571428571427, 814.2857142857142, 4217.142857142857, 2948.5714285714284], ["window"]]], "width": 6000, "height": 4000, "tags": []}