{"rects": [[[741.4285714285714, 0, 5760.0, 3882.8571428571427], ["window"]]], "width": 6000, "height": 4000, "tags": []}