{"rects": [[[767.1428571428571, 8.571428571428571, 4654.285714285714, 3848.5714285714284], ["window"]]], "width": 6000, "height": 4000, "tags": []}