{"rects": [[[1525.7142857142858, 402.85714285714283, 4260.0, 3694.285714285714], ["window"]]], "width": 6000, "height": 4000, "tags": []}