{"rects": [[[1281.4285714285713, 1204.2857142857142, 4161.428571428572, 3595.714285714286], ["window"]]], "width": 6000, "height": 4000, "tags": []}