{"rects": [[[1148.5714285714284, 968.5714285714286, 4388.571428571428, 3591.428571428571], ["window"]]], "width": 6000, "height": 4000, "tags": []}