{"rects": [[[1551.4285714285713, 711.4285714285714, 3261.4285714285716, 3261.4285714285716], ["window"]], [[4620.0, 1302.857142857143, 5957.142857142857, 2794.285714285714], ["window"]]], "width": 6000, "height": 4000, "tags": []}