{"rects": [[[1208.5714285714284, 1101.4285714285713, 4821.428571428572, 3180.0], ["window"]]], "width": 6000, "height": 4000, "tags": []}