{"rects": [[[1345.7142857142858, 497.1428571428571, 4435.714285714285, 3514.285714285714], ["window"]]], "width": 6000, "height": 4000, "tags": []}