{"rects": [[[745.7142857142857, 124.28571428571428, 5078.571428571428, 3938.5714285714284], ["window"]]], "width": 6000, "height": 4000, "tags": []}