{"rects": [[[2262.8571428571427, 745.7142857142857, 5460.0, 3047.142857142857], ["window"]]], "width": 6000, "height": 4000, "tags": []}