{"rects": [[[921.4285714285714, 274.2857142857143, 4782.857142857143, 3591.428571428571], ["window"]]], "width": 6000, "height": 4000, "tags": []}