{"rects": [[[912.8571428571428, 681.4285714285714, 5087.142857142857, 3424.285714285714], ["window"]]], "width": 6000, "height": 4000, "tags": []}