{"rects": [[[368.57142857142856, 141.42857142857142, 5708.571428571428, 3595.714285714286], ["window"]]], "width": 6000, "height": 4000, "tags": []}