{"rects": [[[1388.5714285714284, 51.42857142857143, 4354.285714285714, 3621.428571428571], ["window"]]], "width": 6000, "height": 4000, "tags": []}