{"rects": [[[1885.7142857142856, 278.57142857142856, 4860.0, 3895.714285714286], ["window"]]], "width": 6000, "height": 4000, "tags": []}