{"rects": [[[565.7142857142857, 257.1428571428571, 5884.285714285714, 3767.142857142857], ["window"]]], "width": 6000, "height": 4000, "tags": []}