{"rects": [[[938.5714285714286, 762.8571428571429, 4962.857142857143, 3968.5714285714284], ["window"]]], "width": 6000, "height": 4000, "tags": []}