{"rects": [[[218.57142857142856, 334.2857142857143, 3475.714285714286, 3480.0], ["window"]]], "width": 6000, "height": 4000, "tags": []}