{"rects": [[[1032.857142857143, 754.2857142857142, 4847.142857142857, 3385.714285714286], ["window"]]], "width": 6000, "height": 4000, "tags": []}