{"rects": [[[1487.142857142857, 1448.5714285714284, 4110.0, 3475.714285714286], ["window"]]], "width": 6000, "height": 4000, "tags": []}