{"rects": [[[1422.857142857143, 968.5714285714286, 5155.714285714285, 3810.0], ["window"]]], "width": 6000, "height": 4000, "tags": []}