{"rects": [[[132.85714285714286, 831.4285714285714, 5305.714285714285, 3034.285714285714], ["window"]]], "width": 6000, "height": 4000, "tags": []}