{"rects": [[[1572.857142857143, 1315.7142857142858, 4495.714285714285, 3141.4285714285716], ["window"]]], "width": 6000, "height": 4000, "tags": []}