{"rects": [[[844.2857142857142, 1037.142857142857, 4727.142857142857, 3681.428571428571], ["window"]]], "width": 6000, "height": 4000, "tags": []}