{"rects": [[[651.4285714285714, 531.4285714285714, 5164.285714285714, 3647.142857142857], ["window"]]], "width": 6000, "height": 4000, "tags": []}