{"rects": [[[1778.5714285714284, 1234.2857142857142, 4182.857142857143, 3098.5714285714284], ["window"]]], "width": 6000, "height": 4000, "tags": []}