{"rects": [[[1302.857142857143, 1131.4285714285713, 4585.714285714285, 3578.5714285714284], ["window"]]], "width": 6000, "height": 4000, "tags": []}