{"rects": [[[1032.857142857143, 188.57142857142856, 5027.142857142857, 3874.285714285714], ["window"]]], "width": 6000, "height": 4000, "tags": []}