{"rects": [[[1328.5714285714284, 355.7142857142857, 4744.285714285714, 3878.5714285714284], ["window"]]], "width": 6000, "height": 4000, "tags": []}