{"rects": [[[947.1428571428571, 201.42857142857142, 5082.857142857143, 3342.8571428571427], ["window"]]], "width": 6000, "height": 4000, "tags": []}