{"rects": [[[801.4285714285714, 167.14285714285714, 5460.0, 3634.285714285714], ["window"]]], "width": 6000, "height": 4000, "tags": []}