{"rects": [[[1474.2857142857142, 638.5714285714286, 4405.714285714285, 3038.5714285714284], ["window"]]], "width": 6000, "height": 4000, "tags": []}