{"rects": [[[1830.0, 25.714285714285715, 4234.285714285714, 3964.285714285714], ["window", "shop"]]], "width": 6000, "height": 4000, "tags": []}