{"rects": [[[261.42857142857144, 415.7142857142857, 5704.285714285714, 2845.714285714286], ["window"]]], "width": 6000, "height": 4000, "tags": []}