{"rects": [[[814.2857142857142, 582.8571428571429, 4170.0, 3111.4285714285716], ["window"]]], "width": 6000, "height": 4000, "tags": []}