{"rects": [[[1127.142857142857, 68.57142857142857, 4602.857142857143, 3814.285714285714], ["window"]]], "width": 6000, "height": 4000, "tags": []}