{"rects": [[[1152.857142857143, 34.285714285714285, 5622.857142857143, 3732.8571428571427], ["window"]]], "width": 6000, "height": 4000, "tags": []}