{"rects": [[[977.1428571428571, 548.5714285714286, 5421.428571428572, 3775.714285714286], ["window"]]], "width": 6000, "height": 4000, "tags": []}