{"rects": [[[55.714285714285715, 1362.857142857143, 4054.285714285714, 3514.285714285714], ["window"]]], "width": 6000, "height": 4000, "tags": []}