{"rects": [[[818.5714285714286, 698.5714285714286, 5421.428571428572, 3458.5714285714284], ["window"]]], "width": 6000, "height": 4000, "tags": []}