{"rects": [[[561.4285714285714, 167.14285714285714, 5447.142857142857, 3334.285714285714], ["window"]]], "width": 6000, "height": 4000, "tags": []}