{"rects": [[[548.5714285714286, 510.0, 4941.428571428572, 3381.428571428571], ["window"]]], "width": 6000, "height": 4000, "tags": []}