{"rects": [[[47.14285714285714, 98.57142857142857, 5948.571428571428, 3917.142857142857], ["window"]]], "width": 6000, "height": 4000, "tags": []}