{"rects": [[[270.0, 115.71428571428571, 5635.714285714285, 3951.428571428571], ["window"]]], "width": 6000, "height": 4000, "tags": []}