{"rects": [[[878.5714285714286, 17.142857142857142, 4800.0, 3891.428571428571], ["window"]]], "width": 6000, "height": 4000, "tags": []}