{"rects": [[[385.7142857142857, 68.57142857142857, 2040.0, 3810.0], ["window"]], [[2138.5714285714284, 42.857142857142854, 4632.857142857143, 3698.5714285714284], ["window"]]], "width": 6000, "height": 4000, "tags": []}