{"rects": [[[471.4285714285714, 222.85714285714286, 5228.571428571428, 3930.0], ["window"]]], "width": 6000, "height": 4000, "tags": []}