{"rects": [[[672.8571428571429, 12.857142857142858, 5258.571428571428, 3908.5714285714284], ["window"]]], "width": 6000, "height": 4000, "tags": []}