{"rects": [[[17.142857142857142, 107.14285714285714, 5867.142857142857, 3780.0], ["window"]]], "width": 6000, "height": 4000, "tags": []}