{"rects": [[[60.0, 338.57142857142856, 5927.142857142857, 3561.428571428571], ["window"]]], "width": 6000, "height": 4000, "tags": []}