{"rects": [[[707.1428571428571, 0, 4851.428571428572, 3814.285714285714], ["window"]]], "width": 6000, "height": 4000, "tags": []}