{"rects": [[[85.71428571428571, 25.714285714285715, 5391.428571428572, 3925.714285714286], ["window"]]], "width": 6000, "height": 4000, "tags": []}