{"rects": [[[745.7142857142857, 660.0, 4585.714285714285, 3574.285714285714], ["window"]]], "width": 6000, "height": 4000, "tags": []}