{"rects": [[[870.0, 390.0, 5198.571428571428, 3484.285714285714], ["window"]]], "width": 6000, "height": 4000, "tags": []}