{"rects": [[[235.7142857142857, 51.42857142857143, 5687.142857142857, 3900.0], ["window"]]], "width": 6000, "height": 4000, "tags": []}