{"rects": [[[128.57142857142856, 42.857142857142854, 5931.428571428572, 3291.4285714285716], ["window"]]], "width": 6000, "height": 4000, "tags": []}