{"rects": [[[1915.7142857142856, 895.7142857142857, 4397.142857142857, 3398.5714285714284], ["window"]]], "width": 6000, "height": 4000, "tags": []}