{"rects": [[[0, 0, 6000, 4000], ["facade"]], [[1140.0, 660.0, 2485.714285714286, 3218.5714285714284], ["window"]]], "width": 6000, "height": 4000, "tags": []}