{"rects": [[[664.2857142857142, 42.857142857142854, 5202.857142857143, 3878.5714285714284], ["window"]]], "width": 6000, "height": 4000, "tags": []}