{"rects": [[[690.0, 1071.4285714285713, 5108.571428571428, 3312.8571428571427], ["window"]]], "width": 6000, "height": 4000, "tags": []}