{"rects": [[[385.7142857142857, 107.14285714285714, 5695.714285714285, 3977.142857142857], ["window"]]], "width": 6000, "height": 4000, "tags": []}