{"rects": [[[175.71428571428572, 12.857142857142858, 4800.0, 3917.142857142857], ["window"]]], "width": 6000, "height": 4000, "tags": []}