{"rects": [[[30.0, 171.42857142857142, 5961.428571428572, 3844.285714285714], ["window"]]], "width": 6000, "height": 4000, "tags": []}