{"rects": [[[750.0, 0, 5532.857142857143, 3904.285714285714], ["window"]]], "width": 6000, "height": 4000, "tags": []}