{"rects": [[[162.85714285714286, 0, 5340.0, 3865.714285714286], ["window"]]], "width": 6000, "height": 4000, "tags": []}