{"rects": [[[72.85714285714286, 64.28571428571428, 5987.142857142857, 3818.5714285714284], ["window"]]], "width": 6000, "height": 4000, "tags": []}