{"rects": [[[30.0, 852.8571428571428, 5764.285714285714, 3111.4285714285716], ["window"]]], "width": 6000, "height": 4000, "tags": []}