{"rects": [[[107.14285714285714, 21.428571428571427, 5957.142857142857, 3955.714285714286], ["window"]]], "width": 6000, "height": 4000, "tags": []}