{"rects": [[[685.7142857142857, 132.85714285714286, 4890.0, 3720.0], ["window"]]], "width": 6000, "height": 4000, "tags": []}