{"rects": [[[34.285714285714285, 308.57142857142856, 5760.0, 3750.0], ["window"]]], "width": 6000, "height": 4000, "tags": []}