{"rects": [[[612.8571428571429, 8.571428571428571, 4590.0, 3921.428571428571], ["window"]]], "width": 6000, "height": 4000, "tags": []}