{"rects": [[[162.85714285714286, 51.42857142857143, 5571.428571428572, 3878.5714285714284], ["window"]]], "width": 6000, "height": 4000, "tags": []}