{"rects": [[[102.85714285714286, 38.57142857142857, 5880.0, 3814.285714285714], ["window"]]], "width": 6000, "height": 4000, "tags": []}