{"rects": [[[535.7142857142857, 12.857142857142858, 5678.571428571428, 3981.428571428571], ["window"]]], "width": 6000, "height": 4000, "tags": []}