{"rects": [[[171.42857142857142, 72.85714285714286, 5982.857142857143, 3891.428571428571], ["window"]]], "width": 6000, "height": 4000, "tags": []}