{"rects": [[[55.714285714285715, 162.85714285714286, 5477.142857142857, 3818.5714285714284], ["window"]]], "width": 6000, "height": 4000, "tags": []}