{"rects": [[[98.57142857142857, 227.14285714285714, 5901.428571428572, 3788.5714285714284], ["window"]]], "width": 6000, "height": 4000, "tags": []}