{"rects": [[[1148.5714285714284, 145.71428571428572, 4607.142857142857, 3287.142857142857], ["window"]]], "width": 6000, "height": 4000, "tags": []}