{"rects": [[[852.8571428571428, 60.0, 4937.142857142857, 3822.8571428571427], ["window"]]], "width": 6000, "height": 4000, "tags": []}