{"rects": [[[90.0, 4.285714285714286, 5310.0, 3805.714285714286], ["window"]]], "width": 6000, "height": 4000, "tags": []}