{"rects": [[[81.42857142857143, 154.28571428571428, 5931.428571428572, 3154.285714285714], ["window"]]], "width": 6000, "height": 4000, "tags": []}