{"rects": [[[128.57142857142856, 527.1428571428571, 5725.714285714285, 3647.142857142857], ["window"]]], "width": 6000, "height": 4000, "tags": []}