{"rects": [[[17.142857142857142, 42.857142857142854, 5965.714285714285, 3780.0], ["window"]]], "width": 6000, "height": 4000, "tags": []}