{"rects": [[[55.714285714285715, 90.0, 5824.285714285714, 3955.714285714286], ["window"]]], "width": 6000, "height": 4000, "tags": []}