{"rects": [[[192.85714285714286, 214.28571428571428, 5837.142857142857, 3424.285714285714], ["window"]]], "width": 6000, "height": 4000, "tags": []}