{"rects": [[[942.8571428571428, 685.7142857142857, 4645.714285714285, 3552.8571428571427], ["window"]]], "width": 6000, "height": 4000, "tags": []}