{"rects": [[[257.1428571428571, 51.42857142857143, 5807.142857142857, 3968.5714285714284], ["window"]]], "width": 6000, "height": 4000, "tags": []}