{"rects": [[[120.0, 510.0, 5995.714285714285, 3192.8571428571427], ["window"]]], "width": 6000, "height": 4000, "tags": []}