{"rects": [[[102.85714285714286, 180.0, 5721.428571428572, 3630.0], ["window"]]], "width": 6000, "height": 4000, "tags": []}