{"rects": [[[655.7142857142857, 4.285714285714286, 5417.142857142857, 3947.142857142857], ["window"]]], "width": 6000, "height": 4000, "tags": []}