{"rects": [[[227.14285714285714, 205.71428571428572, 5815.714285714285, 3428.5714285714284], ["window"]]], "width": 6000, "height": 4000, "tags": []}