{"rects": [[[64.28571428571428, 30.0, 5297.142857142857, 3934.285714285714], ["window"]]], "width": 6000, "height": 4000, "tags": []}