{"rects": [[[205.71428571428572, 68.57142857142857, 5648.571428571428, 3775.714285714286], ["window"]]], "width": 6000, "height": 4000, "tags": []}