{"rects": [[[282.85714285714283, 38.57142857142857, 4885.714285714285, 3912.8571428571427], ["window"]]], "width": 6000, "height": 4000, "tags": []}