{"rects": [[[188.57142857142856, 55.714285714285715, 5768.571428571428, 3900.0], ["window"]]], "width": 6000, "height": 4000, "tags": []}