{"rects": [[[420.0, 8.571428571428571, 5417.142857142857, 3977.142857142857], ["window"]]], "width": 6000, "height": 4000, "tags": []}