{"rects": [[[102.85714285714286, 68.57142857142857, 5687.142857142857, 3831.428571428571], ["window"]]], "width": 6000, "height": 4000, "tags": []}