{"rects": [[[197.14285714285714, 8.571428571428571, 5275.714285714285, 3947.142857142857], ["window"]]], "width": 6000, "height": 4000, "tags": []}