{"rects": [[[582.12, 820.26, 2581.74, 3447.3599999999997], ["window"]], [[2468.3399999999997, 453.59999999999997, 4536.0, 3311.2799999999997], ["window"]]], "width": 6048, "height": 4024, "tags": []}