{"rects": [[[532.98, 404.46, 4759.0199999999995, 3670.3799999999997], ["door"]]], "width": 6048, "height": 4024, "tags": []}