{"rects": [[[1281.4199999999998, 400.68, 4369.679999999999, 3980.3399999999997], ["window"]]], "width": 6048, "height": 4024, "tags": []}