{"rects": [[[1254.96, 653.9399999999999, 4774.139999999999, 4024], ["window"]]], "width": 6048, "height": 4024, "tags": []}