{"rects": [[[2309.58, 102.05999999999999, 4713.66, 2294.46], ["window"]], [[1073.52, 631.26, 2252.88, 2366.2799999999997], ["window"]]], "width": 6048, "height": 4024, "tags": []}