{"rects": [[[321.3, 219.23999999999998, 4154.219999999999, 3984.12], ["window"]]], "width": 6048, "height": 4024, "tags": []}