{"rects": [[[529.1999999999999, 260.82, 4135.32, 3534.2999999999997], ["window"]]], "width": 6048, "height": 4024, "tags": []}