{"rects": [[[971.4599999999999, 480.06, 4547.34, 3677.9399999999996], ["window"]]], "width": 6048, "height": 4024, "tags": []}