{"rects": [[[3243.24, 914.76, 5594.4, 2800.98], ["window"]], [[215.45999999999998, 1364.58, 3284.8199999999997, 3024.0], ["window"]]], "width": 6048, "height": 4024, "tags": []}