{"rects": [[[1542.24, 703.0799999999999, 4120.2, 3454.9199999999996], ["window"]]], "width": 6048, "height": 4024, "tags": []}