{"rects": [[[778.68, 257.03999999999996, 4165.5599999999995, 3439.7999999999997], ["window"]]], "width": 6048, "height": 4024, "tags": []}