{"rects": [[[328.85999999999996, 355.32, 4921.5599999999995, 4024], ["window"]]], "width": 6048, "height": 4024, "tags": []}