{"rects": [[[1614.06, 366.65999999999997, 4543.5599999999995, 3953.8799999999997], ["window"]]], "width": 6048, "height": 4024, "tags": []}