{"rects": [[[1443.96, 687.9599999999999, 4562.46, 3723.2999999999997], ["window"]]], "width": 6048, "height": 4024, "tags": []}