{"rects": [[[1417.5, 638.8199999999999, 4441.5, 3602.3399999999997], ["window"]]], "width": 6048, "height": 4024, "tags": []}