{"rects": [[[1209.6, 378.0, 4112.639999999999, 3927.4199999999996], ["window"]]], "width": 6048, "height": 4024, "tags": []}