{"rects": [[[1304.1, 827.8199999999999, 3885.8399999999997, 3424.68], ["window"]]], "width": 6048, "height": 4024, "tags": []}