{"rects": [[[971.4599999999999, 347.76, 3099.6, 3572.1], ["window"]], [[2887.92, 752.2199999999999, 5008.5, 3708.18], ["window"]]], "width": 6048, "height": 4024, "tags": []}