{"rects": [[[873.18, 207.89999999999998, 4940.46, 3832.9199999999996], ["window"]]], "width": 6048, "height": 4024, "tags": []}