{"rects": [[[1349.46, 79.38, 4622.94, 1840.86], ["window"]], [[1534.6799999999998, 1761.48, 4558.679999999999, 3957.66], ["window", "shop"]]], "width": 6048, "height": 4024, "tags": []}