{"rects": [[[1402.3799999999999, 756.0, 4456.62, 3439.7999999999997], ["window"]], [[4426.38, 861.8399999999999, 5824.98, 3439.7999999999997], ["window"]]], "width": 6048, "height": 4024, "tags": []}