{"rects": [[[601.02, 487.61999999999995, 4509.54, 3825.3599999999997], ["door"]]], "width": 6048, "height": 4024, "tags": []}