{"rects": [[[1606.5, 865.62, 3390.66, 3632.58], ["window"]], [[3220.56, 926.0999999999999, 4626.719999999999, 3625.02], ["window"]]], "width": 6048, "height": 4024, "tags": []}