{"rects": [[[196.56, 207.89999999999998, 3515.3999999999996, 2067.66], ["window"]], [[181.44, 2150.8199999999997, 3470.04, 5590.62], ["window"]]], "width": 4024, "height": 6048, "tags": []}