{"rects": [[[1292.76, 1126.44, 2887.92, 2577.96], ["window"]], [[2377.62, 2445.66, 3447.3599999999997, 3356.64], ["window"]], [[3496.5, 1538.4599999999998, 4309.2, 2630.8799999999997], ["window"]]], "width": 6048, "height": 4024, "tags": []}