{"rects": [[[400.68, 937.4399999999999, 2150.8199999999997, 3462.48], ["window"]], [[1995.84, 1050.84, 3458.7, 3050.46], ["window"]], [[3254.58, 1077.3, 5197.5, 3621.24], ["window"]]], "width": 6048, "height": 4024, "tags": []}