{"rects": [[[1512.0, 279.71999999999997, 5783.4, 3515.3999999999996], ["window"]]], "width": 6048, "height": 4024, "tags": []}