{"rects": [[[956.3399999999999, 786.24, 4173.12, 3757.3199999999997], ["window"]]], "width": 6048, "height": 4024, "tags": []}