{"rects": [[[1738.8, 627.48, 4203.36, 3065.58], ["window"]], [[517.86, 861.8399999999999, 1950.4799999999998, 2475.9], ["window"]]], "width": 6048, "height": 4024, "tags": []}