{"rects": [[[1485.54, 396.9, 4089.9599999999996, 2260.44], ["window"]], [[3957.66, 514.0799999999999, 5772.0599999999995, 2143.2599999999998], ["window"]], [[3980.3399999999997, 2029.86, 5651.099999999999, 3715.74], ["window"]]], "width": 6048, "height": 4024, "tags": []}