{"rects": [[[1693.4399999999998, 1156.6799999999998, 3897.18, 3307.5], ["window"]], [[3.78, 1077.3, 1912.6799999999998, 3144.96], ["window"]]], "width": 6048, "height": 4024, "tags": []}