{"rects": [[[842.9399999999999, 257.03999999999996, 5465.88, 3685.5], ["window"]]], "width": 6048, "height": 4024, "tags": []}