{"rects": [[[593.4599999999999, 831.5999999999999, 4861.08, 3863.16], ["window", "shop"]]], "width": 6048, "height": 4024, "tags": []}