{"rects": [[[991.38, 241.07999999999998, 2843.7599999999998, 2555.94], ["window"]]], "width": 3936, "height": 2624, "tags": []}