{"rects": [[[574.56, 540.54, 2373.8399999999997, 3262.14], ["window"]], [[2207.52, 729.54, 3587.22, 3621.24], ["window"]], [[3356.64, 941.2199999999999, 4944.24, 3659.04], ["window"]]], "width": 6048, "height": 4024, "tags": []}