{"rects": [[[1122.6599999999999, 551.88, 4929.12, 3764.8799999999997], ["window"]]], "width": 6048, "height": 4024, "tags": []}