{"rects": [[[1122.6599999999999, 90.72, 4717.44, 3919.8599999999997], ["window"]]], "width": 6048, "height": 4024, "tags": []}