{"rects": [[[835.38, 529.1999999999999, 5034.96, 3677.9399999999996], ["window"]]], "width": 6048, "height": 4024, "tags": []}