{"rects": [[[324.71999999999997, 140.22, 2730.6, 2536.2599999999998], ["window"]]], "width": 3936, "height": 2624, "tags": []}