{"rects": [[[1534.6799999999998, 1077.3, 3832.9199999999996, 2872.7999999999997], ["window"]], [[139.85999999999999, 986.5799999999999, 929.88, 2566.62], ["window"]]], "width": 6048, "height": 4024, "tags": []}