{"rects": [[[423.35999999999996, 502.73999999999995, 4936.679999999999, 4024], ["window"]]], "width": 6048, "height": 4024, "tags": []}