{"rects": [[[1111.32, 219.23999999999998, 5216.4, 3919.8599999999997], ["window"]]], "width": 6048, "height": 4024, "tags": []}