{"rects": [[[593.4599999999999, 283.5, 4706.099999999999, 3810.24], ["window"]]], "width": 6048, "height": 4024, "tags": []}