{"rects": [[[914.76, 7.56, 4192.0199999999995, 3851.8199999999997], ["window"]]], "width": 6048, "height": 4024, "tags": []}