{"rects": [[[876.9599999999999, 306.18, 4649.4, 3738.4199999999996], ["window"]]], "width": 6048, "height": 4024, "tags": []}