{"rects": [[[635.04, 143.64, 1852.1999999999998, 3764.8799999999997], ["window"]], [[1886.2199999999998, 52.919999999999995, 3594.7799999999997, 3946.3199999999997], ["window"]], [[3553.2, 619.92, 4585.139999999999, 3337.74], ["window"]]], "width": 6048, "height": 4024, "tags": []}