{"rects": [[[827.8199999999999, 665.28, 4558.679999999999, 3473.8199999999997], ["window"]]], "width": 6048, "height": 4024, "tags": []}