{"rects": [[[752.2199999999999, 786.24, 3069.3599999999997, 2286.9], ["window"]]], "width": 6048, "height": 4024, "tags": []}