{"rects": [[[1251.1799999999998, 740.88, 4902.66, 3764.8799999999997], ["window"]], [[68.03999999999999, 1954.26, 1334.34, 3454.9199999999996], ["window"]]], "width": 6048, "height": 4024, "tags": []}