{"rects": [[[616.14, 1141.56, 2245.3199999999997, 3084.48], ["window"]], [[2184.8399999999997, 1266.3, 4214.7, 3114.72], ["window"]]], "width": 6048, "height": 4024, "tags": []}