{"rects": [[[1746.36, 468.71999999999997, 3674.16, 2997.54], ["window"]], [[3538.08, 211.67999999999998, 5564.16, 2513.7], ["window"]]], "width": 6048, "height": 4024, "tags": []}