{"rects": [[[1402.3799999999999, 1058.3999999999999, 4150.44, 3636.3599999999997], ["window"]]], "width": 6048, "height": 4024, "tags": []}