{"rects": [[[559.4399999999999, 487.61999999999995, 5163.48, 3844.2599999999998], ["window"]]], "width": 6048, "height": 4024, "tags": []}