{"rects": [[[812.6999999999999, 370.44, 4895.099999999999, 3900.9599999999996], ["window"]]], "width": 6048, "height": 4024, "tags": []}