{"rects": [[[1186.9199999999998, 204.11999999999998, 4592.7, 3787.56], ["window"]]], "width": 6048, "height": 4024, "tags": []}