{"rects": [[[1273.86, 468.71999999999997, 4513.32, 3832.9199999999996], ["window"]]], "width": 6048, "height": 4024, "tags": []}