{"rects": [[[986.5799999999999, 268.38, 4498.2, 3783.7799999999997], ["window"]]], "width": 6048, "height": 4024, "tags": []}