{"rects": [[[1043.28, 699.3, 4706.099999999999, 3696.8399999999997], ["window"]]], "width": 6048, "height": 4024, "tags": []}