{"rects": [[[1485.54, 559.4399999999999, 3738.4199999999996, 3976.56], ["window"]], [[3715.74, 657.7199999999999, 5764.5, 4024], ["window"]]], "width": 6048, "height": 4024, "tags": []}