{"rects": [[[1307.8799999999999, 343.97999999999996, 4622.94, 3458.7], ["window"]]], "width": 6048, "height": 4024, "tags": []}