{"rects": [[[956.3399999999999, 279.71999999999997, 4751.46, 4003.02], ["window"]]], "width": 6048, "height": 4024, "tags": []}