{"rects": [[[1096.2, 468.71999999999997, 3863.16, 3583.4399999999996], ["window"]]], "width": 6048, "height": 4024, "tags": []}