{"rects": [[[1122.6599999999999, 275.94, 4543.5599999999995, 3814.02], ["window"]]], "width": 6048, "height": 4024, "tags": []}