{"rects": [[[1701.0, 948.78, 3598.56, 3420.8999999999996], ["window"]], [[204.11999999999998, 1107.54, 1942.9199999999998, 3367.98], ["window"]]], "width": 6048, "height": 4024, "tags": []}