{"rects": [[[529.1999999999999, 279.71999999999997, 2479.68, 1735.02], ["window"]], [[2457.0, 2203.74, 4324.32, 3885.8399999999997], ["window"]]], "width": 6048, "height": 4024, "tags": []}