{"rects": [[[718.1999999999999, 449.82, 4536.0, 3791.3399999999997], ["window"]]], "width": 6048, "height": 4024, "tags": []}