{"rects": [[[827.8199999999999, 525.42, 4762.8, 3534.2999999999997], ["window"]]], "width": 6048, "height": 4024, "tags": []}