{"rects": [[[540.54, 268.38, 5027.4, 3965.22], ["window"]], [[4921.5599999999995, 922.3199999999999, 6017.759999999999, 3632.58], ["window"]]], "width": 6048, "height": 4024, "tags": []}