{"rects": [[[1134.0, 638.8199999999999, 4804.38, 3643.9199999999996], ["window"]]], "width": 6048, "height": 4024, "tags": []}