{"rects": [[[200.34, 136.07999999999998, 5961.0599999999995, 3889.62], ["window"]]], "width": 6048, "height": 4024, "tags": []}