{"rects": [[[1315.4399999999998, 551.88, 4581.36, 3182.7599999999998], ["window"]]], "width": 6048, "height": 4024, "tags": []}