{"rects": [[[298.62, 529.1999999999999, 5734.259999999999, 3749.7599999999998], ["window"]]], "width": 6048, "height": 4024, "tags": []}