{"rects": [[[1183.1399999999999, 362.88, 4611.599999999999, 3840.48], ["window"]]], "width": 6048, "height": 4024, "tags": []}