{"rects": [[[892.0799999999999, 283.5, 4585.139999999999, 3923.64], ["window"]]], "width": 6048, "height": 4024, "tags": []}