{"rects": [[[79.38, 351.53999999999996, 2158.38, 2264.22], ["window"]], [[2294.46, 2302.02, 4233.599999999999, 3999.24], ["window"]]], "width": 6048, "height": 4024, "tags": []}