{"rects": [[[854.28, 846.7199999999999, 4025.7, 3110.94], ["window"]], [[4116.42, 1186.9199999999998, 5567.94, 2434.3199999999997], ["window"]]], "width": 6048, "height": 4024, "tags": []}