{"rects": [[[245.7, 408.23999999999995, 5575.5, 3806.4599999999996], ["window"]]], "width": 6048, "height": 4024, "tags": []}