{"rects": [[[1391.04, 430.91999999999996, 3900.9599999999996, 3481.3799999999997], ["window"]], [[3583.4399999999996, 589.68, 5756.94, 3526.74], ["window"]]], "width": 6048, "height": 4024, "tags": []}