{"rects": [[[0, 0, 3936, 2624], ["window"]], [[1360.3799999999999, 865.92, 2600.22, 1729.3799999999999], ["window"]]], "width": 3936, "height": 2624, "tags": []}