{"rects": [[[1111.92, 113.16, 2688.7799999999997, 2083.62], ["window"]], [[12.3, 31.98, 1323.48, 1722.0], ["window"]], [[2720.7599999999998, 516.6, 3933.54, 2105.7599999999998], ["window"]]], "width": 3936, "height": 2624, "tags": []}