{"rects": [[[1625.3999999999999, 638.8199999999999, 4312.98, 3617.46], ["window"]]], "width": 6048, "height": 4024, "tags": []}