{"rects": [[[873.18, 219.23999999999998, 4743.9, 3575.8799999999997], ["window"]]], "width": 6048, "height": 4024, "tags": []}