{"rects": [[[865.62, 200.34, 4653.179999999999, 3628.7999999999997], ["window"]]], "width": 6048, "height": 4024, "tags": []}