{"rects": [[[2071.44, 1092.4199999999998, 4010.58, 3628.7999999999997], ["window"]]], "width": 6048, "height": 4024, "tags": []}