{"rects": [[[676.62, 173.88, 4653.179999999999, 3953.8799999999997], ["window"]]], "width": 6048, "height": 4024, "tags": []}