{"rects": [[[559.4399999999999, 657.7199999999999, 1855.9799999999998, 3201.66], ["window"]], [[1742.58, 778.68, 3802.68, 3095.8199999999997], ["window"]], [[3711.9599999999996, 737.0999999999999, 5257.98, 2925.72], ["window"]]], "width": 6048, "height": 4024, "tags": []}