{"rects": [[[892.0799999999999, 79.38, 4879.98, 3677.9399999999996], ["window"]]], "width": 6048, "height": 4024, "tags": []}