{"rects": [[[1719.8999999999999, 941.2199999999999, 3681.72, 3315.06], ["window"]], [[75.6, 1202.04, 1803.06, 3519.18], ["window"]]], "width": 6048, "height": 4024, "tags": []}