{"rects": [[[343.97999999999996, 589.68, 5121.9, 3594.7799999999997], ["window"]]], "width": 6048, "height": 4024, "tags": []}