{"rects": [[[559.4399999999999, 3473.8199999999997, 941.2199999999999, 3810.24], ["private"]], [[340.2, 574.56, 5042.5199999999995, 3462.48], ["window"]]], "width": 6048, "height": 4024, "tags": []}