{"rects": [[[551.04, 0, 3151.2599999999998, 1621.1399999999999], ["window"]]], "width": 3936, "height": 2624, "tags": []}