{"rects": [[[2029.86, 1175.58, 4082.3999999999996, 2525.04], ["window"]], [[4021.9199999999996, 2165.94, 6044.219999999999, 3742.2], ["window"]]], "width": 6048, "height": 4024, "tags": []}