{"rects": [[[1319.22, 729.54, 5356.259999999999, 3439.7999999999997], ["window"]]], "width": 6048, "height": 4024, "tags": []}