{"rects": [[[880.74, 343.97999999999996, 4649.4, 3832.9199999999996], ["window"]], [[4490.639999999999, 960.12, 5953.5, 2139.48], ["window"]]], "width": 6048, "height": 4024, "tags": []}