{"rects": [[[1281.4199999999998, 275.94, 3961.4399999999996, 3556.98], ["window"]]], "width": 6048, "height": 4024, "tags": []}