{"rects": [[[1134.0, 423.35999999999996, 4588.92, 3216.7799999999997], ["window"]]], "width": 6048, "height": 4024, "tags": []}