{"rects": [[[2052.54, 1202.04, 3878.2799999999997, 3088.2599999999998], ["window"]], [[3908.52, 1160.46, 5889.24, 3477.6], ["window"]]], "width": 6048, "height": 4024, "tags": []}