{"rects": [[[1372.1399999999999, 389.34, 4656.96, 3405.7799999999997], ["window"]]], "width": 6048, "height": 4024, "tags": []}