{"rects": [[[1534.6799999999998, 1024.3799999999999, 3938.7599999999998, 3220.56], ["window"]]], "width": 6048, "height": 4024, "tags": []}