{"rects": [[[487.61999999999995, 820.26, 5008.5, 2623.3199999999997], ["window"]]], "width": 6048, "height": 4024, "tags": []}