{"rects": [[[362.88, 415.79999999999995, 2491.02, 3315.06], ["window"]], [[3723.2999999999997, 1126.44, 5855.219999999999, 3617.46], ["window"]]], "width": 6048, "height": 4024, "tags": []}