{"rects": [[[638.8199999999999, 495.17999999999995, 4823.28, 3451.14], ["window"]]], "width": 6048, "height": 4024, "tags": []}