{"rects": [[[495.17999999999995, 374.21999999999997, 2918.16, 3239.46], ["window"]], [[2710.2599999999998, 638.8199999999999, 4898.88, 3424.68], ["window"]]], "width": 6048, "height": 4024, "tags": []}