{"rects": [[[793.8, 223.01999999999998, 4751.46, 3757.3199999999997], ["window"]]], "width": 6048, "height": 4024, "tags": []}