{"rects": [[[1013.04, 215.45999999999998, 4452.84, 3851.8199999999997], ["window"]]], "width": 6048, "height": 4024, "tags": []}