{"rects": [[[1345.6799999999998, 446.03999999999996, 5046.3, 3545.64], ["window"]]], "width": 6048, "height": 4024, "tags": []}