{"rects": [[[298.62, 1179.36, 2388.96, 3515.3999999999996], ["window"]], [[2188.62, 1224.72, 4815.719999999999, 3519.18], ["window"]]], "width": 6048, "height": 4024, "tags": []}