{"rects": [[[1088.6399999999999, 483.84, 4048.3799999999997, 3965.22], ["window"]]], "width": 6048, "height": 4024, "tags": []}