{"rects": [[[922.3199999999999, 245.7, 4226.04, 4014.3599999999997], ["window"]]], "width": 6048, "height": 4024, "tags": []}