{"rects": [[[1591.3799999999999, 782.4599999999999, 3817.7999999999997, 3761.1], ["window"]], [[3625.02, 1118.8799999999999, 5008.5, 3156.2999999999997], ["window"]]], "width": 6048, "height": 4024, "tags": []}