{"rects": [[[1109.46, 455.09999999999997, 2637.12, 2393.58], ["window"]], [[2437.86, 186.96, 3886.7999999999997, 2118.06], ["window"]]], "width": 3936, "height": 2624, "tags": []}