{"rects": [[[109.61999999999999, 196.56, 5934.599999999999, 3254.58], ["window"]]], "width": 6048, "height": 4024, "tags": []}