{"rects": [[[1054.62, 343.97999999999996, 4963.139999999999, 4024], ["window"]]], "width": 6048, "height": 4024, "tags": []}