{"rects": [[[623.6999999999999, 1489.32, 2245.3199999999997, 2914.3799999999997], ["window"]], [[2169.72, 1232.28, 3545.64, 2989.98], ["window"]], [[3500.2799999999997, 1595.1599999999999, 5027.4, 3031.56], ["window"]]], "width": 6048, "height": 4024, "tags": []}