{"rects": [[[1126.44, 223.01999999999998, 4449.0599999999995, 3715.74], ["window"]]], "width": 6048, "height": 4024, "tags": []}