{"rects": [[[767.3399999999999, 105.83999999999999, 4271.4, 4024], ["window"]]], "width": 6048, "height": 4024, "tags": []}