{"rects": [[[1239.84, 332.64, 4347.0, 4024], ["window"]], [[3825.3599999999997, 582.12, 6044.219999999999, 4024], ["window"]]], "width": 6048, "height": 4024, "tags": []}