{"rects": [[[355.32, 725.76, 1927.8, 3213.0], ["window"]], [[1632.9599999999998, 767.3399999999999, 3802.68, 3201.66], ["window"]], [[3647.7, 979.02, 4982.04, 3247.02], ["window"]]], "width": 6048, "height": 4024, "tags": []}