{"rects": [[[1417.5, 846.7199999999999, 3961.4399999999996, 3791.3399999999997], ["window"]], [[3439.7999999999997, 801.36, 5722.92, 3643.9199999999996], ["window"]]], "width": 6048, "height": 4024, "tags": []}