{"rects": [[[370.44, 567.0, 3961.4399999999996, 3333.96], ["window"]], [[3795.12, 1001.6999999999999, 5299.5599999999995, 3281.04], ["window"]]], "width": 6048, "height": 4024, "tags": []}