{"rects": [[[1549.8, 34.019999999999996, 4437.719999999999, 3768.66], ["window"]]], "width": 6048, "height": 4024, "tags": []}