{"rects": [[[1277.6399999999999, 922.3199999999999, 4343.219999999999, 3583.4399999999996], ["window"]]], "width": 6048, "height": 4024, "tags": []}