{"rects": [[[782.4599999999999, 578.3399999999999, 4713.66, 3780.0], ["window"]]], "width": 6048, "height": 4024, "tags": []}