{"rects": [[[748.4399999999999, 446.03999999999996, 4959.36, 4024], ["window"]]], "width": 6048, "height": 4024, "tags": []}