{"rects": [[[1326.78, 680.4, 4501.98, 3938.7599999999998], ["window"]], [[4275.179999999999, 907.1999999999999, 5726.7, 3806.4599999999996], ["window"]]], "width": 6048, "height": 4024, "tags": []}