{"rects": [[[945.0, 245.7, 4422.599999999999, 3689.2799999999997], ["window"]]], "width": 6048, "height": 4024, "tags": []}