{"rects": [[[1118.8799999999999, 480.06, 4838.4, 3885.8399999999997], ["window"]]], "width": 6048, "height": 4024, "tags": []}