{"rects": [[[487.61999999999995, 370.44, 5314.679999999999, 3704.3999999999996], ["window"]]], "width": 6048, "height": 4024, "tags": []}