{"rects": [[[703.0799999999999, 279.71999999999997, 4698.54, 3606.12], ["window"]]], "width": 6048, "height": 4024, "tags": []}