{"rects": [[[967.68, 204.11999999999998, 4532.219999999999, 3330.18], ["window"]]], "width": 6048, "height": 4024, "tags": []}