{"rects": [[[1213.3799999999999, 578.3399999999999, 4112.639999999999, 3761.1], ["window"]]], "width": 6048, "height": 4024, "tags": []}