{"rects": [[[532.98, 366.65999999999997, 4819.5, 3583.4399999999996], ["window"]]], "width": 6048, "height": 4024, "tags": []}