{"rects": [[[699.3, 343.97999999999996, 4948.0199999999995, 3829.14], ["window"]]], "width": 6048, "height": 4024, "tags": []}