{"rects": [[[1107.54, 313.74, 3798.8999999999996, 3783.7799999999997], ["window"]], [[3625.02, 790.02, 5303.34, 3394.4399999999996], ["window"]]], "width": 6048, "height": 4024, "tags": []}