{"rects": [[[215.45999999999998, 536.76, 3609.8999999999996, 5439.42], ["window"]]], "width": 4024, "height": 6048, "tags": []}