{"rects": [[[495.17999999999995, 378.0, 4706.099999999999, 3753.54], ["window"]]], "width": 6048, "height": 4024, "tags": []}