{"rects": [[[1130.22, 427.14, 3965.22, 3900.9599999999996], ["window"]], [[3889.62, 1073.52, 6044.219999999999, 3572.1], ["window"]]], "width": 6048, "height": 4024, "tags": []}