{"rects": [[[385.56, 128.51999999999998, 4679.639999999999, 3655.2599999999998], ["window"]]], "width": 6048, "height": 4024, "tags": []}