{"rects": [[[657.7199999999999, 483.84, 3163.8599999999997, 3632.58], ["window"]]], "width": 6048, "height": 4024, "tags": []}