{"rects": [[[941.2199999999999, 1553.58, 1810.62, 2502.3599999999997], ["window", "glass_facade"]]], "width": 6048, "height": 4024, "tags": []}