{"rects": [[[922.3199999999999, 657.7199999999999, 4271.4, 3666.6], ["window"]]], "width": 6048, "height": 4024, "tags": []}