{"rects": [[[1050.84, 846.7199999999999, 4169.34, 3851.8199999999997], ["window"]]], "width": 6048, "height": 4024, "tags": []}