{"rects": [[[298.62, 1632.9599999999998, 2097.9, 3764.8799999999997], ["window"]], [[2048.7599999999998, 1115.1, 3568.3199999999997, 3107.16], ["window"]], [[3432.24, 1757.6999999999998, 5363.82, 3454.9199999999996], ["window"]]], "width": 6048, "height": 4024, "tags": []}