{"rects": [[[869.4, 438.47999999999996, 5016.0599999999995, 3991.68], ["window"]]], "width": 6048, "height": 4024, "tags": []}