{"rects": [[[740.88, 468.71999999999997, 4112.639999999999, 3745.98], ["window"]]], "width": 6048, "height": 4024, "tags": []}