{"rects": [[[948.78, 672.8399999999999, 4838.4, 3866.9399999999996], ["window"]]], "width": 6048, "height": 4024, "tags": []}