{"rects": [[[1523.34, 975.2399999999999, 3632.58, 3088.2599999999998], ["window"]]], "width": 6048, "height": 4024, "tags": []}