{"rects": [[[922.3199999999999, 109.61999999999999, 5280.66, 3904.74], ["window"]]], "width": 6048, "height": 4024, "tags": []}