{"rects": [[[937.4399999999999, 309.96, 4150.44, 3870.72], ["window"]], [[4048.3799999999997, 90.72, 4876.2, 1334.34], ["window"]]], "width": 6048, "height": 4024, "tags": []}