{"rects": [[[1075.02, 113.16, 2905.2599999999998, 2472.3], ["window"]], [[29.52, 130.38, 1281.66, 2381.2799999999997], ["window"]]], "width": 3936, "height": 2624, "tags": []}