{"rects": [[[1156.6799999999998, 585.9, 4142.88, 3791.3399999999997], ["window"]]], "width": 6048, "height": 4024, "tags": []}