{"rects": [[[937.4399999999999, 831.5999999999999, 3315.06, 3394.4399999999996], ["window"]], [[2683.7999999999997, 752.2199999999999, 5129.46, 3511.62], ["window"]]], "width": 6048, "height": 4024, "tags": []}