{"rects": [[[1277.6399999999999, 480.06, 4464.179999999999, 3511.62], ["window"]]], "width": 6048, "height": 4024, "tags": []}