{"rects": [[[434.7, 204.11999999999998, 4498.2, 3640.14], ["window"]], [[4600.259999999999, 593.4599999999999, 5930.82, 2740.5], ["window"]]], "width": 6048, "height": 4024, "tags": []}