{"rects": [[[529.1999999999999, 71.82, 4936.679999999999, 3700.62], ["window"]]], "width": 6048, "height": 4024, "tags": []}