{"rects": [[[858.06, 64.25999999999999, 4675.86, 3851.8199999999997], ["window", "shop"]]], "width": 6048, "height": 4024, "tags": []}