{"rects": [[[502.73999999999995, 551.88, 4770.36, 3825.3599999999997], ["window"]]], "width": 6048, "height": 4024, "tags": []}