{"rects": [[[975.2399999999999, 816.4799999999999, 4301.639999999999, 3375.54], ["window"]]], "width": 6048, "height": 4024, "tags": []}