{"rects": [[[1557.36, 933.66, 4044.6, 3349.08], ["window"]], [[3882.06, 1084.86, 5847.66, 3058.02], ["window"]], [[200.34, 1183.1399999999999, 1625.3999999999999, 2766.96], ["window"]]], "width": 6048, "height": 4024, "tags": []}