{"rects": [[[1088.6399999999999, 669.06, 3723.2999999999997, 3908.52], ["window"]], [[3345.2999999999997, 1039.5, 5639.759999999999, 4024], ["window"]]], "width": 6048, "height": 4024, "tags": []}