{"rects": [[[2071.44, 880.74, 4554.9, 3938.7599999999998], ["window", "glass_facade"]], [[154.98, 642.6, 1818.1799999999998, 2468.3399999999997], ["window", "glass_facade"]]], "width": 6048, "height": 4024, "tags": []}