{"rects": [[[1013.04, 253.26, 4150.44, 3897.18], ["window"]], [[4948.0199999999995, 718.1999999999999, 5688.9, 1840.86], ["window"]]], "width": 6048, "height": 4024, "tags": []}