{"rects": [[[0, 0, 6048, 4024], ["window"]], [[1088.6399999999999, 400.68, 4811.94, 3832.9199999999996], ["window"]]], "width": 6048, "height": 4024, "tags": []}