{"rects": [[[449.82, 351.53999999999996, 4600.259999999999, 4024], ["window"]]], "width": 6048, "height": 4024, "tags": []}