{"rects": [[[0, 0, 6048, 4024], ["window"]], [[1595.1599999999999, 982.8, 4123.98, 3088.2599999999998], ["window"]]], "width": 6048, "height": 4024, "tags": []}