{"rects": [[[336.41999999999996, 257.03999999999996, 5133.24, 3436.02], ["window"]]], "width": 6048, "height": 4024, "tags": []}