{"rects": [[[370.44, 585.9, 2373.8399999999997, 3541.8599999999997], ["window"]], [[2313.3599999999997, 721.98, 3946.3199999999997, 3500.2799999999997], ["window"]]], "width": 6048, "height": 4024, "tags": []}