{"rects": [[[105.83999999999999, 631.26, 2861.46, 4490.639999999999], ["window"]]], "width": 4024, "height": 6048, "tags": []}