{"rects": [[[359.09999999999997, 748.4399999999999, 1795.5, 3182.7599999999998], ["window"]], [[2615.7599999999998, 517.86, 3908.52, 3447.3599999999997], ["window"]], [[3696.8399999999997, 672.8399999999999, 5091.66, 3160.08], ["window"]]], "width": 6048, "height": 4024, "tags": []}