{"rects": [[[1924.02, 321.3, 4864.86, 3367.98], ["window"]], [[582.12, 491.4, 2082.7799999999997, 3851.8199999999997], ["window"]]], "width": 6048, "height": 4024, "tags": []}