{"rects": [[[498.96, 196.56, 4570.0199999999995, 3772.4399999999996], ["window"]]], "width": 6048, "height": 4024, "tags": []}