{"rects": [[[257.03999999999996, 374.21999999999997, 3492.72, 3764.8799999999997], ["window"]], [[3458.7, 570.78, 5072.759999999999, 3333.96], ["window"]]], "width": 6048, "height": 4024, "tags": []}