{"rects": [[[623.6999999999999, 272.15999999999997, 4577.58, 3923.64], ["window"]]], "width": 6048, "height": 4024, "tags": []}