{"rects": [[[2128.14, 740.88, 4422.599999999999, 2993.7599999999998], ["window"]]], "width": 6048, "height": 4024, "tags": []}