{"rects": [[[555.66, 408.23999999999995, 5231.5199999999995, 3632.58], ["window"]]], "width": 6048, "height": 4024, "tags": []}