{"rects": [[[7.56, 223.01999999999998, 5908.139999999999, 4024], ["window"]]], "width": 6048, "height": 4024, "tags": []}