{"rects": [[[997.92, 1103.76, 2177.2799999999997, 2286.9], ["window"]], [[2097.9, 2222.64, 4176.9, 3402.0], ["window"]], [[2135.7, 223.01999999999998, 4071.06, 1315.4399999999998], ["window"]], [[41.58, 759.78, 1077.3, 2135.7], ["window"]]], "width": 6048, "height": 4024, "tags": []}