{"rects": [[[1655.6399999999999, 1232.28, 3103.3799999999997, 2562.8399999999997], ["window", "glass_facade"]]], "width": 6048, "height": 4024, "tags": []}