{"rects": [[[1701.0, 888.3, 3447.3599999999997, 2921.94], ["window"]], [[3345.2999999999997, 1039.5, 5068.98, 2596.8599999999997], ["window"]], [[3307.5, 2600.64, 4910.219999999999, 4024], ["window"]]], "width": 6048, "height": 4024, "tags": []}