{"rects": [[[374.21999999999997, 347.76, 5707.799999999999, 3882.06], ["window"]]], "width": 6048, "height": 4024, "tags": []}