{"rects": [[[907.1999999999999, 895.8599999999999, 4770.36, 3685.5], ["window"]]], "width": 6048, "height": 4024, "tags": []}