{"rects": [[[1028.1599999999999, 238.14, 4626.719999999999, 4024], ["window"]]], "width": 6048, "height": 4024, "tags": []}