{"rects": [[[514.0799999999999, 434.7, 4638.0599999999995, 3564.54], ["window"]]], "width": 6048, "height": 4024, "tags": []}