{"rects": [[[540.54, 601.02, 4112.639999999999, 3224.3399999999997], ["window"]], [[4116.42, 763.56, 5261.759999999999, 3031.56], ["window"]]], "width": 6048, "height": 4024, "tags": []}