{"rects": [[[325.08, 483.84, 3742.2, 5866.5599999999995], ["door"]], [[2725.3799999999997, 5821.2, 2989.98, 6044.219999999999], ["private"]]], "width": 4024, "height": 6048, "tags": []}