{"rects": [[[1969.3799999999999, 204.11999999999998, 4917.78, 3927.4199999999996], ["window"]]], "width": 6048, "height": 4024, "tags": []}