{"rects": [[[1504.4399999999998, 1020.5999999999999, 4328.099999999999, 3602.3399999999997], ["window"]], [[4086.18, 1323.0, 5768.28, 3352.8599999999997], ["window"]]], "width": 6048, "height": 4024, "tags": []}