{"rects": [[[918.54, 381.78, 4600.259999999999, 3704.3999999999996], ["window"]]], "width": 6048, "height": 4024, "tags": []}