{"rects": [[[1436.3999999999999, 294.84, 4101.3, 3764.8799999999997], ["window"]]], "width": 6048, "height": 4024, "tags": []}