{"rects": [[[1398.6, 502.73999999999995, 4335.66, 3122.2799999999997], ["window"]]], "width": 6048, "height": 4024, "tags": []}