{"rects": [[[2657.3399999999997, 888.3, 5152.139999999999, 3390.66], ["window"]], [[691.74, 464.94, 2725.3799999999997, 3258.3599999999997], ["window"]]], "width": 6048, "height": 4024, "tags": []}