{"rects": [[[567.0, 264.59999999999997, 5424.299999999999, 3950.1], ["window"]]], "width": 6048, "height": 4024, "tags": []}