{"rects": [[[502.73999999999995, 740.88, 5197.5, 2736.72], ["window"]], [[472.5, 2615.7599999999998, 5257.98, 3587.22], ["window"]]], "width": 6048, "height": 4024, "tags": []}