{"rects": [[[1035.72, 207.89999999999998, 5155.92, 3711.9599999999996], ["window"]]], "width": 6048, "height": 4024, "tags": []}