{"rects": [[[1062.1799999999998, 143.64, 5201.28, 3927.4199999999996], ["window"]]], "width": 6048, "height": 4024, "tags": []}