{"rects": [[[1307.8799999999999, 619.92, 4430.16, 3379.3199999999997], ["window"]]], "width": 6048, "height": 4024, "tags": []}