{"rects": [[[827.8199999999999, 355.32, 4868.639999999999, 3885.8399999999997], ["window"]]], "width": 6048, "height": 4024, "tags": []}