{"rects": [[[1844.6399999999999, 593.4599999999999, 4399.92, 3152.52], ["window"]], [[98.28, 729.54, 2181.06, 3031.56], ["window"]]], "width": 6048, "height": 4024, "tags": []}