{"rects": [[[782.4599999999999, 291.06, 5556.599999999999, 3579.66], ["window"]]], "width": 6048, "height": 4024, "tags": []}