{"rects": [[[1908.8999999999999, 381.78, 3749.7599999999998, 3874.5], ["door"]], [[676.62, 1122.6599999999999, 2010.9599999999998, 3190.3199999999997], ["window"]], [[4868.639999999999, 1145.34, 6044.219999999999, 2543.94], ["window"]], [[3677.9399999999996, 1243.62, 4808.16, 3141.18], ["window"]]], "width": 6048, "height": 4024, "tags": []}