{"rects": [[[982.8, 695.52, 2925.72, 3262.14], ["window"]], [[2846.3399999999997, 865.62, 4471.74, 3447.3599999999997], ["window"]]], "width": 6048, "height": 4024, "tags": []}