{"rects": [[[1175.58, 733.3199999999999, 4452.84, 3757.3199999999997], ["window"]], [[4422.599999999999, 1451.52, 5367.599999999999, 2506.14], ["window"]]], "width": 6048, "height": 4024, "tags": []}