{"rects": [[[1742.58, 128.51999999999998, 3912.2999999999997, 3538.08], ["window"]], [[181.44, 139.85999999999999, 1973.1599999999999, 3602.3399999999997], ["window"]]], "width": 6048, "height": 4024, "tags": []}