{"rects": [[[997.92, 351.53999999999996, 4845.96, 3946.3199999999997], ["window"]]], "width": 6048, "height": 4024, "tags": []}