{"rects": [[[514.0799999999999, 343.97999999999996, 4626.719999999999, 3976.56], ["window"]]], "width": 6048, "height": 4024, "tags": []}