{"rects": [[[778.68, 933.66, 2559.06, 3345.2999999999997], ["window", "shop"]], [[3628.7999999999997, 903.42, 5477.219999999999, 3201.66], ["window", "shop"]]], "width": 6048, "height": 4024, "tags": []}