{"rects": [[[2842.56, 721.98, 5428.08, 3178.98], ["window"]], [[487.61999999999995, 695.52, 2940.8399999999997, 3727.08], ["window"]]], "width": 6048, "height": 4024, "tags": []}