{"rects": [[[907.1999999999999, 162.54, 4003.02, 3621.24], ["window"]], [[3882.06, 136.07999999999998, 5133.24, 4024], ["window"]]], "width": 6048, "height": 4024, "tags": []}