{"rects": [[[1307.8799999999999, 26.459999999999997, 4392.36, 3844.2599999999998], ["window"]]], "width": 6048, "height": 4024, "tags": []}