{"rects": [[[378.0, 343.97999999999996, 2404.08, 3643.9199999999996], ["window"]], [[2173.5, 718.1999999999999, 3749.7599999999998, 3810.24], ["window"]], [[3602.3399999999997, 1035.72, 5435.639999999999, 3810.24], ["window"]]], "width": 6048, "height": 4024, "tags": []}