{"rects": [[[718.1999999999999, 41.58, 4694.759999999999, 3772.4399999999996], ["window"]]], "width": 6048, "height": 4024, "tags": []}