{"rects": [[[684.18, 472.5, 4585.139999999999, 3776.22], ["window"]], [[4649.4, 1572.48, 5722.92, 3602.3399999999997], ["window"]]], "width": 6048, "height": 4024, "tags": []}