{"rects": [[[1500.6599999999999, 601.02, 5004.719999999999, 3810.24], ["window"]]], "width": 6048, "height": 4024, "tags": []}