{"rects": [[[848.6999999999999, 34.44, 2870.82, 2528.88], ["window"]], [[2646.96, 1252.1399999999999, 3606.36, 2211.54], ["material"]]], "width": 3936, "height": 2624, "tags": []}