{"rects": [[[1379.6999999999998, 926.0999999999999, 3659.04, 3269.7], ["window"]], [[3575.8799999999997, 827.8199999999999, 5072.759999999999, 2680.02], ["window"]]], "width": 6048, "height": 4024, "tags": []}