{"rects": [[[1829.52, 975.2399999999999, 4403.7, 3258.3599999999997], ["window"]], [[362.88, 926.0999999999999, 2022.3, 3122.2799999999997], ["window"]]], "width": 6048, "height": 4024, "tags": []}