{"rects": [[[3042.8999999999996, 1341.8999999999999, 6032.88, 2547.72], ["window"]], [[2933.2799999999997, 2218.8599999999997, 5949.719999999999, 3462.48], ["window"]]], "width": 6048, "height": 4024, "tags": []}