{"rects": [[[1586.7, 654.36, 2801.94, 1928.6399999999999], ["window"]], [[447.71999999999997, 1269.36, 1596.54, 2408.34], ["window"]]], "width": 3936, "height": 2624, "tags": []}