{"rects": [[[672.8399999999999, 245.7, 5356.259999999999, 3859.3799999999997], ["window"]]], "width": 6048, "height": 4024, "tags": []}