{"rects": [[[1462.86, 90.72, 4146.66, 3560.7599999999998], ["window"]], [[3987.8999999999996, 189.0, 5847.66, 3912.2999999999997], ["window"]]], "width": 6048, "height": 4024, "tags": []}