{"rects": [[[510.29999999999995, 79.38, 5964.84, 3938.7599999999998], ["window"]]], "width": 6048, "height": 4024, "tags": []}