{"rects": [[[1357.02, 317.52, 4343.219999999999, 3723.2999999999997], ["window"]]], "width": 6048, "height": 4024, "tags": []}