{"rects": [[[177.66, 653.9399999999999, 1833.3, 3787.56], ["window"]], [[1769.04, 812.6999999999999, 3787.56, 3383.1], ["window"]], [[3742.2, 790.02, 5152.139999999999, 3545.64], ["window"]]], "width": 6048, "height": 4024, "tags": []}