{"rects": [[[374.21999999999997, 374.21999999999997, 5443.2, 3061.7999999999997], ["window"]]], "width": 6048, "height": 4024, "tags": []}