{"rects": [[[657.7199999999999, 646.38, 4600.259999999999, 3768.66], ["window"]]], "width": 6048, "height": 4024, "tags": []}