{"rects": [[[83.16, 1436.3999999999999, 1942.9199999999998, 2774.52], ["window"]], [[2487.24, 2188.62, 3239.46, 3367.98], ["window"]]], "width": 6048, "height": 4024, "tags": []}