{"rects": [[[1546.02, 79.38, 4895.099999999999, 3783.7799999999997], ["window"]]], "width": 6048, "height": 4024, "tags": []}