{"rects": [[[1655.6399999999999, 759.78, 4301.639999999999, 3296.16], ["window"]]], "width": 6048, "height": 4024, "tags": []}