{"rects": [[[1304.1, 487.61999999999995, 4112.639999999999, 3428.46], ["window"]], [[0, 876.9599999999999, 1855.9799999999998, 3163.8599999999997], ["window"]]], "width": 6048, "height": 4024, "tags": []}