{"rects": [[[430.91999999999996, 200.34, 5651.099999999999, 4024], ["window"]]], "width": 6048, "height": 4024, "tags": []}