{"rects": [[[873.18, 253.26, 4570.0199999999995, 3583.4399999999996], ["window"]]], "width": 6048, "height": 4024, "tags": []}