{"rects": [[[608.5799999999999, 461.15999999999997, 3738.4199999999996, 3545.64], ["window"]], [[3825.3599999999997, 687.9599999999999, 6040.44, 3367.98], ["window"]]], "width": 6048, "height": 4024, "tags": []}