{"rects": [[[1610.28, 873.18, 4176.9, 3636.3599999999997], ["window"]], [[3961.4399999999996, 1277.6399999999999, 5772.0599999999995, 3882.06], ["window"]]], "width": 6048, "height": 4024, "tags": []}