{"rects": [[[1538.4599999999998, 177.66, 5137.0199999999995, 3825.3599999999997], ["window"]]], "width": 6048, "height": 4024, "tags": []}