{"rects": [[[842.9399999999999, 359.09999999999997, 4097.5199999999995, 3685.5], ["window"]]], "width": 6048, "height": 4024, "tags": []}