{"rects": [[[752.2199999999999, 563.22, 5673.78, 3636.3599999999997], ["window"]]], "width": 6048, "height": 4024, "tags": []}