{"rects": [[[234.35999999999999, 219.23999999999998, 5208.84, 3058.02], ["window"]]], "width": 6048, "height": 4024, "tags": []}