{"rects": [[[514.0799999999999, 359.09999999999997, 4974.48, 4024], ["window"]]], "width": 6048, "height": 4024, "tags": []}