{"rects": [[[876.9599999999999, 374.21999999999997, 5254.2, 3832.9199999999996], ["window"]]], "width": 6048, "height": 4024, "tags": []}