{"rects": [[[1230.0, 595.3199999999999, 2413.2599999999998, 2120.52], ["window"]]], "width": 3936, "height": 2624, "tags": []}