{"rects": [[[1013.04, 468.71999999999997, 4876.2, 3488.9399999999996], ["window"]]], "width": 6048, "height": 4024, "tags": []}