{"rects": [[[1561.1399999999999, 680.4, 3549.4199999999996, 2865.24], ["window"]], [[3534.2999999999997, 725.76, 5503.679999999999, 2948.3999999999996], ["window"]]], "width": 6048, "height": 4024, "tags": []}