{"rects": [[[1311.6599999999999, 729.54, 4199.58, 3738.4199999999996], ["window"]]], "width": 6048, "height": 4024, "tags": []}