{"rects": [[[132.29999999999998, 495.17999999999995, 2853.8999999999996, 5484.78], ["window"]]], "width": 4024, "height": 6048, "tags": []}