{"rects": [[[1262.52, 343.97999999999996, 4687.2, 3711.9599999999996], ["window"]]], "width": 6048, "height": 4024, "tags": []}