{"rects": [[[1406.1599999999999, 910.9799999999999, 3878.2799999999997, 3315.06], ["window"]]], "width": 6048, "height": 4024, "tags": []}