{"rects": [[[1769.04, 748.4399999999999, 3946.3199999999997, 3424.68], ["window"]]], "width": 6048, "height": 4024, "tags": []}