{"rects": [[[1243.62, 366.65999999999997, 4078.62, 3507.8399999999997], ["window"]]], "width": 6048, "height": 4024, "tags": []}