{"rects": [[[922.3199999999999, 544.3199999999999, 5182.38, 3783.7799999999997], ["window"]]], "width": 6048, "height": 4024, "tags": []}