{"rects": [[[902.8199999999999, 656.8199999999999, 2838.84, 1881.8999999999999], ["window"]]], "width": 3936, "height": 2624, "tags": []}