{"rects": [[[1058.3999999999999, 400.68, 4244.94, 3534.2999999999997], ["window"]]], "width": 6048, "height": 4024, "tags": []}