{"rects": [[[2158.38, 1693.4399999999998, 3965.22, 3541.8599999999997], ["window"]], [[3863.16, 1799.28, 5957.28, 3719.52], ["window"]], [[4233.599999999999, 185.22, 6021.54, 1357.02], ["window"]], [[990.3599999999999, 1787.9399999999998, 2056.3199999999997, 3443.58], ["window"]]], "width": 6048, "height": 4024, "tags": []}