{"rects": [[[1096.2, 207.89999999999998, 4694.759999999999, 3870.72], ["window"]]], "width": 6048, "height": 4024, "tags": []}