{"rects": [[[1379.6999999999998, 767.3399999999999, 3991.68, 3617.46], ["window"]], [[3583.4399999999996, 865.62, 5904.36, 3409.56], ["window"]]], "width": 6048, "height": 4024, "tags": []}