{"rects": [[[1217.1599999999999, 302.4, 4176.9, 3549.4199999999996], ["window"]]], "width": 6048, "height": 4024, "tags": []}