{"rects": [[[1814.3999999999999, 1357.02, 3893.3999999999996, 3020.22], ["window"]], [[4131.54, 1466.6399999999999, 6029.099999999999, 3485.16], ["window"]]], "width": 6048, "height": 4024, "tags": []}