{"rects": [[[759.78, 359.09999999999997, 4585.139999999999, 4021.9199999999996], ["window"]]], "width": 6048, "height": 4024, "tags": []}