{"rects": [[[2026.08, 30.24, 3250.7999999999997, 1054.62], ["window"]], [[2872.7999999999997, 1946.6999999999998, 4237.38, 3080.7], ["window"]]], "width": 6048, "height": 4024, "tags": []}