{"rects": [[[1341.8999999999999, 438.47999999999996, 4086.18, 3598.56], ["window"]]], "width": 6048, "height": 4024, "tags": []}