{"rects": [[[1561.1399999999999, 412.02, 4486.86, 3481.3799999999997], ["window"]]], "width": 6048, "height": 4024, "tags": []}