{"rects": [[[2007.1799999999998, 967.68, 4142.88, 3303.72], ["window"]], [[0, 880.74, 2373.8399999999997, 3235.68], ["window"]]], "width": 6048, "height": 4024, "tags": []}