{"rects": [[[665.28, 374.21999999999997, 4800.599999999999, 3526.74], ["window"]]], "width": 6048, "height": 4024, "tags": []}