{"rects": [[[495.17999999999995, 415.79999999999995, 5326.0199999999995, 3572.1], ["window"]]], "width": 6048, "height": 4024, "tags": []}