{"rects": [[[2143.2599999999998, 139.85999999999999, 4630.5, 3114.72], ["window", "glass_facade"]], [[71.82, 268.38, 2131.92, 2105.46], ["window", "glass_facade"]]], "width": 6048, "height": 4024, "tags": []}