{"rects": [[[446.03999999999996, 253.26, 5598.179999999999, 3984.12], ["window"]]], "width": 6048, "height": 4024, "tags": []}