{"rects": [[[408.23999999999995, 657.7199999999999, 3575.8799999999997, 5299.5599999999995], ["window"]]], "width": 4024, "height": 6048, "tags": []}