{"rects": [[[986.46, 285.36, 2632.2, 2157.42], ["window"]], [[2484.6, 646.98, 3500.58, 2285.34], ["window"]], [[19.68, 509.21999999999997, 1298.8799999999999, 1938.48], ["window"]], [[1276.74, 1785.96, 1931.1, 2617.44], ["window"]]], "width": 3936, "height": 2624, "tags": []}