{"rects": [[[1251.1799999999998, 438.47999999999996, 4467.96, 3466.2599999999998], ["window"]]], "width": 6048, "height": 4024, "tags": []}