{"rects": [[[653.9399999999999, 351.53999999999996, 4339.44, 3791.3399999999997], ["window"]]], "width": 6048, "height": 4024, "tags": []}