{"rects": [[[279.71999999999997, 332.64, 4392.36, 3594.7799999999997], ["window"]]], "width": 6048, "height": 4024, "tags": []}