{"rects": [[[956.3399999999999, 408.23999999999995, 4218.48, 3364.2], ["window"]]], "width": 6048, "height": 4024, "tags": []}