{"rects": [[[2494.7999999999997, 907.1999999999999, 5076.54, 3122.2799999999997], ["window"]], [[990.3599999999999, 892.0799999999999, 2687.58, 2906.8199999999997], ["window"]]], "width": 6048, "height": 4024, "tags": []}