{"rects": [[[706.86, 136.07999999999998, 5012.28, 3893.3999999999996], ["door"]]], "width": 6048, "height": 4024, "tags": []}