{"rects": [[[1009.26, 162.54, 4732.5599999999995, 3878.2799999999997], ["window"]]], "width": 6048, "height": 4024, "tags": []}