{"rects": [[[1035.72, 748.4399999999999, 5704.0199999999995, 3749.7599999999998], ["window"]]], "width": 6048, "height": 4024, "tags": []}