{"rects": [[[2003.3999999999999, 385.56, 4483.08, 3689.2799999999997], ["window"]], [[453.59999999999997, 650.16, 2264.22, 3288.6], ["window"]]], "width": 6048, "height": 4024, "tags": []}