{"rects": [[[846.7199999999999, 483.84, 4868.639999999999, 4024], ["window"]]], "width": 6048, "height": 4024, "tags": []}