{"rects": [[[990.3599999999999, 502.73999999999995, 4006.7999999999997, 3231.8999999999996], ["window"]]], "width": 6048, "height": 4024, "tags": []}