{"rects": [[[1323.0, 687.9599999999999, 5583.0599999999995, 3878.2799999999997], ["window", "shop"]], [[3564.54, 3061.7999999999997, 3863.16, 3299.94], ["private"]]], "width": 6048, "height": 4024, "tags": []}