{"rects": [[[676.62, 113.39999999999999, 5110.5599999999995, 3727.08], ["window"]]], "width": 6048, "height": 4024, "tags": []}