{"rects": [[[1115.1, 1304.1, 2850.12, 3617.46], ["window"]], [[2691.3599999999997, 1530.8999999999999, 4464.179999999999, 3919.8599999999997], ["window"]], [[1296.54, 79.38, 4112.639999999999, 1716.12], ["window"]]], "width": 6048, "height": 4024, "tags": []}