{"rects": [[[842.9399999999999, 457.38, 2517.48, 2899.2599999999998], ["window"]], [[3277.2599999999998, 1190.7, 4547.34, 3530.52], ["window"]], [[4305.42, 1572.48, 5409.179999999999, 3303.72], ["window"]]], "width": 6048, "height": 4024, "tags": []}