{"rects": [[[1364.58, 805.14, 3791.3399999999997, 3182.7599999999998], ["window"]], [[3934.98, 1001.6999999999999, 5991.299999999999, 2887.92], ["window"]]], "width": 6048, "height": 4024, "tags": []}