{"rects": [[[1678.32, 438.47999999999996, 3643.9199999999996, 3496.5], ["window"]]], "width": 6048, "height": 4024, "tags": []}