{"rects": [[[1168.02, 752.2199999999999, 4135.32, 3677.9399999999996], ["window"]]], "width": 6048, "height": 4024, "tags": []}