{"rects": [[[1118.8799999999999, 268.38, 4732.5599999999995, 4018.14], ["window"]]], "width": 6048, "height": 4024, "tags": []}