{"rects": [[[283.5, 37.8, 3322.62, 2513.7], ["window", "glass_facade"]], [[3095.8199999999997, 117.17999999999999, 5314.679999999999, 2634.66], ["window", "glass_facade"]]], "width": 6048, "height": 4024, "tags": []}