{"rects": [[[1001.6999999999999, 801.36, 2683.7999999999997, 3307.5], ["window"]], [[3284.8199999999997, 1031.94, 4891.32, 3447.3599999999997], ["window"]]], "width": 6048, "height": 4024, "tags": []}