{"rects": [[[435.42, 218.94, 1857.3, 2103.3], ["window"]], [[1773.66, 455.09999999999997, 3303.7799999999997, 2056.56], ["window"]]], "width": 3936, "height": 2624, "tags": []}