{"rects": [[[1341.8999999999999, 1285.2, 4260.0599999999995, 2702.7], ["window"]], [[1315.4399999999998, 2521.2599999999998, 4237.38, 3832.9199999999996], ["window"]], [[1440.1799999999998, 170.1, 4286.5199999999995, 1455.3], ["window"]]], "width": 6048, "height": 4024, "tags": []}