{"rects": [[[1115.1, 328.85999999999996, 3859.3799999999997, 4024], ["window"]], [[3761.1, 181.44, 6010.2, 3821.58], ["window"]]], "width": 6048, "height": 4024, "tags": []}