{"rects": [[[1462.86, 102.05999999999999, 4343.219999999999, 3768.66], ["window"]]], "width": 6048, "height": 4024, "tags": []}