{"rects": [[[1111.32, 124.74, 4063.5, 1198.26], ["window"]], [[4086.18, 1742.58, 5481.0, 3481.3799999999997], ["window", "shop"]], [[1160.46, 1383.48, 4044.6, 3764.8799999999997], ["window", "shop"]]], "width": 6048, "height": 4024, "tags": []}