{"rects": [[[185.22, 661.5, 2835.0, 3481.3799999999997], ["window"]], [[2457.0, 567.0, 5530.139999999999, 3088.2599999999998], ["window"]]], "width": 6048, "height": 4024, "tags": []}