{"rects": [[[1092.4199999999998, 593.4599999999999, 4365.9, 3538.08], ["window"]]], "width": 6048, "height": 4024, "tags": []}