{"rects": [[[710.64, 336.41999999999996, 5084.099999999999, 3961.4399999999996], ["window"]]], "width": 6048, "height": 4024, "tags": []}