{"rects": [[[1134.0, 446.03999999999996, 4399.92, 3488.9399999999996], ["window"]]], "width": 6048, "height": 4024, "tags": []}