{"rects": [[[1236.06, 529.1999999999999, 5057.639999999999, 3953.8799999999997], ["window"]]], "width": 6048, "height": 4024, "tags": []}