{"rects": [[[495.17999999999995, 876.9599999999999, 3186.54, 3371.7599999999998], ["window"]], [[3122.2799999999997, 1024.3799999999999, 6010.2, 3141.18], ["window"]]], "width": 6048, "height": 4024, "tags": []}