{"rects": [[[672.8399999999999, 370.44, 4721.219999999999, 4024], ["window"]]], "width": 6048, "height": 4024, "tags": []}