{"rects": [[[2026.08, 816.4799999999999, 4467.96, 3379.3199999999997], ["window"]]], "width": 6048, "height": 4024, "tags": []}