{"rects": [[[428.04, 241.07999999999998, 3517.7999999999997, 2548.56], ["window"]]], "width": 3936, "height": 2624, "tags": []}