{"rects": [[[336.41999999999996, 204.11999999999998, 3488.9399999999996, 5450.759999999999], ["window"]]], "width": 4024, "height": 6048, "tags": []}