{"rects": [[[997.92, 374.21999999999997, 4214.7, 3806.4599999999996], ["window"]]], "width": 6048, "height": 4024, "tags": []}