{"rects": [[[1285.2, 423.35999999999996, 4520.88, 3738.4199999999996], ["window"]]], "width": 6048, "height": 4024, "tags": []}