{"rects": [[[2181.06, 997.92, 3655.2599999999998, 2434.3199999999997], ["window"]], [[2230.2, 2483.46, 3674.16, 3795.12], ["window"]], [[4146.66, 1372.1399999999999, 5484.78, 2857.68], ["window"]]], "width": 6048, "height": 4024, "tags": []}