{"rects": [[[922.3199999999999, 105.83999999999999, 4993.38, 3764.8799999999997], ["window"]]], "width": 6048, "height": 4024, "tags": []}