{"rects": [[[1334.34, 502.73999999999995, 4188.24, 3628.7999999999997], ["window"]], [[4445.28, 1016.8199999999999, 6010.2, 3568.3199999999997], ["window"]]], "width": 6048, "height": 4024, "tags": []}