{"rects": [[[684.18, 359.09999999999997, 4755.24, 3711.9599999999996], ["window"]]], "width": 6048, "height": 4024, "tags": []}