{"rects": [[[1549.8, 423.35999999999996, 4127.76, 3575.8799999999997], ["window"]], [[4566.24, 672.8399999999999, 5953.5, 3538.08], ["window"]]], "width": 6048, "height": 4024, "tags": []}