{"rects": [[[151.2, 903.42, 2237.7599999999998, 3538.08], ["window"]], [[2207.52, 744.66, 4732.5599999999995, 3485.16], ["window"]]], "width": 6048, "height": 4024, "tags": []}