{"rects": [[[922.3199999999999, 215.45999999999998, 4513.32, 3526.74], ["window"]]], "width": 6048, "height": 4024, "tags": []}