{"rects": [[[1220.9399999999998, 438.47999999999996, 4184.46, 3715.74], ["window"]]], "width": 6048, "height": 4024, "tags": []}