{"rects": [[[1122.6599999999999, 343.97999999999996, 4165.5599999999995, 3900.9599999999996], ["window"]]], "width": 6048, "height": 4024, "tags": []}