{"rects": [[[1013.04, 1016.8199999999999, 3927.4199999999996, 3228.12], ["window"]]], "width": 6048, "height": 4024, "tags": []}