{"rects": [[[264.59999999999997, 204.11999999999998, 5893.0199999999995, 3965.22], ["window"]]], "width": 6048, "height": 4024, "tags": []}