{"rects": [[[903.42, 102.05999999999999, 4755.24, 3938.7599999999998], ["window"]]], "width": 6048, "height": 4024, "tags": []}