{"rects": [[[914.76, 136.07999999999998, 4626.719999999999, 3882.06], ["window"]]], "width": 6048, "height": 4024, "tags": []}