{"rects": [[[128.51999999999998, 94.5, 5968.62, 3764.8799999999997], ["window"]]], "width": 6048, "height": 4024, "tags": []}