{"rects": [[[495.17999999999995, 472.5, 3367.98, 3681.72], ["window"]], [[2955.96, 631.26, 5764.5, 3791.3399999999997], ["window"]]], "width": 6048, "height": 4024, "tags": []}