{"rects": [[[1103.76, 351.53999999999996, 4630.5, 3250.7999999999997], ["window"]]], "width": 6048, "height": 4024, "tags": []}