{"rects": [[[192.78, 551.88, 2978.64, 3606.12], ["window"]], [[2903.04, 786.24, 5356.259999999999, 3481.3799999999997], ["window"]]], "width": 6048, "height": 4024, "tags": []}