{"rects": [[[975.2399999999999, 264.59999999999997, 4645.62, 3855.6], ["window"]]], "width": 6048, "height": 4024, "tags": []}