{"rects": [[[567.0, 317.52, 4800.599999999999, 3764.8799999999997], ["window"]]], "width": 6048, "height": 4024, "tags": []}