{"rects": [[[861.8399999999999, 487.61999999999995, 4426.38, 3530.52], ["window"]]], "width": 6048, "height": 4024, "tags": []}