{"rects": [[[219.23999999999998, 105.83999999999999, 5163.48, 3878.2799999999997], ["window"]]], "width": 6048, "height": 4024, "tags": []}