{"rects": [[[733.3199999999999, 824.04, 4721.219999999999, 3882.06], ["window"]]], "width": 6048, "height": 4024, "tags": []}