{"rects": [[[1326.78, 748.4399999999999, 3723.2999999999997, 3613.68], ["window"]], [[3402.0, 684.18, 5522.58, 3420.8999999999996], ["window"]]], "width": 6048, "height": 4024, "tags": []}