{"rects": [[[2177.2799999999997, 903.42, 4003.02, 2596.8599999999997], ["window"]], [[3802.68, 2124.3599999999997, 5877.9, 3878.2799999999997], ["window"]], [[79.38, 1443.96, 1818.1799999999998, 2944.62], ["window"]]], "width": 6048, "height": 4024, "tags": []}