{"rects": [[[638.8199999999999, 498.96, 4653.179999999999, 4024], ["window"]]], "width": 6048, "height": 4024, "tags": []}