{"rects": [[[748.4399999999999, 207.89999999999998, 2710.2599999999998, 3318.8399999999997], ["window"]], [[2562.8399999999997, 589.68, 4672.08, 3798.8999999999996], ["window"]]], "width": 6048, "height": 4024, "tags": []}