{"rects": [[[1769.04, 952.56, 4146.66, 3126.06], ["window"]], [[3757.3199999999997, 1118.8799999999999, 6002.639999999999, 3027.7799999999997], ["window"]]], "width": 6048, "height": 4024, "tags": []}