{"rects": [[[975.2399999999999, 718.1999999999999, 4063.5, 3556.98], ["window"]]], "width": 6048, "height": 4024, "tags": []}