{"rects": [[[1232.28, 729.54, 4743.9, 3481.3799999999997], ["window"]], [[11.34, 1118.8799999999999, 1073.52, 3144.96], ["window"]]], "width": 6048, "height": 4024, "tags": []}