{"rects": [[[941.2199999999999, 366.65999999999997, 5148.36, 3863.16], ["window"]]], "width": 6048, "height": 4024, "tags": []}