{"rects": [[[1156.6799999999998, 249.48, 4800.599999999999, 3462.48], ["window"]]], "width": 6048, "height": 4024, "tags": []}