{"rects": [[[1810.62, 623.6999999999999, 4256.28, 3417.12], ["window"]], [[3934.98, 850.5, 6013.98, 3413.3399999999997], ["window"]]], "width": 6048, "height": 4024, "tags": []}