{"rects": [[[45.36, 1341.8999999999999, 1050.84, 2513.7], ["window"]], [[1164.24, 941.2199999999999, 4309.2, 3780.0], ["window"]]], "width": 6048, "height": 4024, "tags": []}