{"rects": [[[865.62, 328.85999999999996, 4936.679999999999, 3496.5], ["door"]]], "width": 6048, "height": 4024, "tags": []}