{"rects": [[[1013.04, 1084.86, 2521.2599999999998, 3870.72], ["door"]], [[2615.7599999999998, 325.08, 4222.26, 3829.14], ["window"]]], "width": 6048, "height": 4024, "tags": []}