{"rects": [[[1780.3799999999999, 582.12, 4528.44, 3643.9199999999996], ["window"]]], "width": 6048, "height": 4024, "tags": []}