{"rects": [[[748.4399999999999, 136.07999999999998, 4267.62, 3617.46], ["window"]]], "width": 6048, "height": 4024, "tags": []}