{"rects": [[[646.38, 748.4399999999999, 4849.74, 3515.3999999999996], ["window"]]], "width": 6048, "height": 4024, "tags": []}