{"rects": [[[544.3199999999999, 124.74, 5053.86, 4006.7999999999997], ["window"]]], "width": 6048, "height": 4024, "tags": []}