{"rects": [[[540.54, 627.48, 4883.759999999999, 3696.8399999999997], ["window"]]], "width": 6048, "height": 4024, "tags": []}