{"rects": [[[105.83999999999999, 427.14, 3708.18, 5435.639999999999], ["window"]]], "width": 4024, "height": 6048, "tags": []}