{"rects": [[[343.97999999999996, 430.91999999999996, 1863.54, 3281.04], ["window"]], [[1784.1599999999999, 517.86, 3194.1, 3386.8799999999997], ["window"]], [[3163.8599999999997, 1016.8199999999999, 4426.38, 3160.08], ["window"]]], "width": 6048, "height": 4024, "tags": []}