{"rects": [[[563.34, 917.58, 1321.02, 1626.06], ["window"]], [[1335.78, 944.64, 2681.4, 1635.8999999999999], ["window"]], [[570.72, 1682.6399999999999, 1301.34, 2265.66], ["window"]], [[1350.54, 1567.02, 2676.48, 2346.84], ["window"]], [[391.14, 268.14, 809.34, 713.4], ["material"]]], "width": 3936, "height": 2624, "tags": []}