{"rects": [[[1799.28, 510.29999999999995, 5348.7, 3851.8199999999997], ["window"]], [[453.59999999999997, 805.14, 2086.56, 2978.64], ["window"]]], "width": 6048, "height": 4024, "tags": []}