{"rects": [[[1640.52, 309.96, 4214.7, 3488.9399999999996], ["window"]], [[4025.7, 476.28, 5329.799999999999, 3934.98], ["window"]]], "width": 6048, "height": 4024, "tags": []}