{"rects": [[[1107.54, 109.61999999999999, 5023.62, 3919.8599999999997], ["window"]]], "width": 6048, "height": 4024, "tags": []}