{"rects": [[[536.76, 264.59999999999997, 2797.2, 2717.8199999999997], ["window"]], [[3243.24, 835.38, 5265.54, 3099.6], ["window"]]], "width": 6048, "height": 4024, "tags": []}