{"rects": [[[139.85999999999999, 442.26, 2993.7599999999998, 3662.8199999999997], ["window"]], [[2952.18, 703.0799999999999, 5617.08, 3541.8599999999997], ["window"]]], "width": 6048, "height": 4024, "tags": []}