{"rects": [[[938.5714285714286, 501.4285714285714, 4067.142857142857, 3634.285714285714], ["window"]]], "width": 6000, "height": 4000, "tags": []}