{"rects": [[[2065.714285714286, 261.42857142857144, 4182.857142857143, 3055.714285714286], ["window"]]], "width": 6000, "height": 4000, "tags": []}