{"rects": [[[1221.4285714285713, 304.2857142857143, 4495.714285714285, 3797.142857142857], ["window"]]], "width": 6000, "height": 4000, "tags": []}