{"rects": [[[1225.7142857142858, 167.14285714285714, 3664.285714285714, 3677.142857142857], ["window"]]], "width": 6000, "height": 4000, "tags": []}