{"rects": [[[685.7142857142857, 402.85714285714283, 5164.285714285714, 3214.285714285714], ["window"]]], "width": 6000, "height": 4000, "tags": []}