{"rects": [[[1281.4285714285713, 737.1428571428571, 4851.428571428572, 3797.142857142857], ["window"]]], "width": 6000, "height": 4000, "tags": []}