{"rects": [[[1581.4285714285713, 47.14285714285714, 4350.0, 3771.428571428571], ["window"]]], "width": 6000, "height": 4000, "tags": []}