{"rects": [[[1512.857142857143, 64.28571428571428, 4872.857142857143, 3462.8571428571427], ["window"]]], "width": 6000, "height": 4000, "tags": []}