{"rects": [[[1380.0, 21.428571428571427, 4572.857142857143, 3325.714285714286], ["window"]]], "width": 6000, "height": 4000, "tags": []}