{"rects": [[[2262.8571428571427, 462.85714285714283, 5777.142857142857, 3642.8571428571427], ["window"]]], "width": 6000, "height": 4000, "tags": []}