{"rects": [[[2468.5714285714284, 501.4285714285714, 4705.714285714285, 3570.0], ["window"]]], "width": 6000, "height": 4000, "tags": []}