{"rects": [[[1114.2857142857142, 925.7142857142857, 4572.857142857143, 3612.8571428571427], ["window"]]], "width": 6000, "height": 4000, "tags": []}