{"rects": [[[2001.4285714285713, 222.85714285714286, 4885.714285714285, 3745.714285714286], ["window"]]], "width": 6000, "height": 4000, "tags": []}