{"rects": [[[1551.4285714285713, 154.28571428571428, 5228.571428571428, 3488.5714285714284], ["window"]]], "width": 6000, "height": 4000, "tags": []}