{"rects": [[[2352.8571428571427, 570.0, 4907.142857142857, 3612.8571428571427], ["window"]]], "width": 6000, "height": 4000, "tags": []}