{"rects": [[[694.2857142857142, 617.1428571428571, 4041.428571428571, 3300.0], ["window"]]], "width": 6000, "height": 4000, "tags": []}