{"rects": [[[2481.4285714285716, 317.1428571428571, 4992.857142857143, 3810.0], ["window"]]], "width": 6000, "height": 4000, "tags": []}