{"rects": [[[1431.4285714285713, 574.2857142857142, 5065.714285714285, 3300.0], ["window"]]], "width": 6000, "height": 4000, "tags": []}