{"rects": [[[1607.142857142857, 895.7142857142857, 4444.285714285714, 3822.8571428571427], ["window"]]], "width": 6000, "height": 4000, "tags": []}