{"rects": [[[1427.142857142857, 124.28571428571428, 4718.571428571428, 3908.5714285714284], ["window"]]], "width": 6000, "height": 4000, "tags": []}