{"rects": [[[732.8571428571429, 171.42857142857142, 3068.5714285714284, 3445.714285714286], ["window"]]], "width": 6000, "height": 4000, "tags": []}