{"rects": [[[1684.2857142857142, 1075.7142857142858, 5134.285714285714, 3428.5714285714284], ["window"]]], "width": 6000, "height": 4000, "tags": []}