{"rects": [[[2177.142857142857, 891.4285714285714, 4367.142857142857, 3578.5714285714284], ["window"]]], "width": 6000, "height": 4000, "tags": []}