{"rects": [[[1542.857142857143, 677.1428571428571, 3857.142857142857, 3762.8571428571427], ["window"]]], "width": 6000, "height": 4000, "tags": []}