{"rects": [[[1140.0, 312.85714285714283, 4251.428571428572, 3557.142857142857], ["window"]]], "width": 6000, "height": 4000, "tags": []}