{"rects": [[[2095.714285714286, 420.0, 4508.571428571428, 3600.0], ["window"]]], "width": 6000, "height": 4000, "tags": []}