{"rects": [[[1744.2857142857142, 557.1428571428571, 4375.714285714285, 3934.285714285714], ["window"]]], "width": 6000, "height": 4000, "tags": []}