{"rects": [[[1564.2857142857142, 381.42857142857144, 5177.142857142857, 3051.4285714285716], ["window"]]], "width": 6000, "height": 4000, "tags": []}