{"rects": [[[1272.857142857143, 98.57142857142857, 5365.714285714285, 3660.0], ["window"]]], "width": 6000, "height": 4000, "tags": []}