{"rects": [[[1967.142857142857, 240.0, 5142.857142857143, 3102.8571428571427], ["window"]]], "width": 6000, "height": 4000, "tags": []}