{"rects": [[[1298.5714285714284, 184.28571428571428, 5412.857142857143, 3642.8571428571427], ["window"]]], "width": 6000, "height": 4000, "tags": []}