{"rects": [[[1131.4285714285713, 424.2857142857143, 4242.857142857143, 3737.142857142857], ["window"]]], "width": 6000, "height": 4000, "tags": []}