{"rects": [[[947.1428571428571, 612.8571428571429, 4598.571428571428, 3557.142857142857], ["window"]]], "width": 6000, "height": 4000, "tags": []}