{"rects": [[[1787.142857142857, 325.7142857142857, 5117.142857142857, 3582.8571428571427], ["window"]]], "width": 6000, "height": 4000, "tags": []}