{"rects": [[[2485.714285714286, 912.8571428571428, 4444.285714285714, 3017.142857142857], ["window"]]], "width": 6000, "height": 4000, "tags": []}