{"rects": [[[2044.2857142857142, 77.14285714285714, 5160.0, 3707.142857142857], ["window"]]], "width": 6000, "height": 4000, "tags": []}