{"rects": [[[1418.5714285714284, 132.85714285714286, 4602.857142857143, 3604.285714285714], ["window"]]], "width": 6000, "height": 4000, "tags": []}