{"rects": [[[561.4285714285714, 81.42857142857143, 4787.142857142857, 3852.8571428571427], ["window"]]], "width": 6000, "height": 4000, "tags": []}