{"rects": [[[1272.857142857143, 25.714285714285715, 5104.285714285714, 3852.8571428571427], ["window"]]], "width": 6000, "height": 4000, "tags": []}