{"rects": [[[557.1428571428571, 77.14285714285714, 4937.142857142857, 3724.285714285714], ["window"]]], "width": 6000, "height": 4000, "tags": []}