{"rects": [[[891.4285714285714, 480.0, 3428.5714285714284, 3291.4285714285716], ["window"]]], "width": 6000, "height": 4000, "tags": []}