{"rects": [[[1838.5714285714284, 4.285714285714286, 5438.571428571428, 3685.714285714286], ["window"]]], "width": 6000, "height": 4000, "tags": []}