{"rects": [[[2112.8571428571427, 977.1428571428571, 5254.285714285714, 3308.5714285714284], ["window"]]], "width": 6000, "height": 4000, "tags": []}