{"rects": [[[2622.8571428571427, 612.8571428571429, 5048.571428571428, 3561.428571428571], ["window"]]], "width": 6000, "height": 4000, "tags": []}