{"rects": [[[681.4285714285714, 402.85714285714283, 4431.428571428572, 3715.714285714286], ["window"]]], "width": 6000, "height": 4000, "tags": []}