{"rects": [[[1097.142857142857, 205.71428571428572, 4174.285714285714, 3780.0], ["window"]]], "width": 6000, "height": 4000, "tags": []}