{"rects": [[[780.0, 227.14285714285714, 4542.857142857143, 3642.8571428571427], ["window"]]], "width": 6000, "height": 4000, "tags": []}