{"rects": [[[1444.2857142857142, 205.71428571428572, 4971.428571428572, 3732.8571428571427], ["window"]]], "width": 6000, "height": 4000, "tags": []}