{"rects": [[[1980.0, 175.71428571428572, 4885.714285714285, 3664.285714285714], ["window"]]], "width": 6000, "height": 4000, "tags": []}