{"rects": [[[462.85714285714283, 660.0, 4212.857142857143, 3004.285714285714], ["window"]]], "width": 6000, "height": 4000, "tags": []}