{"rects": [[[1062.857142857143, 218.57142857142856, 4255.714285714285, 3840.0], ["window"]]], "width": 6000, "height": 4000, "tags": []}