{"rects": [[[1255.7142857142858, 492.85714285714283, 4487.142857142857, 3891.428571428571], ["window"]]], "width": 6000, "height": 4000, "tags": []}