{"rects": [[[2357.142857142857, 972.8571428571428, 4770.0, 3102.8571428571427], ["window"]]], "width": 6000, "height": 4000, "tags": []}