{"rects": [[[2160.0, 338.57142857142856, 5121.428571428572, 3415.714285714286], ["window"]]], "width": 6000, "height": 4000, "tags": []}