{"rects": [[[2061.4285714285716, 882.8571428571428, 4200.0, 3338.5714285714284], ["window"]]], "width": 6000, "height": 4000, "tags": []}