{"rects": [[[1774.2857142857142, 930.0, 4697.142857142857, 3698.5714285714284], ["window"]]], "width": 6000, "height": 4000, "tags": []}