{"rects": [[[2155.714285714286, 1015.7142857142857, 4307.142857142857, 2901.4285714285716], ["window"]]], "width": 6000, "height": 4000, "tags": []}