{"rects": [[[1307.142857142857, 651.4285714285714, 4598.571428571428, 2914.285714285714], ["window"]]], "width": 6000, "height": 4000, "tags": []}