{"rects": [[[561.4285714285714, 655.7142857142857, 4474.285714285714, 3570.0], ["window"]]], "width": 6000, "height": 4000, "tags": []}