{"rects": [[[2185.714285714286, 548.5714285714286, 4358.571428571428, 3128.5714285714284], ["window"]]], "width": 6000, "height": 4000, "tags": []}