{"rects": [[[780.0, 368.57142857142856, 3788.5714285714284, 3844.285714285714], ["window"]]], "width": 6000, "height": 4000, "tags": []}