{"rects": [[[1101.4285714285713, 308.57142857142856, 4144.285714285714, 3617.142857142857], ["window"]]], "width": 6000, "height": 4000, "tags": []}