{"rects": [[[1328.5714285714284, 270.0, 4011.428571428571, 3942.8571428571427], ["window"]]], "width": 6000, "height": 4000, "tags": []}