{"rects": [[[1907.142857142857, 8.571428571428571, 5498.571428571428, 3655.714285714286], ["window"]]], "width": 6000, "height": 4000, "tags": []}