{"rects": [[[1208.5714285714284, 158.57142857142856, 4598.571428571428, 3694.285714285714], ["window"]]], "width": 6000, "height": 4000, "tags": []}