{"rects": [[[2982.8571428571427, 548.5714285714286, 5220.0, 3330.0], ["window"]], [[162.85714285714286, 595.7142857142857, 2845.714285714286, 3501.428571428571], ["window"]]], "width": 6000, "height": 4000, "tags": []}