{"rects": [[[1448.5714285714284, 1054.2857142857142, 4230.0, 3432.8571428571427], ["window"]]], "width": 6000, "height": 4000, "tags": []}