{"rects": [[[1328.5714285714284, 257.1428571428571, 5301.428571428572, 3745.714285714286], ["window"]]], "width": 6000, "height": 4000, "tags": []}