{"rects": [[[510.0, 484.2857142857143, 5374.285714285714, 3754.285714285714], ["window"]]], "width": 6000, "height": 4000, "tags": []}