{"rects": [[[685.7142857142857, 287.1428571428571, 4088.5714285714284, 3771.428571428571], ["window"]]], "width": 6000, "height": 4000, "tags": []}