{"rects": [[[604.2857142857142, 325.7142857142857, 5181.428571428572, 3882.8571428571427], ["window"]]], "width": 6000, "height": 4000, "tags": []}