{"rects": [[[1371.4285714285713, 745.7142857142857, 4200.0, 3394.285714285714], ["window"]]], "width": 6000, "height": 4000, "tags": []}