{"rects": [[[1114.2857142857142, 420.0, 4787.142857142857, 3638.5714285714284], ["window"]]], "width": 6000, "height": 4000, "tags": []}