{"rects": [[[1457.142857142857, 308.57142857142856, 4898.571428571428, 3865.714285714286], ["window"]]], "width": 6000, "height": 4000, "tags": []}