{"rects": [[[1834.2857142857142, 784.2857142857142, 3917.142857142857, 3102.8571428571427], ["window"]], [[861.4285714285714, 1328.5714285714284, 1645.7142857142858, 3167.142857142857], ["window"]]], "width": 6000, "height": 4000, "tags": []}