{"rects": [[[2014.2857142857142, 171.42857142857142, 5190.0, 3561.428571428571], ["window"]]], "width": 6000, "height": 4000, "tags": []}