{"rects": [[[1161.4285714285713, 222.85714285714286, 5494.285714285714, 3608.5714285714284], ["window"]]], "width": 6000, "height": 4000, "tags": []}