{"rects": [[[1817.142857142857, 347.1428571428571, 4337.142857142857, 3784.285714285714], ["window"]]], "width": 6000, "height": 4000, "tags": []}