{"rects": [[[685.7142857142857, 291.42857142857144, 3968.5714285714284, 3900.0], ["window"]]], "width": 6000, "height": 4000, "tags": []}