{"rects": [[[2151.4285714285716, 462.85714285714283, 4375.714285714285, 3424.285714285714], ["window"]]], "width": 6000, "height": 4000, "tags": []}