{"rects": [[[1217.142857142857, 274.2857142857143, 4645.714285714285, 3600.0], ["window"]]], "width": 6000, "height": 4000, "tags": []}