{"rects": [[[1992.857142857143, 17.142857142857142, 4581.428571428572, 3295.714285714286], ["window"]]], "width": 6000, "height": 4000, "tags": []}