{"rects": [[[1611.4285714285713, 192.85714285714286, 4615.714285714285, 3510.0], ["window"]]], "width": 6000, "height": 4000, "tags": []}