{"rects": [[[2035.7142857142856, 527.1428571428571, 4474.285714285714, 3848.5714285714284], ["window"]]], "width": 6000, "height": 4000, "tags": []}