{"rects": [[[2700.0, 1457.142857142857, 4410.0, 2905.714285714286], ["window"]], [[685.7142857142857, 1388.5714285714284, 2207.142857142857, 3090.0], ["window"]]], "width": 6000, "height": 4000, "tags": []}