{"rects": [[[1620.0, 162.85714285714286, 5095.714285714285, 3694.285714285714], ["window"]]], "width": 6000, "height": 4000, "tags": []}