{"rects": [[[287.1428571428571, 325.7142857142857, 3861.428571428571, 3021.4285714285716], ["window"]]], "width": 6000, "height": 4000, "tags": []}