{"rects": [[[304.2857142857143, 694.2857142857142, 4144.285714285714, 3501.428571428571], ["window"]]], "width": 6000, "height": 4000, "tags": []}