{"rects": [[[912.8571428571428, 1311.4285714285713, 3497.142857142857, 3917.142857142857], ["window"]]], "width": 6000, "height": 4000, "tags": []}