{"rects": [[[1131.4285714285713, 574.2857142857142, 4165.714285714285, 3475.714285714286], ["window"]]], "width": 6000, "height": 4000, "tags": []}