{"rects": [[[1212.857142857143, 411.42857142857144, 5335.714285714285, 3698.5714285714284], ["window"]]], "width": 6000, "height": 4000, "tags": []}