{"rects": [[[1834.2857142857142, 171.42857142857142, 4560.0, 3527.142857142857], ["window"]]], "width": 6000, "height": 4000, "tags": []}