{"rects": [[[1255.7142857142858, 128.57142857142856, 5027.142857142857, 3711.428571428571], ["window"]]], "width": 6000, "height": 4000, "tags": []}