{"rects": [[[1997.142857142857, 492.85714285714283, 4915.714285714285, 3762.8571428571427], ["window"]]], "width": 6000, "height": 4000, "tags": []}