{"rects": [[[265.7142857142857, 561.4285714285714, 3698.5714285714284, 3120.0], ["window"]]], "width": 6000, "height": 4000, "tags": []}