{"rects": [[[810.0, 741.4285714285714, 3638.5714285714284, 3904.285714285714], ["window"]]], "width": 6000, "height": 4000, "tags": []}