{"rects": [[[1714.2857142857142, 535.7142857142857, 3900.0, 3651.428571428571], ["window"]]], "width": 6000, "height": 4000, "tags": []}