{"rects": [[[565.7142857142857, 750.0, 3745.714285714286, 3827.142857142857], ["window"]]], "width": 6000, "height": 4000, "tags": []}