{"rects": [[[1371.4285714285713, 797.1428571428571, 3720.0, 3874.285714285714], ["window"]]], "width": 6000, "height": 4000, "tags": []}