{"rects": [[[2348.5714285714284, 154.28571428571428, 4941.428571428572, 3668.5714285714284], ["window"]]], "width": 6000, "height": 4000, "tags": []}