{"rects": [[[1315.7142857142858, 77.14285714285714, 5738.571428571428, 3938.5714285714284], ["window"]], [[25.714285714285715, 424.2857142857143, 1217.142857142857, 2228.5714285714284], ["window"]]], "width": 6000, "height": 4000, "tags": []}