{"rects": [[[2725.714285714286, 1024.2857142857142, 4547.142857142857, 3257.142857142857], ["window"]]], "width": 6000, "height": 4000, "tags": []}