{"rects": [[[1890.0, 107.14285714285714, 4881.428571428572, 3565.714285714286], ["window"]]], "width": 6000, "height": 4000, "tags": []}