{"rects": [[[994.2857142857142, 891.4285714285714, 5858.571428571428, 3034.285714285714], ["window"]]], "width": 6000, "height": 4000, "tags": []}