{"rects": [[[458.57142857142856, 102.85714285714286, 4688.571428571428, 3792.8571428571427], ["window"]]], "width": 6000, "height": 4000, "tags": []}