{"rects": [[[1680.0, 381.42857142857144, 4637.142857142857, 3385.714285714286], ["window"]]], "width": 6000, "height": 4000, "tags": []}