{"rects": [[[2348.5714285714284, 137.14285714285714, 4641.428571428572, 3252.8571428571427], ["window"]]], "width": 6000, "height": 4000, "tags": []}