{"rects": [[[120.0, 308.57142857142856, 5811.428571428572, 3175.714285714286], ["window"]]], "width": 6000, "height": 4000, "tags": []}