{"rects": [[[1915.7142857142856, 102.85714285714286, 3968.5714285714284, 3587.142857142857], ["window"]], [[4.285714285714286, 1337.142857142857, 1547.142857142857, 3702.8571428571427], ["window"]]], "width": 6000, "height": 4000, "tags": []}