{"rects": [[[1928.5714285714284, 458.57142857142856, 4615.714285714285, 3124.285714285714], ["window"]]], "width": 6000, "height": 4000, "tags": []}