{"rects": [[[467.1428571428571, 510.0, 2841.4285714285716, 3141.4285714285716], ["window"]]], "width": 6000, "height": 4000, "tags": []}