{"rects": [[[917.1428571428571, 107.14285714285714, 4187.142857142857, 3475.714285714286], ["window"]]], "width": 6000, "height": 4000, "tags": []}