{"rects": [[[990.0, 1195.7142857142858, 4307.142857142857, 3968.5714285714284], ["window"]]], "width": 6000, "height": 4000, "tags": []}