{"rects": [[[1928.5714285714284, 715.7142857142857, 3891.428571428571, 3355.714285714286], ["window"]]], "width": 6000, "height": 4000, "tags": []}