{"rects": [[[822.8571428571429, 364.2857142857143, 4152.857142857143, 3398.5714285714284], ["window"]]], "width": 6000, "height": 4000, "tags": []}