{"rects": [[[1320.0, 1032.857142857143, 3270.0, 3625.714285714286], ["window"]]], "width": 6000, "height": 4000, "tags": []}