{"rects": [[[1812.857142857143, 741.4285714285714, 4881.428571428572, 3274.285714285714], ["window"]]], "width": 6000, "height": 4000, "tags": []}