{"rects": [[[625.7142857142857, 398.57142857142856, 3968.5714285714284, 3432.8571428571427], ["window"]]], "width": 6000, "height": 4000, "tags": []}