{"rects": [[[1937.142857142857, 754.2857142857142, 4735.714285714285, 3942.8571428571427], ["window"]]], "width": 6000, "height": 4000, "tags": []}