{"rects": [[[814.2857142857142, 1058.5714285714284, 5177.142857142857, 3432.8571428571427], ["window"]]], "width": 6000, "height": 4000, "tags": []}