{"rects": [[[2224.285714285714, 972.8571428571428, 4427.142857142857, 3064.285714285714], ["window"]]], "width": 6000, "height": 4000, "tags": []}