{"rects": [[[1255.7142857142858, 184.28571428571428, 4590.0, 3647.142857142857], ["window"]]], "width": 6000, "height": 4000, "tags": []}