{"rects": [[[1140.0, 184.28571428571428, 4868.571428571428, 3865.714285714286], ["window"]]], "width": 6000, "height": 4000, "tags": []}