{"rects": [[[1097.142857142857, 540.0, 4992.857142857143, 2652.8571428571427], ["window"]]], "width": 6000, "height": 4000, "tags": []}