{"rects": [[[1855.7142857142856, 342.85714285714283, 4958.571428571428, 3608.5714285714284], ["window"]]], "width": 6000, "height": 4000, "tags": []}