{"rects": [[[2198.5714285714284, 998.5714285714286, 3947.142857142857, 2421.4285714285716], ["window"]]], "width": 6000, "height": 4000, "tags": []}