{"rects": [[[904.2857142857142, 552.8571428571429, 5262.857142857143, 3501.428571428571], ["window"]]], "width": 6000, "height": 4000, "tags": []}