{"rects": [[[762.8571428571429, 432.85714285714283, 4071.428571428571, 3788.5714285714284], ["window"]]], "width": 6000, "height": 4000, "tags": []}