{"rects": [[[1804.2857142857142, 377.1428571428571, 5215.714285714285, 3462.8571428571427], ["window"]]], "width": 6000, "height": 4000, "tags": []}