{"rects": [[[951.4285714285714, 844.2857142857142, 5057.142857142857, 3582.8571428571427], ["window"]]], "width": 6000, "height": 4000, "tags": []}