{"rects": [[[1864.2857142857142, 424.2857142857143, 4860.0, 3634.285714285714], ["window"]]], "width": 6000, "height": 4000, "tags": []}