{"rects": [[[1294.2857142857142, 210.0, 4024.285714285714, 3377.142857142857], ["window"]]], "width": 6000, "height": 4000, "tags": []}