{"rects": [[[2052.8571428571427, 1165.7142857142858, 3801.428571428571, 3218.5714285714284], ["window"]], [[604.2857142857142, 955.7142857142857, 1868.5714285714284, 3265.714285714286], ["window"]]], "width": 6000, "height": 4000, "tags": []}