{"rects": [[[835.7142857142857, 111.42857142857143, 4680.0, 3398.5714285714284], ["window"]]], "width": 6000, "height": 4000, "tags": []}