{"rects": [[[848.5714285714286, 94.28571428571428, 4885.714285714285, 3651.428571428571], ["window"]]], "width": 6000, "height": 4000, "tags": []}