{"rects": [[[655.7142857142857, 471.4285714285714, 5370.0, 3745.714285714286], ["window"]]], "width": 6000, "height": 4000, "tags": []}