{"rects": [[[201.42857142857142, 424.2857142857143, 4834.285714285714, 3214.285714285714], ["window"]]], "width": 6000, "height": 4000, "tags": []}