{"rects": [[[2082.8571428571427, 1075.7142857142858, 4200.0, 2802.8571428571427], ["window"]]], "width": 6000, "height": 4000, "tags": []}