{"rects": [[[1354.2857142857142, 330.0, 4414.285714285714, 3818.5714285714284], ["window"]]], "width": 6000, "height": 4000, "tags": []}