{"rects": [[[1418.5714285714284, 244.28571428571428, 4097.142857142857, 3497.142857142857], ["window"]]], "width": 6000, "height": 4000, "tags": []}