{"rects": [[[1341.4285714285713, 385.7142857142857, 5327.142857142857, 3300.0], ["window"]]], "width": 6000, "height": 4000, "tags": []}