{"rects": [[[1662.857142857143, 522.8571428571429, 4662.857142857143, 3167.142857142857], ["window"]]], "width": 6000, "height": 4000, "tags": []}