{"rects": [[[702.8571428571429, 218.57142857142856, 3510.0, 3492.8571428571427], ["window"]]], "width": 6000, "height": 4000, "tags": []}