{"rects": [[[1418.5714285714284, 377.1428571428571, 4444.285714285714, 3724.285714285714], ["window"]]], "width": 6000, "height": 4000, "tags": []}