{"rects": [[[1534.2857142857142, 154.28571428571428, 4650.0, 3407.142857142857], ["window"]]], "width": 6000, "height": 4000, "tags": []}