{"rects": [[[2592.8571428571427, 814.2857142857142, 4320.0, 2910.0], ["window"]]], "width": 6000, "height": 4000, "tags": []}