{"rects": [[[1234.2857142857142, 1200.0, 2687.142857142857, 3115.714285714286], ["window"]]], "width": 6000, "height": 4000, "tags": []}