{"rects": [[[1328.5714285714284, 64.28571428571428, 4208.571428571428, 3694.285714285714], ["window"]]], "width": 6000, "height": 4000, "tags": []}