{"rects": [[[1200.0, 300.0, 5078.571428571428, 3784.285714285714], ["window"]]], "width": 6000, "height": 4000, "tags": []}