{"rects": [[[1615.7142857142858, 544.2857142857142, 4928.571428571428, 3642.8571428571427], ["window"]]], "width": 6000, "height": 4000, "tags": []}