{"rects": [[[2172.8571428571427, 188.57142857142856, 4997.142857142857, 3304.285714285714], ["window"]]], "width": 6000, "height": 4000, "tags": []}