{"rects": [[[1225.7142857142858, 574.2857142857142, 4795.714285714285, 3570.0], ["window"]]], "width": 6000, "height": 4000, "tags": []}