{"rects": [[[1277.142857142857, 12.857142857142858, 5155.714285714285, 3921.428571428571], ["window"]]], "width": 6000, "height": 4000, "tags": []}