{"rects": [[[1375.7142857142858, 394.2857142857143, 4868.571428571428, 2987.142857142857], ["window"]]], "width": 6000, "height": 4000, "tags": []}