{"rects": [[[1452.857142857143, 394.2857142857143, 4302.857142857143, 3625.714285714286], ["window"]]], "width": 6000, "height": 4000, "tags": []}