{"rects": [[[1371.4285714285713, 175.71428571428572, 5297.142857142857, 3762.8571428571427], ["window"]]], "width": 6000, "height": 4000, "tags": []}