{"rects": [[[85.71428571428571, 630.0, 5370.0, 3595.714285714286], ["window"]]], "width": 6000, "height": 4000, "tags": []}