{"rects": [[[698.5714285714286, 737.1428571428571, 4705.714285714285, 3295.714285714286], ["window"]]], "width": 6000, "height": 4000, "tags": []}