{"rects": [[[424.2857142857143, 21.428571428571427, 3702.8571428571427, 3141.4285714285716], ["window"]]], "width": 6000, "height": 4000, "tags": []}