{"rects": [[[758.5714285714286, 248.57142857142856, 3810.0, 3308.5714285714284], ["window"]]], "width": 6000, "height": 4000, "tags": []}