{"rects": [[[1530.0, 475.7142857142857, 3917.142857142857, 3754.285714285714], ["window"]]], "width": 6000, "height": 4000, "tags": []}