{"rects": [[[1405.7142857142858, 1260.0, 3128.5714285714284, 3381.428571428571], ["window"]]], "width": 6000, "height": 4000, "tags": []}