{"rects": [[[2104.285714285714, 668.5714285714286, 4842.857142857143, 3531.428571428571], ["window"]]], "width": 6000, "height": 4000, "tags": []}