{"rects": [[[2202.8571428571427, 304.2857142857143, 4735.714285714285, 3308.5714285714284], ["window"]]], "width": 6000, "height": 4000, "tags": []}