{"rects": [[[1804.2857142857142, 64.28571428571428, 5262.857142857143, 3887.142857142857], ["window"]]], "width": 6000, "height": 4000, "tags": []}