{"rects": [[[1954.2857142857142, 450.0, 4525.714285714285, 2687.142857142857], ["window"]]], "width": 6000, "height": 4000, "tags": []}