{"rects": [[[1268.5714285714284, 218.57142857142856, 4221.428571428572, 3561.428571428571], ["window"]]], "width": 6000, "height": 4000, "tags": []}