{"rects": [[[1620.0, 330.0, 5112.857142857143, 3887.142857142857], ["window"]]], "width": 6000, "height": 4000, "tags": []}