{"rects": [[[1894.2857142857142, 25.714285714285715, 4950.0, 3690.0], ["window"]]], "width": 6000, "height": 4000, "tags": []}