{"rects": [[[1555.7142857142858, 81.42857142857143, 4401.428571428572, 3844.285714285714], ["window"]]], "width": 6000, "height": 4000, "tags": []}