{"rects": [[[1722.857142857143, 244.28571428571428, 5335.714285714285, 3737.142857142857], ["window"]]], "width": 6000, "height": 4000, "tags": []}