{"rects": [[[2297.142857142857, 895.7142857142857, 4615.714285714285, 3072.8571428571427], ["window"]]], "width": 6000, "height": 4000, "tags": []}