{"rects": [[[754.2857142857142, 540.0, 4731.428571428572, 3771.428571428571], ["window"]]], "width": 6000, "height": 4000, "tags": []}