{"rects": [[[300.0, 342.85714285714283, 5104.285714285714, 3480.0], ["window"]]], "width": 6000, "height": 4000, "tags": []}