{"rects": [[[2250.0, 300.0, 4375.714285714285, 3981.428571428571], ["window"]]], "width": 6000, "height": 4000, "tags": []}