{"rects": [[[2340.0, 278.57142857142856, 5340.0, 3822.8571428571427], ["window"]]], "width": 6000, "height": 4000, "tags": []}