{"rects": [[[1534.2857142857142, 137.14285714285714, 4911.428571428572, 3707.142857142857], ["window"]]], "width": 6000, "height": 4000, "tags": []}