{"rects": [[[2125.714285714286, 480.0, 5121.428571428572, 3861.428571428571], ["window"]]], "width": 6000, "height": 4000, "tags": []}