{"rects": [[[595.7142857142857, 788.5714285714286, 4800.0, 3467.142857142857], ["window"]]], "width": 6000, "height": 4000, "tags": []}