{"rects": [[[1478.5714285714284, 154.28571428571428, 4890.0, 3780.0], ["window"]]], "width": 6000, "height": 4000, "tags": []}