{"rects": [[[1255.7142857142858, 574.2857142857142, 4371.428571428572, 3475.714285714286], ["window"]]], "width": 6000, "height": 4000, "tags": []}