{"rects": [[[1337.142857142857, 355.7142857142857, 3638.5714285714284, 3621.428571428571], ["window"]]], "width": 6000, "height": 4000, "tags": []}