{"rects": [[[1294.2857142857142, 150.0, 4122.857142857143, 3655.714285714286], ["window"]]], "width": 6000, "height": 4000, "tags": []}