{"rects": [[[1071.4285714285713, 582.8571428571429, 4392.857142857143, 3210.0], ["window"]]], "width": 6000, "height": 4000, "tags": []}