{"rects": [[[1187.142857142857, 548.5714285714286, 5948.571428571428, 3750.0], ["window"]]], "width": 6000, "height": 4000, "tags": []}