{"rects": [[[1808.5714285714284, 124.28571428571428, 4817.142857142857, 3462.8571428571427], ["window"]]], "width": 6000, "height": 4000, "tags": []}