{"rects": [[[994.2857142857142, 145.71428571428572, 5374.285714285714, 3921.428571428571], ["window"]]], "width": 6000, "height": 4000, "tags": []}