{"rects": [[[1585.7142857142858, 257.1428571428571, 4748.571428571428, 3561.428571428571], ["window"]]], "width": 6000, "height": 4000, "tags": []}