{"rects": [[[741.4285714285714, 698.5714285714286, 3668.5714285714284, 3325.714285714286], ["window"]]], "width": 6000, "height": 4000, "tags": []}