{"rects": [[[741.4285714285714, 214.28571428571428, 4688.571428571428, 3608.5714285714284], ["window"]]], "width": 6000, "height": 4000, "tags": []}