{"rects": [[[445.7142857142857, 154.28571428571428, 5142.857142857143, 3810.0], ["window"]]], "width": 6000, "height": 4000, "tags": []}