{"rects": [[[1324.2857142857142, 132.85714285714286, 3985.714285714286, 3531.428571428571], ["window"]]], "width": 6000, "height": 4000, "tags": []}