{"rects": [[[1178.5714285714284, 192.85714285714286, 4397.142857142857, 3372.8571428571427], ["window"]]], "width": 6000, "height": 4000, "tags": []}