{"rects": [[[608.5714285714286, 162.85714285714286, 4174.285714285714, 3814.285714285714], ["window"]]], "width": 6000, "height": 4000, "tags": []}