{"rects": [[[1127.142857142857, 308.57142857142856, 4024.285714285714, 2918.5714285714284], ["window"]]], "width": 6000, "height": 4000, "tags": []}