{"rects": [[[1071.4285714285713, 385.7142857142857, 4251.428571428572, 3274.285714285714], ["window"]]], "width": 6000, "height": 4000, "tags": []}