{"rects": [[[668.5714285714286, 552.8571428571429, 5211.428571428572, 3231.4285714285716], ["window"]]], "width": 6000, "height": 4000, "tags": []}