{"rects": [[[2138.5714285714284, 702.8571428571429, 4427.142857142857, 3711.428571428571], ["window"]]], "width": 6000, "height": 4000, "tags": []}