{"rects": [[[908.5714285714286, 480.0, 4221.428571428572, 3672.8571428571427], ["window"]]], "width": 6000, "height": 4000, "tags": []}