{"rects": [[[2031.4285714285713, 321.42857142857144, 4740.0, 3385.714285714286], ["window"]]], "width": 6000, "height": 4000, "tags": []}