{"rects": [[[1272.857142857143, 72.85714285714286, 4988.571428571428, 3930.0], ["window"]]], "width": 6000, "height": 4000, "tags": []}