{"rects": [[[1868.5714285714284, 518.5714285714286, 4598.571428571428, 3325.714285714286], ["window"]]], "width": 6000, "height": 4000, "tags": []}