{"rects": [[[1277.142857142857, 492.85714285714283, 4311.428571428572, 3638.5714285714284], ["window"]]], "width": 6000, "height": 4000, "tags": []}