{"rects": [[[1067.142857142857, 205.71428571428572, 4924.285714285714, 3810.0], ["window"]]], "width": 6000, "height": 4000, "tags": []}