{"rects": [[[1028.5714285714284, 522.8571428571429, 4152.857142857143, 3227.142857142857], ["window"]]], "width": 6000, "height": 4000, "tags": []}