{"rects": [[[2327.142857142857, 1007.1428571428571, 4817.142857142857, 3488.5714285714284], ["window"]]], "width": 6000, "height": 4000, "tags": []}