{"rects": [[[587.1428571428571, 685.7142857142857, 4517.142857142857, 3338.5714285714284], ["window"]]], "width": 6000, "height": 4000, "tags": []}