{"rects": [[[1778.5714285714284, 475.7142857142857, 4971.428571428572, 3578.5714285714284], ["window"]]], "width": 6000, "height": 4000, "tags": []}