{"rects": [[[660.0, 420.0, 4774.285714285714, 3201.4285714285716], ["window"]]], "width": 6000, "height": 4000, "tags": []}