{"rects": [[[784.2857142857142, 25.714285714285715, 4512.857142857143, 3801.428571428571], ["window"]]], "width": 6000, "height": 4000, "tags": []}