{"rects": [[[1024.2857142857142, 51.42857142857143, 4718.571428571428, 3844.285714285714], ["window"]]], "width": 6000, "height": 4000, "tags": []}