{"rects": [[[1264.2857142857142, 291.42857142857144, 3608.5714285714284, 3424.285714285714], ["window"]]], "width": 6000, "height": 4000, "tags": []}