{"rects": [[[2327.142857142857, 874.2857142857142, 4058.5714285714284, 3848.5714285714284], ["window"]]], "width": 6000, "height": 4000, "tags": []}