{"rects": [[[1560.0, 690.0, 4894.285714285714, 3411.428571428571], ["window"]]], "width": 6000, "height": 4000, "tags": []}