{"rects": [[[724.2857142857142, 287.1428571428571, 4825.714285714285, 3634.285714285714], ["window"]]], "width": 6000, "height": 4000, "tags": []}