{"rects": [[[715.7142857142857, 402.85714285714283, 4247.142857142857, 3458.5714285714284], ["window"]]], "width": 6000, "height": 4000, "tags": []}