{"rects": [[[844.2857142857142, 745.7142857142857, 4538.571428571428, 3244.285714285714], ["window"]]], "width": 6000, "height": 4000, "tags": []}