{"rects": [[[1594.2857142857142, 518.5714285714286, 5292.857142857143, 3574.285714285714], ["window"]]], "width": 6000, "height": 4000, "tags": []}