{"rects": [[[1812.857142857143, 282.85714285714283, 4590.0, 3531.428571428571], ["window"]]], "width": 6000, "height": 4000, "tags": []}