{"rects": [[[1388.5714285714284, 501.4285714285714, 5117.142857142857, 3801.428571428571], ["window"]]], "width": 6000, "height": 4000, "tags": []}