{"rects": [[[1427.142857142857, 192.85714285714286, 4795.714285714285, 3720.0], ["window"]]], "width": 6000, "height": 4000, "tags": []}