{"rects": [[[1521.4285714285713, 282.85714285714283, 4808.571428571428, 3591.428571428571], ["window"]]], "width": 6000, "height": 4000, "tags": []}