{"rects": [[[1392.857142857143, 762.8571428571429, 3904.285714285714, 3745.714285714286], ["window"]]], "width": 6000, "height": 4000, "tags": []}