{"rects": [[[1482.857142857143, 720.0, 4307.142857142857, 3132.8571428571427], ["window"]]], "width": 6000, "height": 4000, "tags": []}