{"rects": [[[1277.142857142857, 368.57142857142856, 4572.857142857143, 3394.285714285714], ["window"]]], "width": 6000, "height": 4000, "tags": []}