{"rects": [[[1834.2857142857142, 154.28571428571428, 4508.571428571428, 3360.0], ["window"]]], "width": 6000, "height": 4000, "tags": []}