{"rects": [[[758.5714285714286, 47.14285714285714, 4787.142857142857, 3908.5714285714284], ["window"]]], "width": 6000, "height": 4000, "tags": []}