{"rects": [[[1221.4285714285713, 1474.2857142857142, 5108.571428571428, 3805.714285714286], ["window"]]], "width": 6000, "height": 4000, "tags": []}