{"rects": [[[492.85714285714283, 750.0, 4804.285714285714, 3317.142857142857], ["window"]]], "width": 6000, "height": 4000, "tags": []}