{"rects": [[[1277.142857142857, 128.57142857142856, 4551.428571428572, 3925.714285714286], ["window"]]], "width": 6000, "height": 4000, "tags": []}