{"rects": [[[1157.142857142857, 471.4285714285714, 3960.0, 3518.5714285714284], ["window"]]], "width": 6000, "height": 4000, "tags": []}