{"rects": [[[1491.4285714285713, 201.42857142857142, 3938.5714285714284, 3012.8571428571427], ["window"]]], "width": 6000, "height": 4000, "tags": []}