{"rects": [[[1757.142857142857, 835.7142857142857, 4337.142857142857, 3505.714285714286], ["window"]], [[625.7142857142857, 1242.857142857143, 1684.2857142857142, 3240.0], ["window"]]], "width": 6000, "height": 4000, "tags": []}