{"rects": [[[1928.5714285714284, 38.57142857142857, 4607.142857142857, 3492.8571428571427], ["window"]]], "width": 6000, "height": 4000, "tags": []}