{"rects": [[[394.2857142857143, 1101.4285714285713, 4371.428571428572, 3522.8571428571427], ["window"]]], "width": 6000, "height": 4000, "tags": []}