{"rects": [[[1405.7142857142858, 960.0, 4020.0, 3801.428571428571], ["window"]]], "width": 6000, "height": 4000, "tags": []}