{"rects": [[[822.8571428571429, 21.428571428571427, 5147.142857142857, 3505.714285714286], ["window"]]], "width": 6000, "height": 4000, "tags": []}