{"rects": [[[1521.4285714285713, 372.85714285714283, 4800.0, 3360.0], ["window"]]], "width": 6000, "height": 4000, "tags": []}