{"rects": [[[977.1428571428571, 248.57142857142856, 5644.285714285714, 3630.0], ["window"]]], "width": 6000, "height": 4000, "tags": []}