{"rects": [[[1727.142857142857, 574.2857142857142, 4821.428571428572, 3261.4285714285716], ["window"]]], "width": 6000, "height": 4000, "tags": []}