{"rects": [[[2031.4285714285713, 702.8571428571429, 4418.571428571428, 3407.142857142857], ["window"]]], "width": 6000, "height": 4000, "tags": []}