{"rects": [[[1902.857142857143, 120.0, 4448.571428571428, 3342.8571428571427], ["window"]]], "width": 6000, "height": 4000, "tags": []}