{"rects": [[[210.0, 634.2857142857142, 4298.571428571428, 3145.714285714286], ["window"]]], "width": 6000, "height": 4000, "tags": []}