{"rects": [[[1615.7142857142858, 214.28571428571428, 4504.285714285714, 3570.0], ["window"]]], "width": 6000, "height": 4000, "tags": []}