{"rects": [[[1307.142857142857, 1067.142857142857, 4855.714285714285, 3720.0], ["window"]]], "width": 6000, "height": 4000, "tags": []}