{"rects": [[[1307.142857142857, 102.85714285714286, 5035.714285714285, 3638.5714285714284], ["window"]]], "width": 6000, "height": 4000, "tags": []}