{"rects": [[[2168.5714285714284, 1161.4285714285713, 5057.142857142857, 2991.4285714285716], ["window"]], [[775.7142857142857, 1230.0, 2134.285714285714, 2434.285714285714], ["window"]]], "width": 6000, "height": 4000, "tags": []}