{"rects": [[[1598.5714285714284, 210.0, 4744.285714285714, 3762.8571428571427], ["window"]]], "width": 6000, "height": 4000, "tags": []}