{"rects": [[[2031.4285714285713, 218.57142857142856, 5194.285714285714, 2605.714285714286], ["window"]]], "width": 6000, "height": 4000, "tags": []}