{"rects": [[[295.7142857142857, 90.0, 5202.857142857143, 3720.0], ["window"]]], "width": 6000, "height": 4000, "tags": []}