{"rects": [[[1555.7142857142858, 420.0, 4800.0, 3784.285714285714], ["window"]]], "width": 6000, "height": 4000, "tags": []}