{"rects": [[[2562.8571428571427, 818.5714285714286, 5100.0, 3925.714285714286], ["window"]]], "width": 6000, "height": 4000, "tags": []}