{"rects": [[[1020.0, 531.4285714285714, 3912.8571428571427, 3595.714285714286], ["window"]]], "width": 6000, "height": 4000, "tags": []}