{"rects": [[[1855.7142857142856, 231.42857142857142, 4328.571428571428, 3334.285714285714], ["window"]]], "width": 6000, "height": 4000, "tags": []}