{"rects": [[[1941.4285714285713, 1585.7142857142858, 3908.5714285714284, 3338.5714285714284], ["window"]]], "width": 6000, "height": 4000, "tags": []}