{"rects": [[[1371.4285714285713, 715.7142857142857, 4915.714285714285, 3925.714285714286], ["window"]]], "width": 6000, "height": 4000, "tags": []}