{"rects": [[[1868.5714285714284, 180.0, 4680.0, 3252.8571428571427], ["window"]]], "width": 6000, "height": 4000, "tags": []}