{"rects": [[[2241.4285714285716, 1144.2857142857142, 4358.571428571428, 2712.8571428571427], ["window"]]], "width": 6000, "height": 4000, "tags": []}