{"rects": [[[1007.1428571428571, 68.57142857142857, 5387.142857142857, 3784.285714285714], ["window"]]], "width": 6000, "height": 4000, "tags": []}