{"rects": [[[1448.5714285714284, 107.14285714285714, 4898.571428571428, 3317.142857142857], ["window"]]], "width": 6000, "height": 4000, "tags": []}