{"rects": [[[998.5714285714286, 214.28571428571428, 4311.428571428572, 3758.5714285714284], ["window"]]], "width": 6000, "height": 4000, "tags": []}