{"rects": [[[2532.8571428571427, 1140.0, 4491.428571428572, 3210.0], ["window"]]], "width": 6000, "height": 4000, "tags": []}