{"rects": [[[1825.7142857142856, 921.4285714285714, 3642.8571428571427, 4000], ["window"]]], "width": 6000, "height": 4000, "tags": []}