{"rects": [[[578.5714285714286, 210.0, 4277.142857142857, 4000], ["window"]]], "width": 6000, "height": 4000, "tags": []}