{"rects": [[[870.0, 381.42857142857144, 3844.285714285714, 3612.8571428571427], ["window"]]], "width": 6000, "height": 4000, "tags": []}