{"rects": [[[2044.2857142857142, 595.7142857142857, 4637.142857142857, 3728.5714285714284], ["window"]]], "width": 6000, "height": 4000, "tags": []}