{"rects": [[[1380.0, 287.1428571428571, 3951.428571428571, 3595.714285714286], ["window"]]], "width": 6000, "height": 4000, "tags": []}