{"rects": [[[1251.4285714285713, 214.28571428571428, 4675.714285714285, 3681.428571428571], ["window"]]], "width": 6000, "height": 4000, "tags": []}