{"rects": [[[1272.857142857143, 330.0, 5430.0, 3822.8571428571427], ["window"]]], "width": 6000, "height": 4000, "tags": []}