{"rects": [[[690.0, 312.85714285714283, 3930.0, 3492.8571428571427], ["window"]]], "width": 6000, "height": 4000, "tags": []}