{"rects": [[[2507.142857142857, 1212.857142857143, 4097.142857142857, 2704.285714285714], ["window"]]], "width": 6000, "height": 4000, "tags": []}