{"rects": [[[960.0, 141.42857142857142, 5275.714285714285, 3874.285714285714], ["window"]]], "width": 6000, "height": 4000, "tags": []}