{"rects": [[[2352.8571428571427, 501.4285714285714, 5134.285714285714, 3570.0], ["window"]]], "width": 6000, "height": 4000, "tags": []}