{"rects": [[[1195.7142857142858, 201.42857142857142, 5421.428571428572, 3955.714285714286], ["window"]]], "width": 6000, "height": 4000, "tags": []}