{"rects": [[[2181.4285714285716, 972.8571428571428, 4722.857142857143, 2841.4285714285716], ["window"]]], "width": 6000, "height": 4000, "tags": []}