{"rects": [[[942.8571428571428, 162.85714285714286, 4800.0, 3548.5714285714284], ["window"]]], "width": 6000, "height": 4000, "tags": []}