{"rects": [[[1452.857142857143, 887.1428571428571, 4525.714285714285, 3677.142857142857], ["window"]]], "width": 6000, "height": 4000, "tags": []}