{"rects": [[[1182.857142857143, 355.7142857142857, 4208.571428571428, 3488.5714285714284], ["window"]]], "width": 6000, "height": 4000, "tags": []}