{"rects": [[[1302.857142857143, 385.7142857142857, 4842.857142857143, 3578.5714285714284], ["window"]]], "width": 6000, "height": 4000, "tags": []}