{"rects": [[[1692.857142857143, 540.0, 4028.5714285714284, 3698.5714285714284], ["window"]]], "width": 6000, "height": 4000, "tags": []}