{"rects": [[[1988.5714285714284, 171.42857142857142, 5310.0, 3827.142857142857], ["window"]]], "width": 6000, "height": 4000, "tags": []}