{"rects": [[[1761.4285714285713, 882.8571428571428, 5652.857142857143, 3458.5714285714284], ["window"]]], "width": 6000, "height": 4000, "tags": []}