{"rects": [[[844.2857142857142, 831.4285714285714, 4320.0, 3471.428571428571], ["window"]]], "width": 6000, "height": 4000, "tags": []}