{"rects": [[[1272.857142857143, 355.7142857142857, 4632.857142857143, 3908.5714285714284], ["window"]]], "width": 6000, "height": 4000, "tags": []}