{"rects": [[[1611.4285714285713, 231.42857142857142, 5207.142857142857, 3540.0], ["window"]]], "width": 6000, "height": 4000, "tags": []}