{"rects": [[[2160.0, 531.4285714285714, 5254.285714285714, 3814.285714285714], ["window"]]], "width": 6000, "height": 4000, "tags": []}