{"rects": [[[1152.857142857143, 801.4285714285714, 4765.714285714285, 3848.5714285714284], ["window"]]], "width": 6000, "height": 4000, "tags": []}