{"rects": [[[2061.4285714285716, 1024.2857142857142, 4950.0, 3578.5714285714284], ["window"]]], "width": 6000, "height": 4000, "tags": []}