{"rects": [[[1821.4285714285713, 737.1428571428571, 4632.857142857143, 3574.285714285714], ["window"]]], "width": 6000, "height": 4000, "tags": []}