{"rects": [[[1465.7142857142858, 1478.5714285714284, 4080.0, 3317.142857142857], ["window"]]], "width": 6000, "height": 4000, "tags": []}