{"rects": [[[694.2857142857142, 484.2857142857143, 5232.857142857143, 3745.714285714286], ["window"]]], "width": 6000, "height": 4000, "tags": []}