{"rects": [[[1182.857142857143, 111.42857142857143, 4478.571428571428, 3977.142857142857], ["window"]]], "width": 6000, "height": 4000, "tags": []}