{"rects": [[[1782.857142857143, 407.1428571428571, 4962.857142857143, 3621.428571428571], ["window"]]], "width": 6000, "height": 4000, "tags": []}