{"rects": [[[531.4285714285714, 737.1428571428571, 4958.571428571428, 3518.5714285714284], ["window"]]], "width": 6000, "height": 4000, "tags": []}