{"rects": [[[2622.8571428571427, 1110.0, 4242.857142857143, 2995.714285714286], ["window"]]], "width": 6000, "height": 4000, "tags": []}