{"rects": [[[887.1428571428571, 857.1428571428571, 5541.428571428572, 3098.5714285714284], ["window"]]], "width": 6000, "height": 4000, "tags": []}