{"rects": [[[2061.4285714285716, 510.0, 5232.857142857143, 3827.142857142857], ["window"]]], "width": 6000, "height": 4000, "tags": []}