{"rects": [[[522.8571428571429, 745.7142857142857, 4722.857142857143, 3668.5714285714284], ["window"]]], "width": 6000, "height": 4000, "tags": []}