{"rects": [[[1667.142857142857, 231.42857142857142, 5430.0, 3904.285714285714], ["window"]]], "width": 6000, "height": 4000, "tags": []}