{"rects": [[[2472.8571428571427, 985.7142857142857, 4547.142857142857, 3098.5714285714284], ["window"]]], "width": 6000, "height": 4000, "tags": []}