{"rects": [[[2258.5714285714284, 1067.142857142857, 4131.428571428572, 3321.428571428571], ["window"]]], "width": 6000, "height": 4000, "tags": []}