{"rects": [[[2172.8571428571427, 180.0, 4984.285714285714, 3467.142857142857], ["window"]]], "width": 6000, "height": 4000, "tags": []}