{"rects": [[[895.7142857142857, 107.14285714285714, 3904.285714285714, 3595.714285714286], ["window"]]], "width": 6000, "height": 4000, "tags": []}