{"rects": [[[1547.142857142857, 115.71428571428571, 4247.142857142857, 3077.142857142857], ["window"]]], "width": 6000, "height": 4000, "tags": []}