{"rects": [[[1718.5714285714284, 540.0, 4367.142857142857, 3672.8571428571427], ["window"]]], "width": 6000, "height": 4000, "tags": []}