{"rects": [[[1915.7142857142856, 480.0, 4452.857142857143, 3715.714285714286], ["window"]]], "width": 6000, "height": 4000, "tags": []}