{"rects": [[[2010.0, 184.28571428571428, 4024.285714285714, 3265.714285714286], ["window"]]], "width": 6000, "height": 4000, "tags": []}