{"rects": [[[964.2857142857142, 158.57142857142856, 5331.428571428572, 3621.428571428571], ["window"]]], "width": 6000, "height": 4000, "tags": []}