{"rects": [[[1804.2857142857142, 522.8571428571429, 5485.714285714285, 3372.8571428571427], ["window"]]], "width": 6000, "height": 4000, "tags": []}