{"rects": [[[1855.7142857142856, 694.2857142857142, 4812.857142857143, 3698.5714285714284], ["window"]]], "width": 6000, "height": 4000, "tags": []}