{"rects": [[[1045.7142857142858, 248.57142857142856, 4482.857142857143, 3578.5714285714284], ["window"]]], "width": 6000, "height": 4000, "tags": []}