{"rects": [[[1825.7142857142856, 737.1428571428571, 4937.142857142857, 3257.142857142857], ["window"]], [[325.7142857142857, 951.4285714285714, 1731.4285714285713, 3231.4285714285716], ["window"]]], "width": 6000, "height": 4000, "tags": []}