{"rects": [[[2202.8571428571427, 72.85714285714286, 4675.714285714285, 3600.0], ["window"]]], "width": 6000, "height": 4000, "tags": []}