{"rects": [[[1585.7142857142858, 861.4285714285714, 5550.0, 2858.5714285714284], ["window"]]], "width": 6000, "height": 4000, "tags": []}