{"rects": [[[792.8571428571429, 248.57142857142856, 3201.4285714285716, 3801.428571428571], ["window"]]], "width": 6000, "height": 4000, "tags": []}