{"rects": [[[1748.5714285714284, 51.42857142857143, 5155.714285714285, 3780.0], ["window"]]], "width": 6000, "height": 4000, "tags": []}