{"rects": [[[1002.8571428571428, 402.85714285714283, 3930.0, 3582.8571428571427], ["window"]]], "width": 6000, "height": 4000, "tags": []}