{"rects": [[[480.0, 394.2857142857143, 4487.142857142857, 3347.142857142857], ["window"]]], "width": 6000, "height": 4000, "tags": []}