{"rects": [[[981.4285714285714, 638.5714285714286, 3274.285714285714, 3060.0], ["window"]]], "width": 6000, "height": 4000, "tags": []}