{"rects": [[[917.1428571428571, 835.7142857142857, 5832.857142857143, 3642.8571428571427], ["window"]]], "width": 6000, "height": 4000, "tags": []}