{"rects": [[[1388.5714285714284, 184.28571428571428, 4071.428571428571, 3587.142857142857], ["window"]]], "width": 6000, "height": 4000, "tags": []}