{"rects": [[[501.4285714285714, 385.7142857142857, 3681.428571428571, 3325.714285714286], ["window"]]], "width": 6000, "height": 4000, "tags": []}