{"rects": [[[1585.7142857142858, 428.57142857142856, 3591.428571428571, 3497.142857142857], ["window"]]], "width": 6000, "height": 4000, "tags": []}