{"rects": [[[1422.857142857143, 60.0, 4542.857142857143, 3930.0], ["window"]]], "width": 6000, "height": 4000, "tags": []}