{"rects": [[[1315.7142857142858, 600.0, 4440.0, 3557.142857142857], ["window"]]], "width": 6000, "height": 4000, "tags": []}