{"rects": [[[1568.5714285714284, 467.1428571428571, 4165.714285714285, 3475.714285714286], ["window"]], [[4521.428571428572, 762.8571428571429, 5970.0, 3085.714285714286], ["window"]]], "width": 6000, "height": 4000, "tags": []}