{"rects": [[[1084.2857142857142, 642.8571428571429, 4281.428571428572, 3690.0], ["window"]]], "width": 6000, "height": 4000, "tags": []}