{"rects": [[[1924.2857142857142, 878.5714285714286, 5678.571428571428, 3394.285714285714], ["window"]]], "width": 6000, "height": 4000, "tags": []}