{"rects": [[[998.5714285714286, 175.71428571428572, 4594.285714285714, 3882.8571428571427], ["window"]]], "width": 6000, "height": 4000, "tags": []}