{"rects": [[[1341.4285714285713, 574.2857142857142, 4324.285714285714, 3081.4285714285716], ["window"]]], "width": 6000, "height": 4000, "tags": []}