{"rects": [[[1011.4285714285714, 180.0, 4838.571428571428, 3450.0], ["window"]]], "width": 6000, "height": 4000, "tags": []}