{"rects": [[[1512.857142857143, 1080.0, 3137.142857142857, 2974.285714285714], ["window"]]], "width": 6000, "height": 4000, "tags": []}