{"rects": [[[197.14285714285714, 732.8571428571429, 4658.571428571428, 3895.714285714286], ["window"]]], "width": 6000, "height": 4000, "tags": []}