{"rects": [[[1598.5714285714284, 17.142857142857142, 4611.428571428572, 3788.5714285714284], ["window"]]], "width": 6000, "height": 4000, "tags": []}