{"rects": [[[1144.2857142857142, 175.71428571428572, 3994.285714285714, 3737.142857142857], ["window"]]], "width": 6000, "height": 4000, "tags": []}