{"rects": [[[2215.714285714286, 295.7142857142857, 4911.428571428572, 3557.142857142857], ["window"]]], "width": 6000, "height": 4000, "tags": []}