{"rects": [[[775.7142857142857, 252.85714285714286, 4225.714285714285, 3600.0], ["window"]]], "width": 6000, "height": 4000, "tags": []}