{"rects": [[[544.2857142857142, 55.714285714285715, 4332.857142857143, 3835.714285714286], ["window"]]], "width": 6000, "height": 4000, "tags": []}