{"rects": [[[2181.4285714285716, 574.2857142857142, 4727.142857142857, 3904.285714285714], ["window"]]], "width": 6000, "height": 4000, "tags": []}