{"rects": [[[844.2857142857142, 30.0, 4607.142857142857, 3938.5714285714284], ["window"]]], "width": 6000, "height": 4000, "tags": []}