{"rects": [[[1838.5714285714284, 522.8571428571429, 4457.142857142857, 3810.0], ["window"]]], "width": 6000, "height": 4000, "tags": []}