{"rects": [[[1855.7142857142856, 218.57142857142856, 5190.0, 3570.0], ["window"]]], "width": 6000, "height": 4000, "tags": []}