{"rects": [[[2412.8571428571427, 771.4285714285714, 4311.428571428572, 2961.4285714285716], ["window"]]], "width": 6000, "height": 4000, "tags": []}