{"rects": [[[1825.7142857142856, 124.28571428571428, 5164.285714285714, 3304.285714285714], ["window"]]], "width": 6000, "height": 4000, "tags": []}