{"rects": [[[1697.142857142857, 120.0, 4885.714285714285, 3814.285714285714], ["window"]]], "width": 6000, "height": 4000, "tags": []}