{"rects": [[[1834.2857142857142, 372.85714285714283, 4705.714285714285, 3780.0], ["window"]]], "width": 6000, "height": 4000, "tags": []}