{"rects": [[[527.1428571428571, 304.2857142857143, 5875.714285714285, 3480.0], ["window"]]], "width": 6000, "height": 4000, "tags": []}