{"rects": [[[347.1428571428571, 458.57142857142856, 3544.285714285714, 3424.285714285714], ["window"]]], "width": 6000, "height": 4000, "tags": []}