{"rects": [[[1778.5714285714284, 574.2857142857142, 5670.0, 3205.714285714286], ["window"]]], "width": 6000, "height": 4000, "tags": []}