{"rects": [[[330.0, 467.1428571428571, 3484.285714285714, 3908.5714285714284], ["window"]]], "width": 6000, "height": 4000, "tags": []}