{"rects": [[[1238.5714285714284, 342.85714285714283, 4795.714285714285, 3878.5714285714284], ["window"]]], "width": 6000, "height": 4000, "tags": []}