{"rects": [[[1868.5714285714284, 377.1428571428571, 4431.428571428572, 3647.142857142857], ["window"]]], "width": 6000, "height": 4000, "tags": []}