{"rects": [[[1418.5714285714284, 1032.857142857143, 4251.428571428572, 3835.714285714286], ["window"]]], "width": 6000, "height": 4000, "tags": []}