{"rects": [[[827.1428571428571, 72.85714285714286, 4787.142857142857, 3921.428571428571], ["window"]]], "width": 6000, "height": 4000, "tags": []}