{"rects": [[[638.5714285714286, 227.14285714285714, 4547.142857142857, 3810.0], ["window"]]], "width": 6000, "height": 4000, "tags": []}