{"rects": [[[1727.142857142857, 94.28571428571428, 5262.857142857143, 3685.714285714286], ["window"]]], "width": 6000, "height": 4000, "tags": []}