{"rects": [[[518.5714285714286, 407.1428571428571, 3771.428571428571, 3578.5714285714284], ["window"]]], "width": 6000, "height": 4000, "tags": []}