{"rects": [[[1658.5714285714284, 137.14285714285714, 4795.714285714285, 3612.8571428571427], ["window"]]], "width": 6000, "height": 4000, "tags": []}