{"rects": [[[2052.8571428571427, 424.2857142857143, 4928.571428571428, 3081.4285714285716], ["window"]]], "width": 6000, "height": 4000, "tags": []}