{"rects": [[[1538.5714285714284, 402.85714285714283, 4371.428571428572, 3415.714285714286], ["window"]]], "width": 6000, "height": 4000, "tags": []}