{"rects": [[[265.7142857142857, 308.57142857142856, 5794.285714285714, 3214.285714285714], ["window"]]], "width": 6000, "height": 4000, "tags": []}