{"rects": [[[34.285714285714285, 681.4285714285714, 5867.142857142857, 3750.0], ["window"]]], "width": 6000, "height": 4000, "tags": []}