{"rects": [[[1675.7142857142856, 767.1428571428571, 4345.714285714285, 3128.5714285714284], ["window"]]], "width": 6000, "height": 4000, "tags": []}