{"rects": [[[818.5714285714286, 308.57142857142856, 4778.571428571428, 3261.4285714285716], ["window"]]], "width": 6000, "height": 4000, "tags": []}