{"rects": [[[141.42857142857142, 660.0, 4225.714285714285, 3694.285714285714], ["window"]]], "width": 6000, "height": 4000, "tags": []}