{"rects": [[[3094.285714285714, 1345.7142857142858, 3874.285714285714, 2884.285714285714], ["window"]]], "width": 6000, "height": 4000, "tags": []}