{"rects": [[[1122.857142857143, 600.0, 5027.142857142857, 3750.0], ["window"]]], "width": 6000, "height": 4000, "tags": []}