{"rects": [[[1701.4285714285713, 231.42857142857142, 5318.571428571428, 3612.8571428571427], ["window"]]], "width": 6000, "height": 4000, "tags": []}