{"rects": [[[990.0, 437.1428571428571, 3420.0, 3252.8571428571427], ["window"]]], "width": 6000, "height": 4000, "tags": []}