{"rects": [[[2974.285714285714, 565.7142857142857, 4830.0, 2815.714285714286], ["window"]]], "width": 6000, "height": 4000, "tags": []}