{"rects": [[[1971.4285714285713, 364.2857142857143, 4534.285714285714, 3831.428571428571], ["window"]]], "width": 6000, "height": 4000, "tags": []}