{"rects": [[[2010.0, 655.7142857142857, 3852.8571428571427, 3407.142857142857], ["window"]], [[4255.714285714285, 990.0, 5764.285714285714, 3857.142857142857], ["window"]], [[124.28571428571428, 930.0, 1744.2857142857142, 3732.8571428571427], ["window"]]], "width": 6000, "height": 4000, "tags": []}