{"rects": [[[1872.857142857143, 775.7142857142857, 4851.428571428572, 3321.428571428571], ["window"]]], "width": 6000, "height": 4000, "tags": []}