{"rects": [[[484.2857142857143, 167.14285714285714, 4662.857142857143, 3831.428571428571], ["window"]]], "width": 6000, "height": 4000, "tags": []}