{"rects": [[[1461.4285714285713, 214.28571428571428, 4384.285714285714, 3891.428571428571], ["window"]]], "width": 6000, "height": 4000, "tags": []}