{"rects": [[[2057.142857142857, 780.0, 4208.571428571428, 3398.5714285714284], ["window"]]], "width": 6000, "height": 4000, "tags": []}