{"rects": [[[818.5714285714286, 77.14285714285714, 5181.428571428572, 3767.142857142857], ["window"]]], "width": 6000, "height": 4000, "tags": []}