{"rects": [[[1277.142857142857, 42.857142857142854, 3960.0, 3578.5714285714284], ["window"]]], "width": 6000, "height": 4000, "tags": []}