{"rects": [[[1200.0, 162.85714285714286, 4890.0, 3977.142857142857], ["window"]]], "width": 6000, "height": 4000, "tags": []}