{"rects": [[[1435.7142857142858, 471.4285714285714, 4997.142857142857, 3582.8571428571427], ["window"]]], "width": 6000, "height": 4000, "tags": []}