{"rects": [[[2082.8571428571427, 210.0, 4517.142857142857, 3342.8571428571427], ["window"]]], "width": 6000, "height": 4000, "tags": []}