{"rects": [[[1242.857142857143, 1397.142857142857, 4590.0, 3291.4285714285716], ["window"]]], "width": 6000, "height": 4000, "tags": []}