{"rects": [[[578.5714285714286, 34.285714285714285, 3771.428571428571, 3514.285714285714], ["window"]]], "width": 6000, "height": 4000, "tags": []}