{"rects": [[[304.2857142857143, 424.2857142857143, 5065.714285714285, 3878.5714285714284], ["window"]]], "width": 6000, "height": 4000, "tags": []}