{"rects": [[[1637.142857142857, 458.57142857142856, 4435.714285714285, 3548.5714285714284], ["window"]]], "width": 6000, "height": 4000, "tags": []}