{"rects": [[[2687.142857142857, 690.0, 4761.428571428572, 3338.5714285714284], ["window"]]], "width": 6000, "height": 4000, "tags": []}