{"rects": [[[1684.2857142857142, 394.2857142857143, 4517.142857142857, 3514.285714285714], ["window"]]], "width": 6000, "height": 4000, "tags": []}