{"rects": [[[938.5714285714286, 642.8571428571429, 5035.714285714285, 3424.285714285714], ["window"]]], "width": 6000, "height": 4000, "tags": []}