{"rects": [[[544.2857142857142, 1538.5714285714284, 4534.285714285714, 3467.142857142857], ["window"]]], "width": 6000, "height": 4000, "tags": []}