{"rects": [[[861.4285714285714, 94.28571428571428, 4007.142857142857, 3754.285714285714], ["window"]]], "width": 6000, "height": 4000, "tags": []}