{"rects": [[[1757.142857142857, 287.1428571428571, 4812.857142857143, 3595.714285714286], ["window"]]], "width": 6000, "height": 4000, "tags": []}