{"rects": [[[1050.0, 514.2857142857142, 3985.714285714286, 3527.142857142857], ["window"]]], "width": 6000, "height": 4000, "tags": []}