{"rects": [[[1701.4285714285713, 801.4285714285714, 4825.714285714285, 3775.714285714286], ["window"]]], "width": 6000, "height": 4000, "tags": []}