{"rects": [[[964.2857142857142, 360.0, 4405.714285714285, 3715.714285714286], ["window"]]], "width": 6000, "height": 4000, "tags": []}