{"rects": [[[381.42857142857144, 47.14285714285714, 4710.0, 3685.714285714286], ["window"]]], "width": 6000, "height": 4000, "tags": []}