{"rects": [[[2352.8571428571427, 964.2857142857142, 4521.428571428572, 3595.714285714286], ["window"]]], "width": 6000, "height": 4000, "tags": []}