{"rects": [[[814.2857142857142, 51.42857142857143, 4028.5714285714284, 3424.285714285714], ["window"]]], "width": 6000, "height": 4000, "tags": []}