{"rects": [[[968.5714285714286, 21.428571428571427, 5014.285714285714, 3055.714285714286], ["window"]]], "width": 6000, "height": 4000, "tags": []}