{"rects": [[[2262.8571428571427, 420.0, 4568.571428571428, 3591.428571428571], ["window"]]], "width": 6000, "height": 4000, "tags": []}