{"rects": [[[625.7142857142857, 805.7142857142857, 3544.285714285714, 3951.428571428571], ["window"]]], "width": 6000, "height": 4000, "tags": []}