{"rects": [[[1302.857142857143, 458.57142857142856, 4765.714285714285, 3805.714285714286], ["window"]]], "width": 6000, "height": 4000, "tags": []}