{"rects": [[[1581.4285714285713, 342.85714285714283, 5232.857142857143, 3780.0], ["window"]]], "width": 6000, "height": 4000, "tags": []}