{"rects": [[[1002.8571428571428, 694.2857142857142, 4302.857142857143, 3775.714285714286], ["window"]]], "width": 6000, "height": 4000, "tags": []}