{"rects": [[[1110.0, 47.14285714285714, 3848.5714285714284, 3822.8571428571427], ["window"]]], "width": 6000, "height": 4000, "tags": []}