{"rects": [[[887.1428571428571, 137.14285714285714, 3951.428571428571, 3741.428571428571], ["window"]]], "width": 6000, "height": 4000, "tags": []}