{"rects": [[[1898.5714285714284, 210.0, 4868.571428571428, 3600.0], ["window"]]], "width": 6000, "height": 4000, "tags": []}