{"rects": [[[2070.0, 578.5714285714286, 4804.285714285714, 3557.142857142857], ["window"]]], "width": 6000, "height": 4000, "tags": []}