{"rects": [[[702.8571428571429, 711.4285714285714, 4568.571428571428, 3407.142857142857], ["window"]]], "width": 6000, "height": 4000, "tags": []}