{"rects": [[[1770.0, 304.2857142857143, 4388.571428571428, 3840.0], ["window"]]], "width": 6000, "height": 4000, "tags": []}