{"rects": [[[1350.0, 222.85714285714286, 5785.714285714285, 3698.5714285714284], ["window"]]], "width": 6000, "height": 4000, "tags": []}