{"rects": [[[1530.0, 385.7142857142857, 4920.0, 3955.714285714286], ["window"]]], "width": 6000, "height": 4000, "tags": []}