{"rects": [[[2502.8571428571427, 964.2857142857142, 4264.285714285714, 3347.142857142857], ["window"]]], "width": 6000, "height": 4000, "tags": []}