{"rects": [[[1242.857142857143, 132.85714285714286, 4397.142857142857, 3587.142857142857], ["window"]]], "width": 6000, "height": 4000, "tags": []}