{"rects": [[[2194.285714285714, 780.0, 5155.714285714285, 3467.142857142857], ["window"]]], "width": 6000, "height": 4000, "tags": []}