{"rects": [[[1015.7142857142857, 1182.857142857143, 3531.428571428571, 3497.142857142857], ["window"]]], "width": 6000, "height": 4000, "tags": []}