{"rects": [[[1272.857142857143, 235.7142857142857, 4650.0, 3797.142857142857], ["window"]]], "width": 6000, "height": 4000, "tags": []}