{"rects": [[[1020.0, 488.57142857142856, 5224.285714285714, 3707.142857142857], ["window"]]], "width": 6000, "height": 4000, "tags": []}