{"rects": [[[1405.7142857142858, 261.42857142857144, 4984.285714285714, 3672.8571428571427], ["window"]]], "width": 6000, "height": 4000, "tags": []}