{"rects": [[[1264.2857142857142, 707.1428571428571, 3985.714285714286, 3514.285714285714], ["window"]]], "width": 6000, "height": 4000, "tags": []}