{"rects": [[[1594.2857142857142, 591.4285714285714, 4740.0, 3848.5714285714284], ["window"]]], "width": 6000, "height": 4000, "tags": []}