{"rects": [[[1971.4285714285713, 857.1428571428571, 4474.285714285714, 2901.4285714285716], ["window"]]], "width": 6000, "height": 4000, "tags": []}