{"rects": [[[1855.7142857142856, 488.57142857142856, 4654.285714285714, 3578.5714285714284], ["window"]]], "width": 6000, "height": 4000, "tags": []}