{"rects": [[[1268.5714285714284, 552.8571428571429, 4375.714285714285, 3805.714285714286], ["window"]]], "width": 6000, "height": 4000, "tags": []}