{"rects": [[[1157.142857142857, 762.8571428571429, 3745.714285714286, 3317.142857142857], ["window"]]], "width": 6000, "height": 4000, "tags": []}