{"rects": [[[642.8571428571429, 231.42857142857142, 4225.714285714285, 3801.428571428571], ["window"]]], "width": 6000, "height": 4000, "tags": []}