{"rects": [[[2695.714285714286, 1401.4285714285713, 4011.428571428571, 3462.8571428571427], ["window"]]], "width": 6000, "height": 4000, "tags": []}