{"rects": [[[2018.5714285714284, 651.4285714285714, 4941.428571428572, 3651.428571428571], ["window"]]], "width": 6000, "height": 4000, "tags": []}