{"rects": [[[1401.4285714285713, 621.4285714285714, 4131.428571428572, 3964.285714285714], ["window"]]], "width": 6000, "height": 4000, "tags": []}