{"rects": [[[2100.0, 702.8571428571429, 4808.571428571428, 3497.142857142857], ["window"]]], "width": 6000, "height": 4000, "tags": []}