{"rects": [[[565.7142857142857, 364.2857142857143, 3664.285714285714, 3381.428571428571], ["window"]]], "width": 6000, "height": 4000, "tags": []}