{"rects": [[[1234.2857142857142, 711.4285714285714, 4320.0, 3535.714285714286], ["window"]]], "width": 6000, "height": 4000, "tags": []}