{"rects": [[[570.0, 621.4285714285714, 3402.8571428571427, 3471.428571428571], ["window"]]], "width": 6000, "height": 4000, "tags": []}