{"rects": [[[1568.5714285714284, 664.2857142857142, 3634.285714285714, 3677.142857142857], ["window"]]], "width": 6000, "height": 4000, "tags": []}