{"rects": [[[1427.142857142857, 85.71428571428571, 3827.142857142857, 3617.142857142857], ["window"]]], "width": 6000, "height": 4000, "tags": []}