{"rects": [[[1594.2857142857142, 188.57142857142856, 5052.857142857143, 3878.5714285714284], ["window"]]], "width": 6000, "height": 4000, "tags": []}