{"rects": [[[1817.142857142857, 154.28571428571428, 5172.857142857143, 3531.428571428571], ["window"]]], "width": 6000, "height": 4000, "tags": []}