{"rects": [[[2280.0, 1118.5714285714284, 4354.285714285714, 3184.285714285714], ["window"]]], "width": 6000, "height": 4000, "tags": []}