{"rects": [[[1401.4285714285713, 497.1428571428571, 4427.142857142857, 3882.8571428571427], ["window"]]], "width": 6000, "height": 4000, "tags": []}