{"rects": [[[981.4285714285714, 1080.0, 5520.0, 3385.714285714286], ["window"]]], "width": 6000, "height": 4000, "tags": []}