{"rects": [[[1470.0, 214.28571428571428, 4748.571428571428, 3591.428571428571], ["window"]]], "width": 6000, "height": 4000, "tags": []}