{"rects": [[[407.1428571428571, 184.28571428571428, 5738.571428571428, 3754.285714285714], ["window"]]], "width": 6000, "height": 4000, "tags": []}