{"rects": [[[192.85714285714286, 158.57142857142856, 4701.428571428572, 3235.714285714286], ["window"]]], "width": 6000, "height": 4000, "tags": []}