{"rects": [[[2018.5714285714284, 557.1428571428571, 4508.571428571428, 3681.428571428571], ["window"]]], "width": 6000, "height": 4000, "tags": []}