{"rects": [[[1542.857142857143, 788.5714285714286, 3814.285714285714, 3240.0], ["window"]]], "width": 6000, "height": 4000, "tags": []}