{"rects": [[[527.1428571428571, 137.14285714285714, 4491.428571428572, 3672.8571428571427], ["window"]]], "width": 6000, "height": 4000, "tags": []}