{"rects": [[[938.5714285714286, 578.5714285714286, 4435.714285714285, 3647.142857142857], ["window"]]], "width": 6000, "height": 4000, "tags": []}