{"rects": [[[2177.142857142857, 531.4285714285714, 4791.428571428572, 3647.142857142857], ["window"]]], "width": 6000, "height": 4000, "tags": []}