{"rects": [[[1461.4285714285713, 128.57142857142856, 4782.857142857143, 3840.0], ["window"]]], "width": 6000, "height": 4000, "tags": []}