{"rects": [[[724.2857142857142, 278.57142857142856, 3248.5714285714284, 3064.285714285714], ["window"]]], "width": 6000, "height": 4000, "tags": []}