{"rects": [[[1281.4285714285713, 81.42857142857143, 5357.142857142857, 3638.5714285714284], ["window"]]], "width": 6000, "height": 4000, "tags": []}