{"rects": [[[891.4285714285714, 510.0, 3535.714285714286, 3724.285714285714], ["window"]]], "width": 6000, "height": 4000, "tags": []}