{"rects": [[[938.5714285714286, 240.0, 5327.142857142857, 3480.0], ["window"]]], "width": 6000, "height": 4000, "tags": []}