{"rects": [[[428.57142857142856, 282.85714285714283, 4268.571428571428, 3814.285714285714], ["window"]]], "width": 6000, "height": 4000, "tags": []}