{"rects": [[[1590.0, 154.28571428571428, 4140.0, 3527.142857142857], ["window"]]], "width": 6000, "height": 4000, "tags": []}