{"rects": [[[1272.857142857143, 124.28571428571428, 4890.0, 3458.5714285714284], ["window"]]], "width": 6000, "height": 4000, "tags": []}