{"rects": [[[1187.142857142857, 1024.2857142857142, 4530.0, 3535.714285714286], ["window"]]], "width": 6000, "height": 4000, "tags": []}