{"rects": [[[2010.0, 291.42857142857144, 4752.857142857143, 3848.5714285714284], ["window"]]], "width": 6000, "height": 4000, "tags": []}