{"rects": [[[1307.142857142857, 312.85714285714283, 4144.285714285714, 3471.428571428571], ["window"]]], "width": 6000, "height": 4000, "tags": []}