{"rects": [[[724.2857142857142, 85.71428571428571, 3874.285714285714, 3677.142857142857], ["window"]]], "width": 6000, "height": 4000, "tags": []}