{"rects": [[[2190.0, 732.8571428571429, 4165.714285714285, 2888.5714285714284], ["window"]]], "width": 6000, "height": 4000, "tags": []}