{"rects": [[[1620.0, 240.0, 4551.428571428572, 3737.142857142857], ["window"]]], "width": 6000, "height": 4000, "tags": []}