{"rects": [[[921.4285714285714, 210.0, 4234.285714285714, 3394.285714285714], ["window"]]], "width": 6000, "height": 4000, "tags": []}