{"rects": [[[2232.8571428571427, 394.2857142857143, 4804.285714285714, 3771.428571428571], ["window"]]], "width": 6000, "height": 4000, "tags": []}