{"rects": [[[1071.4285714285713, 775.7142857142857, 4414.285714285714, 3231.4285714285716], ["window"]]], "width": 6000, "height": 4000, "tags": []}