{"rects": [[[1761.4285714285713, 162.85714285714286, 5151.428571428572, 3938.5714285714284], ["window"]]], "width": 6000, "height": 4000, "tags": []}