{"rects": [[[780.0, 287.1428571428571, 4847.142857142857, 3582.8571428571427], ["window"]]], "width": 6000, "height": 4000, "tags": []}