{"rects": [[[835.7142857142857, 557.1428571428571, 5035.714285714285, 3552.8571428571427], ["window"]]], "width": 6000, "height": 4000, "tags": []}