{"rects": [[[1075.7142857142858, 120.0, 4564.285714285714, 3775.714285714286], ["window"]]], "width": 6000, "height": 4000, "tags": []}