{"rects": [[[1902.857142857143, 895.7142857142857, 4478.571428571428, 3394.285714285714], ["window"]]], "width": 6000, "height": 4000, "tags": []}