{"rects": [[[1808.5714285714284, 115.71428571428571, 4821.428571428572, 3960.0], ["window"]]], "width": 6000, "height": 4000, "tags": []}