{"rects": [[[180.0, 497.1428571428571, 3681.428571428571, 3304.285714285714], ["window"]]], "width": 6000, "height": 4000, "tags": []}