{"rects": [[[2520.0, 981.4285714285714, 4770.0, 2944.285714285714], ["window"]]], "width": 6000, "height": 4000, "tags": []}