{"rects": [[[1444.2857142857142, 1084.2857142857142, 4097.142857142857, 3317.142857142857], ["window"]], [[4538.571428571428, 938.5714285714286, 5695.714285714285, 2070.0], ["window"]]], "width": 6000, "height": 4000, "tags": []}