{"rects": [[[1872.857142857143, 1114.2857142857142, 3904.285714285714, 2781.4285714285716], ["window"]]], "width": 6000, "height": 4000, "tags": []}