{"rects": [[[2005.7142857142856, 891.4285714285714, 4002.8571428571427, 2798.5714285714284], ["window"]]], "width": 6000, "height": 4000, "tags": []}