{"rects": [[[1650.0, 450.0, 4478.571428571428, 3655.714285714286], ["window"]]], "width": 6000, "height": 4000, "tags": []}