{"rects": [[[942.8571428571428, 240.0, 4341.428571428572, 3548.5714285714284], ["window"]]], "width": 6000, "height": 4000, "tags": []}