{"rects": [[[488.57142857142856, 342.85714285714283, 4380.0, 3754.285714285714], ["window"]]], "width": 6000, "height": 4000, "tags": []}