{"rects": [[[1517.142857142857, 608.5714285714286, 4067.142857142857, 3737.142857142857], ["window"]]], "width": 6000, "height": 4000, "tags": []}