{"rects": [[[2112.8571428571427, 252.85714285714286, 4877.142857142857, 3505.714285714286], ["window"]]], "width": 6000, "height": 4000, "tags": []}