{"rects": [[[1191.4285714285713, 385.7142857142857, 4525.714285714285, 3750.0], ["window"]]], "width": 6000, "height": 4000, "tags": []}