{"rects": [[[1945.7142857142856, 497.1428571428571, 4470.0, 3822.8571428571427], ["window"]]], "width": 6000, "height": 4000, "tags": []}