{"rects": [[[492.85714285714283, 634.2857142857142, 5138.571428571428, 3257.142857142857], ["window"]]], "width": 6000, "height": 4000, "tags": []}