{"rects": [[[818.5714285714286, 702.8571428571429, 3291.4285714285716, 3891.428571428571], ["window"]]], "width": 6000, "height": 4000, "tags": []}