{"rects": [[[887.1428571428571, 677.1428571428571, 4572.857142857143, 3947.142857142857], ["window"]]], "width": 6000, "height": 4000, "tags": []}