{"rects": [[[874.2857142857142, 1457.142857142857, 4015.714285714286, 3702.8571428571427], ["window"]]], "width": 6000, "height": 4000, "tags": []}