{"rects": [[[741.4285714285714, 424.2857142857143, 5447.142857142857, 3792.8571428571427], ["window"]]], "width": 6000, "height": 4000, "tags": []}