{"rects": [[[1620.0, 321.42857142857144, 4375.714285714285, 3480.0], ["window"]]], "width": 6000, "height": 4000, "tags": []}