{"rects": [[[2147.142857142857, 398.57142857142856, 4795.714285714285, 3642.8571428571427], ["window"]]], "width": 6000, "height": 4000, "tags": []}