{"rects": [[[2507.142857142857, 1251.4285714285713, 4110.0, 3107.142857142857], ["window"]]], "width": 6000, "height": 4000, "tags": []}