{"rects": [[[891.4285714285714, 390.0, 3985.714285714286, 3750.0], ["window"]]], "width": 6000, "height": 4000, "tags": []}