{"rects": [[[651.4285714285714, 227.14285714285714, 5910.0, 3608.5714285714284], ["window"]]], "width": 6000, "height": 4000, "tags": []}