{"rects": [[[2352.8571428571427, 347.1428571428571, 4992.857142857143, 3458.5714285714284], ["window"]]], "width": 6000, "height": 4000, "tags": []}