{"rects": [[[1020.0, 274.2857142857143, 4088.5714285714284, 3775.714285714286], ["window"]]], "width": 6000, "height": 4000, "tags": []}