{"rects": [[[994.2857142857142, 180.0, 4285.714285714285, 3775.714285714286], ["window"]]], "width": 6000, "height": 4000, "tags": []}