{"rects": [[[1958.5714285714284, 188.57142857142856, 5245.714285714285, 3698.5714285714284], ["window"]]], "width": 6000, "height": 4000, "tags": []}