{"rects": [[[1547.142857142857, 150.0, 4915.714285714285, 3921.428571428571], ["window"]]], "width": 6000, "height": 4000, "tags": []}