{"rects": [[[372.85714285714283, 1062.857142857143, 4482.857142857143, 3385.714285714286], ["window"]]], "width": 6000, "height": 4000, "tags": []}