{"rects": [[[1555.7142857142858, 180.0, 5725.714285714285, 3171.4285714285716], ["window"]]], "width": 6000, "height": 4000, "tags": []}