{"rects": [[[1380.0, 55.714285714285715, 5010.0, 3638.5714285714284], ["window"]]], "width": 6000, "height": 4000, "tags": []}