{"rects": [[[1328.5714285714284, 724.2857142857142, 3762.8571428571427, 3617.142857142857], ["window"]], [[4718.571428571428, 1187.142857142857, 5764.285714285714, 3441.428571428571], ["window"]]], "width": 6000, "height": 4000, "tags": []}