{"rects": [[[1487.142857142857, 261.42857142857144, 4315.714285714285, 3587.142857142857], ["window"]]], "width": 6000, "height": 4000, "tags": []}