{"rects": [[[441.4285714285714, 30.0, 4187.142857142857, 3771.428571428571], ["window"]]], "width": 6000, "height": 4000, "tags": []}