{"rects": [[[1735.7142857142856, 582.8571428571429, 4701.428571428572, 3801.428571428571], ["window"]]], "width": 6000, "height": 4000, "tags": []}