{"rects": [[[1131.4285714285713, 625.7142857142857, 4911.428571428572, 3604.285714285714], ["window"]]], "width": 6000, "height": 4000, "tags": []}