{"rects": [[[1131.4285714285713, 887.1428571428571, 4457.142857142857, 3582.8571428571427], ["window"]]], "width": 6000, "height": 4000, "tags": []}