{"rects": [[[604.2857142857142, 818.5714285714286, 3917.142857142857, 3617.142857142857], ["window"]]], "width": 6000, "height": 4000, "tags": []}