{"rects": [[[3008.5714285714284, 887.1428571428571, 4401.428571428572, 3282.8571428571427], ["window"]]], "width": 6000, "height": 4000, "tags": []}