{"rects": [[[1264.2857142857142, 501.4285714285714, 4131.428571428572, 3390.0], ["window"]]], "width": 6000, "height": 4000, "tags": []}