{"rects": [[[2142.8571428571427, 668.5714285714286, 5601.428571428572, 2802.8571428571427], ["window"]]], "width": 6000, "height": 4000, "tags": []}