{"rects": [[[1504.2857142857142, 252.85714285714286, 4860.0, 3317.142857142857], ["window"]]], "width": 6000, "height": 4000, "tags": []}