{"rects": [[[831.4285714285714, 527.1428571428571, 4765.714285714285, 3510.0], ["window"]]], "width": 6000, "height": 4000, "tags": []}