{"rects": [[[848.5714285714286, 904.2857142857142, 4152.857142857143, 3844.285714285714], ["window"]]], "width": 6000, "height": 4000, "tags": []}