{"rects": [[[312.85714285714283, 171.42857142857142, 4542.857142857143, 3754.285714285714], ["window"]]], "width": 6000, "height": 4000, "tags": []}