{"rects": [[[1735.7142857142856, 441.4285714285714, 4487.142857142857, 3660.0], ["window"]]], "width": 6000, "height": 4000, "tags": []}