{"rects": [[[2022.857142857143, 912.8571428571428, 4538.571428571428, 3081.4285714285716], ["window"]]], "width": 6000, "height": 4000, "tags": []}