{"rects": [[[1482.857142857143, 510.0, 5730.0, 3698.5714285714284], ["window"]]], "width": 6000, "height": 4000, "tags": []}