{"rects": [[[1898.5714285714284, 394.2857142857143, 4487.142857142857, 3094.285714285714], ["window"]]], "width": 6000, "height": 4000, "tags": []}