{"rects": [[[1692.857142857143, 767.1428571428571, 4950.0, 3900.0], ["window"]]], "width": 6000, "height": 4000, "tags": []}