{"rects": [[[1367.142857142857, 475.7142857142857, 4435.714285714285, 3634.285714285714], ["window"]]], "width": 6000, "height": 4000, "tags": []}