{"rects": [[[1157.142857142857, 51.42857142857143, 5455.714285714285, 3681.428571428571], ["window"]]], "width": 6000, "height": 4000, "tags": []}