{"rects": [[[870.0, 111.42857142857143, 4650.0, 3672.8571428571427], ["window"]]], "width": 6000, "height": 4000, "tags": []}