{"rects": [[[891.4285714285714, 317.1428571428571, 4547.142857142857, 3737.142857142857], ["window"]]], "width": 6000, "height": 4000, "tags": []}