{"rects": [[[1517.142857142857, 355.7142857142857, 4872.857142857143, 3441.428571428571], ["window"]]], "width": 6000, "height": 4000, "tags": []}