{"rects": [[[2100.0, 188.57142857142856, 4872.857142857143, 3587.142857142857], ["window"]]], "width": 6000, "height": 4000, "tags": []}