{"rects": [[[1341.4285714285713, 282.85714285714283, 4328.571428571428, 3784.285714285714], ["window"]]], "width": 6000, "height": 4000, "tags": []}