{"rects": [[[488.57142857142856, 1268.5714285714284, 3570.0, 3651.428571428571], ["window"]]], "width": 6000, "height": 4000, "tags": []}