{"rects": [[[265.7142857142857, 222.85714285714286, 4302.857142857143, 3900.0], ["window"]]], "width": 6000, "height": 4000, "tags": []}