{"rects": [[[291.42857142857144, 522.8571428571429, 2430.0, 3711.428571428571], ["window"]], [[2918.5714285714284, 505.7142857142857, 4877.142857142857, 3882.8571428571427], ["window"]]], "width": 6000, "height": 4000, "tags": []}