{"rects": [[[2318.5714285714284, 698.5714285714286, 4397.142857142857, 3347.142857142857], ["window"]]], "width": 6000, "height": 4000, "tags": []}