{"rects": [[[1358.5714285714284, 338.57142857142856, 5164.285714285714, 3801.428571428571], ["window"]]], "width": 6000, "height": 4000, "tags": []}