{"rects": [[[257.1428571428571, 394.2857142857143, 5190.0, 3557.142857142857], ["window"]]], "width": 6000, "height": 4000, "tags": []}