{"rects": [[[1710.0, 282.85714285714283, 4701.428571428572, 3214.285714285714], ["window"]]], "width": 6000, "height": 4000, "tags": []}