{"rects": [[[1602.857142857143, 287.1428571428571, 5001.428571428572, 3720.0], ["window"]], [[17.142857142857142, 934.2857142857142, 1195.7142857142858, 3998.5714285714284], ["door"]]], "width": 6000, "height": 4000, "tags": []}