{"rects": [[[1208.5714285714284, 612.8571428571429, 5910.0, 3904.285714285714], ["window", "shop"]]], "width": 6000, "height": 4000, "tags": []}