{"rects": [[[1902.857142857143, 282.85714285714283, 4341.428571428572, 3231.4285714285716], ["window"]], [[12.857142857142858, 1285.7142857142858, 1547.142857142857, 3994.285714285714], ["window"]]], "width": 6000, "height": 4000, "tags": []}