{"rects": [[[775.7142857142857, 107.14285714285714, 4872.857142857143, 3565.714285714286], ["window"]]], "width": 6000, "height": 4000, "tags": []}