{"rects": [[[775.7142857142857, 368.57142857142856, 3801.428571428571, 3497.142857142857], ["window"]]], "width": 6000, "height": 4000, "tags": []}