{"rects": [[[2155.714285714286, 570.0, 5168.571428571428, 3677.142857142857], ["window"]]], "width": 6000, "height": 4000, "tags": []}