{"rects": [[[1320.0, 364.2857142857143, 4894.285714285714, 3840.0], ["window"]]], "width": 6000, "height": 4000, "tags": []}