{"rects": [[[1504.2857142857142, 1281.4285714285713, 3505.714285714286, 3210.0], ["window"]]], "width": 6000, "height": 4000, "tags": []}