{"rects": [[[814.2857142857142, 690.0, 5378.571428571428, 3685.714285714286], ["window"]]], "width": 6000, "height": 4000, "tags": []}