{"rects": [[[1208.5714285714284, 210.0, 4902.857142857143, 3857.142857142857], ["window"]]], "width": 6000, "height": 4000, "tags": []}