{"rects": [[[1440.0, 72.85714285714286, 4388.571428571428, 3578.5714285714284], ["window"]]], "width": 6000, "height": 4000, "tags": []}