{"rects": [[[1692.857142857143, 758.5714285714286, 4101.428571428572, 2438.5714285714284], ["window"]]], "width": 6000, "height": 4000, "tags": []}