{"rects": [[[2087.142857142857, 1037.142857142857, 3994.285714285714, 3115.714285714286], ["window"]]], "width": 6000, "height": 4000, "tags": []}