{"rects": [[[2117.142857142857, 248.57142857142856, 4860.0, 3587.142857142857], ["window"]]], "width": 6000, "height": 4000, "tags": []}