{"rects": [[[887.1428571428571, 111.42857142857143, 5644.285714285714, 3347.142857142857], ["window"]]], "width": 6000, "height": 4000, "tags": []}