{"rects": [[[2447.142857142857, 505.7142857142857, 4448.571428571428, 3278.5714285714284], ["window"]]], "width": 6000, "height": 4000, "tags": []}