{"rects": [[[1491.4285714285713, 338.57142857142856, 4744.285714285714, 3634.285714285714], ["window"]]], "width": 6000, "height": 4000, "tags": []}