{"rects": [[[861.4285714285714, 364.2857142857143, 5061.428571428572, 3445.714285714286], ["window"]]], "width": 6000, "height": 4000, "tags": []}