{"rects": [[[2241.4285714285716, 1075.7142857142858, 4680.0, 3475.714285714286], ["window"]]], "width": 6000, "height": 4000, "tags": []}