{"rects": [[[1178.5714285714284, 402.85714285714283, 5738.571428571428, 3672.8571428571427], ["window"]]], "width": 6000, "height": 4000, "tags": []}