{"rects": [[[2625.408, 1692.48, 4012.416, 4227.072], ["window"]], [[2864.832, 0, 3929.856, 2014.464], ["window"]], [[1956.672, 627.456, 2782.272, 2501.568], ["window"]], [[1131.0720000000001, 1188.864, 2072.256, 3054.7200000000003], ["window"]], [[883.392, 2947.3920000000003, 1898.88, 5060.928], ["window"]], [[1750.272, 2394.2400000000002, 2732.736, 4631.616], ["window"]], [[4433.472, 1304.448, 5853.504, 4169.28], ["window"]], [[5787.456, 1865.856, 7199.232, 4474.752], ["window"]], [[5779.2, 49.536, 6976.320000000001, 2295.168], ["window"]], [[6992.832, 891.648, 8206.464, 2856.576], ["window"]]], "width": 8256, "height": 5504, "tags": []}