{"rects": [[[974.2080000000001, 1494.336, 4103.232, 6613.0560000000005], ["window"]]], "width": 5504, "height": 8256, "tags": []}