{"rects": [[[2939.136, 1725.5040000000001, 5457.216, 3459.264], ["window"]], [[6076.416, 1585.152, 8247.744, 3393.216], ["window"]], [[0, 1791.5520000000001, 2204.352, 3318.9120000000003], ["window"]]], "width": 8256, "height": 5504, "tags": []}