{"rects": [[[1296.192, 1857.6000000000001, 6951.552000000001, 4185.792], ["window"]], [[1626.432, 123.84, 6613.0560000000005, 1552.1280000000002], ["window"]]], "width": 8256, "height": 5504, "tags": []}