{"rects": [[[1733.76, 3178.56, 3591.36, 5523.264], ["window"]], [[3847.2960000000003, 3112.512, 5504, 5572.8], ["window"]], [[2138.304, 1073.28, 3252.864, 2683.2000000000003], ["window"]], [[3591.36, 1221.888, 5069.184, 2699.712], ["window"]]], "width": 5504, "height": 8256, "tags": []}