{"rects": [[[4276.608, 891.648, 5985.6, 4466.496], ["window"]], [[5919.552000000001, 1279.68, 7372.608, 4705.92], ["window"]], [[2691.456, 965.952, 4028.928, 4639.872], ["window"]], [[1692.48, 1543.872, 2724.48, 4838.0160000000005], ["window"]], [[908.1600000000001, 123.84, 1865.856, 2394.2400000000002], ["window"]], [[726.528, 2468.544, 1742.016, 5036.16], ["window"]]], "width": 8256, "height": 5504, "tags": []}