{"rects": [[[2963.904, 1477.824, 5151.744000000001, 5193.024], ["window"]], [[5473.728, 1387.008, 7356.0960000000005, 4912.32], ["window"]], [[0, 1750.272, 1865.856, 4986.624], ["window"]]], "width": 8256, "height": 5504, "tags": []}