{"rects": [[[1816.3200000000002, 916.416, 6431.424, 4573.8240000000005], ["window"]], [[759.552, 288.96000000000004, 2253.888, 2468.544], ["window"]], [[1948.4160000000002, 8.256, 3541.824, 2097.024], ["window"]], [[6051.648, 445.824, 8247.744, 3302.4], ["window"]], [[487.10400000000004, 2394.2400000000002, 2047.488, 5019.648], ["window"]], [[0, 594.432, 1023.744, 2724.48], ["window"]]], "width": 8256, "height": 5504, "tags": []}