{"rects": [[[3145.536, 1601.664, 5151.744000000001, 4449.984], ["window"]], [[49.536, 1791.5520000000001, 2295.168, 4408.704], ["window"]], [[5894.784000000001, 1345.728, 8247.744, 4268.352], ["window"]]], "width": 8256, "height": 5504, "tags": []}