{"rects": [[[2154.8160000000003, 974.2080000000001, 6101.184, 5250.816], ["window"]]], "width": 8256, "height": 5504, "tags": []}