{"rects": [[[2930.88, 1263.1680000000001, 4961.856, 5358.144], ["window"]], [[421.05600000000004, 1477.824, 2237.376, 5093.952], ["window"]]], "width": 8256, "height": 5504, "tags": []}