{"rects": [[[2815.2960000000003, 1585.152, 4904.064, 3896.8320000000003], ["window"]], [[5193.024, 1742.016, 7364.352, 3938.112], ["window"]], [[321.98400000000004, 1461.3120000000001, 2542.848, 3624.384], ["window"]]], "width": 8256, "height": 5504, "tags": []}