{"rects": [[[842.1120000000001, 2229.12, 4986.624, 7166.2080000000005], ["window"]]], "width": 5504, "height": 8256, "tags": []}