{"rects": [[[454.08000000000004, 1907.136, 2947.3920000000003, 4763.712], ["window"]], [[2906.112, 1585.152, 5391.168000000001, 4697.664], ["window"]], [[5457.216, 1362.24, 8016.576, 4317.888], ["window"]], [[5184.768, 41.28, 7281.792, 1403.52], ["window"]], [[3137.28, 173.376, 5267.328, 1353.984], ["window"]], [[1023.744, 239.424, 3285.888, 1775.04], ["window"]]], "width": 8256, "height": 5504, "tags": []}