{"rects": [[[858.624, 1742.016, 4623.360000000001, 7479.936000000001], ["window"]]], "width": 5504, "height": 8256, "tags": []}