{"rects": [[[2435.52, 1436.544, 5077.4400000000005, 5341.6320000000005], ["window"]], [[214.656, 544.896, 3417.984, 4598.592000000001], ["window"]], [[4516.032, 412.8, 8231.232, 5308.608], ["window"]]], "width": 8256, "height": 5504, "tags": []}