{"rects": [[[2897.856, 1015.488, 5424.192, 4598.592000000001], ["window"]], [[5721.408, 602.688, 8247.744, 4474.752], ["window"]], [[0, 1197.1200000000001, 2641.92, 4771.968], ["window"]]], "width": 8256, "height": 5504, "tags": []}