{"rects": [[[2947.3920000000003, 1246.656, 5391.168000000001, 4664.64], ["window"]], [[313.728, 1131.0720000000001, 3071.232, 4161.024], ["window"]], [[5267.328, 82.56, 7091.904, 2286.9120000000003], ["window"]], [[5259.072, 1708.992, 7570.752, 4970.112], ["window"]]], "width": 8256, "height": 5504, "tags": []}