{"rects": [[[1420.0320000000002, 1923.6480000000001, 7025.856, 3574.848], ["window"]], [[1155.8400000000001, 3310.656, 7240.512000000001, 5504], ["window"]]], "width": 8256, "height": 5504, "tags": []}