{"rects": [[[932.928, 1940.16, 7413.888, 3839.04], ["window"]], [[5110.464, 454.08000000000004, 6951.552000000001, 1791.5520000000001], ["window"]], [[2311.6800000000003, 462.336, 4202.304, 1708.992], ["window"]]], "width": 8256, "height": 5504, "tags": []}