{"rects": [[[3038.208, 1568.64, 5160.0, 4590.336], ["window"]], [[5671.872, 1329.2160000000001, 7917.504, 4516.032], ["window"]], [[280.704, 1717.248, 2394.2400000000002, 4458.24], ["window"]]], "width": 8256, "height": 5504, "tags": []}