{"rects": [[[1081.536, 338.496, 5548.032, 4912.32], ["window"]], [[5523.264, 1783.296, 7257.024, 5504], ["window"]], [[6687.360000000001, 16.512, 8222.976, 2922.6240000000003], ["window"]]], "width": 8256, "height": 5504, "tags": []}