{"rects": [[[1238.4, 776.0640000000001, 6712.128000000001, 5126.976000000001], ["window"]]], "width": 8256, "height": 5504, "tags": []}