{"rects": [[[33.024, 2022.72, 2542.848, 3723.456], ["window"]], [[3038.208, 2047.488, 5490.24, 3855.552], ["window"]], [[5539.776, 1890.624, 7909.2480000000005, 3715.2000000000003], ["window"]]], "width": 8256, "height": 5504, "tags": []}