{"rects": [[[1535.616, 2311.6800000000003, 5300.352, 7504.704000000001], ["window"]]], "width": 5504, "height": 8256, "tags": []}