{"rects": [[[2039.232, 767.808, 6456.192, 5019.648], ["window"]], [[0, 1642.944, 1197.1200000000001, 3872.0640000000003], ["window"]]], "width": 8256, "height": 5504, "tags": []}