{"rects": [[[1931.904, 1023.744, 6208.512000000001, 4862.784000000001], ["window"]]], "width": 8256, "height": 5504, "tags": []}