{"rects": [[[792.576, 1015.488, 5391.168000000001, 3962.88], ["window"]], [[5845.2480000000005, 2097.024, 7645.0560000000005, 4350.912], ["window"]], [[5531.52, 16.512, 7422.144, 1692.48], ["window"]]], "width": 8256, "height": 5504, "tags": []}