{"rects": [[[3583.1040000000003, 1882.368, 5267.328, 3748.224], ["window"]], [[5614.08, 115.584, 8148.6720000000005, 2352.96], ["window"]], [[148.608, 965.952, 2452.032, 4540.8], ["window"]], [[5754.432, 2707.968, 7298.304, 5325.12], ["window"]]], "width": 8256, "height": 5504, "tags": []}