{"rects": [[[1213.632, 1155.8400000000001, 4648.128, 6208.512000000001], ["window"]]], "width": 5504, "height": 8256, "tags": []}