{"rects": [[[809.088, 842.1120000000001, 3244.608, 4309.6320000000005], ["window"]], [[3129.024, 1477.824, 5341.6320000000005, 4672.896], ["window"]], [[5226.048, 1791.5520000000001, 7050.624, 4846.272], ["window"]]], "width": 8256, "height": 5504, "tags": []}