{"rects": [[[3137.28, 1345.728, 5077.4400000000005, 5126.976000000001], ["window"]], [[5176.512, 1948.4160000000002, 6992.832, 5308.608], ["window"]]], "width": 8256, "height": 5504, "tags": []}