{"rects": [[[1403.52, 1857.6000000000001, 3872.0640000000003, 7554.24], ["window"]]], "width": 5504, "height": 8256, "tags": []}