{"rects": [[[2740.992, 1056.768, 5226.048, 4615.104], ["window"]], [[189.888, 0, 3393.216, 2559.36], ["window"]], [[676.992, 1626.432, 3434.496, 4994.88], ["window"]], [[5209.536, 602.688, 8008.320000000001, 3739.9680000000003], ["window"]]], "width": 8256, "height": 5504, "tags": []}