{"rects": [[[1139.328, 1931.904, 2757.504, 3632.6400000000003], ["window"]], [[2617.152, 1824.576, 5333.376, 3748.224], ["window"]], [[5217.792, 1824.576, 7058.88, 3723.456], ["window"]], [[2823.552, 3558.3360000000002, 5143.488, 5275.584], ["window"]], [[5424.192, 3393.216, 7100.16, 5407.68], ["window"]], [[544.896, 3351.936, 2873.088, 5275.584], ["window"]]], "width": 8256, "height": 5504, "tags": []}