{"rects": [[[2864.832, 998.976, 5292.0960000000005, 4598.592000000001], ["window"]], [[0, 1898.88, 2501.568, 5391.168000000001], ["window"]]], "width": 8256, "height": 5504, "tags": []}