{"rects": [[[2683.2000000000003, 1816.3200000000002, 5903.04, 4309.6320000000005], ["window"]], [[710.0160000000001, 1725.5040000000001, 2666.688, 4507.776], ["window"]], [[5870.0160000000005, 1634.688, 8066.112, 4400.448], ["window"]]], "width": 8256, "height": 5504, "tags": []}