{"rects": [[[2724.48, 858.624, 5391.168000000001, 4458.24], ["window"]], [[338.496, 1609.92, 2732.736, 4714.176], ["window"]], [[5531.52, 619.2, 7430.400000000001, 3748.224], ["window"]]], "width": 8256, "height": 5504, "tags": []}