{"rects": [[[2047.488, 1172.352, 6398.400000000001, 3995.904], ["window"]], [[388.03200000000004, 231.168, 2088.768, 2295.168], ["window"]]], "width": 8256, "height": 5504, "tags": []}