{"rects": [[[660.48, 1271.424, 2674.944, 3764.736], ["window"]], [[3211.5840000000003, 1700.736, 5143.488, 4185.792], ["window"]], [[5424.192, 2171.328, 7199.232, 4573.8240000000005], ["window"]], [[5424.192, 132.096, 6893.76, 2105.28], ["window"]]], "width": 8256, "height": 5504, "tags": []}