{"rects": [[[1081.536, 1552.1280000000002, 4532.544, 7380.8640000000005], ["window"]]], "width": 5504, "height": 8256, "tags": []}