{"rects": [[[776.0640000000001, 1997.952, 4978.368, 3822.5280000000002], ["window"]], [[4078.464, 487.10400000000004, 5762.688, 1725.5040000000001], ["window"]], [[6059.904, 421.05600000000004, 8090.88, 1915.392], ["window"]], [[1890.624, 388.03200000000004, 3649.152, 1618.176], ["window"]]], "width": 8256, "height": 5504, "tags": []}