{"rects": [[[701.76, 1956.672, 5126.976000000001, 6423.168000000001], ["window"]]], "width": 5504, "height": 8256, "tags": []}