{"rects": [[[1312.704, 842.1120000000001, 7124.928, 5151.744000000001], ["window"]]], "width": 8256, "height": 5504, "tags": []}