{"rects": [[[800.832, 1725.5040000000001, 4483.008, 6844.224], ["window"]], [[1618.176, 115.584, 3954.6240000000003, 2584.128], ["window"]]], "width": 5504, "height": 8256, "tags": []}