{"rects": [[[2352.96, 1593.4080000000001, 5853.504, 4235.328], ["window"]], [[33.024, 1642.944, 2311.6800000000003, 4086.7200000000003], ["window"]], [[41.28, 16.512, 2790.5280000000002, 1882.368], ["window"]], [[2650.176, 214.656, 5597.568, 1923.6480000000001], ["window"]], [[5812.224, 305.472, 8008.320000000001, 1874.112], ["window"]], [[5696.64, 1601.664, 7975.296, 4094.976], ["window"]]], "width": 8256, "height": 5504, "tags": []}