{"rects": [[[1469.568, 338.496, 7405.6320000000005, 5052.6720000000005], ["window"]]], "width": 8256, "height": 5504, "tags": []}