{"rects": [[[767.808, 908.1600000000001, 7504.704000000001, 5333.376], ["window"]]], "width": 8256, "height": 5504, "tags": []}