{"rects": [[[619.2, 1667.712, 2749.248, 4623.360000000001], ["window"]], [[2996.928, 1692.48, 5201.28, 4623.360000000001], ["window"]], [[5358.144, 1552.1280000000002, 7711.104, 4400.448], ["window"]]], "width": 8256, "height": 5504, "tags": []}