{"rects": [[[1477.824, 685.248, 5292.0960000000005, 5432.448], ["window"]], [[5366.400000000001, 652.224, 6580.032, 3129.024], ["window"]], [[6563.52, 1535.616, 8024.832, 3979.3920000000003], ["window"]]], "width": 8256, "height": 5504, "tags": []}