{"rects": [[[165.12, 1585.152, 2658.4320000000002, 4218.816], ["window"]], [[2980.416, 1700.736, 5506.752, 3921.6], ["window"]], [[5985.6, 1056.768, 7645.0560000000005, 3748.224], ["window"]]], "width": 8256, "height": 5504, "tags": []}