{"rects": [[[2897.856, 1411.776, 5168.256, 4441.728], ["window"]], [[652.224, 2352.96, 2633.664, 4978.368], ["window"]], [[5820.4800000000005, 652.224, 8247.744, 3715.2000000000003], ["window"]], [[908.1600000000001, 16.512, 2740.992, 2072.256], ["window"]]], "width": 8256, "height": 5504, "tags": []}