{"rects": [[[1139.328, 2402.496, 4400.448, 6183.744000000001], ["window"]], [[1502.592, 57.792, 4061.952, 2286.9120000000003], ["window"]]], "width": 5504, "height": 8256, "tags": []}