{"rects": [[[586.176, 1989.6960000000001, 7876.224, 4813.2480000000005], ["window"]]], "width": 8256, "height": 5504, "tags": []}