{"rects": [[[1213.632, 2534.592, 4367.424, 5737.92], ["window"]], [[1659.4560000000001, 321.98400000000004, 3731.712, 2963.904], ["window"]]], "width": 5504, "height": 8256, "tags": []}