{"rects": [[[346.752, 957.696, 5597.568, 4788.4800000000005], ["window"]], [[5655.360000000001, 990.72, 8247.744, 4714.176], ["window"]]], "width": 8256, "height": 5504, "tags": []}