{"rects": [[[57.792, 454.08000000000004, 5399.424, 7744.128000000001], ["window"]]], "width": 5504, "height": 8256, "tags": []}