{"rects": [[[487.10400000000004, 462.336, 7545.984, 5151.744000000001], ["window"]]], "width": 8256, "height": 5504, "tags": []}