{"rects": [[[421.05600000000004, 1172.352, 2476.8, 4623.360000000001], ["window"]], [[3062.976, 1205.376, 5143.488, 4549.0560000000005], ["window"]]], "width": 8256, "height": 5504, "tags": []}