{"rects": [[[3244.608, 1461.3120000000001, 6084.6720000000005, 3979.3920000000003], ["window"]], [[701.76, 1568.64, 3376.704, 4185.792], ["window"]]], "width": 8256, "height": 5504, "tags": []}