{"rects": [[[2542.848, 924.672, 5448.96, 5126.976000000001], ["window"]], [[0, 1081.536, 2262.1440000000002, 5011.392], ["window"]]], "width": 8256, "height": 5504, "tags": []}