{"rects": [[[1230.144, 610.944, 3186.8160000000003, 3376.704], ["window"]], [[3351.936, 1287.9360000000001, 5093.952, 4012.416], ["window"]], [[5250.816, 883.392, 6935.04, 4499.52], ["window"]], [[6753.408, 1659.4560000000001, 8247.744, 4804.992], ["window"]], [[3698.688, 396.288, 4730.688, 1601.664], ["window"]]], "width": 8256, "height": 5504, "tags": []}