{"rects": [[[2906.112, 1164.096, 5382.912, 4730.688], ["window"]], [[5366.400000000001, 652.224, 7686.336, 4416.96], ["window"]], [[140.352, 355.00800000000004, 2707.968, 4871.04], ["window"]]], "width": 8256, "height": 5504, "tags": []}