{"rects": [[[2864.832, 1230.144, 5102.2080000000005, 4829.76], ["window"]], [[4970.112, 825.6, 7364.352, 4780.224], ["window"]], [[0, 2212.608, 1692.48, 5077.4400000000005], ["window"]]], "width": 8256, "height": 5504, "tags": []}