{"rects": [[[908.1600000000001, 643.9680000000001, 5770.944, 5077.4400000000005], ["window"]], [[5605.8240000000005, 833.856, 7265.280000000001, 3005.184], ["window"]]], "width": 8256, "height": 5504, "tags": []}