{"rects": [[[1147.584, 949.44, 3475.7760000000003, 3153.792], ["window"]], [[1073.28, 3252.864, 3451.0080000000003, 5630.592000000001], ["window"]], [[1081.536, 5671.872, 3426.2400000000002, 8247.744], ["window"]]], "width": 5504, "height": 8256, "tags": []}