{"rects": [[[1791.5520000000001, 577.9200000000001, 4359.168, 3335.424], ["window"]], [[5118.72, 1642.944, 7174.464, 5366.400000000001], ["window"]]], "width": 8256, "height": 5504, "tags": []}