{"rects": [[[309.71999999999997, 574.2, 3556.56, 4520.5199999999995], ["window"]]], "width": 3712, "height": 5568, "tags": []}