{"rects": [[[1416.36, 532.4399999999999, 2756.16, 4955.5199999999995], ["window"]]], "width": 3712, "height": 5568, "tags": []}