{"rects": [[[6.96, 1733.04, 3260.7599999999998, 3521.7599999999998], ["window"]]], "width": 3712, "height": 5568, "tags": []}