{"rects": [[[309.71999999999997, 1291.08, 3608.7599999999998, 4649.28], ["window"]]], "width": 3712, "height": 5568, "tags": []}