{"rects": [[[560.28, 1151.8799999999999, 3434.7599999999998, 4840.68], ["window"]]], "width": 3712, "height": 5568, "tags": []}