{"rects": [[[379.32, 2129.7599999999998, 3695.7599999999998, 4085.52], ["window"]]], "width": 3712, "height": 5568, "tags": []}