{"rects": [[[542.88, 1148.4, 1778.28, 2714.4], ["window"]], [[1938.36, 1186.68, 3086.7599999999998, 2721.36], ["window"]], [[556.8, 3399.96, 1778.28, 4910.28], ["window"]], [[1903.56, 3337.32, 3006.72, 4955.5199999999995], ["window"]]], "width": 3712, "height": 5568, "tags": []}