{"rects": [[[86.39999999999999, 230.39999999999998, 3379.2, 4742.4], ["window"]]], "width": 3840, "height": 5760, "tags": []}