{"rects": [[[489.59999999999997, 868.8, 3384.0, 4929.599999999999], ["window"]]], "width": 3840, "height": 5760, "tags": []}