{"rects": [[[691.1999999999999, 53.48571428571428, 5607.771428571428, 3748.1142857142854], ["window"]]], "width": 5760, "height": 3840, "tags": []}