{"rects": [[[588.342857142857, 12.342857142857142, 5167.5428571428565, 3735.7714285714283], ["window"]]], "width": 5760, "height": 3840, "tags": []}