{"rects": [[[1394.742857142857, 296.2285714285714, 4521.599999999999, 3809.828571428571], ["window"]]], "width": 5760, "height": 3840, "tags": []}