{"rects": [[[440.60571428571427, 18.617142857142856, 6528.411428571429, 5715.462857142857], ["window"]]], "width": 8688, "height": 5792, "tags": []}