{"rects": [[[329.1428571428571, 61.71428571428571, 5620.114285714285, 3768.685714285714], ["window"]]], "width": 5760, "height": 3840, "tags": []}