{"rects": [[[1238.3999999999999, 559.5428571428571, 5484.342857142857, 3711.085714285714], ["window"]]], "width": 5760, "height": 3840, "tags": []}