{"rects": [[[2069.485714285714, 78.17142857142856, 5237.485714285714, 3353.142857142857], ["window"]]], "width": 5760, "height": 3840, "tags": []}