{"rects": [[[197.48571428571427, 65.82857142857142, 5196.342857142857, 3328.4571428571426], ["window"]]], "width": 5760, "height": 3840, "tags": []}