{"rects": [[[707.6571428571428, 279.77142857142854, 4821.942857142857, 3571.2], ["window"]]], "width": 5760, "height": 3840, "tags": []}