{"rects": [[[1110.8571428571427, 637.7142857142857, 5151.085714285714, 3307.885714285714], ["window"]]], "width": 5760, "height": 3840, "tags": []}