{"rects": [[[831.0857142857142, 855.7714285714285, 4677.942857142857, 3575.3142857142852], ["window"]]], "width": 5760, "height": 3840, "tags": []}