{"rects": [[[440.2285714285714, 333.2571428571428, 5434.971428571428, 3616.4571428571426], ["window"]]], "width": 5760, "height": 3840, "tags": []}