{"rects": [[[1065.6, 82.28571428571428, 5212.799999999999, 3657.5999999999995], ["window"]]], "width": 5760, "height": 3840, "tags": []}