{"rects": [[[868.8, 1190.3999999999999, 2961.6, 4161.599999999999], ["window"]]], "width": 3840, "height": 5760, "tags": []}