{"rects": [[[1468.8, 65.82857142857142, 4649.142857142857, 3711.085714285714], ["window"]]], "width": 5760, "height": 3840, "tags": []}