{"rects": [[[2077.7142857142853, 135.77142857142854, 4768.457142857143, 3735.7714285714283], ["window"]]], "width": 5760, "height": 3840, "tags": []}