{"rects": [[[1876.1142857142854, 477.2571428571428, 4858.971428571428, 3340.7999999999997], ["window"]]], "width": 5760, "height": 3840, "tags": []}