{"rects": [[[1781.485714285714, 292.1142857142857, 4809.599999999999, 3460.1142857142854], ["window"]]], "width": 5760, "height": 3840, "tags": []}