{"rects": [[[1867.8857142857141, 501.94285714285706, 4669.714285714285, 3505.371428571428], ["window"]]], "width": 5760, "height": 3840, "tags": []}