{"rects": [[[1973.4171428571428, 695.04, 5976.102857142857, 5436.205714285714], ["window"]]], "width": 8688, "height": 5792, "tags": []}