{"rects": [[[2308.1142857142854, 1193.142857142857, 4525.714285714285, 3192.685714285714], ["window"]]], "width": 5760, "height": 3840, "tags": []}