{"rects": [[[530.7428571428571, 209.82857142857142, 4636.799999999999, 3439.542857142857], ["window"]]], "width": 5760, "height": 3840, "tags": []}