{"rects": [[[508.8685714285714, 390.96, 6000.925714285714, 5516.88], ["window"]]], "width": 8688, "height": 5792, "tags": []}