{"rects": [[[297.59999999999997, 624.0, 3076.7999999999997, 5486.4], ["window"]]], "width": 3840, "height": 5760, "tags": []}