{"rects": [[[448.4571428571428, 86.39999999999999, 5072.914285714285, 3669.9428571428566], ["window"]]], "width": 5760, "height": 3840, "tags": []}