{"rects": [[[378.5142857142857, 300.3428571428571, 5406.171428571428, 3353.142857142857], ["window"]]], "width": 5760, "height": 3840, "tags": []}