{"rects": [[[826.9714285714285, 374.4, 4895.999999999999, 3706.971428571428], ["window"]]], "width": 5760, "height": 3840, "tags": []}