{"rects": [[[732.342857142857, 24.685714285714283, 5221.028571428571, 3772.7999999999997], ["window"]]], "width": 5760, "height": 3840, "tags": []}