{"rects": [[[91.2, 1065.6, 3734.3999999999996, 5500.8], ["window"]], [[1099.2, 9.6, 3230.4, 1017.5999999999999], ["window"]]], "width": 3840, "height": 5760, "tags": []}