{"rects": [[[1439.9999999999998, 629.4857142857143, 4690.285714285714, 3665.828571428571], ["window"]]], "width": 5760, "height": 3840, "tags": []}