{"rects": [[[715.8857142857142, 61.71428571428571, 5146.971428571428, 3764.571428571428], ["window"]]], "width": 5760, "height": 3840, "tags": []}