{"rects": [[[340.8, 259.2, 3758.3999999999996, 5265.599999999999], ["window"]]], "width": 3840, "height": 5760, "tags": []}