{"rects": [[[933.9428571428571, 209.82857142857142, 5060.571428571428, 3439.542857142857], ["window"]]], "width": 5760, "height": 3840, "tags": []}