{"rects": [[[37.028571428571425, 267.4285714285714, 5722.971428571428, 3381.9428571428566], ["window"]]], "width": 5760, "height": 3840, "tags": []}