{"rects": [[[883.1999999999999, 931.1999999999999, 2971.2, 4344.0], ["window"]]], "width": 3840, "height": 5760, "tags": []}