{"rects": [[[336.0, 14.399999999999999, 3734.3999999999996, 4867.2], ["window"]]], "width": 3840, "height": 5760, "tags": []}