{"rects": [[[436.11428571428564, 24.685714285714283, 5681.828571428571, 3324.3428571428567], ["window"]]], "width": 5760, "height": 3840, "tags": []}