{"rects": [[[300.3428571428571, 119.3142857142857, 5529.599999999999, 3719.3142857142852], ["window"]]], "width": 5760, "height": 3840, "tags": []}