{"rects": [[[1917.5657142857142, 242.02285714285713, 6298.8, 5721.668571428571], ["window"]], [[6664.937142857143, 304.08, 8644.56, 5380.354285714286], ["window"]]], "width": 8688, "height": 5792, "tags": []}