{"rects": [[[427.2, 1675.2, 3628.7999999999997, 5049.599999999999], ["window"]]], "width": 3840, "height": 5760, "tags": []}