{"rects": [[[403.2, 249.6, 3686.3999999999996, 5145.599999999999], ["window"]]], "width": 3840, "height": 5760, "tags": []}