{"rects": [[[650.0571428571428, 259.2, 5463.771428571428, 3764.571428571428], ["window"]]], "width": 5760, "height": 3840, "tags": []}