{"rects": [[[1300.1142857142856, 193.37142857142857, 4768.457142857143, 3735.7714285714283], ["window"]]], "width": 5760, "height": 3840, "tags": []}