{"rects": [[[1851.4285714285713, 436.11428571428564, 4328.228571428571, 3476.5714285714284], ["window"]]], "width": 5760, "height": 3840, "tags": []}