{"rects": [[[851.6571428571427, 164.57142857142856, 5204.571428571428, 3513.5999999999995], ["window"]]], "width": 5760, "height": 3840, "tags": []}