{"rects": [[[1736.2285714285713, 407.3142857142857, 5118.171428571428, 3534.1714285714284], ["window"]]], "width": 5760, "height": 3840, "tags": []}