{"rects": [[[378.5142857142857, 106.97142857142856, 5509.028571428571, 3748.1142857142854], ["window"]]], "width": 5760, "height": 3840, "tags": []}