{"rects": [[[1711.542857142857, 4.114285714285714, 5426.742857142856, 3678.1714285714284], ["window"]], [[617.1428571428571, 514.2857142857142, 1625.1428571428569, 2896.4571428571426], ["window"]]], "width": 5760, "height": 3840, "tags": []}