{"rects": [[[1016.2285714285713, 230.39999999999998, 5509.028571428571, 3604.1142857142854], ["window"]]], "width": 5760, "height": 3840, "tags": []}