{"rects": [[[670.6285714285714, 234.51428571428568, 4073.142857142857, 3793.371428571428], ["window", "shop"]]], "width": 5760, "height": 3840, "tags": []}