{"rects": [[[1312.4571428571428, 20.57142857142857, 4912.457142857143, 3826.2857142857138], ["window"]]], "width": 5760, "height": 3840, "tags": []}