{"rects": [[[1481.1428571428569, 390.85714285714283, 5356.799999999999, 3377.828571428571], ["window"]]], "width": 5760, "height": 3840, "tags": []}