{"rects": [[[643.1999999999999, 1344.0, 3124.7999999999997, 5107.2], ["window"]]], "width": 3840, "height": 5760, "tags": []}