{"rects": [[[1987.1999999999998, 300.3428571428571, 4719.085714285714, 3674.0571428571425], ["window"]]], "width": 5760, "height": 3840, "tags": []}