{"rects": [[[250.97142857142853, 57.599999999999994, 5611.885714285714, 3694.628571428571], ["window"]]], "width": 5760, "height": 3840, "tags": []}