{"rects": [[[1407.0857142857142, 473.1428571428571, 4751.999999999999, 3567.085714285714], ["window"]]], "width": 5760, "height": 3840, "tags": []}