{"rects": [[[271.5428571428571, 135.77142857142854, 5648.914285714285, 3283.2], ["window"]]], "width": 5760, "height": 3840, "tags": []}