{"rects": [[[822.8571428571428, 32.91428571428571, 4583.314285714286, 3645.2571428571423], ["window"]]], "width": 5760, "height": 3840, "tags": []}