{"rects": [[[1320.685714285714, 794.0571428571428, 5307.428571428571, 3748.1142857142854], ["window"]]], "width": 5760, "height": 3840, "tags": []}