{"rects": [[[1970.742857142857, 921.5999999999999, 4608.0, 3386.0571428571425], ["window"]]], "width": 5760, "height": 3840, "tags": []}