{"rects": [[[1258.9714285714285, 0, 5496.685714285713, 3464.2285714285713], ["window"]]], "width": 5760, "height": 3840, "tags": []}