{"rects": [[[24.685714285714283, 135.77142857142854, 5653.028571428571, 3571.2], ["window"]]], "width": 5760, "height": 3840, "tags": []}