{"rects": [[[995.6571428571427, 127.54285714285713, 4677.942857142857, 3830.3999999999996], ["window"]]], "width": 5760, "height": 3840, "tags": []}