{"rects": [[[974.4, 1636.8, 3532.7999999999997, 4953.599999999999], ["window"]]], "width": 3840, "height": 5760, "tags": []}