{"rects": [[[670.6285714285714, 201.59999999999997, 5290.971428571428, 3719.3142857142852], ["window"]]], "width": 5760, "height": 3840, "tags": []}