{"rects": [[[682.9714285714285, 115.19999999999999, 5340.342857142857, 3785.142857142857], ["window"]]], "width": 5760, "height": 3840, "tags": []}