{"rects": [[[810.5142857142856, 530.7428571428571, 4751.999999999999, 3735.7714285714283], ["window"]]], "width": 5760, "height": 3840, "tags": []}