{"rects": [[[152.2285714285714, 238.6285714285714, 5702.4, 3501.2571428571423], ["window"]]], "width": 5760, "height": 3840, "tags": []}