{"rects": [[[226.28571428571428, 32.91428571428571, 5710.6285714285705, 3579.428571428571], ["window"]]], "width": 5760, "height": 3840, "tags": []}