{"rects": [[[1452.342857142857, 345.59999999999997, 4813.714285714285, 3604.1142857142854], ["window"]]], "width": 5760, "height": 3840, "tags": []}