{"rects": [[[559.5428571428571, 53.48571428571428, 4990.628571428571, 3678.1714285714284], ["window"]]], "width": 5760, "height": 3840, "tags": []}