{"rects": [[[798.1714285714285, 193.37142857142857, 4875.428571428571, 3772.7999999999997], ["window"]]], "width": 5760, "height": 3840, "tags": []}