{"rects": [[[244.79999999999998, 523.1999999999999, 3600.0, 5404.8], ["window"]]], "width": 3840, "height": 5760, "tags": []}