{"rects": [[[674.742857142857, 98.74285714285713, 5286.857142857142, 3743.9999999999995], ["window"]]], "width": 5760, "height": 3840, "tags": []}