{"rects": [[[436.11428571428564, 78.17142857142856, 5558.4, 3665.828571428571], ["window"]]], "width": 5760, "height": 3840, "tags": []}