{"rects": [[[1205.4857142857143, 86.39999999999999, 5414.4, 3628.7999999999997], ["window"]]], "width": 5760, "height": 3840, "tags": []}