{"rects": [[[719.9999999999999, 390.85714285714283, 4171.885714285714, 3554.742857142857], ["window"]]], "width": 5760, "height": 3840, "tags": []}