{"rects": [[[757.0285714285714, 242.74285714285713, 5360.914285714285, 3595.885714285714], ["window"]]], "width": 5760, "height": 3840, "tags": []}