{"rects": [[[2826.5142857142855, 1555.1999999999998, 4813.714285714285, 3748.1142857142854], ["window"]]], "width": 5760, "height": 3840, "tags": []}