{"rects": [[[1142.3999999999999, 1531.2, 3628.7999999999997, 5208.0], ["window"]]], "width": 3840, "height": 5760, "tags": []}