{"rects": [[[1439.9999999999998, 41.14285714285714, 4760.228571428571, 3752.228571428571], ["window"]]], "width": 5760, "height": 3840, "tags": []}