{"rects": [[[802.2857142857142, 57.599999999999994, 5558.4, 3649.371428571428], ["window"]]], "width": 5760, "height": 3840, "tags": []}