{"rects": [[[1287.7714285714285, 341.48571428571427, 4978.285714285714, 3739.885714285714], ["window"]]], "width": 5760, "height": 3840, "tags": []}