{"rects": [[[1600.4571428571428, 682.9714285714285, 4521.599999999999, 3641.142857142857], ["window"]]], "width": 5760, "height": 3840, "tags": []}