{"rects": [[[260.64, 80.67428571428572, 7918.4914285714285, 5672.022857142857], ["window"]]], "width": 8688, "height": 5792, "tags": []}