{"rects": [[[1645.7142857142856, 744.6857142857142, 4295.314285714286, 3554.742857142857], ["window"]]], "width": 5760, "height": 3840, "tags": []}