{"rects": [[[312.68571428571425, 90.5142857142857, 4920.685714285713, 3386.0571428571425], ["window"]]], "width": 5760, "height": 3840, "tags": []}