{"rects": [[[925.7142857142857, 242.74285714285713, 5681.828571428571, 3686.3999999999996], ["window"]]], "width": 5760, "height": 3840, "tags": []}