{"rects": [[[969.5999999999999, 120.0, 3624.0, 4929.599999999999], ["window"]]], "width": 3840, "height": 5760, "tags": []}