{"rects": [[[1357.7142857142856, 16.457142857142856, 4513.371428571428, 3727.542857142857], ["window"]]], "width": 5760, "height": 3840, "tags": []}