{"rects": [[[1386.5142857142855, 37.028571428571425, 5488.457142857143, 3690.5142857142855], ["window"]]], "width": 5760, "height": 3840, "tags": []}