{"rects": [[[1358.3999999999999, 148.79999999999998, 3571.2, 4968.0], ["window"]]], "width": 3840, "height": 5760, "tags": []}