{"rects": [[[1390.6285714285714, 263.3142857142857, 4558.628571428571, 3657.5999999999995], ["window"]]], "width": 5760, "height": 3840, "tags": []}