{"rects": [[[843.4285714285713, 144.0, 4348.799999999999, 3583.542857142857], ["window"]]], "width": 5760, "height": 3840, "tags": []}