{"rects": [[[98.74285714285713, 584.2285714285714, 5578.971428571428, 3826.2857142857138], ["window"]]], "width": 5760, "height": 3840, "tags": []}