{"rects": [[[213.94285714285712, 263.3142857142857, 5529.599999999999, 3649.371428571428], ["window"]]], "width": 5760, "height": 3840, "tags": []}