{"rects": [[[901.0285714285714, 423.77142857142854, 5221.028571428571, 3472.4571428571426], ["window"]]], "width": 5760, "height": 3840, "tags": []}