{"rects": [[[518.4, 1110.8571428571427, 5644.799999999999, 3455.9999999999995], ["window"]]], "width": 5760, "height": 3840, "tags": []}