{"rects": [[[2192.9142857142856, 8.228571428571428, 4645.028571428571, 3772.7999999999997], ["window"]]], "width": 5760, "height": 3840, "tags": []}