{"rects": [[[74.05714285714285, 337.3714285714285, 5562.5142857142855, 3410.742857142857], ["window"]]], "width": 5760, "height": 3840, "tags": []}