{"rects": [[[739.1999999999999, 100.8, 3825.6, 2371.2], ["window"]], [[744.0, 2462.4, 3772.7999999999997, 5496.0], ["window"]]], "width": 3840, "height": 5760, "tags": []}