{"rects": [[[1534.6285714285714, 366.1714285714285, 4562.742857142856, 3805.7142857142853], ["window"]]], "width": 5760, "height": 3840, "tags": []}