{"rects": [[[789.9428571428571, 4.114285714285714, 5480.228571428571, 3785.142857142857], ["window"]]], "width": 5760, "height": 3840, "tags": []}