{"rects": [[[1703.3142857142855, 201.59999999999997, 4332.342857142857, 3620.5714285714284], ["window"]]], "width": 5760, "height": 3840, "tags": []}