{"rects": [[[1316.5714285714284, 106.97142857142856, 5077.028571428571, 3739.885714285714], ["window"]]], "width": 5760, "height": 3840, "tags": []}