{"rects": [[[271.5428571428571, 32.91428571428571, 5307.428571428571, 3493.028571428571], ["window"]]], "width": 5760, "height": 3840, "tags": []}