{"rects": [[[1674.5142857142855, 238.6285714285714, 4669.714285714285, 2949.942857142857], ["window"]]], "width": 5760, "height": 3840, "tags": []}