{"rects": [[[789.9428571428571, 296.2285714285714, 4661.485714285714, 3587.6571428571424], ["window"]]], "width": 5760, "height": 3840, "tags": []}