{"rects": [[[2571.428571428571, 0, 4550.4, 3686.3999999999996], ["window"]]], "width": 5760, "height": 3840, "tags": []}