{"rects": [[[1135.542857142857, 28.799999999999997, 4933.028571428571, 3521.828571428571], ["window"]]], "width": 5760, "height": 3840, "tags": []}