{"rects": [[[2007.7714285714283, 242.74285714285713, 4447.5428571428565, 3711.085714285714], ["window"]]], "width": 5760, "height": 3840, "tags": []}