{"rects": [[[724.1142857142856, 12.342857142857142, 5673.599999999999, 3501.2571428571423], ["window"]]], "width": 5760, "height": 3840, "tags": []}