{"rects": [[[4.114285714285714, 65.82857142857142, 5192.228571428571, 3785.142857142857], ["window"]]], "width": 5760, "height": 3840, "tags": []}