{"rects": [[[938.0571428571427, 8.228571428571428, 5044.114285714285, 3748.1142857142854], ["window"]]], "width": 5760, "height": 3840, "tags": []}