{"rects": [[[946.2857142857142, 4.114285714285714, 5044.114285714285, 3719.3142857142852], ["window"]]], "width": 5760, "height": 3840, "tags": []}