{"rects": [[[1407.0857142857142, 789.9428571428571, 5146.971428571428, 3414.8571428571427], ["window"]]], "width": 5760, "height": 3840, "tags": []}