{"rects": [[[1983.0857142857142, 469.02857142857135, 4640.914285714285, 3612.3428571428567], ["window"]]], "width": 5760, "height": 3840, "tags": []}