{"rects": [[[789.9428571428571, 28.799999999999997, 5554.285714285714, 3772.7999999999997], ["window"]]], "width": 5760, "height": 3840, "tags": []}