{"rects": [[[1905.1542857142856, 74.46857142857142, 6528.411428571429, 5792], ["window"]]], "width": 8688, "height": 5792, "tags": []}