{"rects": [[[518.4, 185.1428571428571, 4159.5428571428565, 3488.914285714285], ["window"]]], "width": 5760, "height": 3840, "tags": []}