{"rects": [[[518.4, 452.57142857142856, 5007.085714285714, 3764.571428571428], ["window"]]], "width": 5760, "height": 3840, "tags": []}