{"rects": [[[707.6571428571428, 24.685714285714283, 4887.771428571428, 3505.371428571428], ["window"]]], "width": 5760, "height": 3840, "tags": []}