{"rects": [[[255.08571428571426, 374.4, 5356.799999999999, 3711.085714285714], ["window"]]], "width": 5760, "height": 3840, "tags": []}