{"rects": [[[626.7771428571428, 999.12, 7204.834285714285, 5783.725714285714], ["window"]]], "width": 8688, "height": 5792, "tags": []}