{"rects": [[[777.5999999999999, 752.9142857142856, 5011.2, 3390.1714285714284], ["window"]]], "width": 5760, "height": 3840, "tags": []}