{"rects": [[[279.77142857142854, 1168.4571428571428, 5624.228571428571, 3394.2857142857138], ["window"]]], "width": 5760, "height": 3840, "tags": []}