{"rects": [[[979.1999999999999, 460.79999999999995, 5389.714285714285, 3768.685714285714], ["window"]]], "width": 5760, "height": 3840, "tags": []}