{"rects": [[[1678.6285714285714, 555.4285714285713, 4052.571428571428, 3604.1142857142854], ["window"]], [[312.68571428571425, 1707.4285714285713, 1444.1142857142856, 3768.685714285714], ["window"]]], "width": 5760, "height": 3840, "tags": []}