{"rects": [[[1950.1714285714284, 16.457142857142856, 4653.257142857143, 3768.685714285714], ["window"]]], "width": 5760, "height": 3840, "tags": []}