{"rects": [[[1514.1942857142856, 707.4514285714286, 7049.691428571428, 5547.908571428571], ["window"]]], "width": 8688, "height": 5792, "tags": []}