{"rects": [[[273.59999999999997, 624.0, 3580.7999999999997, 5496.0], ["window"]]], "width": 3840, "height": 5760, "tags": []}