{"rects": [[[772.8, 163.2, 3038.4, 2188.7999999999997], ["window"]], [[489.59999999999997, 2438.4, 3446.4, 5515.2], ["window"]]], "width": 3840, "height": 5760, "tags": []}