{"rects": [[[872.2285714285713, 106.97142857142856, 4916.571428571428, 3793.371428571428], ["window"]]], "width": 5760, "height": 3840, "tags": []}