{"rects": [[[297.59999999999997, 115.19999999999999, 3331.2, 5515.2], ["window"]]], "width": 3840, "height": 5760, "tags": []}