{"rects": [[[1522.2857142857142, 522.5142857142856, 4970.057142857142, 3686.3999999999996], ["window"]]], "width": 5760, "height": 3840, "tags": []}