{"rects": [[[254.39999999999998, 312.0, 3758.3999999999996, 5606.4], ["window"]]], "width": 3840, "height": 5760, "tags": []}