{"rects": [[[1370.0571428571427, 785.8285714285713, 4702.628571428571, 3525.9428571428566], ["window"]]], "width": 5760, "height": 3840, "tags": []}