{"rects": [[[1633.3714285714284, 427.88571428571424, 4998.857142857142, 3488.914285714285], ["window"]]], "width": 5760, "height": 3840, "tags": []}