{"rects": [[[1180.8, 370.2857142857142, 5225.142857142857, 3645.2571428571423], ["window"]]], "width": 5760, "height": 3840, "tags": []}