{"rects": [[[826.9714285714285, 74.05714285714285, 5410.285714285714, 3756.3428571428567], ["window"]]], "width": 5760, "height": 3840, "tags": []}