{"rects": [[[2266.9714285714285, 431.99999999999994, 4743.771428571428, 3840], ["window"]]], "width": 5760, "height": 3840, "tags": []}