{"rects": [[[320.9142857142857, 8.228571428571428, 5537.828571428571, 3678.1714285714284], ["window"]]], "width": 5760, "height": 3840, "tags": []}