{"rects": [[[1411.1999999999998, 1497.6, 4151.314285714286, 3377.828571428571], ["window"]]], "width": 5760, "height": 3840, "tags": []}