{"rects": [[[1193.142857142857, 246.85714285714283, 5159.314285714285, 3542.3999999999996], ["window"]]], "width": 5760, "height": 3840, "tags": []}