{"rects": [[[1555.1999999999998, 744.6857142857142, 4492.799999999999, 3826.2857142857138], ["window"]]], "width": 5760, "height": 3840, "tags": []}