{"rects": [[[892.8, 263.3142857142857, 4550.4, 3558.8571428571427], ["window"]]], "width": 5760, "height": 3840, "tags": []}