{"rects": [[[777.5999999999999, 90.5142857142857, 5056.457142857143, 3801.5999999999995], ["window"]]], "width": 5760, "height": 3840, "tags": []}