{"rects": [[[667.1999999999999, 864.0, 3835.2, 4929.599999999999], ["window"]]], "width": 3840, "height": 5760, "tags": []}