{"rects": [[[172.79999999999998, 628.8, 3566.4, 5241.599999999999], ["window"]]], "width": 3840, "height": 5760, "tags": []}