{"rects": [[[43.199999999999996, 19.2, 3652.7999999999997, 4387.2], ["window"]]], "width": 3840, "height": 5760, "tags": []}