{"rects": [[[158.4, 460.79999999999995, 3724.7999999999997, 4780.8], ["window"]]], "width": 3840, "height": 5760, "tags": []}