{"rects": [[[386.74285714285713, 320.9142857142857, 5167.5428571428565, 3785.142857142857], ["window"]]], "width": 5760, "height": 3840, "tags": []}