{"rects": [[[1690.9714285714283, 538.9714285714285, 5175.771428571428, 3180.3428571428567], ["window"]]], "width": 5760, "height": 3840, "tags": []}