{"rects": [[[826.9714285714285, 61.71428571428571, 5118.171428571428, 3480.685714285714], ["window"]]], "width": 5760, "height": 3840, "tags": []}