{"rects": [[[268.8, 43.199999999999996, 3072.0, 4929.599999999999], ["window"]]], "width": 3840, "height": 5760, "tags": []}