{"rects": [[[522.5142857142856, 119.3142857142857, 5406.171428571428, 3608.2285714285713], ["window"]]], "width": 5760, "height": 3840, "tags": []}