{"rects": [[[613.0285714285714, 4.114285714285714, 5710.6285714285705, 3764.571428571428], ["window"]]], "width": 5760, "height": 3840, "tags": []}