{"rects": [[[1748.5714285714284, 851.6571428571427, 4180.114285714285, 3748.1142857142854], ["window"]], [[806.3999999999999, 390.85714285714283, 1690.9714285714283, 3715.2], ["window"]]], "width": 5760, "height": 3840, "tags": []}