{"rects": [[[682.9714285714285, 271.5428571428571, 5509.028571428571, 3797.485714285714], ["window"]]], "width": 5760, "height": 3840, "tags": []}