{"rects": [[[757.0285714285714, 131.65714285714284, 5369.142857142857, 3423.085714285714], ["window"]]], "width": 5760, "height": 3840, "tags": []}