{"rects": [[[958.6285714285714, 41.14285714285714, 4858.971428571428, 3669.9428571428566], ["window"]]], "width": 5760, "height": 3840, "tags": []}