{"rects": [[[220.79999999999998, 398.4, 3124.7999999999997, 5217.599999999999], ["window"]]], "width": 3840, "height": 5760, "tags": []}