{"rects": [[[1082.0571428571427, 74.05714285714285, 5060.571428571428, 3764.571428571428], ["window"]]], "width": 5760, "height": 3840, "tags": []}