{"rects": [[[633.5999999999999, 4.114285714285714, 4883.657142857142, 3743.9999999999995], ["window"]]], "width": 5760, "height": 3840, "tags": []}