{"rects": [[[551.3142857142857, 41.14285714285714, 5447.314285714285, 3743.9999999999995], ["window"]]], "width": 5760, "height": 3840, "tags": []}