{"rects": [[[1382.3999999999999, 16.457142857142856, 4834.285714285714, 3743.9999999999995], ["window"]]], "width": 5760, "height": 3840, "tags": []}