{"rects": [[[1254.8571428571427, 176.9142857142857, 5574.857142857142, 3604.1142857142854], ["window"]]], "width": 5760, "height": 3840, "tags": []}