{"rects": [[[2061.2571428571428, 106.97142857142856, 5373.257142857143, 3789.2571428571423], ["window"]]], "width": 5760, "height": 3840, "tags": []}