{"rects": [[[604.8, 139.88571428571427, 5196.342857142857, 3826.2857142857138], ["window"]]], "width": 5760, "height": 3840, "tags": []}