{"rects": [[[369.59999999999997, 96.0, 3830.3999999999996, 5529.599999999999], ["window"]]], "width": 3840, "height": 5760, "tags": []}