{"rects": [[[337.3714285714285, 1295.9999999999998, 5044.114285714285, 3641.142857142857], ["window"]]], "width": 5760, "height": 3840, "tags": []}