{"rects": [[[417.59999999999997, 86.39999999999999, 3537.6, 5155.2], ["window"]]], "width": 3840, "height": 5760, "tags": []}