{"rects": [[[440.2285714285714, 20.57142857142857, 5624.228571428571, 3645.2571428571423], ["window"]]], "width": 5760, "height": 3840, "tags": []}