{"rects": [[[901.0285714285714, 37.028571428571425, 5558.4, 3797.485714285714], ["window"]]], "width": 5760, "height": 3840, "tags": []}