{"rects": [[[674.742857142857, 8.228571428571428, 5727.085714285714, 3645.2571428571423], ["window"]]], "width": 5760, "height": 3840, "tags": []}