{"rects": [[[452.57142857142856, 28.799999999999997, 5595.428571428571, 3830.3999999999996], ["window"]]], "width": 5760, "height": 3840, "tags": []}