{"rects": [[[1563.4285714285713, 90.5142857142857, 4941.257142857143, 3480.685714285714], ["window"]]], "width": 5760, "height": 3840, "tags": []}