{"rects": [[[390.85714285714283, 37.028571428571425, 5188.114285714285, 3797.485714285714], ["window"]]], "width": 5760, "height": 3840, "tags": []}