{"rects": [[[353.8285714285714, 970.9714285714285, 5690.057142857142, 3620.5714285714284], ["window"]]], "width": 5760, "height": 3840, "tags": []}