{"rects": [[[970.9714285714285, 28.799999999999997, 5373.257142857143, 3686.3999999999996], ["window", "shop"]]], "width": 5760, "height": 3840, "tags": []}