{"rects": [[[933.9428571428571, 641.8285714285714, 5414.4, 3776.914285714285], ["window"]]], "width": 5760, "height": 3840, "tags": []}