{"rects": [[[2546.742857142857, 859.8857142857142, 4299.428571428571, 2382.1714285714284], ["window"]]], "width": 5760, "height": 3840, "tags": []}