{"rects": [[[1152.0, 57.599999999999994, 5068.799999999999, 3579.428571428571], ["window"]]], "width": 5760, "height": 3840, "tags": []}