{"rects": [[[1802.0571428571427, 168.68571428571425, 4196.571428571428, 3719.3142857142852], ["window"]]], "width": 5760, "height": 3840, "tags": []}