{"rects": [[[1135.542857142857, 20.57142857142857, 5414.4, 3723.428571428571], ["window"]]], "width": 5760, "height": 3840, "tags": []}