{"rects": [[[1810.2857142857142, 65.82857142857142, 3867.428571428571, 3443.6571428571424], ["window"]]], "width": 5760, "height": 3840, "tags": []}