{"rects": [[[979.1999999999999, 45.25714285714285, 5480.228571428571, 3661.7142857142853], ["window"]]], "width": 5760, "height": 3840, "tags": []}