{"rects": [[[576.0, 28.799999999999997, 4694.4, 3723.428571428571], ["window"]]], "width": 5760, "height": 3840, "tags": []}