{"rects": [[[386.74285714285713, 728.2285714285714, 5698.285714285714, 3637.028571428571], ["window"]]], "width": 5760, "height": 3840, "tags": []}