{"rects": [[[650.0571428571428, 32.91428571428571, 5163.428571428571, 3686.3999999999996], ["window"]]], "width": 5760, "height": 3840, "tags": []}