{"rects": [[[2707.2, 144.0, 5554.285714285714, 3546.5142857142855], ["window"]]], "width": 5760, "height": 3840, "tags": []}