{"rects": [[[666.5142857142856, 209.82857142857142, 4723.2, 3678.1714285714284], ["window"]]], "width": 5760, "height": 3840, "tags": []}