{"rects": [[[588.342857142857, 859.8857142857142, 5146.971428571428, 3591.7714285714283], ["window"]]], "width": 5760, "height": 3840, "tags": []}