{"rects": [[[1382.3999999999999, 798.1714285714285, 4250.057142857142, 3332.5714285714284], ["window"]]], "width": 5760, "height": 3840, "tags": []}