{"rects": [[[441.59999999999997, 1512.0, 3456.0, 5092.8], ["window"]], [[475.2, 57.599999999999994, 3360.0, 1387.2], ["window"]]], "width": 3840, "height": 5760, "tags": []}