{"rects": [[[526.6285714285714, 333.2571428571428, 5632.457142857143, 3521.828571428571], ["window"]]], "width": 5760, "height": 3840, "tags": []}