{"rects": [[[374.4, 49.37142857142857, 5019.428571428571, 3776.914285714285], ["window"]]], "width": 5760, "height": 3840, "tags": []}