{"rects": [[[1743.8057142857142, 304.08, 8539.062857142857, 5454.822857142857], ["window"]]], "width": 8688, "height": 5792, "tags": []}