{"rects": [[[2048.9142857142856, 1032.685714285714, 4587.428571428571, 3809.828571428571], ["window"]]], "width": 5760, "height": 3840, "tags": []}