{"rects": [[[872.2285714285713, 584.2285714285714, 5451.428571428571, 3682.2857142857138], ["window"]]], "width": 5760, "height": 3840, "tags": []}