{"rects": [[[1287.7714285714285, 20.57142857142857, 5426.742857142856, 3028.1142857142854], ["window"]]], "width": 5760, "height": 3840, "tags": []}