{"rects": [[[1221.942857142857, 189.25714285714284, 4854.857142857142, 3719.3142857142852], ["window"]]], "width": 5760, "height": 3840, "tags": []}