{"rects": [[[1477.0285714285712, 4.114285714285714, 4933.028571428571, 3711.085714285714], ["window"]]], "width": 5760, "height": 3840, "tags": []}