{"rects": [[[1477.0285714285712, 341.48571428571427, 5369.142857142857, 3723.428571428571], ["window"]]], "width": 5760, "height": 3840, "tags": []}