{"rects": [[[1530.5142857142855, 111.08571428571427, 3567.085714285714, 3702.8571428571427], ["window"]]], "width": 5760, "height": 3840, "tags": []}