{"rects": [[[682.9714285714285, 374.4, 5056.457142857143, 3809.828571428571], ["window"]]], "width": 5760, "height": 3840, "tags": []}