{"rects": [[[769.3714285714285, 242.74285714285713, 4998.857142857142, 3715.2], ["window"]]], "width": 5760, "height": 3840, "tags": []}