{"rects": [[[1954.285714285714, 226.28571428571428, 4842.5142857142855, 3702.8571428571427], ["window"]]], "width": 5760, "height": 3840, "tags": []}