{"rects": [[[777.5999999999999, 592.4571428571428, 5068.799999999999, 3402.5142857142855], ["window"]]], "width": 5760, "height": 3840, "tags": []}