{"rects": [[[752.9142857142856, 152.2285714285714, 4826.057142857142, 3682.2857142857138], ["window"]]], "width": 5760, "height": 3840, "tags": []}