{"rects": [[[2606.4, 397.1657142857143, 6882.137142857143, 5678.228571428571], ["window"]], [[353.7257142857143, 316.49142857142857, 2519.52, 5690.639999999999], ["window"]]], "width": 8688, "height": 5792, "tags": []}