{"rects": [[[57.599999999999994, 1217.8285714285712, 5480.228571428571, 3723.428571428571], ["window"]]], "width": 5760, "height": 3840, "tags": []}