{"rects": [[[477.2571428571428, 53.48571428571428, 5196.342857142857, 3661.7142857142853], ["window"]]], "width": 5760, "height": 3840, "tags": []}