{"rects": [[[485.48571428571427, 0, 5525.485714285714, 3649.371428571428], ["window"]]], "width": 5760, "height": 3840, "tags": []}