{"rects": [[[1045.0285714285712, 625.3714285714285, 4299.428571428571, 2966.3999999999996], ["window"]]], "width": 5760, "height": 3840, "tags": []}