{"rects": [[[1567.542857142857, 452.57142857142856, 4756.114285714285, 3805.7142857142853], ["window"]]], "width": 5760, "height": 3840, "tags": []}