{"rects": [[[448.4571428571428, 111.08571428571427, 5533.714285714285, 3706.971428571428], ["window"]]], "width": 5760, "height": 3840, "tags": []}