{"rects": [[[1254.8571428571427, 135.77142857142854, 5130.5142857142855, 3694.628571428571], ["window"]]], "width": 5760, "height": 3840, "tags": []}