{"rects": [[[1082.0571428571427, 218.05714285714282, 5081.142857142857, 3661.7142857142853], ["window"]]], "width": 5760, "height": 3840, "tags": []}