{"rects": [[[2069.485714285714, 633.5999999999999, 4250.057142857142, 3690.5142857142855], ["window"]]], "width": 5760, "height": 3840, "tags": []}