{"rects": [[[724.1142857142856, 785.8285714285713, 5134.628571428571, 3538.2857142857138], ["window"]]], "width": 5760, "height": 3840, "tags": []}