{"rects": [[[225.6, 441.59999999999997, 3710.3999999999996, 4944.0], ["window"]]], "width": 3840, "height": 5760, "tags": []}