{"rects": [[[1439.9999999999998, 1176.685714285714, 4414.628571428571, 3632.914285714285], ["window"]]], "width": 5760, "height": 3840, "tags": []}