{"rects": [[[987.4285714285713, 164.57142857142856, 5504.914285714285, 3801.5999999999995], ["window"]]], "width": 5760, "height": 3840, "tags": []}