{"rects": [[[321.59999999999997, 441.59999999999997, 3777.6, 5443.2], ["window"]]], "width": 3840, "height": 5760, "tags": []}