{"rects": [[[942.1714285714285, 78.17142857142856, 5225.142857142857, 3513.5999999999995], ["window"]]], "width": 5760, "height": 3840, "tags": []}