{"rects": [[[1168.4571428571428, 279.77142857142854, 4957.714285714285, 3361.371428571428], ["window"]]], "width": 5760, "height": 3840, "tags": []}