{"rects": [[[1481.1428571428569, 123.42857142857142, 4394.057142857142, 3715.2], ["window"]]], "width": 5760, "height": 3840, "tags": []}