{"rects": [[[1007.9999999999999, 818.742857142857, 4920.685714285713, 3653.485714285714], ["window"]]], "width": 5760, "height": 3840, "tags": []}