{"rects": [[[1378.2857142857142, 835.1999999999999, 4875.428571428571, 3579.428571428571], ["window"]]], "width": 5760, "height": 3840, "tags": []}