{"rects": [[[52.8, 148.79999999999998, 3724.7999999999997, 5016.0], ["window"]]], "width": 3840, "height": 5760, "tags": []}