{"rects": [[[806.3999999999999, 172.79999999999998, 4480.457142857143, 3834.5142857142855], ["window"]]], "width": 5760, "height": 3840, "tags": []}