{"rects": [[[1538.742857142857, 641.8285714285714, 4961.828571428571, 3768.685714285714], ["window"]], [[222.17142857142855, 1312.4571428571428, 1485.2571428571428, 2810.0571428571425], ["window"]]], "width": 5760, "height": 3840, "tags": []}