{"rects": [[[1575.7714285714285, 448.4571428571428, 4480.457142857143, 2744.2285714285713], ["window"]]], "width": 5760, "height": 3840, "tags": []}