{"rects": [[[489.59999999999997, 222.17142857142855, 5221.028571428571, 3678.1714285714284], ["window"]]], "width": 5760, "height": 3840, "tags": []}