{"rects": [[[794.0571428571428, 61.71428571428571, 5216.914285714285, 3739.885714285714], ["window"]]], "width": 5760, "height": 3840, "tags": []}