{"rects": [[[304.4571428571428, 148.1142857142857, 4575.085714285714, 3538.2857142857138], ["window"]]], "width": 5760, "height": 3840, "tags": []}