{"rects": [[[888.6857142857142, 45.25714285714285, 4455.771428571428, 3768.685714285714], ["shop", "door"]]], "width": 5760, "height": 3840, "tags": []}