{"rects": [[[501.94285714285706, 292.1142857142857, 4965.942857142857, 3818.0571428571425], ["window"]]], "width": 5760, "height": 3840, "tags": []}