{"rects": [[[748.8, 28.799999999999997, 5035.885714285714, 3789.2571428571423], ["window"]]], "width": 5760, "height": 3840, "tags": []}