{"rects": [[[127.54285714285713, 106.97142857142856, 5735.314285714285, 3353.142857142857], ["window"]]], "width": 5760, "height": 3840, "tags": []}