{"rects": [[[641.8285714285714, 176.9142857142857, 5471.999999999999, 3752.228571428571], ["window"]]], "width": 5760, "height": 3840, "tags": []}