{"rects": [[[1423.542857142857, 65.82857142857142, 5348.571428571428, 3637.028571428571], ["window"]]], "width": 5760, "height": 3840, "tags": []}