{"rects": [[[1077.942857142857, 90.5142857142857, 5492.571428571428, 3764.571428571428], ["window"]]], "width": 5760, "height": 3840, "tags": []}