{"rects": [[[366.1714285714285, 16.457142857142856, 5504.914285714285, 3649.371428571428], ["window"]]], "width": 5760, "height": 3840, "tags": []}