{"rects": [[[987.4285714285713, 4.114285714285714, 4455.771428571428, 3801.5999999999995], ["window"]]], "width": 5760, "height": 3840, "tags": []}