{"rects": [[[551.3142857142857, 617.1428571428571, 5443.2, 3743.9999999999995], ["window"]]], "width": 5760, "height": 3840, "tags": []}