{"rects": [[[792.0, 57.599999999999994, 3412.7999999999997, 5433.599999999999], ["window"]]], "width": 3840, "height": 5760, "tags": []}