{"rects": [[[1374.1714285714284, 547.1999999999999, 4924.799999999999, 3789.2571428571423], ["window"]]], "width": 5760, "height": 3840, "tags": []}