{"rects": [[[493.71428571428567, 82.28571428571428, 5521.371428571428, 3674.0571428571425], ["window"]]], "width": 5760, "height": 3840, "tags": []}