{"rects": [[[493.71428571428567, 699.4285714285713, 5529.599999999999, 3735.7714285714283], ["window"]]], "width": 5760, "height": 3840, "tags": []}