{"rects": [[[537.6, 979.1999999999999, 3820.7999999999997, 5097.599999999999], ["window"]]], "width": 3840, "height": 5760, "tags": []}