{"rects": [[[1016.2285714285713, 802.2857142857142, 5578.971428571428, 3785.142857142857], ["window"]]], "width": 5760, "height": 3840, "tags": []}