{"rects": [[[926.4, 763.1999999999999, 3580.7999999999997, 5284.8], ["window"]]], "width": 3840, "height": 5760, "tags": []}