{"rects": [[[1320.685714285714, 374.4, 5077.028571428571, 3291.428571428571], ["window"]]], "width": 5760, "height": 3840, "tags": []}