{"rects": [[[1176.685714285714, 670.6285714285714, 4895.999999999999, 3669.9428571428566], ["window"]]], "width": 5760, "height": 3840, "tags": []}