{"rects": [[[12.342857142857142, 880.4571428571428, 5743.5428571428565, 3694.628571428571], ["window"]]], "width": 5760, "height": 3840, "tags": []}