{"rects": [[[2073.6, 456.68571428571425, 4426.971428571428, 3439.542857142857], ["window"]]], "width": 5760, "height": 3840, "tags": []}