{"rects": [[[979.1999999999999, 398.4, 3628.7999999999997, 4372.8], ["window"]]], "width": 3840, "height": 5760, "tags": []}