{"rects": [[[213.94285714285712, 411.4285714285714, 5323.885714285714, 3567.085714285714], ["window"]]], "width": 5760, "height": 3840, "tags": []}