{"rects": [[[209.82857142857142, 925.7142857142857, 5640.685714285713, 3641.142857142857], ["window"]]], "width": 5760, "height": 3840, "tags": []}