{"rects": [[[1645.7142857142856, 86.39999999999999, 5031.771428571428, 3460.1142857142854], ["window"]]], "width": 5760, "height": 3840, "tags": []}