{"rects": [[[740.5714285714284, 1057.3714285714284, 4599.771428571428, 3525.9428571428566], ["window"]]], "width": 5760, "height": 3840, "tags": []}