{"rects": [[[1727.9999999999998, 1069.7142857142856, 4155.428571428571, 3595.885714285714], ["window"]]], "width": 5760, "height": 3840, "tags": []}