{"rects": [[[650.0571428571428, 53.48571428571428, 4908.342857142857, 3501.2571428571423], ["window"]]], "width": 5760, "height": 3840, "tags": []}