{"rects": [[[682.9714285714285, 209.82857142857142, 5233.371428571428, 3394.2857142857138], ["window"]]], "width": 5760, "height": 3840, "tags": []}