{"rects": [[[267.4285714285714, 382.6285714285714, 5377.371428571428, 3534.1714285714284], ["window"]]], "width": 5760, "height": 3840, "tags": []}