{"rects": [[[662.4, 127.54285714285713, 5068.799999999999, 3645.2571428571423], ["window"]]], "width": 5760, "height": 3840, "tags": []}