{"rects": [[[1954.285714285714, 687.0857142857142, 4282.971428571428, 3464.2285714285713], ["window"]]], "width": 5760, "height": 3840, "tags": []}