{"rects": [[[1098.5142857142855, 37.028571428571425, 5064.685714285713, 3698.742857142857], ["window"]]], "width": 5760, "height": 3840, "tags": []}