{"rects": [[[724.1142857142856, 255.08571428571426, 5274.5142857142855, 3209.142857142857], ["window"]]], "width": 5760, "height": 3840, "tags": []}