{"rects": [[[1530.5142857142855, 419.65714285714284, 4986.5142857142855, 3768.685714285714], ["window", "shop"]]], "width": 5760, "height": 3840, "tags": []}