{"rects": [[[230.39999999999998, 172.79999999999998, 3033.6, 5347.2], ["window"]]], "width": 3840, "height": 5760, "tags": []}