{"rects": [[[271.5428571428571, 102.85714285714285, 5595.428571428571, 3513.5999999999995], ["window"]]], "width": 5760, "height": 3840, "tags": []}