{"rects": [[[787.1999999999999, 1084.8, 2932.7999999999997, 4670.4], ["window"]]], "width": 3840, "height": 5760, "tags": []}