{"rects": [[[921.5999999999999, 592.4571428571428, 4846.628571428571, 3377.828571428571], ["window"]]], "width": 5760, "height": 3840, "tags": []}