{"rects": [[[119.3142857142857, 378.5142857142857, 5644.799999999999, 3715.2], ["window"]]], "width": 5760, "height": 3840, "tags": []}