{"rects": [[[423.77142857142854, 172.79999999999998, 4974.171428571428, 3649.371428571428], ["window"]]], "width": 5760, "height": 3840, "tags": []}