{"rects": [[[419.65714285714284, 24.685714285714283, 5278.6285714285705, 3558.8571428571427], ["window"]]], "width": 5760, "height": 3840, "tags": []}