{"rects": [[[2884.1142857142854, 752.9142857142856, 4176.0, 3106.2857142857138], ["window"]]], "width": 5760, "height": 3840, "tags": []}