{"rects": [[[1073.8285714285714, 37.028571428571425, 4570.971428571428, 3813.9428571428566], ["window"]]], "width": 5760, "height": 3840, "tags": []}