{"rects": [[[57.599999999999994, 321.59999999999997, 3739.2, 4454.4], ["window"]]], "width": 3840, "height": 5760, "tags": []}