{"rects": [[[501.94285714285706, 876.342857142857, 4398.171428571428, 3558.8571428571427], ["window"]]], "width": 5760, "height": 3840, "tags": []}