{"rects": [[[859.8857142857142, 246.85714285714283, 3353.142857142857, 3826.2857142857138], ["window"]], [[3554.742857142857, 238.6285714285714, 5216.914285714285, 3649.371428571428], ["window"]]], "width": 5760, "height": 3840, "tags": []}