{"rects": [[[1180.8, 144.0, 4735.5428571428565, 3686.3999999999996], ["window"]]], "width": 5760, "height": 3840, "tags": []}