{"rects": [[[333.2571428571428, 90.5142857142857, 5467.885714285714, 3661.7142857142853], ["window"]]], "width": 5760, "height": 3840, "tags": []}