{"rects": [[[907.1999999999999, 1497.6, 3758.3999999999996, 4924.8], ["window"]]], "width": 3840, "height": 5760, "tags": []}