{"rects": [[[1658.0571428571427, 362.0571428571428, 4389.942857142857, 3414.8571428571427], ["window"]]], "width": 5760, "height": 3840, "tags": []}