{"rects": [[[37.028571428571425, 238.6285714285714, 5718.857142857142, 3719.3142857142852], ["window"]]], "width": 5760, "height": 3840, "tags": []}