{"rects": [[[1316.5714285714284, 283.88571428571424, 4673.828571428571, 3752.228571428571], ["window"]]], "width": 5760, "height": 3840, "tags": []}