{"rects": [[[1164.342857142857, 135.77142857142854, 4772.571428571428, 3451.885714285714], ["window"]]], "width": 5760, "height": 3840, "tags": []}