{"rects": [[[370.2857142857142, 49.37142857142857, 5640.685714285713, 3797.485714285714], ["window"]]], "width": 5760, "height": 3840, "tags": []}