{"rects": [[[1061.4857142857143, 24.685714285714283, 5315.657142857142, 3760.4571428571426], ["window"]]], "width": 5760, "height": 3840, "tags": []}