{"rects": [[[1987.1999999999998, 213.94285714285712, 4846.628571428571, 3756.3428571428567], ["window"]]], "width": 5760, "height": 3840, "tags": []}