{"rects": [[[1468.8, 16.457142857142856, 4941.257142857143, 3727.542857142857], ["window"]]], "width": 5760, "height": 3840, "tags": []}