{"rects": [[[1681.7485714285713, 1067.3828571428571, 7664.057142857143, 5367.942857142857], ["window"]]], "width": 8688, "height": 5792, "tags": []}