{"rects": [[[390.85714285714283, 431.99999999999994, 4887.771428571428, 3739.885714285714], ["window"]]], "width": 5760, "height": 3840, "tags": []}