{"rects": [[[78.17142857142856, 460.79999999999995, 5681.828571428571, 3287.3142857142852], ["window"]]], "width": 5760, "height": 3840, "tags": []}