{"rects": [[[752.9142857142856, 111.08571428571427, 5554.285714285714, 3809.828571428571], ["window"]]], "width": 5760, "height": 3840, "tags": []}