{"rects": [[[337.3714285714285, 209.82857142857142, 4751.999999999999, 3612.3428571428567], ["window"]]], "width": 5760, "height": 3840, "tags": []}