{"rects": [[[197.48571428571427, 37.028571428571425, 5681.828571428571, 3488.914285714285], ["window"]]], "width": 5760, "height": 3840, "tags": []}