{"rects": [[[567.7714285714285, 8.228571428571428, 5109.942857142857, 3706.971428571428], ["window"]]], "width": 5760, "height": 3840, "tags": []}