{"rects": [[[763.1999999999999, 1238.3999999999999, 3504.0, 5553.599999999999], ["window"]]], "width": 3840, "height": 5760, "tags": []}