{"rects": [[[1727.9999999999998, 954.5142857142856, 5052.342857142857, 3632.914285714285], ["window"]]], "width": 5760, "height": 3840, "tags": []}