{"rects": [[[641.8285714285714, 12.342857142857142, 5583.085714285714, 3505.371428571428], ["window"]]], "width": 5760, "height": 3840, "tags": []}