{"rects": [[[1941.942857142857, 271.5428571428571, 4961.828571428571, 3764.571428571428], ["window"]]], "width": 5760, "height": 3840, "tags": []}