{"rects": [[[724.1142857142856, 197.48571428571427, 5200.457142857143, 3534.1714285714284], ["window"]]], "width": 5760, "height": 3840, "tags": []}