{"rects": [[[388.8, 739.1999999999999, 3724.7999999999997, 4843.2], ["window"]]], "width": 3840, "height": 5760, "tags": []}