{"rects": [[[913.3714285714285, 127.54285714285713, 5221.028571428571, 3789.2571428571423], ["window"]]], "width": 5760, "height": 3840, "tags": []}