{"rects": [[[480.0, 523.1999999999999, 3772.7999999999997, 4872.0], ["window"]]], "width": 3840, "height": 5760, "tags": []}