{"rects": [[[1123.2, 1310.3999999999999, 3364.7999999999997, 5160.0], ["window"]]], "width": 3840, "height": 5760, "tags": []}