{"rects": [[[288.0, 181.0285714285714, 5624.228571428571, 3431.3142857142852], ["window"]]], "width": 5760, "height": 3840, "tags": []}