{"rects": [[[1061.4857142857143, 460.79999999999995, 4834.285714285714, 3571.2], ["window"]]], "width": 5760, "height": 3840, "tags": []}