{"rects": [[[1213.7142857142856, 65.82857142857142, 4328.228571428571, 3624.685714285714], ["window"]]], "width": 5760, "height": 3840, "tags": []}