{"rects": [[[2851.2, 950.3999999999999, 4904.228571428571, 3678.1714285714284], ["window"]]], "width": 5760, "height": 3840, "tags": []}