{"rects": [[[1090.2857142857142, 32.91428571428571, 5336.228571428571, 3756.3428571428567], ["window"]]], "width": 5760, "height": 3840, "tags": []}