{"rects": [[[1736.2285714285713, 69.94285714285714, 4912.457142857143, 3801.5999999999995], ["window"]]], "width": 5760, "height": 3840, "tags": []}