{"rects": [[[1172.5714285714284, 168.68571428571425, 5533.714285714285, 3167.9999999999995], ["window"]]], "width": 5760, "height": 3840, "tags": []}