{"rects": [[[1884.342857142857, 773.4857142857143, 5151.085714285714, 3686.3999999999996], ["window"]]], "width": 5760, "height": 3840, "tags": []}