{"rects": [[[1086.1714285714284, 115.19999999999999, 5274.5142857142855, 3781.028571428571], ["window"]]], "width": 5760, "height": 3840, "tags": []}