{"rects": [[[1123.2342857142858, 161.34857142857143, 6956.605714285714, 5678.228571428571], ["window"]]], "width": 8688, "height": 5792, "tags": []}