{"rects": [[[1464.685714285714, 732.342857142857, 4410.5142857142855, 3065.142857142857], ["window"]]], "width": 5760, "height": 3840, "tags": []}