{"rects": [[[840.0, 1867.1999999999998, 3225.6, 5121.599999999999], ["window"]]], "width": 3840, "height": 5760, "tags": []}