{"rects": [[[1341.2571428571428, 1143.7714285714285, 4093.7142857142853, 3822.1714285714284], ["window"]]], "width": 5760, "height": 3840, "tags": []}