{"rects": [[[1386.5142857142855, 111.08571428571427, 5056.457142857143, 3402.5142857142855], ["window"]]], "width": 5760, "height": 3840, "tags": []}