{"rects": [[[1275.4285714285713, 123.42857142857142, 4916.571428571428, 3818.0571428571425], ["window"]]], "width": 5760, "height": 3840, "tags": []}