{"rects": [[[810.5142857142856, 111.08571428571427, 5336.228571428571, 3731.6571428571424], ["window"]]], "width": 5760, "height": 3840, "tags": []}