{"rects": [[[888.6857142857142, 189.25714285714284, 5336.228571428571, 3567.085714285714], ["window"]]], "width": 5760, "height": 3840, "tags": []}