{"rects": [[[628.8, 441.59999999999997, 3292.7999999999997, 5496.0], ["window"]]], "width": 3840, "height": 5760, "tags": []}