{"rects": [[[945.5999999999999, 1699.2, 3532.7999999999997, 5116.8], ["window", "shop"]]], "width": 3840, "height": 5760, "tags": []}