{"rects": [[[1304.2285714285713, 872.2285714285713, 5039.999999999999, 3624.685714285714], ["window"]]], "width": 5760, "height": 3840, "tags": []}