{"rects": [[[1501.7142857142856, 53.48571428571428, 5167.5428571428565, 3715.2], ["window"]]], "width": 5760, "height": 3840, "tags": []}