{"rects": [[[538.9714285714285, 913.3714285714285, 5607.771428571428, 3702.8571428571427], ["window"]]], "width": 5760, "height": 3840, "tags": []}