{"rects": [[[2081.828571428571, 719.9999999999999, 3867.428571428571, 3102.1714285714284], ["window"]]], "width": 5760, "height": 3840, "tags": []}