{"rects": [[[901.0285714285714, 139.88571428571427, 5303.314285714285, 3772.7999999999997], ["window"]]], "width": 5760, "height": 3840, "tags": []}