{"rects": [[[534.8571428571428, 255.08571428571426, 5636.571428571428, 3443.6571428571424], ["window"]]], "width": 5760, "height": 3840, "tags": []}