{"rects": [[[475.2, 427.2, 3412.7999999999997, 5241.599999999999], ["window"]]], "width": 3840, "height": 5760, "tags": []}