{"rects": [[[1448.2285714285713, 325.0285714285714, 4900.114285714285, 3674.0571428571425], ["window"]]], "width": 5760, "height": 3840, "tags": []}