{"rects": [[[1666.2857142857142, 394.97142857142853, 4200.685714285714, 3682.2857142857138], ["window"]], [[4389.942857142857, 501.94285714285706, 5607.771428571428, 3706.971428571428], ["window"]]], "width": 5760, "height": 3840, "tags": []}