{"rects": [[[921.5999999999999, 283.88571428571424, 5632.457142857143, 3130.971428571428], ["window"]]], "width": 5760, "height": 3840, "tags": []}