{"rects": [[[1040.9142857142856, 329.1428571428571, 5373.257142857143, 3748.1142857142854], ["window"]]], "width": 5760, "height": 3840, "tags": []}