{"rects": [[[868.1142857142856, 57.599999999999994, 5101.714285714285, 3739.885714285714], ["window"]]], "width": 5760, "height": 3840, "tags": []}