{"rects": [[[938.0571428571427, 160.45714285714286, 3373.7142857142853, 3632.914285714285], ["window"]], [[3567.085714285714, 135.77142857142854, 5245.714285714285, 3669.9428571428566], ["window"]]], "width": 5760, "height": 3840, "tags": []}