{"rects": [[[1678.6285714285714, 423.77142857142854, 4772.571428571428, 3575.3142857142852], ["window"]]], "width": 5760, "height": 3840, "tags": []}