{"rects": [[[641.8285714285714, 1744.4571428571426, 5344.457142857143, 3818.0571428571425], ["window"]]], "width": 5760, "height": 3840, "tags": []}