{"rects": [[[1168.4571428571428, 238.6285714285714, 5447.314285714285, 3826.2857142857138], ["window"]]], "width": 5760, "height": 3840, "tags": []}