{"rects": [[[678.8571428571428, 349.71428571428567, 4184.228571428571, 3818.0571428571425], ["window"]]], "width": 5760, "height": 3840, "tags": []}