{"rects": [[[1061.4857142857143, 917.4857142857142, 4554.5142857142855, 3665.828571428571], ["window"]]], "width": 5760, "height": 3840, "tags": []}