{"rects": [[[1880.2285714285713, 275.65714285714284, 4546.285714285714, 3246.1714285714284], ["window"]], [[970.9714285714285, 1189.0285714285712, 1847.3142857142855, 2896.4571428571426], ["window"]]], "width": 5760, "height": 3840, "tags": []}