{"rects": [[[1493.485714285714, 1505.8285714285712, 4727.314285714286, 3760.4571428571426], ["window"]]], "width": 5760, "height": 3840, "tags": []}