{"rects": [[[456.68571428571425, 794.0571428571428, 4990.628571428571, 3840], ["window"]]], "width": 5760, "height": 3840, "tags": []}