{"rects": [[[1045.0285714285712, 382.6285714285714, 5027.657142857142, 3781.028571428571], ["window", "shop"]]], "width": 5760, "height": 3840, "tags": []}