{"rects": [[[822.8571428571428, 345.59999999999997, 5471.999999999999, 3834.5142857142855], ["window"]]], "width": 5760, "height": 3840, "tags": []}