{"rects": [[[1867.8857142857141, 1176.685714285714, 4743.771428571428, 3262.628571428571], ["window"]]], "width": 5760, "height": 3840, "tags": []}