{"rects": [[[1312.4571428571428, 473.1428571428571, 5698.285714285714, 3567.085714285714], ["window"]]], "width": 5760, "height": 3840, "tags": []}