{"rects": [[[423.77142857142854, 16.457142857142856, 5356.799999999999, 3739.885714285714], ["window"]]], "width": 5760, "height": 3840, "tags": []}