{"rects": [[[1106.742857142857, 37.028571428571425, 4381.714285714285, 3801.5999999999995], ["window"]]], "width": 5760, "height": 3840, "tags": []}