{"rects": [[[1649.8285714285712, 119.3142857142857, 4591.5428571428565, 3789.2571428571423], ["window"]]], "width": 5760, "height": 3840, "tags": []}