{"rects": [[[28.799999999999997, 1172.5714285714284, 5751.771428571428, 3353.142857142857], ["window"]]], "width": 5760, "height": 3840, "tags": []}