{"rects": [[[1164.342857142857, 571.8857142857142, 5360.914285714285, 3752.228571428571], ["window"]]], "width": 5760, "height": 3840, "tags": []}