{"rects": [[[1028.5714285714284, 152.2285714285714, 4891.885714285714, 3764.571428571428], ["window"]]], "width": 5760, "height": 3840, "tags": []}