{"rects": [[[1407.0857142857142, 238.6285714285714, 5369.142857142857, 3793.371428571428], ["window"]]], "width": 5760, "height": 3840, "tags": []}