{"rects": [[[2010.6514285714286, 335.1085714285714, 7409.622857142857, 5392.765714285714], ["window"]]], "width": 8688, "height": 5792, "tags": []}