{"rects": [[[906.0342857142857, 155.14285714285714, 8483.211428571429, 5523.085714285714], ["window"]]], "width": 8688, "height": 5792, "tags": []}