{"rects": [[[1143.7714285714285, 181.0285714285714, 4459.885714285714, 3818.0571428571425], ["window"]]], "width": 5760, "height": 3840, "tags": []}