{"rects": [[[1555.1999999999998, 304.4571428571428, 4176.0, 3641.142857142857], ["window"]]], "width": 5760, "height": 3840, "tags": []}