{"rects": [[[523.1999999999999, 571.1999999999999, 3537.6, 4545.599999999999], ["window"]]], "width": 3840, "height": 5760, "tags": []}