{"rects": [[[1386.5142857142855, 353.8285714285714, 4690.285714285714, 3402.5142857142855], ["window"]]], "width": 5760, "height": 3840, "tags": []}