{"rects": [[[1020.342857142857, 403.19999999999993, 4134.857142857142, 3583.542857142857], ["window"]]], "width": 5760, "height": 3840, "tags": []}