{"rects": [[[1346.6399999999999, 136.5257142857143, 7682.674285714285, 5566.5257142857145], ["window"]]], "width": 8688, "height": 5792, "tags": []}