{"rects": [[[1789.7142857142856, 633.5999999999999, 4817.828571428571, 3694.628571428571], ["window"]]], "width": 5760, "height": 3840, "tags": []}