{"rects": [[[1123.1999999999998, 917.4857142857142, 4213.028571428571, 3805.7142857142853], ["window"]]], "width": 5760, "height": 3840, "tags": []}