{"rects": [[[1106.742857142857, 111.08571428571427, 5130.5142857142855, 3793.371428571428], ["window"]]], "width": 5760, "height": 3840, "tags": []}