{"rects": [[[1814.3999999999999, 942.1714285714285, 4348.799999999999, 3493.028571428571], ["window"]]], "width": 5760, "height": 3840, "tags": []}