{"rects": [[[300.3428571428571, 386.74285714285713, 5574.857142857142, 3172.1142857142854], ["window"]]], "width": 5760, "height": 3840, "tags": []}