{"rects": [[[621.2571428571428, 197.48571428571427, 5307.428571428571, 3711.085714285714], ["window"]]], "width": 5760, "height": 3840, "tags": []}