{"rects": [[[1131.4285714285713, 131.65714285714284, 4776.685714285713, 3427.2], ["window"]]], "width": 5760, "height": 3840, "tags": []}