{"rects": [[[633.5999999999999, 201.59999999999997, 5105.828571428571, 3571.2], ["window"]]], "width": 5760, "height": 3840, "tags": []}