{"rects": [[[855.7714285714285, 193.37142857142857, 4743.771428571428, 3813.9428571428566], ["window"]]], "width": 5760, "height": 3840, "tags": []}