{"rects": [[[1768.6285714285714, 589.5428571428571, 4306.765714285714, 5690.639999999999], ["window"]], [[4579.817142857143, 726.0685714285714, 6919.371428571429, 5336.914285714285], ["window"]]], "width": 8688, "height": 5792, "tags": []}