{"rects": [[[1361.8285714285712, 547.1999999999999, 4677.942857142857, 3772.7999999999997], ["window"]]], "width": 5760, "height": 3840, "tags": []}