{"rects": [[[1542.8571428571427, 493.71428571428567, 4081.371428571428, 3694.628571428571], ["window"]]], "width": 5760, "height": 3840, "tags": []}