{"rects": [[[1143.7714285714285, 711.7714285714285, 5212.799999999999, 3781.028571428571], ["window"]]], "width": 5760, "height": 3840, "tags": []}