{"rects": [[[552.0, 830.4, 3710.3999999999996, 4881.599999999999], ["window"]]], "width": 3840, "height": 5760, "tags": []}