{"rects": [[[580.1142857142856, 32.91428571428571, 5476.114285714285, 3665.828571428571], ["window"]]], "width": 5760, "height": 3840, "tags": []}