{"rects": [[[436.8, 230.39999999999998, 3768.0, 5481.599999999999], ["window"]]], "width": 3840, "height": 5760, "tags": []}