{"rects": [[[1579.8857142857141, 415.5428571428571, 3735.7714285714283, 3702.8571428571427], ["window"]], [[3953.828571428571, 654.1714285714285, 5706.5142857142855, 3077.485714285714], ["window"]]], "width": 5760, "height": 3840, "tags": []}