{"rects": [[[1886.3999999999999, 1363.2, 3273.6, 5697.599999999999], ["window"]], [[403.2, 1075.2, 1814.3999999999999, 5572.8], ["window"]]], "width": 3840, "height": 5760, "tags": []}