{"rects": [[[966.8571428571428, 102.85714285714285, 5669.485714285714, 3760.4571428571426], ["window"]]], "width": 5760, "height": 3840, "tags": []}