{"rects": [[[1190.3999999999999, 2145.6, 3552.0, 5457.599999999999], ["window"]]], "width": 3840, "height": 5760, "tags": []}