{"rects": [[[1509.942857142857, 510.1714285714285, 4912.457142857143, 3826.2857142857138], ["window"]]], "width": 5760, "height": 3840, "tags": []}