{"rects": [[[970.9714285714285, 777.5999999999999, 5134.628571428571, 3628.7999999999997], ["window"]]], "width": 5760, "height": 3840, "tags": []}