{"rects": [[[601.9542857142857, 235.81714285714284, 8092.251428571429, 5523.085714285714], ["window"]]], "width": 8688, "height": 5792, "tags": []}