{"rects": [[[1534.6285714285714, 263.3142857142857, 4295.314285714286, 3690.5142857142855], ["window"]]], "width": 5760, "height": 3840, "tags": []}