{"rects": [[[818.742857142857, 20.57142857142857, 4904.228571428571, 3781.028571428571], ["window"]]], "width": 5760, "height": 3840, "tags": []}