{"rects": [[[197.48571428571427, 292.1142857142857, 5332.114285714285, 3414.8571428571427], ["window"]]], "width": 5760, "height": 3840, "tags": []}