{"rects": [[[1263.0857142857142, 61.71428571428571, 4213.028571428571, 3653.485714285714], ["window"]]], "width": 5760, "height": 3840, "tags": []}