{"rects": [[[1324.8, 98.74285714285713, 5418.5142857142855, 3476.5714285714284], ["window"]]], "width": 5760, "height": 3840, "tags": []}