{"rects": [[[1139.6571428571428, 98.74285714285713, 4710.857142857142, 3768.685714285714], ["window"]]], "width": 5760, "height": 3840, "tags": []}