{"rects": [[[523.1999999999999, 1689.6, 3288.0, 5265.599999999999], ["window"]]], "width": 3840, "height": 5760, "tags": []}