{"rects": [[[100.8, 393.59999999999997, 3820.7999999999997, 5443.2], ["window"]]], "width": 3840, "height": 5760, "tags": []}