{"rects": [[[1090.2857142857142, 267.4285714285714, 4912.457142857143, 3653.485714285714], ["window"]]], "width": 5760, "height": 3840, "tags": []}