{"rects": [[[1090.2857142857142, 1123.1999999999998, 5603.657142857142, 3641.142857142857], ["window"]]], "width": 5760, "height": 3840, "tags": []}