{"rects": [[[600.6857142857142, 448.4571428571428, 4188.342857142857, 3772.7999999999997], ["window"]]], "width": 5760, "height": 3840, "tags": []}