{"rects": [[[1933.7142857142856, 822.8571428571428, 4402.285714285714, 3813.9428571428566], ["window"]]], "width": 5760, "height": 3840, "tags": []}