{"rects": [[[448.4571428571428, 452.57142857142856, 5657.142857142857, 3435.428571428571], ["window"]]], "width": 5760, "height": 3840, "tags": []}