{"rects": [[[1312.4571428571428, 312.68571428571425, 4472.228571428571, 3690.5142857142855], ["window"]]], "width": 5760, "height": 3840, "tags": []}