{"rects": [[[65.82857142857142, 378.5142857142857, 5694.171428571428, 3390.1714285714284], ["window"]]], "width": 5760, "height": 3840, "tags": []}