{"rects": [[[1723.8857142857141, 1045.0285714285712, 4501.028571428571, 3632.914285714285], ["window"]]], "width": 5760, "height": 3840, "tags": []}