{"rects": [[[822.8571428571428, 28.799999999999997, 4472.228571428571, 3743.9999999999995], ["window"]]], "width": 5760, "height": 3840, "tags": []}