{"rects": [[[806.3999999999999, 197.48571428571427, 5109.942857142857, 3690.5142857142855], ["window"]]], "width": 5760, "height": 3840, "tags": []}