{"rects": [[[1653.942857142857, 316.79999999999995, 4789.028571428571, 3743.9999999999995], ["window"]]], "width": 5760, "height": 3840, "tags": []}