{"rects": [[[1653.942857142857, 148.1142857142857, 4311.771428571428, 3797.485714285714], ["window"]]], "width": 5760, "height": 3840, "tags": []}