{"rects": [[[2032.4571428571426, 320.9142857142857, 5142.857142857142, 3698.742857142857], ["window"]]], "width": 5760, "height": 3840, "tags": []}