{"rects": [[[321.98400000000004, 1725.5040000000001, 5052.6720000000005, 7876.224], ["window"]]], "width": 5504, "height": 8256, "tags": []}