{"rects": [[[2749.248, 1791.5520000000001, 5481.984, 3847.2960000000003], ["window"]], [[2526.3360000000002, 3137.28, 5878.272, 5415.936], ["window"]], [[0, 2691.456, 2501.568, 5093.952], ["window"]]], "width": 8256, "height": 5504, "tags": []}