{"rects": [[[3029.952, 321.98400000000004, 6860.736, 4284.8640000000005], ["window"]]], "width": 8256, "height": 5504, "tags": []}