{"rects": [[[2154.8160000000003, 1552.1280000000002, 6233.28, 4854.528], ["window"]], [[6414.912, 1486.08, 8247.744, 5044.416], ["window"]], [[0, 676.992, 2171.328, 2807.04], ["window"]]], "width": 8256, "height": 5504, "tags": []}