{"rects": [[[3104.2560000000003, 1428.288, 5259.072, 4152.768], ["window"]], [[990.72, 2039.232, 3112.512, 4821.504], ["window"]], [[1304.448, 165.12, 3277.632, 2600.64], ["window"]], [[5366.400000000001, 643.9680000000001, 7925.76, 3376.704], ["window"]]], "width": 8256, "height": 5504, "tags": []}