{"rects": [[[3137.28, 842.1120000000001, 6315.84, 4119.744], ["window"]], [[676.992, 1898.88, 3104.2560000000003, 5226.048], ["window"]], [[1073.28, 66.048, 2154.8160000000003, 2410.752], ["window"]]], "width": 8256, "height": 5504, "tags": []}