{"rects": [[[3186.8160000000003, 1907.136, 6860.736, 3401.472], ["window"]], [[2963.904, 3005.184, 7141.4400000000005, 5234.304], ["window"]]], "width": 8256, "height": 5504, "tags": []}