{"rects": [[[1923.6480000000001, 355.00800000000004, 6340.608, 5308.608], ["window"]]], "width": 8256, "height": 5504, "tags": []}