{"rects": [[[1329.2160000000001, 454.08000000000004, 6687.360000000001, 4838.0160000000005], ["window"]]], "width": 8256, "height": 5504, "tags": []}