{"rects": [[[2220.864, 1684.2240000000002, 4871.04, 4623.360000000001], ["window"]]], "width": 8256, "height": 5504, "tags": []}