{"rects": [[[2790.5280000000002, 1543.872, 4994.88, 4012.416], ["window"]], [[5358.144, 1238.4, 6761.664, 3756.48], ["window"]], [[1395.2640000000001, 1989.6960000000001, 3038.208, 4136.256], ["window"]], [[57.792, 214.656, 1568.64, 2212.608], ["window"]], [[1279.68, 0, 3104.2560000000003, 1956.672], ["window"]]], "width": 8256, "height": 5504, "tags": []}