{"rects": [[[2815.2960000000003, 1411.776, 5143.488, 4070.208], ["window"]], [[0, 2452.032, 2798.784, 5102.2080000000005], ["window"]], [[363.264, 305.472, 3038.208, 3046.464], ["window"]], [[3409.728, 33.024, 4771.968, 1700.736], ["window"]]], "width": 8256, "height": 5504, "tags": []}