{"rects": [[[454.08000000000004, 949.44, 5077.4400000000005, 8222.976], ["window"]]], "width": 5504, "height": 8256, "tags": []}