{"rects": [[[3318.9120000000003, 1065.0240000000001, 5614.08, 4862.784000000001], ["window"]]], "width": 8256, "height": 5504, "tags": []}