{"rects": [[[2798.784, 1519.104, 5490.24, 3830.784], ["window"]], [[1428.288, 2030.976, 3310.656, 4037.184], ["window"]], [[2823.552, 165.12, 5647.104, 2072.256], ["window"]], [[5110.464, 784.32, 7612.032, 2906.112], ["window"]], [[5110.464, 2575.8720000000003, 7612.032, 5003.136], ["window"]], [[1403.52, 3682.176, 3087.744, 5504], ["window"]], [[685.248, 833.856, 1783.296, 2419.0080000000003], ["window"]]], "width": 8256, "height": 5504, "tags": []}