{"rects": [[[1816.3200000000002, 388.03200000000004, 6662.592000000001, 5209.536], ["window"]]], "width": 8256, "height": 5504, "tags": []}