{"rects": [[[2311.6800000000003, 1692.48, 6010.368, 4871.04], ["window"]], [[2253.888, 49.536, 5795.712, 2130.0480000000002], ["window"]], [[602.688, 74.304, 2286.9120000000003, 1964.928], ["window"]]], "width": 8256, "height": 5504, "tags": []}