{"rects": [[[2988.672, 1609.92, 5011.392, 4210.56], ["window"]], [[1048.512, 2369.472, 3318.9120000000003, 4714.176], ["window"]], [[1287.9360000000001, 313.728, 3285.888, 2674.944], ["window"]], [[5003.136, 627.456, 7446.912, 3814.272], ["window"]]], "width": 8256, "height": 5504, "tags": []}