{"rects": [[[173.376, 206.4, 5316.8640000000005, 7645.0560000000005], ["window"]]], "width": 5504, "height": 8256, "tags": []}