{"rects": [[[3071.232, 1065.0240000000001, 5019.648, 3665.664], ["window"]], [[1320.96, 1593.4080000000001, 3120.768, 3946.368], ["window"]], [[49.536, 57.792, 1535.616, 2014.464], ["window"]], [[4978.368, 908.1600000000001, 7009.344, 3401.472], ["window"]]], "width": 8256, "height": 5504, "tags": []}