{"rects": [[[1287.9360000000001, 2873.088, 4871.04, 6158.976000000001], ["window"]], [[1329.2160000000001, 115.584, 4970.112, 3087.744], ["window"]]], "width": 5504, "height": 8256, "tags": []}