{"rects": [[[3104.2560000000003, 82.56, 6233.28, 2163.072], ["window"]], [[1956.672, 280.704, 3574.848, 2551.1040000000003], ["window"]], [[3219.84, 1609.92, 5605.8240000000005, 4606.848], ["window"]], [[5911.296, 1271.424, 8239.488, 4309.6320000000005], ["window"]]], "width": 8256, "height": 5504, "tags": []}