{"rects": [[[487.10400000000004, 2518.08, 1791.5520000000001, 4771.968], ["window"]], [[1915.392, 2319.936, 2972.16, 4557.312], ["window"]], [[1007.232, 346.752, 3005.184, 2377.728], ["window"]], [[3673.92, 49.536, 5126.976000000001, 1940.16], ["window"]], [[3715.2000000000003, 1964.928, 5126.976000000001, 4293.12], ["window"]], [[3492.288, 4293.12, 5448.96, 7364.352], ["window"]], [[577.9200000000001, 4730.688, 2707.968, 7587.264], ["window"]]], "width": 5504, "height": 8256, "tags": []}