{"rects": [[[2815.2960000000003, 1486.08, 7199.232, 4251.84], ["window"]], [[462.336, 16.512, 4045.44, 2212.608], ["window"]], [[3162.0480000000002, 41.28, 5680.128000000001, 2055.744], ["window"]]], "width": 8256, "height": 5504, "tags": []}