{"rects": [[[3145.536, 1618.176, 4904.064, 4185.792], ["window"]], [[1849.344, 2526.3360000000002, 3417.984, 4738.944], ["window"]], [[660.48, 3112.512, 2130.0480000000002, 5399.424], ["window"]], [[4738.944, 734.784, 6530.496, 3682.176], ["window"]], [[6258.048, 115.584, 8247.744, 2575.8720000000003], ["window"]]], "width": 8256, "height": 5504, "tags": []}