{"rects": [[[2311.6800000000003, 231.168, 6233.28, 4697.664], ["window"]], [[0, 1180.608, 2460.288, 5102.2080000000005], ["window"]]], "width": 8256, "height": 5504, "tags": []}