{"rects": [[[2641.92, 1312.704, 5630.592000000001, 4507.776], ["window"]], [[5052.6720000000005, 0, 7628.544, 2468.544], ["window"]]], "width": 8256, "height": 5504, "tags": []}