{"rects": [[[1147.584, 1453.056, 4392.192, 5762.688], ["window"]], [[1287.9360000000001, 4904.064, 4458.24, 8173.4400000000005], ["window"]]], "width": 5504, "height": 8256, "tags": []}