{"rects": [[[1420.0320000000002, 586.176, 6134.2080000000005, 5135.232], ["window"]]], "width": 8256, "height": 5504, "tags": []}