{"rects": [[[2707.968, 1056.768, 5391.168000000001, 4639.872], ["window"]], [[5366.400000000001, 2410.752, 7934.0160000000005, 5504], ["window"]], [[5283.84, 668.736, 7372.608, 3343.6800000000003], ["window"]], [[676.992, 16.512, 2782.272, 3211.5840000000003], ["window"]]], "width": 8256, "height": 5504, "tags": []}