{"rects": [[[1155.8400000000001, 2765.76, 4392.192, 7215.744000000001], ["window"]], [[1585.152, 132.096, 4309.6320000000005, 3599.616], ["window"]]], "width": 5504, "height": 8256, "tags": []}