{"rects": [[[239.424, 1725.5040000000001, 5448.96, 7116.6720000000005], ["window"]]], "width": 5504, "height": 8256, "tags": []}