{"rects": [[[1122.816, 2344.704, 3401.472, 4953.6], ["window"]], [[1585.152, 4639.872, 3269.376, 7628.544], ["window"]], [[1329.2160000000001, 412.8, 3451.0080000000003, 2807.04], ["window"]], [[3137.28, 784.32, 4846.272, 3178.56], ["window"]], [[2873.088, 2922.6240000000003, 5027.904, 5168.256], ["window"]], [[3079.4880000000003, 4862.784000000001, 5003.136, 7612.032], ["window"]]], "width": 5504, "height": 8256, "tags": []}