{"rects": [[[842.1120000000001, 1461.3120000000001, 7636.8, 4218.816], ["window"]]], "width": 8256, "height": 5504, "tags": []}